Date,Symbol,Daily_Return
2023-01-04 00:00:00-05:00,AAPL,0.010314298024035162
2023-01-05 00:00:00-05:00,AAPL,-0.010604775618216045
2023-01-06 00:00:00-05:00,AAPL,0.036794111232807625
2023-01-09 00:00:00-05:00,AAPL,0.0040888184663212535
2023-01-10 00:00:00-05:00,AAPL,0.004456598345524032
2023-01-11 00:00:00-05:00,AAPL,0.02111228330291981
2023-01-12 00:00:00-05:00,AAPL,-0.0005994191033192875
2023-01-13 00:00:00-05:00,AAPL,0.010119285164466474
2023-01-17 00:00:00-05:00,AAPL,0.008756149617616504
2023-01-18 00:00:00-05:00,AAPL,-0.005369979254482127
2023-01-19 00:00:00-05:00,AAPL,0.00044338603577509517
2023-01-20 00:00:00-05:00,AAPL,0.01922110702774593
2023-01-23 00:00:00-05:00,AAPL,0.02350039427734596
2023-01-24 00:00:00-05:00,AAPL,0.010063162496575684
2023-01-25 00:00:00-05:00,AAPL,-0.004700751647344403
2023-01-26 00:00:00-05:00,AAPL,0.01480330863998569
2023-01-27 00:00:00-05:00,AAPL,0.01368404495099651
2023-01-30 00:00:00-05:00,AAPL,-0.020077788793156248
2023-01-31 00:00:00-05:00,AAPL,0.009020880702876655
2023-02-01 00:00:00-05:00,AAPL,0.007900875347927716
2023-02-02 00:00:00-05:00,AAPL,0.037062442297516096
2023-02-03 00:00:00-05:00,AAPL,0.024399614903351408
2023-02-06 00:00:00-05:00,AAPL,-0.017928478090872613
2023-02-07 00:00:00-05:00,AAPL,0.019244782766108193
2023-02-08 00:00:00-05:00,AAPL,-0.017652781430835818
2023-02-09 00:00:00-05:00,AAPL,-0.006911625714923986
2023-02-10 00:00:00-05:00,AAPL,0.0024561386893264814
2023-02-13 00:00:00-05:00,AAPL,0.018806749349217222
2023-02-14 00:00:00-05:00,AAPL,-0.004224966674310382
2023-02-15 00:00:00-05:00,AAPL,0.013903683014328427
2023-02-16 00:00:00-05:00,AAPL,-0.010429427946885506
2023-02-17 00:00:00-05:00,AAPL,-0.007546913594321358
2023-02-21 00:00:00-05:00,AAPL,-0.02667966088703755
2023-02-22 00:00:00-05:00,AAPL,0.0028959530080239215
2023-02-23 00:00:00-05:00,AAPL,0.0032907161689352815
2023-02-24 00:00:00-05:00,AAPL,-0.018005478059735514
2023-02-27 00:00:00-05:00,AAPL,0.008247678107587753
2023-02-28 00:00:00-05:00,AAPL,-0.0034478745899568786
2023-03-01 00:00:00-05:00,AAPL,-0.014245915784375396
2023-03-02 00:00:00-05:00,AAPL,0.00412899276481804
2023-03-03 00:00:00-05:00,AAPL,0.03509028682495319
2023-03-06 00:00:00-05:00,AAPL,0.018539139695450624
2023-03-07 00:00:00-05:00,AAPL,-0.014496052565920348
2023-03-08 00:00:00-05:00,AAPL,0.008376894370647703
2023-03-09 00:00:00-05:00,AAPL,-0.014914844342010403
2023-03-10 00:00:00-05:00,AAPL,-0.013878668311844922
2023-03-13 00:00:00-04:00,AAPL,0.013266250551246195
2023-03-14 00:00:00-04:00,AAPL,0.014089153460447035
2023-03-15 00:00:00-04:00,AAPL,0.0026214014039955824
2023-03-16 00:00:00-04:00,AAPL,0.018694005383774526
2023-03-17 00:00:00-04:00,AAPL,-0.005454131524032402
2023-03-20 00:00:00-04:00,AAPL,0.015483960172010924
2023-03-21 00:00:00-04:00,AAPL,0.01194410177708316
2023-03-22 00:00:00-04:00,AAPL,-0.009103433987471155
2023-03-23 00:00:00-04:00,AAPL,0.00696946925801134
2023-03-24 00:00:00-04:00,AAPL,0.008305712511815111
2023-03-27 00:00:00-04:00,AAPL,-0.012293333356558245
2023-03-28 00:00:00-04:00,AAPL,-0.003980328598042759
2023-03-29 00:00:00-04:00,AAPL,0.01979063883985055
2023-03-30 00:00:00-04:00,AAPL,0.00988997866553376
2023-03-31 00:00:00-04:00,AAPL,0.01564433836998136
2023-04-03 00:00:00-04:00,AAPL,0.007701540411528152
2023-04-04 00:00:00-04:00,AAPL,-0.003249690494557367
2023-04-05 00:00:00-04:00,AAPL,-0.011290313519951023
2023-04-06 00:00:00-04:00,AAPL,0.0054957958619978875
2023-04-10 00:00:00-04:00,AAPL,-0.015972525425433592
2023-04-11 00:00:00-04:00,AAPL,-0.007590938803714642
2023-04-12 00:00:00-04:00,AAPL,-0.004353278692002749
2023-04-13 00:00:00-04:00,AAPL,0.03410374759687462
2023-04-14 00:00:00-04:00,AAPL,-0.0021139652936523756
2023-04-17 00:00:00-04:00,AAPL,0.00012099223772366052
2023-04-18 00:00:00-04:00,AAPL,0.007504740792116937
2023-04-19 00:00:00-04:00,AAPL,0.006968160735147277
2023-04-20 00:00:00-04:00,AAPL,-0.005846361609635253
2023-04-21 00:00:00-04:00,AAPL,-0.009780827720307528
2023-04-24 00:00:00-04:00,AAPL,0.0018785258186411191
2023-04-25 00:00:00-04:00,AAPL,-0.00943551699495171
2023-04-26 00:00:00-04:00,AAPL,-6.117008332195972e-05
2023-04-27 00:00:00-04:00,AAPL,0.02839535563772677
2023-04-28 00:00:00-04:00,AAPL,0.007540933278661344
2023-05-01 00:00:00-04:00,AAPL,-0.0005302589888357412
2023-05-02 00:00:00-04:00,AAPL,-0.006191557240060153
2023-05-03 00:00:00-04:00,AAPL,-0.006467242837202791
2023-05-04 00:00:00-04:00,AAPL,-0.009913482302592036
2023-05-05 00:00:00-04:00,AAPL,0.04692724031931239
2023-05-08 00:00:00-04:00,AAPL,-0.00040347820368935583
2023-05-09 00:00:00-04:00,AAPL,-0.009971257109525955
2023-05-10 00:00:00-04:00,AAPL,0.010420979437910427
2023-05-11 00:00:00-04:00,AAPL,0.0010946185172713285
2023-05-12 00:00:00-04:00,AAPL,-0.005417484285912932
2023-05-15 00:00:00-04:00,AAPL,-0.0028972738471185755
2023-05-16 00:00:00-04:00,AAPL,0.0
2023-05-17 00:00:00-04:00,AAPL,0.003603091017400084
2023-05-18 00:00:00-04:00,AAPL,0.013666085330823474
2023-05-19 00:00:00-04:00,AAPL,0.000628288573596425
2023-05-22 00:00:00-04:00,AAPL,-0.005480590496272364
2023-05-23 00:00:00-04:00,AAPL,-0.015154991605797363
2023-05-24 00:00:00-04:00,AAPL,0.0016320106615068664
2023-05-25 00:00:00-04:00,AAPL,0.006692327151079702
2023-05-26 00:00:00-04:00,AAPL,0.01410475619253937
2023-05-30 00:00:00-04:00,AAPL,0.010659448141197236
2023-05-31 00:00:00-04:00,AAPL,-0.00028203304511931204
2023-06-01 00:00:00-04:00,AAPL,0.016022668259334516
2023-06-02 00:00:00-04:00,AAPL,0.004775402831636466
2023-06-05 00:00:00-04:00,AAPL,-0.0075710051854089855
2023-06-06 00:00:00-04:00,AAPL,-0.0020603221128908666
2023-06-07 00:00:00-04:00,AAPL,-0.007756503798320047
2023-06-08 00:00:00-04:00,AAPL,0.015465323508838447
2023-06-09 00:00:00-04:00,AAPL,0.0021596590239563174
2023-06-12 00:00:00-04:00,AAPL,0.015638804671419537
2023-06-13 00:00:00-04:00,AAPL,-0.0026116225333775445
2023-06-14 00:00:00-04:00,AAPL,0.00349147840696884
2023-06-15 00:00:00-04:00,AAPL,0.011198360726812906
2023-06-16 00:00:00-04:00,AAPL,-0.005859740211301645
2023-06-20 00:00:00-04:00,AAPL,0.00048647231780729605
2023-06-21 00:00:00-04:00,AAPL,-0.005675038643983887
2023-06-22 00:00:00-04:00,AAPL,0.016525185452072044
2023-06-23 00:00:00-04:00,AAPL,-0.0017111671148511975
2023-06-26 00:00:00-04:00,AAPL,-0.007552974473652219
2023-06-27 00:00:00-04:00,AAPL,0.015058921708986928
2023-06-28 00:00:00-04:00,AAPL,0.006327821399373823
2023-06-29 00:00:00-04:00,AAPL,0.0017965454611512666
2023-06-30 00:00:00-04:00,AAPL,0.023102632105794996
2023-07-03 00:00:00-04:00,AAPL,-0.007784778979915141
2023-07-05 00:00:00-04:00,AAPL,-0.005871116418140976
2023-07-06 00:00:00-04:00,AAPL,0.0025083783933848025
2023-07-07 00:00:00-04:00,AAPL,-0.005891255318006605
2023-07-10 00:00:00-04:00,AAPL,-0.010855585666419976
2023-07-11 00:00:00-04:00,AAPL,-0.002810166157457772
2023-07-12 00:00:00-04:00,AAPL,0.008985580634205181
2023-07-13 00:00:00-04:00,AAPL,0.004057447469679065
2023-07-14 00:00:00-04:00,AAPL,0.000787306413202904
2023-07-17 00:00:00-04:00,AAPL,0.017305490875827
2023-07-18 00:00:00-04:00,AAPL,-0.0013401711759738477
2023-07-19 00:00:00-04:00,AAPL,0.007071639660207074
2023-07-20 00:00:00-04:00,AAPL,-0.010097443841441955
2023-07-21 00:00:00-04:00,AAPL,-0.006161704737241536
2023-07-24 00:00:00-04:00,AAPL,0.004220057800390142
2023-07-25 00:00:00-04:00,AAPL,0.0045137319695967015
2023-07-26 00:00:00-04:00,AAPL,0.004544877950383608
2023-07-27 00:00:00-04:00,AAPL,-0.0065808152908232165
2023-07-28 00:00:00-04:00,AAPL,0.013507854468973735
2023-07-31 00:00:00-04:00,AAPL,0.003166087742154877
2023-08-01 00:00:00-04:00,AAPL,-0.004276025468853972
2023-08-02 00:00:00-04:00,AAPL,-0.015490008683144985
2023-08-03 00:00:00-04:00,AAPL,-0.007321577508896171
2023-08-04 00:00:00-04:00,AAPL,-0.04802011947029072
2023-08-07 00:00:00-04:00,AAPL,-0.017253428753065347
2023-08-08 00:00:00-04:00,AAPL,0.005311406327779267
2023-08-09 00:00:00-04:00,AAPL,-0.008954434061938521
2023-08-10 00:00:00-04:00,AAPL,-0.0012346082434911976
2023-08-11 00:00:00-04:00,AAPL,0.00033779203740103014
2023-08-14 00:00:00-04:00,AAPL,0.009393049505226125
2023-08-15 00:00:00-04:00,AAPL,-0.011200309130944941
2023-08-16 00:00:00-04:00,AAPL,-0.004959049775609126
2023-08-17 00:00:00-04:00,AAPL,-0.014555226979332092
2023-08-18 00:00:00-04:00,AAPL,0.002816171088104058
2023-08-21 00:00:00-04:00,AAPL,0.007736570526919007
2023-08-22 00:00:00-04:00,AAPL,0.007904966611014697
2023-08-23 00:00:00-04:00,AAPL,0.021948879868292526
2023-08-24 00:00:00-04:00,AAPL,-0.026170390078794514
2023-08-25 00:00:00-04:00,AAPL,0.012643242174957603
2023-08-28 00:00:00-04:00,AAPL,0.008845994460906503
2023-08-29 00:00:00-04:00,AAPL,0.021810183990759624
2023-08-30 00:00:00-04:00,AAPL,0.019172289295066536
2023-08-31 00:00:00-04:00,AAPL,0.0011725176757431122
2023-09-01 00:00:00-04:00,AAPL,0.00846357071392978
2023-09-05 00:00:00-04:00,AAPL,0.0012665335647312759
2023-09-06 00:00:00-04:00,AAPL,-0.035793338109028516
2023-09-07 00:00:00-04:00,AAPL,-0.02924920856336055
2023-09-08 00:00:00-04:00,AAPL,0.0034915940187552064
2023-09-11 00:00:00-04:00,AAPL,0.0066224722964971505
2023-09-12 00:00:00-04:00,AAPL,-0.01706065792313405
2023-09-13 00:00:00-04:00,AAPL,-0.011854580421626237
2023-09-14 00:00:00-04:00,AAPL,0.008782323286259608
2023-09-15 00:00:00-04:00,AAPL,-0.004153876195780559
2023-09-18 00:00:00-04:00,AAPL,0.01691341769467325
2023-09-19 00:00:00-04:00,AAPL,0.006180677990639261
2023-09-20 00:00:00-04:00,AAPL,-0.01999209771200694
2023-09-21 00:00:00-04:00,AAPL,-0.008889407459199195
2023-09-22 00:00:00-04:00,AAPL,0.004944531512997008
2023-09-25 00:00:00-04:00,AAPL,0.007380172400444973
2023-09-26 00:00:00-04:00,AAPL,-0.023398266597936535
2023-09-27 00:00:00-04:00,AAPL,-0.00889768529777002
2023-09-28 00:00:00-04:00,AAPL,0.001525736850410464
2023-09-29 00:00:00-04:00,AAPL,0.0030463720285007767
2023-10-02 00:00:00-04:00,AAPL,0.01483566601021824
2023-10-03 00:00:00-04:00,AAPL,-0.007769876920428631
2023-10-04 00:00:00-04:00,AAPL,0.007308547025184575
2023-10-05 00:00:00-04:00,AAPL,0.007197990650368746
2023-10-06 00:00:00-04:00,AAPL,0.01475075051284569
2023-10-09 00:00:00-04:00,AAPL,0.008451076318296336
2023-10-10 00:00:00-04:00,AAPL,-0.0033523263065725617
2023-10-11 00:00:00-04:00,AAPL,0.007903975351442716
2023-10-12 00:00:00-04:00,AAPL,0.00506135878267977
2023-10-13 00:00:00-04:00,AAPL,-0.010292622891404646
2023-10-16 00:00:00-04:00,AAPL,-0.000726953448519474
2023-10-17 00:00:00-04:00,AAPL,-0.008784822471215925
2023-10-18 00:00:00-04:00,AAPL,-0.0073949946637974495
2023-10-19 00:00:00-04:00,AAPL,-0.002160761233860775
2023-10-20 00:00:00-04:00,AAPL,-0.014704421550784108
2023-10-23 00:00:00-04:00,AAPL,0.0006942686383979435
2023-10-24 00:00:00-04:00,AAPL,0.0025431703820459894
2023-10-25 00:00:00-04:00,AAPL,-0.013491450644144254
2023-10-26 00:00:00-04:00,AAPL,-0.024605518559778328
2023-10-27 00:00:00-04:00,AAPL,0.007969160485018056
2023-10-30 00:00:00-04:00,AAPL,0.012305205276138986
2023-10-31 00:00:00-04:00,AAPL,0.0028190398209240186
2023-11-01 00:00:00-04:00,AAPL,0.018738684924078264
2023-11-02 00:00:00-04:00,AAPL,0.020693200573127513
2023-11-03 00:00:00-04:00,AAPL,-0.005181182440067822
2023-11-06 00:00:00-05:00,AAPL,0.014605016701765727
2023-11-07 00:00:00-05:00,AAPL,0.014450780765311366
2023-11-08 00:00:00-05:00,AAPL,0.0058851328224889254
2023-11-09 00:00:00-05:00,AAPL,-0.0026245707104403104
2023-11-10 00:00:00-05:00,AAPL,0.023219874087910597
2023-11-13 00:00:00-05:00,AAPL,-0.008583557631215544
2023-11-14 00:00:00-05:00,AAPL,0.014285787116097515
2023-11-15 00:00:00-05:00,AAPL,0.0030409247245679616
2023-11-16 00:00:00-05:00,AAPL,0.009042048412652992
2023-11-17 00:00:00-05:00,AAPL,-0.00010534812711948671
2023-11-20 00:00:00-05:00,AAPL,0.00927820706279725
2023-11-21 00:00:00-05:00,AAPL,-0.0042309683065413495
2023-11-22 00:00:00-05:00,AAPL,0.0035145388209860684
2023-11-24 00:00:00-05:00,AAPL,-0.007004460194697915
2023-11-27 00:00:00-05:00,AAPL,-0.0009474860684018926
2023-11-28 00:00:00-05:00,AAPL,0.0032141239164558133
2023-11-29 00:00:00-05:00,AAPL,-0.005409661236888241
2023-11-30 00:00:00-05:00,AAPL,0.0030630279412808825
2023-12-01 00:00:00-05:00,AAPL,0.0067910025071094005
2023-12-04 00:00:00-05:00,AAPL,-0.009464595232522743
2023-12-05 00:00:00-05:00,AAPL,0.021063266931127478
2023-12-06 00:00:00-05:00,AAPL,-0.005687082008934752
2023-12-07 00:00:00-05:00,AAPL,0.010139436220780285
2023-12-08 00:00:00-05:00,AAPL,0.007412430743985787
2023-12-11 00:00:00-05:00,AAPL,-0.012927368251090643
2023-12-12 00:00:00-05:00,AAPL,0.007919965819608299
2023-12-13 00:00:00-05:00,AAPL,0.016691604232852653
2023-12-14 00:00:00-05:00,AAPL,0.0007576511176934364
2023-12-15 00:00:00-05:00,AAPL,-0.002725744128225016
2023-12-18 00:00:00-05:00,AAPL,-0.008503287955207606
2023-12-19 00:00:00-05:00,AAPL,0.0053600745993585
2023-12-20 00:00:00-05:00,AAPL,-0.010713813489896862
2023-12-21 00:00:00-05:00,AAPL,-0.0007699815483470651
2023-12-22 00:00:00-05:00,AAPL,-0.005547456837136422
2023-12-26 00:00:00-05:00,AAPL,-0.0028410165178162083
2023-12-27 00:00:00-05:00,AAPL,0.0005179474304959353
2023-12-28 00:00:00-05:00,AAPL,0.0022264847736397364
2023-12-29 00:00:00-05:00,AAPL,-0.005424514602921926
2024-01-02 00:00:00-05:00,AAPL,-0.0357865327222362
2024-01-03 00:00:00-05:00,AAPL,-0.007487542809373138
2024-01-04 00:00:00-05:00,AAPL,-0.012699958011887613
2024-01-05 00:00:00-05:00,AAPL,-0.0040132239072947495
2024-01-08 00:00:00-05:00,AAPL,0.02417500469277689
2024-01-09 00:00:00-05:00,AAPL,-0.0022634531635657984
2024-01-10 00:00:00-05:00,AAPL,0.005671470015663482
2024-01-11 00:00:00-05:00,AAPL,-0.0032225988884277967
2024-01-12 00:00:00-05:00,AAPL,0.0017782470651599436
2024-01-16 00:00:00-05:00,AAPL,-0.012317141087463956
2024-01-17 00:00:00-05:00,AAPL,-0.0051735886997403835
2024-01-18 00:00:00-05:00,AAPL,0.03257066017129806
2024-01-19 00:00:00-05:00,AAPL,0.015533001374419264
2024-01-22 00:00:00-05:00,AAPL,0.01216339934361943
2024-01-23 00:00:00-05:00,AAPL,0.006653084510527041
2024-01-24 00:00:00-05:00,AAPL,-0.0034837492691248695
2024-01-25 00:00:00-05:00,AAPL,-0.0016967857788896534
2024-01-26 00:00:00-05:00,AAPL,-0.009012672275704126
2024-01-29 00:00:00-05:00,AAPL,-0.003586132188116986
2024-01-30 00:00:00-05:00,AAPL,-0.019245650228333355
2024-01-31 00:00:00-05:00,AAPL,-0.01935768643782476
2024-02-01 00:00:00-05:00,AAPL,0.013340672693943567
2024-02-02 00:00:00-05:00,AAPL,-0.005405107849234203
2024-02-05 00:00:00-05:00,AAPL,0.00984662219290322
2024-02-06 00:00:00-05:00,AAPL,0.008631668725098018
2024-02-07 00:00:00-05:00,AAPL,0.0005814040295395451
2024-02-08 00:00:00-05:00,AAPL,-0.005754887426374977
2024-02-09 00:00:00-05:00,AAPL,0.004094041156271544
2024-02-12 00:00:00-05:00,AAPL,-0.009002119250778762
2024-02-13 00:00:00-05:00,AAPL,-0.011274403181526282
2024-02-14 00:00:00-05:00,AAPL,-0.0048096019982656335
2024-02-15 00:00:00-05:00,AAPL,-0.0015747626526944059
2024-02-16 00:00:00-05:00,AAPL,-0.0084303822297348
2024-02-20 00:00:00-05:00,AAPL,-0.004113707895095575
2024-02-21 00:00:00-05:00,AAPL,0.004185838698273825
2024-02-22 00:00:00-05:00,AAPL,0.01124371492605114
2024-02-23 00:00:00-05:00,AAPL,-0.010033911543855023
2024-02-26 00:00:00-05:00,AAPL,-0.007451425024821212
2024-02-27 00:00:00-05:00,AAPL,0.008114545182386301
2024-02-28 00:00:00-05:00,AAPL,-0.0066253837596634835
2024-02-29 00:00:00-05:00,AAPL,-0.003693121624742224
2024-03-01 00:00:00-05:00,AAPL,-0.006030523589233838
2024-03-04 00:00:00-05:00,AAPL,-0.025380985664995026
2024-03-05 00:00:00-05:00,AAPL,-0.028441000193364707
2024-03-06 00:00:00-05:00,AAPL,-0.005878361236455132
2024-03-07 00:00:00-05:00,AAPL,-0.0007094176053589196
2024-03-08 00:00:00-05:00,AAPL,0.010236629763479721
2024-03-11 00:00:00-04:00,AAPL,0.0118314476325585
2024-03-12 00:00:00-04:00,AAPL,0.0027785781783837837
2024-03-13 00:00:00-04:00,AAPL,-0.012122573688794436
2024-03-14 00:00:00-04:00,AAPL,0.010927301849700255
2024-03-15 00:00:00-04:00,AAPL,-0.0021963432618903322
2024-03-18 00:00:00-04:00,AAPL,0.006372361935360171
2024-03-19 00:00:00-04:00,AAPL,0.013584985942723726
2024-03-20 00:00:00-04:00,AAPL,0.014709243473686406
2024-03-21 00:00:00-04:00,AAPL,-0.04085757084731534
2024-03-22 00:00:00-04:00,AAPL,0.0053102723472311375
2024-03-25 00:00:00-04:00,AAPL,-0.008300455985181587
2024-03-26 00:00:00-04:00,AAPL,-0.006672578506579652
2024-03-27 00:00:00-04:00,AAPL,0.021212720542816532
2024-03-28 00:00:00-04:00,AAPL,-0.01055924414256948
2024-04-01 00:00:00-04:00,AAPL,-0.00845576008964355
2024-04-02 00:00:00-04:00,AAPL,-0.006998691907051491
2024-04-03 00:00:00-04:00,AAPL,0.0047973779096968094
2024-04-04 00:00:00-04:00,AAPL,-0.004892309544345164
2024-04-05 00:00:00-04:00,AAPL,0.004501814842648999
2024-04-08 00:00:00-04:00,AAPL,-0.006663607351271139
2024-04-09 00:00:00-04:00,AAPL,0.007242442576050001
2024-04-10 00:00:00-04:00,AAPL,-0.011139063698625495
2024-04-11 00:00:00-04:00,AAPL,0.04327072783409247
2024-04-12 00:00:00-04:00,AAPL,0.00862676182007105
2024-04-15 00:00:00-04:00,AAPL,-0.021863413947973864
2024-04-16 00:00:00-04:00,AAPL,-0.019167307184714377
2024-04-17 00:00:00-04:00,AAPL,-0.008147417578714844
2024-04-18 00:00:00-04:00,AAPL,-0.005714369660596574
2024-04-19 00:00:00-04:00,AAPL,-0.012212674061448214
2024-04-22 00:00:00-04:00,AAPL,0.005091042894406206
2024-04-23 00:00:00-04:00,AAPL,0.006391608667392745
2024-04-24 00:00:00-04:00,AAPL,0.01270230818811302
2024-04-25 00:00:00-04:00,AAPL,0.0051472784567125895
2024-04-26 00:00:00-04:00,AAPL,-0.0034728117581493967
2024-04-29 00:00:00-04:00,AAPL,0.024808044540281404
2024-04-30 00:00:00-04:00,AAPL,-0.01827082730997387
2024-05-01 00:00:00-04:00,AAPL,-0.006047163072268602
2024-05-02 00:00:00-04:00,AAPL,0.022031975857705444
2024-05-03 00:00:00-04:00,AAPL,0.05981623025713523
2024-05-06 00:00:00-04:00,AAPL,-0.009106784013646951
2024-05-07 00:00:00-04:00,AAPL,0.003797073460595657
2024-05-08 00:00:00-04:00,AAPL,0.001864124338099682
2024-05-09 00:00:00-04:00,AAPL,0.0100142670258494
2024-05-10 00:00:00-04:00,AAPL,-0.006890205336392841
2024-05-13 00:00:00-04:00,AAPL,0.017645493079199603
2024-05-14 00:00:00-04:00,AAPL,0.0061732733945081275
2024-05-15 00:00:00-04:00,AAPL,0.01221803198145599
2024-05-16 00:00:00-04:00,AAPL,0.0006325060360075074
2024-05-17 00:00:00-04:00,AAPL,0.00015814827118543207
2024-05-20 00:00:00-04:00,AAPL,0.006161939478787071
2024-05-21 00:00:00-04:00,AAPL,0.006857242566348232
2024-05-22 00:00:00-04:00,AAPL,-0.007538348434589448
2024-05-23 00:00:00-04:00,AAPL,-0.021058059226850667
2024-05-24 00:00:00-04:00,AAPL,0.016588161748486874
2024-05-28 00:00:00-04:00,AAPL,5.270426816195162e-05
2024-05-29 00:00:00-04:00,AAPL,0.0015788555782136893
2024-05-30 00:00:00-04:00,AAPL,0.005255203353978555
2024-05-31 00:00:00-04:00,AAPL,0.005018518267986272
2024-06-03 00:00:00-04:00,AAPL,0.009258811146630075
2024-06-04 00:00:00-04:00,AAPL,0.0016492693127221347
2024-06-05 00:00:00-04:00,AAPL,0.007820931934811481
2024-06-06 00:00:00-04:00,AAPL,-0.007096552515471699
2024-06-07 00:00:00-04:00,AAPL,0.012392066150160863
2024-06-10 00:00:00-04:00,AAPL,-0.019147685197681508
2024-06-11 00:00:00-04:00,AAPL,0.07264887521608365
2024-06-12 00:00:00-04:00,AAPL,0.028578422919254054
2024-06-13 00:00:00-04:00,AAPL,0.005491217984161745
2024-06-14 00:00:00-04:00,AAPL,-0.008168403790145162
2024-06-17 00:00:00-04:00,AAPL,0.019671453031925745
2024-06-18 00:00:00-04:00,AAPL,-0.010984524946881069
2024-06-20 00:00:00-04:00,AAPL,-0.021512817604241508
2024-06-21 00:00:00-04:00,AAPL,-0.010444513910137787
2024-06-24 00:00:00-04:00,AAPL,0.003132817101775265
2024-06-25 00:00:00-04:00,AAPL,0.004468147399944167
2024-06-26 00:00:00-04:00,AAPL,0.019993166933350848
2024-06-27 00:00:00-04:00,AAPL,0.003986032812733686
2024-06-28 00:00:00-04:00,AAPL,-0.0162541721317786
2024-07-01 00:00:00-04:00,AAPL,0.029104597524862497
2024-07-02 00:00:00-04:00,AAPL,0.016239943713221683
2024-07-03 00:00:00-04:00,AAPL,0.005811050030459564
2024-07-05 00:00:00-04:00,AAPL,0.02162037873643219
2024-07-08 00:00:00-04:00,AAPL,0.006538873760357999
2024-07-09 00:00:00-04:00,AAPL,0.003774857104064999
2024-07-10 00:00:00-04:00,AAPL,0.018803507812795717
2024-07-11 00:00:00-04:00,AAPL,-0.023220748188110596
2024-07-12 00:00:00-04:00,AAPL,0.013050790265213275
2024-07-15 00:00:00-04:00,AAPL,0.01674341058373141
2024-07-16 00:00:00-04:00,AAPL,0.001791794468523733
2024-07-17 00:00:00-04:00,AAPL,-0.02529589958025047
2024-07-18 00:00:00-04:00,AAPL,-0.02053492582267613
2024-07-19 00:00:00-04:00,AAPL,0.000579943811415573
2024-07-22 00:00:00-04:00,AAPL,-0.001560339562192925
2024-07-23 00:00:00-04:00,AAPL,0.004688334079724132
2024-07-24 00:00:00-04:00,AAPL,-0.02875426438911277
2024-07-25 00:00:00-04:00,AAPL,-0.004804538689710536
2024-07-26 00:00:00-04:00,AAPL,0.0021609424003672384
2024-07-29 00:00:00-04:00,AAPL,0.001284652651888596
2024-07-30 00:00:00-04:00,AAPL,0.002566008873672976
2024-07-31 00:00:00-04:00,AAPL,0.014990762031870108
2024-08-01 00:00:00-04:00,AAPL,-0.016750656594719193
2024-08-02 00:00:00-04:00,AAPL,0.006869405460209421
2024-08-05 00:00:00-04:00,AAPL,-0.04816694368750174
2024-08-06 00:00:00-04:00,AAPL,-0.009748387604441633
2024-08-07 00:00:00-04:00,AAPL,0.012498228062333805
2024-08-08 00:00:00-04:00,AAPL,0.01663338086559918
2024-08-09 00:00:00-04:00,AAPL,0.013735923887983947
2024-08-12 00:00:00-04:00,AAPL,0.00712994649476939
2024-08-13 00:00:00-04:00,AAPL,0.01719300928483758
2024-08-14 00:00:00-04:00,AAPL,0.0020337459838957184
2024-08-15 00:00:00-04:00,AAPL,0.013530580185465713
2024-08-16 00:00:00-04:00,AAPL,0.005918421787055372
2024-08-19 00:00:00-04:00,AAPL,-0.0007078235294317725
2024-08-20 00:00:00-04:00,AAPL,0.0027446823524859276
2024-08-21 00:00:00-04:00,AAPL,-0.0004856192113650293
2024-08-22 00:00:00-04:00,AAPL,-0.00825960554460703
2024-08-23 00:00:00-04:00,AAPL,0.01028800098240712
2024-08-26 00:00:00-04:00,AAPL,0.0014989630911454999
2024-08-27 00:00:00-04:00,AAPL,0.0037415618616429835
2024-08-28 00:00:00-04:00,AAPL,-0.006753552127936713
2024-08-29 00:00:00-04:00,AAPL,0.014570133705504418
2024-08-30 00:00:00-04:00,AAPL,-0.0034378589403147863
2024-09-03 00:00:00-04:00,AAPL,-0.02720522671033454
2024-09-04 00:00:00-04:00,AAPL,-0.008618736083091272
2024-09-05 00:00:00-04:00,AAPL,0.006927690949894316
2024-09-06 00:00:00-04:00,AAPL,-0.0070148792018372985
2024-09-09 00:00:00-04:00,AAPL,0.0004074805002673987
2024-09-10 00:00:00-04:00,AAPL,-0.003621324252801039
2024-09-11 00:00:00-04:00,AAPL,0.011585015569577584
2024-09-12 00:00:00-04:00,AAPL,0.0004940851102026578
2024-09-13 00:00:00-04:00,AAPL,-0.0012119482473855747
2024-09-16 00:00:00-04:00,AAPL,-0.02777537664944263
2024-09-17 00:00:00-04:00,AAPL,0.0021726079973596324
2024-09-18 00:00:00-04:00,AAPL,0.017989827309836892
2024-09-19 00:00:00-04:00,AAPL,0.037065552379127675
2024-09-20 00:00:00-04:00,AAPL,-0.002927435696079894
2024-09-23 00:00:00-04:00,AAPL,-0.007580953403246937
2024-09-24 00:00:00-04:00,AAPL,0.0039739617590086596
2024-09-25 00:00:00-04:00,AAPL,-0.0043982309358844285
2024-09-26 00:00:00-04:00,AAPL,0.005080235185349169
2024-09-27 00:00:00-04:00,AAPL,0.001186713809709028
2024-09-30 00:00:00-04:00,AAPL,0.022872078754435865
2024-10-01 00:00:00-04:00,AAPL,-0.029141635926272724
2024-10-02 00:00:00-04:00,AAPL,0.0025197397753966566
2024-10-03 00:00:00-04:00,AAPL,-0.004894646569364447
2024-10-04 00:00:00-04:00,AAPL,0.005007289242970003
2024-10-07 00:00:00-04:00,AAPL,-0.02253081170419058
2024-10-08 00:00:00-04:00,AAPL,0.01840409895816597
2024-10-09 00:00:00-04:00,AAPL,0.016698336395353897
2024-10-10 00:00:00-04:00,AAPL,-0.002178325762561495
2024-10-11 00:00:00-04:00,AAPL,-0.006505309307011986
2024-10-14 00:00:00-04:00,AAPL,0.016479946857814065
2024-10-15 00:00:00-04:00,AAPL,0.011024613899035973
2024-10-16 00:00:00-04:00,AAPL,-0.008851820211210892
2024-10-17 00:00:00-04:00,AAPL,0.001596264239817513
2024-10-18 00:00:00-04:00,AAPL,0.012276603449848267
2024-10-21 00:00:00-04:00,AAPL,0.006297895587937585
2024-10-22 00:00:00-04:00,AAPL,-0.0026218353810620876
2024-10-23 00:00:00-04:00,AAPL,-0.02162307090636173
2024-10-24 00:00:00-04:00,AAPL,-0.0008231968415272073
2024-10-25 00:00:00-04:00,AAPL,0.0036430412187105077
2024-10-28 00:00:00-04:00,AAPL,0.008599340659369847
2024-10-29 00:00:00-04:00,AAPL,0.0011568831515056388
2024-10-30 00:00:00-04:00,AAPL,-0.015277851306757073
2024-10-31 00:00:00-04:00,AAPL,-0.018209550353115556
2024-11-01 00:00:00-04:00,AAPL,-0.01327962645929659
2024-11-04 00:00:00-05:00,AAPL,-0.004037428561390333
2024-11-05 00:00:00-05:00,AAPL,0.006486197502839186
2024-11-06 00:00:00-05:00,AAPL,-0.0032669913849757704
2024-11-07 00:00:00-05:00,AAPL,0.021372093619307808
2024-11-08 00:00:00-05:00,AAPL,-0.0011882075591023167
2024-11-11 00:00:00-05:00,AAPL,-0.012028533840612421
2024-11-12 00:00:00-05:00,AAPL,0.0
2024-11-13 00:00:00-05:00,AAPL,0.003969083290910502
2024-11-14 00:00:00-05:00,AAPL,0.01377044260225313
2024-11-15 00:00:00-05:00,AAPL,-0.014109157284525442
2024-11-18 00:00:00-05:00,AAPL,0.013422169627337555
2024-11-19 00:00:00-05:00,AAPL,0.0011403455439773502
2024-11-20 00:00:00-05:00,AAPL,0.0031540240434579925
2024-11-21 00:00:00-05:00,AAPL,-0.0020960940072423107
2024-11-22 00:00:00-05:00,AAPL,0.0059075002554076494
2024-11-25 00:00:00-05:00,AAPL,0.013050956317711693
2024-11-26 00:00:00-05:00,AAPL,0.009404402163098347
2024-11-27 00:00:00-05:00,AAPL,-0.0005531615372267318
2024-11-29 00:00:00-05:00,AAPL,0.010215796792307996
2024-12-02 00:00:00-05:00,AAPL,0.009522719086457299
2024-12-03 00:00:00-05:00,AAPL,0.012771733064145918
2024-12-04 00:00:00-05:00,AAPL,0.001483746436633293
2024-12-05 00:00:00-05:00,AAPL,0.00012333058611813108
2024-12-06 00:00:00-05:00,AAPL,-0.0008229246195863293
2024-12-09 00:00:00-05:00,AAPL,0.016101227207422797
2024-12-10 00:00:00-05:00,AAPL,0.004133669430149256
2024-12-11 00:00:00-05:00,AAPL,-0.005166037926624956
2024-12-12 00:00:00-05:00,AAPL,0.005963678818455387
2024-12-13 00:00:00-05:00,AAPL,0.0006856036923053033
2024-12-16 00:00:00-05:00,AAPL,0.011727739247466396
2024-12-17 00:00:00-05:00,AAPL,0.009719520909750257
2024-12-18 00:00:00-05:00,AAPL,-0.021421712416383354
2024-12-19 00:00:00-05:00,AAPL,0.007014648414990665
2024-12-20 00:00:00-05:00,AAPL,0.018815866855472763
2024-12-23 00:00:00-05:00,AAPL,0.003064966108722089
2024-12-24 00:00:00-05:00,AAPL,0.011477920349066917
2024-12-26 00:00:00-05:00,AAPL,0.003175931635979179
2024-12-27 00:00:00-05:00,AAPL,-0.013242342504530713
2024-12-30 00:00:00-05:00,AAPL,-0.013263347549496318
2024-12-31 00:00:00-05:00,AAPL,-0.007057852905747786
2025-01-02 00:00:00-05:00,AAPL,-0.02623596162468156
2025-01-03 00:00:00-05:00,AAPL,-0.002009351552378469
2025-01-06 00:00:00-05:00,AAPL,0.00673894392013108
2025-01-07 00:00:00-05:00,AAPL,-0.011387811994236885
2025-01-08 00:00:00-05:00,AAPL,0.002022956880179061
2025-01-10 00:00:00-05:00,AAPL,-0.02410368190974732
2025-01-13 00:00:00-05:00,AAPL,-0.010344139066364999
2025-01-14 00:00:00-05:00,AAPL,-0.004778190385629433
2025-01-15 00:00:00-05:00,AAPL,0.01967592760353898
2025-01-16 00:00:00-05:00,AAPL,-0.0404002575995851
2025-01-17 00:00:00-05:00,AAPL,0.007535281526696025
2025-01-21 00:00:00-05:00,AAPL,-0.031915719036455625
2025-01-22 00:00:00-05:00,AAPL,0.005344885050282411
2025-01-23 00:00:00-05:00,AAPL,-0.0007594465433748976
2025-01-24 00:00:00-05:00,AAPL,-0.003934600300697255
2025-01-27 00:00:00-05:00,AAPL,0.03178030647978747
2025-01-28 00:00:00-05:00,AAPL,0.03654383553207885
2025-01-29 00:00:00-05:00,AAPL,0.004616985291096221
2025-01-30 00:00:00-05:00,AAPL,-0.007394784020218759
2025-01-31 00:00:00-05:00,AAPL,-0.006692298277531927
2025-02-03 00:00:00-05:00,AAPL,-0.033855803782765315
2025-02-04 00:00:00-05:00,AAPL,0.021007866086110605
2025-02-05 00:00:00-05:00,AAPL,-0.0014175874460061744
2025-02-06 00:00:00-05:00,AAPL,0.0032262310741231204
2025-02-07 00:00:00-05:00,AAPL,-0.02396879648313288
2025-02-10 00:00:00-05:00,AAPL,0.001187469953708442
2025-02-11 00:00:00-05:00,AAPL,0.02183163860805326
2025-02-12 00:00:00-05:00,AAPL,0.018270120991661143
2025-02-13 00:00:00-05:00,AAPL,0.01967331736170963
2025-02-14 00:00:00-05:00,AAPL,0.012710663421930057
2025-02-18 00:00:00-05:00,AAPL,-0.0005315679761457304
2025-02-19 00:00:00-05:00,AAPL,0.0016363090805482372
2025-02-20 00:00:00-05:00,AAPL,0.003920450406020182
2025-02-21 00:00:00-05:00,AAPL,-0.0011390669680696464
2025-02-24 00:00:00-05:00,AAPL,0.006312371479060053
2025-02-25 00:00:00-05:00,AAPL,-0.00024287122624622182
2025-02-26 00:00:00-05:00,AAPL,-0.02704007944794118
2025-02-27 00:00:00-05:00,AAPL,-0.012730889246679977
2025-02-28 00:00:00-05:00,AAPL,0.01913186340897366
2025-03-03 00:00:00-05:00,AAPL,-0.01575423380035612
2025-03-04 00:00:00-05:00,AAPL,-0.008822464612909697
2025-03-05 00:00:00-05:00,AAPL,-0.0008052768375831354
2025-03-06 00:00:00-05:00,AAPL,-0.0017391716619414854
2025-03-07 00:00:00-05:00,AAPL,0.01589255851233662
2025-03-10 00:00:00-04:00,AAPL,-0.048479531607936166
2025-03-11 00:00:00-04:00,AAPL,-0.029189390856835806
2025-03-12 00:00:00-04:00,AAPL,-0.017478612733962007
2025-03-13 00:00:00-04:00,AAPL,-0.0336437800894398
2025-03-14 00:00:00-04:00,AAPL,0.01817056502603709
2025-03-17 00:00:00-04:00,AAPL,0.002388939998845041
2025-03-18 00:00:00-04:00,AAPL,-0.006121543135650831
2025-03-19 00:00:00-04:00,AAPL,0.01198926693711777
2025-03-20 00:00:00-04:00,AAPL,-0.005296319417141704
2025-03-21 00:00:00-04:00,AAPL,0.01947677251479929
2025-03-24 00:00:00-04:00,AAPL,0.011270515441409446
2025-03-25 00:00:00-04:00,AAPL,0.013681817138509134
2025-03-26 00:00:00-04:00,AAPL,-0.0099217526398655
2025-03-27 00:00:00-04:00,AAPL,0.01047275715104079
2025-03-28 00:00:00-04:00,AAPL,-0.02658033432748852
2025-03-31 00:00:00-04:00,AAPL,0.019412530037698827
2025-04-01 00:00:00-04:00,AAPL,0.004771877151222181
2025-04-02 00:00:00-04:00,AAPL,0.0031363580770971122
2025-04-03 00:00:00-04:00,AAPL,-0.09245618078444884
2025-04-04 00:00:00-04:00,AAPL,-0.07288731707958396
2025-04-07 00:00:00-04:00,AAPL,-0.03673436156424825
2025-04-08 00:00:00-04:00,AAPL,-0.04981808395186815
2025-04-09 00:00:00-04:00,AAPL,0.15328859263586048
2025-04-10 00:00:00-04:00,AAPL,-0.04239398049855592
2025-04-11 00:00:00-04:00,AAPL,0.04059461061067515
2025-04-14 00:00:00-04:00,AAPL,0.02205403401817052
2025-04-15 00:00:00-04:00,AAPL,-0.0018764761244509653
2025-04-16 00:00:00-04:00,AAPL,-0.03893323810147331
2025-04-17 00:00:00-04:00,AAPL,0.013949510540231636
2025-04-21 00:00:00-04:00,AAPL,-0.019392746768525093
2025-04-22 00:00:00-04:00,AAPL,0.03406496561472405
2025-04-23 00:00:00-04:00,AAPL,0.0243317173115305
2025-04-24 00:00:00-04:00,AAPL,0.018426171166043614
2025-04-25 00:00:00-04:00,AAPL,0.0043670702669422745
2025-04-28 00:00:00-04:00,AAPL,0.0041094439302769015
2025-04-29 00:00:00-04:00,AAPL,0.0050918550337657464
2025-04-30 00:00:00-04:00,AAPL,0.006107692668900766
2025-05-01 00:00:00-04:00,AAPL,0.0038588233186183096
2025-05-02 00:00:00-04:00,AAPL,-0.03736171772830699
2025-05-05 00:00:00-04:00,AAPL,-0.03145852416663597
2025-05-06 00:00:00-04:00,AAPL,-0.0019106471414049864
2025-05-07 00:00:00-04:00,AAPL,-0.011384668284761479
2025-05-08 00:00:00-04:00,AAPL,0.006318403838527997
2025-05-09 00:00:00-04:00,AAPL,0.005265950764576921
2025-05-12 00:00:00-04:00,AAPL,0.0631463617450434
2025-05-13 00:00:00-04:00,AAPL,0.0101521768178372
2025-05-14 00:00:00-04:00,AAPL,-0.0028177938946358783
2025-05-15 00:00:00-04:00,AAPL,-0.00414447144810548
2025-05-16 00:00:00-04:00,AAPL,-0.0008984888188138251
2025-05-19 00:00:00-04:00,AAPL,-0.011739122198914598
2025-05-20 00:00:00-04:00,AAPL,-0.009196290316480504
2025-05-21 00:00:00-04:00,AAPL,-0.02305906406303615
2025-05-22 00:00:00-04:00,AAPL,-0.003612314828274732
2025-05-23 00:00:00-04:00,AAPL,-0.030244221058998932
2025-05-27 00:00:00-04:00,AAPL,0.025298329580485834
2025-05-28 00:00:00-04:00,AAPL,0.0010488706643525525
2025-05-29 00:00:00-04:00,AAPL,-0.0023451694711033033
2025-05-30 00:00:00-04:00,AAPL,0.004501148119051557
2025-06-02 00:00:00-04:00,AAPL,0.004231963219623491
2025-06-03 00:00:00-04:00,AAPL,0.007783866111755966
2025-06-04 00:00:00-04:00,AAPL,-0.0022137023863150196
2025-06-05 00:00:00-04:00,AAPL,-0.010797787736391062
2025-06-06 00:00:00-04:00,AAPL,0.016398316088211073
2025-06-09 00:00:00-04:00,AAPL,-0.012112492934115981
2025-06-10 00:00:00-04:00,AAPL,0.006055989590468824
2025-06-11 00:00:00-04:00,AAPL,-0.019193775052397055
2025-06-12 00:00:00-04:00,AAPL,0.00211290957436594
2025-06-13 00:00:00-04:00,AAPL,-0.013805286030304842
2025-06-16 00:00:00-04:00,AAPL,0.010028002074829123
2025-06-17 00:00:00-04:00,AAPL,-0.014010625211583472
2025-06-18 00:00:00-04:00,AAPL,0.0048047797636858736
2025-06-20 00:00:00-04:00,AAPL,0.02248441670614576
2025-06-23 00:00:00-04:00,AAPL,0.0024876086788869767
2025-06-24 00:00:00-04:00,AAPL,-0.0059553394813630645
2025-06-25 00:00:00-04:00,AAPL,0.006290473244112693
2025-06-26 00:00:00-04:00,AAPL,-0.0027782806806685434
2025-06-27 00:00:00-04:00,AAPL,0.00039795941485243347
2025-06-30 00:00:00-04:00,AAPL,0.020340164552558715
2025-07-01 00:00:00-04:00,AAPL,0.012916263213262447
2025-07-02 00:00:00-04:00,AAPL,0.022230773907156554
2025-07-03 00:00:00-04:00,AAPL,0.0052249272202584685
2025-07-07 00:00:00-04:00,AAPL,-0.01685782018219839
2025-07-08 00:00:00-04:00,AAPL,0.0002856912501358888
2025-07-09 00:00:00-04:00,AAPL,0.005380661014048549
2025-07-10 00:00:00-04:00,AAPL,0.0060150834579031365
2025-07-11 00:00:00-04:00,AAPL,-0.005884846675006772
2025-07-14 00:00:00-04:00,AAPL,-0.012028880873765746
2025-07-15 00:00:00-04:00,AAPL,0.0023488282206871602
2025-07-16 00:00:00-04:00,AAPL,0.00502129368152282
2025-07-17 00:00:00-04:00,AAPL,-0.0006661656987771991
2025-07-18 00:00:00-04:00,AAPL,0.0055232025244587035
2025-07-21 00:00:00-04:00,AAPL,0.006155957704908399
2025-07-22 00:00:00-04:00,AAPL,0.009036079373582862
2025-07-23 00:00:00-04:00,AAPL,-0.0011660308502943195
2025-07-24 00:00:00-04:00,AAPL,-0.0018211459415494735
2025-07-25 00:00:00-04:00,AAPL,0.0005614852935753589
2025-07-28 00:00:00-04:00,AAPL,0.0007947282690279334
2025-07-29 00:00:00-04:00,AAPL,-0.012987564635900117
2025-07-30 00:00:00-04:00,AAPL,-0.010507943315991919
2025-07-31 00:00:00-04:00,AAPL,-0.007079664061590107
2025-08-01 00:00:00-04:00,AAPL,-0.02500347728081742
2025-08-04 00:00:00-04:00,AAPL,0.004792875545773567
2025-08-05 00:00:00-04:00,AAPL,-0.002114510181452478
2025-08-06 00:00:00-04:00,AAPL,0.050906706525817746
2025-08-07 00:00:00-04:00,AAPL,0.03179367590592452
2025-08-08 00:00:00-04:00,AAPL,0.04235788102306204
2025-08-11 00:00:00-04:00,AAPL,-0.008337396271402842
2025-08-12 00:00:00-04:00,AAPL,0.010872425190982637
2025-08-13 00:00:00-04:00,AAPL,0.01602432712184254
2025-08-14 00:00:00-04:00,AAPL,-0.002357101810375739
2025-08-15 00:00:00-04:00,AAPL,-0.00511213525022558
2025-08-18 00:00:00-04:00,AAPL,-0.0030225591525460116
2025-08-19 00:00:00-04:00,AAPL,-0.0014292331272452996
2025-08-20 00:00:00-04:00,AAPL,-0.019734601979358835
2025-08-21 00:00:00-04:00,AAPL,-0.004911271577319298
2025-08-22 00:00:00-04:00,AAPL,0.012716753873613929
2025-08-25 00:00:00-04:00,AAPL,-0.0026342927136550065
2025-08-26 00:00:00-04:00,AAPL,0.00946457099769904
2025-08-27 00:00:00-04:00,AAPL,0.005145948473059381
2025-08-28 00:00:00-04:00,AAPL,0.008980850840599297
2025-08-29 00:00:00-04:00,AAPL,-0.0018059976322623017
2025-09-02 00:00:00-04:00,AAPL,-0.010424716156024028
2025-09-03 00:00:00-04:00,AAPL,0.038089880464190706
2025-09-04 00:00:00-04:00,AAPL,0.005493276796928015
2025-09-05 00:00:00-04:00,AAPL,-0.0003753100891029648
2025-09-08 00:00:00-04:00,AAPL,-0.0075513828270526995
2025-09-09 00:00:00-04:00,AAPL,-0.014839372436636689
2025-09-10 00:00:00-04:00,AAPL,-0.03225945798145291
2025-09-11 00:00:00-04:00,AAPL,0.014286332668589363
2025-09-12 00:00:00-04:00,AAPL,0.017562925755691072
2025-09-15 00:00:00-04:00,AAPL,0.011235933001189746
2025-09-16 00:00:00-04:00,AAPL,0.006125802961835625
2025-09-17 00:00:00-04:00,AAPL,0.0035273411706115976
2025-09-18 00:00:00-04:00,AAPL,-0.0046445947485665995
2025-09-19 00:00:00-04:00,AAPL,0.032032867191576164
2025-09-22 00:00:00-04:00,AAPL,0.04309572508777837
2025-09-23 00:00:00-04:00,AAPL,-0.0064432141923312924
2025-09-24 00:00:00-04:00,AAPL,-0.008332411863824163
2025-09-25 00:00:00-04:00,AAPL,0.018072987935134455
2025-09-26 00:00:00-04:00,AAPL,-0.005489118202509746
2025-09-29 00:00:00-04:00,AAPL,-0.004031903675073667
2025-09-30 00:00:00-04:00,AAPL,0.0007860129897405699
2025-10-01 00:00:00-04:00,AAPL,0.0032203748162142887
2025-10-02 00:00:00-04:00,AAPL,0.006576733422836156
2025-10-03 00:00:00-04:00,AAPL,0.003461142466484768
2025-10-06 00:00:00-04:00,AAPL,-0.005154574923412314
2025-10-07 00:00:00-04:00,AAPL,-0.0008180532313938338
2025-10-08 00:00:00-04:00,AAPL,0.006160217240152921
2025-10-09 00:00:00-04:00,AAPL,-0.015577766995038989
2025-10-10 00:00:00-04:00,AAPL,-0.034522098610332286
2025-10-13 00:00:00-04:00,AAPL,0.009744389834039024
2025-10-14 00:00:00-04:00,AAPL,0.0004441926617493319
2025-10-15 00:00:00-04:00,AAPL,0.00633640773752453
2025-10-16 00:00:00-04:00,AAPL,-0.007579939443282391
2025-10-17 00:00:00-04:00,AAPL,0.019559516473121263
2025-10-20 00:00:00-04:00,AAPL,0.03943866246963412
2025-10-21 00:00:00-04:00,AAPL,0.002021035212009581
2025-10-22 00:00:00-04:00,AAPL,-0.016440143950924413
2025-10-23 00:00:00-04:00,AAPL,0.004372033633252448
2025-10-24 00:00:00-04:00,AAPL,0.012481988848809689
2025-10-27 00:00:00-04:00,AAPL,0.0227912690692067
2025-10-28 00:00:00-04:00,AAPL,0.0007067041980304278
2025-10-29 00:00:00-04:00,AAPL,0.0026023237359502627
2025-10-30 00:00:00-04:00,AAPL,0.006303233217925586
2025-10-31 00:00:00-04:00,AAPL,-0.0037951561451632365
2025-11-03 00:00:00-05:00,AAPL,-0.004882360444995348
2025-11-04 00:00:00-05:00,AAPL,0.003679849978061922
2025-11-05 00:00:00-05:00,AAPL,0.00037034495392229694
2025-11-06 00:00:00-05:00,AAPL,-0.0013698257358518706
2025-11-07 00:00:00-05:00,AAPL,-0.004818849477972176
2025-11-10 00:00:00-05:00,AAPL,0.004548624231703657
2025-11-11 00:00:00-05:00,AAPL,0.02160126459501921
2025-11-12 00:00:00-05:00,AAPL,-0.006466991494855634
2025-11-13 00:00:00-05:00,AAPL,-0.0019013646924230798
2025-11-14 00:00:00-05:00,AAPL,-0.0019784193430598673
2025-11-17 00:00:00-05:00,AAPL,-0.018171218027207114
2025-11-18 00:00:00-05:00,AAPL,-7.471106952616768e-05
2025-11-19 00:00:00-05:00,AAPL,0.004187793953672303
2025-11-20 00:00:00-05:00,AAPL,-0.008601361510023886
2025-11-21 00:00:00-05:00,AAPL,0.019680725800176768
2025-11-24 00:00:00-05:00,AAPL,0.016317451407709793
2025-11-25 00:00:00-05:00,AAPL,0.0038053394528705375
2025-11-26 00:00:00-05:00,AAPL,0.002094106406326013
2025-11-28 00:00:00-05:00,AAPL,0.004683756575197373
2025-12-01 00:00:00-05:00,AAPL,0.015241175029783172
2025-12-02 00:00:00-05:00,AAPL,0.010914951816139329
2025-12-03 00:00:00-05:00,AAPL,-0.007128103890149506
2025-12-04 00:00:00-05:00,AAPL,-0.012141396841095942
2025-12-05 00:00:00-05:00,AAPL,-0.006840066673861722
2025-12-08 00:00:00-05:00,AAPL,-0.003192552226246703
2025-12-09 00:00:00-05:00,AAPL,-0.0025549540307587826
2025-12-10 00:00:00-05:00,AAPL,0.005772479710981937
2025-12-11 00:00:00-05:00,AAPL,-0.002690481265859801
2025-12-12 00:00:00-05:00,AAPL,0.0008993198694000615
2025-12-15 00:00:00-05:00,AAPL,-0.014985057058964357
2025-12-16 00:00:00-05:00,AAPL,0.0018241385327160131
2025-12-17 00:00:00-05:00,AAPL,-0.010087037063657212
2025-12-18 00:00:00-05:00,AAPL,0.0012875596388439714
2025-12-19 00:00:00-05:00,AAPL,0.005437491779006098
2025-12-22 00:00:00-05:00,AAPL,-0.0098658478168403
2025-12-23 00:00:00-05:00,AAPL,0.005129619359273585
2025-12-24 00:00:00-05:00,AAPL,0.00532387854748273
2025-12-26 00:00:00-05:00,AAPL,-0.0014975662871453688
2025-12-29 00:00:00-05:00,AAPL,0.001316924789223295
2025-12-30 00:00:00-05:00,AAPL,-0.0024840667289872664
2023-01-04 00:00:00-05:00,AMZN,-0.007923564525679994
2023-01-05 00:00:00-05:00,AMZN,-0.023725589118479662
2023-01-06 00:00:00-05:00,AMZN,0.035611152390083056
2023-01-09 00:00:00-05:00,AMZN,0.01486987397850048
2023-01-10 00:00:00-05:00,AMZN,0.028731709234134817
2023-01-11 00:00:00-05:00,AMZN,0.058083825879343465
2023-01-12 00:00:00-05:00,AMZN,0.0018929468094222024
2023-01-13 00:00:00-05:00,AMZN,0.029915043601747016
2023-01-17 00:00:00-05:00,AMZN,-0.02109661268732821
2023-01-18 00:00:00-05:00,AMZN,-0.006142675153973931
2023-01-19 00:00:00-05:00,AMZN,-0.01864654092151996
2023-01-20 00:00:00-05:00,AMZN,0.03810845093076898
2023-01-23 00:00:00-05:00,AMZN,0.002776315095798454
2023-01-24 00:00:00-05:00,AMZN,-0.012305137300550828
2023-01-25 00:00:00-05:00,AMZN,0.008928577793566816
2023-01-26 00:00:00-05:00,AMZN,0.02099198301215366
2023-01-27 00:00:00-05:00,AMZN,0.03043737760442866
2023-01-30 00:00:00-05:00,AMZN,-0.01652968356145279
2023-01-31 00:00:00-05:00,AMZN,0.025658817736008643
2023-02-01 00:00:00-05:00,AMZN,0.019586971068148662
2023-02-02 00:00:00-05:00,AMZN,0.07379935352944922
2023-02-03 00:00:00-05:00,AMZN,-0.08431497620839845
2023-02-06 00:00:00-05:00,AMZN,-0.011703250716856073
2023-02-07 00:00:00-05:00,AMZN,-0.0006850625818668465
2023-02-08 00:00:00-05:00,AMZN,-0.02017429777965274
2023-02-09 00:00:00-05:00,AMZN,-0.01809100582487666
2023-02-10 00:00:00-05:00,AMZN,-0.006412838631079665
2023-02-13 00:00:00-05:00,AMZN,0.019772567289289666
2023-02-14 00:00:00-05:00,AMZN,0.0016073541414833858
2023-02-15 00:00:00-05:00,AMZN,0.014643999584324163
2023-02-16 00:00:00-05:00,AMZN,-0.02975486385196624
2023-02-17 00:00:00-05:00,AMZN,-0.009679109147912035
2023-02-21 00:00:00-05:00,AMZN,-0.02695468312187932
2023-02-22 00:00:00-05:00,AMZN,0.012793392483054111
2023-02-23 00:00:00-05:00,AMZN,0.000313172345862478
2023-02-24 00:00:00-05:00,AMZN,-0.024212061179431754
2023-02-27 00:00:00-05:00,AMZN,0.0027807715104863906
2023-02-28 00:00:00-05:00,AMZN,0.005012811540044737
2023-03-01 00:00:00-05:00,AMZN,-0.02186145722806776
2023-03-02 00:00:00-05:00,AMZN,-0.00043399062951077205
2023-03-03 00:00:00-05:00,AMZN,0.030066258059702422
2023-03-06 00:00:00-05:00,AMZN,-0.012118034851298809
2023-03-07 00:00:00-05:00,AMZN,-0.0021333007812499583
2023-03-08 00:00:00-05:00,AMZN,0.003955051898638651
2023-03-09 00:00:00-05:00,AMZN,-0.017781071140368643
2023-03-10 00:00:00-05:00,AMZN,-0.0164769283801236
2023-03-13 00:00:00-04:00,AMZN,0.01873687738723384
2023-03-14 00:00:00-04:00,AMZN,0.0265065123894086
2023-03-15 00:00:00-04:00,AMZN,0.01391230747297123
2023-03-16 00:00:00-04:00,AMZN,0.03991688242309577
2023-03-17 00:00:00-04:00,AMZN,-0.010895681300578386
2023-03-20 00:00:00-04:00,AMZN,-0.012531560404374087
2023-03-21 00:00:00-04:00,AMZN,0.029679680207260972
2023-03-22 00:00:00-04:00,AMZN,-0.018984232685839597
2023-03-23 00:00:00-04:00,AMZN,0.00010133876939955044
2023-03-24 00:00:00-04:00,AMZN,-0.005875816395847999
2023-03-27 00:00:00-04:00,AMZN,-0.0009171134251457769
2023-03-28 00:00:00-04:00,AMZN,-0.00815996577200262
2023-03-29 00:00:00-04:00,AMZN,0.0309543624265336
2023-03-30 00:00:00-04:00,AMZN,0.0174563591022443
2023-03-31 00:00:00-04:00,AMZN,0.012647067799287592
2023-04-03 00:00:00-04:00,AMZN,-0.008519675143944028
2023-04-04 00:00:00-04:00,AMZN,0.015037527888523972
2023-04-05 00:00:00-04:00,AMZN,-0.027417013542964663
2023-04-06 00:00:00-04:00,AMZN,0.009495540049077267
2023-04-10 00:00:00-04:00,AMZN,0.0010778033801970288
2023-04-11 00:00:00-04:00,AMZN,-0.022022120390757682
2023-04-12 00:00:00-04:00,AMZN,-0.020916697119598093
2023-04-13 00:00:00-04:00,AMZN,0.046713683014299345
2023-04-14 00:00:00-04:00,AMZN,0.001074224694457282
2023-04-17 00:00:00-04:00,AMZN,0.0022436418178335416
2023-04-18 00:00:00-04:00,AMZN,-0.004282604839014548
2023-04-19 00:00:00-04:00,AMZN,0.019550341547772243
2023-04-20 00:00:00-04:00,AMZN,-0.0046980391066805405
2023-04-21 00:00:00-04:00,AMZN,0.03034391291745231
2023-04-24 00:00:00-04:00,AMZN,-0.007011967150520215
2023-04-25 00:00:00-04:00,AMZN,-0.03427172037496595
2023-04-26 00:00:00-04:00,AMZN,0.023496184744855597
2023-04-27 00:00:00-04:00,AMZN,0.046103983455159314
2023-04-28 00:00:00-04:00,AMZN,-0.039792412663683385
2023-05-01 00:00:00-04:00,AMZN,-0.032242712137328766
2023-05-02 00:00:00-04:00,AMZN,0.015482549283793778
2023-05-03 00:00:00-04:00,AMZN,0.00019303553981586674
2023-05-04 00:00:00-04:00,AMZN,0.0033767339022539034
2023-05-05 00:00:00-04:00,AMZN,0.015961573674128537
2023-05-08 00:00:00-04:00,AMZN,0.0016089169321718
2023-05-09 00:00:00-04:00,AMZN,0.00746481056277859
2023-05-10 00:00:00-04:00,AMZN,0.03348339526223332
2023-05-11 00:00:00-04:00,AMZN,0.01805969525073481
2023-05-12 00:00:00-04:00,AMZN,-0.01711533396079623
2023-05-15 00:00:00-04:00,AMZN,0.008525256609829501
2023-05-16 00:00:00-04:00,AMZN,0.01978421437062372
2023-05-17 00:00:00-04:00,AMZN,0.018518504813616277
2023-05-18 00:00:00-04:00,AMZN,0.022943736154795724
2023-05-19 00:00:00-04:00,AMZN,-0.01608126535201726
2023-05-22 00:00:00-04:00,AMZN,-0.010666648290490577
2023-05-23 00:00:00-04:00,AMZN,-0.00017393506729301844
2023-05-24 00:00:00-04:00,AMZN,0.015305697616548875
2023-05-25 00:00:00-04:00,AMZN,-0.01498929336188437
2023-05-26 00:00:00-04:00,AMZN,0.04443478791610045
2023-05-30 00:00:00-04:00,AMZN,0.01290486257498391
2023-05-31 00:00:00-04:00,AMZN,-0.00887721353399118
2023-06-01 00:00:00-04:00,AMZN,0.01816217265513176
2023-06-02 00:00:00-04:00,AMZN,0.01205508998453797
2023-06-05 00:00:00-04:00,AMZN,0.008450728786783213
2023-06-06 00:00:00-04:00,AMZN,0.010454888481148839
2023-06-07 00:00:00-04:00,AMZN,-0.04249267220189956
2023-06-08 00:00:00-04:00,AMZN,0.024911297199049942
2023-06-09 00:00:00-04:00,AMZN,-0.006599595129369917
2023-06-12 00:00:00-04:00,AMZN,0.025439515368102628
2023-06-13 00:00:00-04:00,AMZN,0.0007111003199982147
2023-06-14 00:00:00-04:00,AMZN,-0.001894879884926648
2023-06-15 00:00:00-04:00,AMZN,0.005458016543269828
2023-06-16 00:00:00-04:00,AMZN,-0.012744888197649074
2023-06-20 00:00:00-04:00,AMZN,0.002310948445805039
2023-06-21 00:00:00-04:00,AMZN,-0.00755284590127181
2023-06-22 00:00:00-04:00,AMZN,0.04261789623803569
2023-06-23 00:00:00-04:00,AMZN,-0.006300361919969633
2023-06-26 00:00:00-04:00,AMZN,-0.01546431587167707
2023-06-27 00:00:00-04:00,AMZN,0.014529104045574393
2023-06-28 00:00:00-04:00,AMZN,-0.001083754432466999
2023-06-29 00:00:00-04:00,AMZN,-0.008834406537251538
2023-06-30 00:00:00-04:00,AMZN,0.019233769000189582
2023-07-03 00:00:00-04:00,AMZN,-0.0010739443770555468
2023-07-05 00:00:00-04:00,AMZN,0.0012287180203460757
2023-07-06 00:00:00-04:00,AMZN,-0.015493205988729275
2023-07-07 00:00:00-04:00,AMZN,0.011062622017709689
2023-07-10 00:00:00-04:00,AMZN,-0.020419182854096718
2023-07-11 00:00:00-04:00,AMZN,0.012978852839820476
2023-07-12 00:00:00-04:00,AMZN,0.01568569880112225
2023-07-13 00:00:00-04:00,AMZN,0.026758409161619312
2023-07-14 00:00:00-04:00,AMZN,0.002829408900884234
2023-07-17 00:00:00-04:00,AMZN,-0.008315972513331604
2023-07-18 00:00:00-04:00,AMZN,-0.005465676406731013
2023-07-19 00:00:00-04:00,AMZN,0.019046892602732513
2023-07-20 00:00:00-04:00,AMZN,-0.03989357175040831
2023-07-21 00:00:00-04:00,AMZN,0.00030773533446226686
2023-07-24 00:00:00-04:00,AMZN,-0.009230745755709147
2023-07-25 00:00:00-04:00,AMZN,0.002562125956798944
2023-07-26 00:00:00-04:00,AMZN,-0.007589335934878205
2023-07-27 00:00:00-04:00,AMZN,0.0007803832093540297
2023-07-28 00:00:00-04:00,AMZN,0.030877245332297854
2023-07-31 00:00:00-04:00,AMZN,0.011118568090654923
2023-08-01 00:00:00-04:00,AMZN,-0.014886223394710907
2023-08-02 00:00:00-04:00,AMZN,-0.026425663778747666
2023-08-03 00:00:00-04:00,AMZN,0.005459768439170398
2023-08-04 00:00:00-04:00,AMZN,0.08269337801006271
2023-08-07 00:00:00-04:00,AMZN,0.01898684357254843
2023-08-08 00:00:00-04:00,AMZN,-0.016031491771390738
2023-08-09 00:00:00-04:00,AMZN,-0.01493494570121734
2023-08-10 00:00:00-04:00,AMZN,0.005150463718840648
2023-08-11 00:00:00-04:00,AMZN,-0.0010825194798443905
2023-08-14 00:00:00-04:00,AMZN,0.015605834874352187
2023-08-15 00:00:00-04:00,AMZN,-0.020630355012962953
2023-08-16 00:00:00-04:00,AMZN,-0.018885675014943426
2023-08-17 00:00:00-04:00,AMZN,-0.008069975106044458
2023-08-18 00:00:00-04:00,AMZN,-0.005672447612115605
2023-08-21 00:00:00-04:00,AMZN,0.01095925117625085
2023-08-22 00:00:00-04:00,AMZN,-0.0031926989840012077
2023-08-23 00:00:00-04:00,AMZN,0.009459994580714559
2023-08-24 00:00:00-04:00,AMZN,-0.027154721211281152
2023-08-25 00:00:00-04:00,AMZN,0.010770617478674804
2023-08-28 00:00:00-04:00,AMZN,-0.0009004586682715976
2023-08-29 00:00:00-04:00,AMZN,0.013294308852149106
2023-08-30 00:00:00-04:00,AMZN,0.0011860029483812262
2023-08-31 00:00:00-04:00,AMZN,0.021766395374215985
2023-09-01 00:00:00-04:00,AMZN,0.0007970481467276525
2023-09-05 00:00:00-04:00,AMZN,-0.006154002858205887
2023-09-06 00:00:00-04:00,AMZN,-0.013914209970579572
2023-09-07 00:00:00-04:00,AMZN,0.018395430569861038
2023-09-08 00:00:00-04:00,AMZN,0.0027565441218631026
2023-09-11 00:00:00-04:00,AMZN,0.035231212663680456
2023-09-12 00:00:00-04:00,AMZN,-0.013067856717097759
2023-09-13 00:00:00-04:00,AMZN,0.025632022130484877
2023-09-14 00:00:00-04:00,AMZN,-0.0008975138235036706
2023-09-15 00:00:00-04:00,AMZN,-0.029919857618376344
2023-09-18 00:00:00-04:00,AMZN,-0.0029204620264398073
2023-09-19 00:00:00-04:00,AMZN,-0.016788047695762587
2023-09-20 00:00:00-04:00,AMZN,-0.01700219075536713
2023-09-21 00:00:00-04:00,AMZN,-0.04405345369833069
2023-09-22 00:00:00-04:00,AMZN,-0.0016238050792075631
2023-09-25 00:00:00-04:00,AMZN,0.01665124873434287
2023-09-26 00:00:00-04:00,AMZN,-0.040298626825268746
2023-09-27 00:00:00-04:00,AMZN,0.0
2023-09-28 00:00:00-04:00,AMZN,0.0
2023-09-29 00:00:00-04:00,AMZN,0.009049050319664742
2023-10-02 00:00:00-04:00,AMZN,0.01840783446134786
2023-10-03 00:00:00-04:00,AMZN,-0.03661366636292884
2023-10-04 00:00:00-04:00,AMZN,0.018280939360016735
2023-10-05 00:00:00-04:00,AMZN,-0.008188983586829512
2023-10-06 00:00:00-04:00,AMZN,0.015878056641289273
2023-10-09 00:00:00-04:00,AMZN,0.0023444468936362206
2023-10-10 00:00:00-04:00,AMZN,0.009511938819224852
2023-10-11 00:00:00-04:00,AMZN,0.01814956889912689
2023-10-12 00:00:00-04:00,AMZN,0.0037927633547389927
2023-10-13 00:00:00-04:00,AMZN,-0.019194502454286222
2023-10-16 00:00:00-04:00,AMZN,0.021265196921155027
2023-10-17 00:00:00-04:00,AMZN,-0.008147882355257097
2023-10-18 00:00:00-04:00,AMZN,-0.025405007278304192
2023-10-19 00:00:00-04:00,AMZN,0.002107149015711185
2023-10-20 00:00:00-04:00,AMZN,-0.02515573116103942
2023-10-23 00:00:00-04:00,AMZN,0.011104892625885654
2023-10-24 00:00:00-04:00,AMZN,0.015802781594350668
2023-10-25 00:00:00-04:00,AMZN,-0.055771610960691276
2023-10-26 00:00:00-04:00,AMZN,-0.01499299533713827
2023-10-27 00:00:00-04:00,AMZN,0.06832816082460003
2023-10-30 00:00:00-04:00,AMZN,0.03890722509168976
2023-10-31 00:00:00-04:00,AMZN,0.002863308000901066
2023-11-01 00:00:00-04:00,AMZN,0.02937864429857373
2023-11-02 00:00:00-04:00,AMZN,0.007810272439553012
2023-11-03 00:00:00-04:00,AMZN,0.0038386235328597973
2023-11-06 00:00:00-05:00,AMZN,0.008225103459209127
2023-11-07 00:00:00-05:00,AMZN,0.02125376487729147
2023-11-08 00:00:00-05:00,AMZN,-0.004414580990635519
2023-11-09 00:00:00-05:00,AMZN,-0.010416636461610618
2023-11-10 00:00:00-05:00,AMZN,0.021052569890351647
2023-11-13 00:00:00-05:00,AMZN,-0.006756765374750118
2023-11-14 00:00:00-05:00,AMZN,0.02251214528584833
2023-11-15 00:00:00-05:00,AMZN,-0.017832688951265996
2023-11-16 00:00:00-05:00,AMZN,-0.0025837648398919777
2023-11-17 00:00:00-05:00,AMZN,0.016453061783939793
2023-11-20 00:00:00-05:00,AMZN,0.0065436854591447435
2023-11-21 00:00:00-05:00,AMZN,-0.015260459261028925
2023-11-22 00:00:00-05:00,AMZN,0.019527539517508297
2023-11-24 00:00:00-05:00,AMZN,0.0002044767086364363
2023-11-27 00:00:00-05:00,AMZN,0.006746559883569869
2023-11-28 00:00:00-05:00,AMZN,-0.00473835354015173
2023-11-29 00:00:00-05:00,AMZN,-0.0048288883967405605
2023-11-30 00:00:00-05:00,AMZN,-0.001571972217158657
2023-12-01 00:00:00-05:00,AMZN,0.006434406632690459
2023-12-04 00:00:00-05:00,AMZN,-0.014894936132684111
2023-12-05 00:00:00-05:00,AMZN,0.014084566393959497
2023-12-06 00:00:00-05:00,AMZN,-0.016067541747663228
2023-12-07 00:00:00-05:00,AMZN,0.016329923474831087
2023-12-08 00:00:00-05:00,AMZN,0.0036764247561378305
2023-12-11 00:00:00-05:00,AMZN,-0.010378502226973785
2023-12-12 00:00:00-05:00,AMZN,0.010898597193382598
2023-12-13 00:00:00-05:00,AMZN,0.009221593773735215
2023-12-14 00:00:00-05:00,AMZN,-0.00954043404920335
2023-12-15 00:00:00-05:00,AMZN,0.01729753821347546
2023-12-18 00:00:00-05:00,AMZN,0.027338841569267247
2023-12-19 00:00:00-05:00,AMZN,-0.0018174467759756174
2023-12-20 00:00:00-05:00,AMZN,-0.01085895208954335
2023-12-21 00:00:00-05:00,AMZN,0.011306871390431628
2023-12-22 00:00:00-05:00,AMZN,-0.0027300973670256745
2023-12-26 00:00:00-05:00,AMZN,-6.514474615582078e-05
2023-12-27 00:00:00-05:00,AMZN,-0.0004563413242133496
2023-12-28 00:00:00-05:00,AMZN,0.0002609139551152939
2023-12-29 00:00:00-05:00,AMZN,-0.009388462612883952
2024-01-02 00:00:00-05:00,AMZN,-0.013228970207501023
2024-01-03 00:00:00-05:00,AMZN,-0.00973782115920796
2024-01-04 00:00:00-05:00,AMZN,-0.026267891590348702
2024-01-05 00:00:00-05:00,AMZN,0.00463442024626004
2024-01-08 00:00:00-05:00,AMZN,0.026576703830634596
2024-01-09 00:00:00-05:00,AMZN,0.015224607114340927
2024-01-10 00:00:00-05:00,AMZN,0.015590940651907248
2024-01-11 00:00:00-05:00,AMZN,0.009432101662268044
2024-01-12 00:00:00-05:00,AMZN,-0.0036086969005325598
2024-01-16 00:00:00-05:00,AMZN,-0.009442449238027617
2024-01-17 00:00:00-05:00,AMZN,-0.009467203666572499
2024-01-18 00:00:00-05:00,AMZN,0.011798781932089941
2024-01-19 00:00:00-05:00,AMZN,0.011986946826648914
2024-01-22 00:00:00-05:00,AMZN,-0.003604979862209201
2024-01-23 00:00:00-05:00,AMZN,0.008011406531487353
2024-01-24 00:00:00-05:00,AMZN,0.005447960655367012
2024-01-25 00:00:00-05:00,AMZN,0.005609771850602074
2024-01-26 00:00:00-05:00,AMZN,0.008684596622424712
2024-01-29 00:00:00-05:00,AMZN,0.01344896590822775
2024-01-30 00:00:00-05:00,AMZN,-0.014014601164705653
2024-01-31 00:00:00-05:00,AMZN,-0.023899390262627773
2024-02-01 00:00:00-05:00,AMZN,0.026288672108771616
2024-02-02 00:00:00-05:00,AMZN,0.07866649218561839
2024-02-05 00:00:00-05:00,AMZN,-0.008730574595861018
2024-02-06 00:00:00-05:00,AMZN,-0.00681113075414308
2024-02-07 00:00:00-05:00,AMZN,0.008158468416245013
2024-02-08 00:00:00-05:00,AMZN,-0.004046223223746481
2024-02-09 00:00:00-05:00,AMZN,0.02714319777292107
2024-02-12 00:00:00-05:00,AMZN,-0.012095159915523457
2024-02-13 00:00:00-05:00,AMZN,-0.021469171561243172
2024-02-14 00:00:00-05:00,AMZN,0.013875689909627953
2024-02-15 00:00:00-05:00,AMZN,-0.006901349311422389
2024-02-16 00:00:00-05:00,AMZN,-0.0017079419299743659
2024-02-20 00:00:00-05:00,AMZN,-0.01433539469369316
2024-02-21 00:00:00-05:00,AMZN,0.00903755380828164
2024-02-22 00:00:00-05:00,AMZN,0.035530017339574504
2024-02-23 00:00:00-05:00,AMZN,0.0023485144793740087
2024-02-26 00:00:00-05:00,AMZN,-0.0014858549486425066
2024-02-27 00:00:00-05:00,AMZN,-0.006810521779339163
2024-02-28 00:00:00-05:00,AMZN,-0.0021896371944472026
2024-02-29 00:00:00-05:00,AMZN,0.02078996747858297
2024-03-01 00:00:00-05:00,AMZN,0.00825982552183624
2024-03-04 00:00:00-05:00,AMZN,-0.003591063770984282
2024-03-05 00:00:00-05:00,AMZN,-0.01948421375262155
2024-03-06 00:00:00-05:00,AMZN,-0.0035033346396604603
2024-03-07 00:00:00-05:00,AMZN,0.019076784751165476
2024-03-08 00:00:00-05:00,AMZN,-0.008313545751684748
2024-03-11 00:00:00-04:00,AMZN,-0.019332758891648982
2024-03-12 00:00:00-04:00,AMZN,0.019946455814511488
2024-03-13 00:00:00-04:00,AMZN,0.0066708374081581034
2024-03-14 00:00:00-04:00,AMZN,0.012403729449981915
2024-03-15 00:00:00-04:00,AMZN,-0.024223786467438835
2024-03-18 00:00:00-04:00,AMZN,0.00034398325434925603
2024-03-19 00:00:00-04:00,AMZN,0.00813845829732096
2024-03-20 00:00:00-04:00,AMZN,0.012791359170393646
2024-03-21 00:00:00-04:00,AMZN,0.0
2024-03-22 00:00:00-04:00,AMZN,0.0040415450203241665
2024-03-25 00:00:00-04:00,AMZN,0.004696213001679439
2024-03-26 00:00:00-04:00,AMZN,-0.007845994154095037
2024-03-27 00:00:00-04:00,AMZN,0.008581036192426339
2024-03-28 00:00:00-04:00,AMZN,0.0030584610251771505
2024-04-01 00:00:00-04:00,AMZN,0.003270852211551434
2024-04-02 00:00:00-04:00,AMZN,-0.0015472110151306673
2024-04-03 00:00:00-04:00,AMZN,0.009519072430478781
2024-04-04 00:00:00-04:00,AMZN,-0.013212014767422509
2024-04-05 00:00:00-04:00,AMZN,0.028166707356770848
2024-04-08 00:00:00-04:00,AMZN,0.0006483768975988902
2024-04-09 00:00:00-04:00,AMZN,0.002591909504893186
2024-04-10 00:00:00-04:00,AMZN,0.0015080453603608657
2024-04-11 00:00:00-04:00,AMZN,0.016671181255133227
2024-04-12 00:00:00-04:00,AMZN,-0.015445639364236818
2024-04-15 00:00:00-04:00,AMZN,-0.013485250630092094
2024-04-16 00:00:00-04:00,AMZN,-0.001633742516860992
2024-04-17 00:00:00-04:00,AMZN,-0.011128128209780819
2024-04-18 00:00:00-04:00,AMZN,-0.011363622972558218
2024-04-19 00:00:00-04:00,AMZN,-0.02561096030926935
2024-04-22 00:00:00-04:00,AMZN,0.014888568814227066
2024-04-23 00:00:00-04:00,AMZN,0.01303389727631088
2024-04-24 00:00:00-04:00,AMZN,-0.016430862529557833
2024-04-25 00:00:00-04:00,AMZN,-0.016535467634067658
2024-04-26 00:00:00-04:00,AMZN,0.034260361668536854
2024-04-29 00:00:00-04:00,AMZN,0.007460258507441919
2024-04-30 00:00:00-04:00,AMZN,-0.03293549122868411
2024-05-01 00:00:00-04:00,AMZN,0.02285714285714291
2024-05-02 00:00:00-04:00,AMZN,0.031955314082140474
2024-05-03 00:00:00-04:00,AMZN,0.008066292135759712
2024-05-06 00:00:00-04:00,AMZN,0.013371946429286963
2024-05-07 00:00:00-04:00,AMZN,0.0003179520909595279
2024-05-08 00:00:00-04:00,AMZN,-0.004026247769404412
2024-05-09 00:00:00-04:00,AMZN,0.007978723404255428
2024-05-10 00:00:00-04:00,AMZN,-0.01065965315282813
2024-05-13 00:00:00-04:00,AMZN,-0.004853789332504466
2024-05-14 00:00:00-04:00,AMZN,0.002679959159411549
2024-05-15 00:00:00-04:00,AMZN,-0.005773249525686364
2024-05-16 00:00:00-04:00,AMZN,-0.012688857146349708
2024-05-17 00:00:00-04:00,AMZN,0.005826891232250109
2024-05-20 00:00:00-04:00,AMZN,-0.006280474722663021
2024-05-21 00:00:00-04:00,AMZN,-0.0021248741632045043
2024-05-22 00:00:00-04:00,AMZN,-0.00010914012742568868
2024-05-23 00:00:00-04:00,AMZN,-0.011358061353112014
2024-05-24 00:00:00-04:00,AMZN,-0.0016570176564539851
2024-05-28 00:00:00-04:00,AMZN,0.007745471073219212
2024-05-29 00:00:00-04:00,AMZN,-0.0007136405620595809
2024-05-30 00:00:00-04:00,AMZN,-0.014833517662161122
2024-05-31 00:00:00-04:00,AMZN,-0.016060700229647673
2024-06-03 00:00:00-04:00,AMZN,0.01076849847083472
2024-06-04 00:00:00-04:00,AMZN,0.00560726713319748
2024-06-05 00:00:00-04:00,AMZN,0.010817455564965828
2024-06-06 00:00:00-04:00,AMZN,0.020520748266509736
2024-06-07 00:00:00-04:00,AMZN,-0.003783767287795614
2024-06-10 00:00:00-04:00,AMZN,0.014975553234585881
2024-06-11 00:00:00-04:00,AMZN,0.0009087895389929823
2024-06-12 00:00:00-04:00,AMZN,-0.0018159287809064173
2024-06-13 00:00:00-04:00,AMZN,-0.016373254687715777
2024-06-14 00:00:00-04:00,AMZN,-0.0009247574783878276
2024-06-17 00:00:00-04:00,AMZN,0.002177904217078641
2024-06-18 00:00:00-04:00,AMZN,-0.006791263808433312
2024-06-20 00:00:00-04:00,AMZN,0.017996874289478493
2024-06-21 00:00:00-04:00,AMZN,0.01601287280926522
2024-06-24 00:00:00-04:00,AMZN,-0.0185635417434159
2024-06-25 00:00:00-04:00,AMZN,0.004149318226444709
2024-06-26 00:00:00-04:00,AMZN,0.03901472799901873
2024-06-27 00:00:00-04:00,AMZN,0.0218997235669518
2024-06-28 00:00:00-04:00,AMZN,-0.023249966952787915
2024-07-01 00:00:00-04:00,AMZN,0.02043982896891161
2024-07-02 00:00:00-04:00,AMZN,0.014198798656638534
2024-07-03 00:00:00-04:00,AMZN,-0.012050018310546862
2024-07-05 00:00:00-04:00,AMZN,0.012196992290986808
2024-07-08 00:00:00-04:00,AMZN,-0.0035500335693359197
2024-07-09 00:00:00-04:00,AMZN,0.0002509059834530092
2024-07-10 00:00:00-04:00,AMZN,0.002257434315787954
2024-07-11 00:00:00-04:00,AMZN,-0.023724863074531144
2024-07-12 00:00:00-04:00,AMZN,-0.0028710461411536325
2024-07-15 00:00:00-04:00,AMZN,-0.009100746683474936
2024-07-16 00:00:00-04:00,AMZN,0.0015566783408964557
2024-07-17 00:00:00-04:00,AMZN,-0.02637038381521739
2024-07-18 00:00:00-04:00,AMZN,-0.022242286163404512
2024-07-19 00:00:00-04:00,AMZN,-0.0033741230867346816
2024-07-22 00:00:00-04:00,AMZN,-0.003167158934036185
2024-07-23 00:00:00-04:00,AMZN,0.021144894800451786
2024-07-24 00:00:00-04:00,AMZN,-0.029934025650088625
2024-07-25 00:00:00-04:00,AMZN,-0.005419431054668911
2024-07-26 00:00:00-04:00,AMZN,0.014734466536293178
2024-07-29 00:00:00-04:00,AMZN,0.003835599716395466
2024-07-30 00:00:00-04:00,AMZN,-0.008133134602594794
2024-07-31 00:00:00-04:00,AMZN,0.029002194810164417
2024-08-01 00:00:00-04:00,AMZN,-0.015563100170141508
2024-08-02 00:00:00-04:00,AMZN,-0.0878470841762542
2024-08-05 00:00:00-04:00,AMZN,-0.04097671157906757
2024-08-06 00:00:00-04:00,AMZN,0.005651399696776416
2024-08-07 00:00:00-04:00,AMZN,0.0051874985158653075
2024-08-08 00:00:00-04:00,AMZN,0.018615215947435537
2024-08-09 00:00:00-04:00,AMZN,0.00687575011257735
2024-08-12 00:00:00-04:00,AMZN,-0.000838620987187122
2024-08-13 00:00:00-04:00,AMZN,0.020563504874259175
2024-08-14 00:00:00-04:00,AMZN,-0.0007636117446156998
2024-08-15 00:00:00-04:00,AMZN,0.04403286281963403
2024-08-16 00:00:00-04:00,AMZN,-0.002984395462729106
2024-08-19 00:00:00-04:00,AMZN,0.006551472258579993
2024-08-20 00:00:00-04:00,AMZN,0.003703308593809629
2024-08-21 00:00:00-04:00,AMZN,0.006876093995775934
2024-08-22 00:00:00-04:00,AMZN,-0.022097583221652117
2024-08-23 00:00:00-04:00,AMZN,0.005166572293719973
2024-08-26 00:00:00-04:00,AMZN,-0.00869856159361615
2024-08-27 00:00:00-04:00,AMZN,-0.013561281383547064
2024-08-28 00:00:00-04:00,AMZN,-0.013401063602498708
2024-08-29 00:00:00-04:00,AMZN,0.007728290643119529
2024-08-30 00:00:00-04:00,AMZN,0.037067191865004956
2024-09-03 00:00:00-04:00,AMZN,-0.012605042016806678
2024-09-04 00:00:00-04:00,AMZN,-0.016567365497562103
2024-09-05 00:00:00-04:00,AMZN,0.026308183871355473
2024-09-06 00:00:00-04:00,AMZN,-0.03653943460735232
2024-09-09 00:00:00-04:00,AMZN,0.023396899008788496
2024-09-10 00:00:00-04:00,AMZN,0.023660258265018275
2024-09-11 00:00:00-04:00,AMZN,0.02768031821904482
2024-09-12 00:00:00-04:00,AMZN,0.013440254011034547
2024-09-13 00:00:00-04:00,AMZN,-0.0027272433520638684
2024-09-16 00:00:00-04:00,AMZN,-0.008579580976924128
2024-09-17 00:00:00-04:00,AMZN,0.010763186217390919
2024-09-18 00:00:00-04:00,AMZN,-0.0024080275860086653
2024-09-19 00:00:00-04:00,AMZN,0.01845197970580159
2024-09-20 00:00:00-04:00,AMZN,0.009111555436973395
2024-09-23 00:00:00-04:00,AMZN,0.011899784481557152
2024-09-24 00:00:00-04:00,AMZN,0.0004126358007008335
2024-09-25 00:00:00-04:00,AMZN,-0.007372694808574054
2024-09-26 00:00:00-04:00,AMZN,-0.007115748848874004
2024-09-27 00:00:00-04:00,AMZN,-0.016687603998192135
2024-09-30 00:00:00-04:00,AMZN,-0.008724793206352333
2024-10-01 00:00:00-04:00,AMZN,-0.006440170323887107
2024-10-02 00:00:00-04:00,AMZN,-0.0019986515757441925
2024-10-03 00:00:00-04:00,AMZN,-0.015154729791167831
2024-10-04 00:00:00-04:00,AMZN,0.02500542770436165
2024-10-07 00:00:00-04:00,AMZN,-0.03061493551686767
2024-10-08 00:00:00-04:00,AMZN,0.010619458719785868
2024-10-09 00:00:00-04:00,AMZN,0.013408477078997505
2024-10-10 00:00:00-04:00,AMZN,0.007992632403596822
2024-10-11 00:00:00-04:00,AMZN,0.011626110360002828
2024-10-14 00:00:00-04:00,AMZN,-0.006779016992029097
2024-10-15 00:00:00-04:00,AMZN,0.0007998782160802964
2024-10-16 00:00:00-04:00,AMZN,-0.004262363692000948
2024-10-17 00:00:00-04:00,AMZN,0.0034244710350397334
2024-10-18 00:00:00-04:00,AMZN,0.007785456851548744
2024-10-21 00:00:00-04:00,AMZN,0.0004233124965837831
2024-10-22 00:00:00-04:00,AMZN,0.003332044214411578
2024-10-23 00:00:00-04:00,AMZN,-0.026304640562205495
2024-10-24 00:00:00-04:00,AMZN,0.009041189476714617
2024-10-25 00:00:00-04:00,AMZN,0.007779788122410869
2024-10-28 00:00:00-04:00,AMZN,0.002981406341556969
2024-10-29 00:00:00-04:00,AMZN,0.012951868195294036
2024-10-30 00:00:00-04:00,AMZN,0.009956473710913016
2024-10-31 00:00:00-04:00,AMZN,-0.03284388507953562
2024-11-01 00:00:00-04:00,AMZN,0.06185621865256041
2024-11-04 00:00:00-05:00,AMZN,-0.01086239567545566
2024-11-05 00:00:00-05:00,AMZN,0.0190009257528736
2024-11-06 00:00:00-05:00,AMZN,0.038045094425516846
2024-11-07 00:00:00-05:00,AMZN,0.01429333510169939
2024-11-08 00:00:00-05:00,AMZN,-0.008902691496347037
2024-11-11 00:00:00-05:00,AMZN,-0.006436720074140534
2024-11-12 00:00:00-05:00,AMZN,0.010007771034946433
2024-11-13 00:00:00-05:00,AMZN,0.024843245179395845
2024-11-14 00:00:00-05:00,AMZN,-0.012237320417028852
2024-11-15 00:00:00-05:00,AMZN,-0.041942478231440816
2024-11-18 00:00:00-05:00,AMZN,-0.004491405455644082
2024-11-19 00:00:00-05:00,AMZN,0.014427385751800914
2024-11-20 00:00:00-05:00,AMZN,-0.00845508881471324
2024-11-21 00:00:00-05:00,AMZN,-0.022180598835253806
2024-11-22 00:00:00-05:00,AMZN,-0.006351495788949668
2024-11-25 00:00:00-05:00,AMZN,0.021966324768223133
2024-11-26 00:00:00-05:00,AMZN,0.03181932866326265
2024-11-27 00:00:00-05:00,AMZN,-0.010199148999145757
2024-11-29 00:00:00-05:00,AMZN,0.010450052683389277
2024-12-02 00:00:00-05:00,AMZN,0.01356490130596999
2024-12-03 00:00:00-05:00,AMZN,0.012956175029913197
2024-12-04 00:00:00-05:00,AMZN,0.02211394849472459
2024-12-05 00:00:00-05:00,AMZN,0.010955259211262725
2024-12-06 00:00:00-05:00,AMZN,0.029381072944344444
2024-12-09 00:00:00-05:00,AMZN,-0.004140432746599476
2024-12-10 00:00:00-05:00,AMZN,-0.004644181824783544
2024-12-11 00:00:00-05:00,AMZN,0.02319588240507109
2024-12-12 00:00:00-05:00,AMZN,-0.0056023335225716675
2024-12-13 00:00:00-05:00,AMZN,-0.006594726378065796
2024-12-16 00:00:00-05:00,AMZN,0.024048121869595374
2024-12-17 00:00:00-05:00,AMZN,-0.00764177579215608
2024-12-18 00:00:00-05:00,AMZN,-0.045987410359975445
2024-12-19 00:00:00-05:00,AMZN,0.012561168873593154
2024-12-20 00:00:00-05:00,AMZN,0.00729994595290151
2024-12-23 00:00:00-05:00,AMZN,0.0006224408269079884
2024-12-24 00:00:00-05:00,AMZN,0.017728630305015702
2024-12-26 00:00:00-05:00,AMZN,-0.00873171784917226
2024-12-27 00:00:00-05:00,AMZN,-0.014534256804240364
2024-12-30 00:00:00-05:00,AMZN,-0.010949707031249978
2024-12-31 00:00:00-05:00,AMZN,-0.008630834323407832
2025-01-02 00:00:00-05:00,AMZN,0.003783225458606987
2025-01-03 00:00:00-05:00,AMZN,0.018027432561515733
2025-01-06 00:00:00-05:00,AMZN,0.015254909370185477
2025-01-07 00:00:00-05:00,AMZN,-0.02416414035082548
2025-01-08 00:00:00-05:00,AMZN,9.006470850470016e-05
2025-01-10 00:00:00-05:00,AMZN,-0.014360970473526025
2025-01-13 00:00:00-05:00,AMZN,-0.0021923619356289947
2025-01-14 00:00:00-05:00,AMZN,-0.003204303696411115
2025-01-15 00:00:00-05:00,AMZN,0.025670516796895804
2025-01-16 00:00:00-05:00,AMZN,-0.012043887924316987
2025-01-17 00:00:00-05:00,AMZN,0.023928209424767255
2025-01-21 00:00:00-05:00,AMZN,0.021111818274402117
2025-01-22 00:00:00-05:00,AMZN,0.018638063663626525
2025-01-23 00:00:00-05:00,AMZN,0.0017446222360446573
2025-01-24 00:00:00-05:00,AMZN,-0.002421170970448472
2025-01-27 00:00:00-05:00,AMZN,0.0024270472668348475
2025-01-28 00:00:00-05:00,AMZN,0.011596277923593856
2025-01-29 00:00:00-05:00,AMZN,-0.004534900692607424
2025-01-30 00:00:00-05:00,AMZN,-0.010250170242948609
2025-01-31 00:00:00-05:00,AMZN,0.012955989149507907
2025-02-03 00:00:00-05:00,AMZN,-0.0010938846972727845
2025-02-04 00:00:00-05:00,AMZN,0.019543422733693472
2025-02-05 00:00:00-05:00,AMZN,-0.024332807771026643
2025-02-06 00:00:00-05:00,AMZN,0.011263088803542765
2025-02-07 00:00:00-05:00,AMZN,-0.04053095448794508
2025-02-10 00:00:00-05:00,AMZN,0.017412199866636335
2025-02-11 00:00:00-05:00,AMZN,-0.0016299428832775575
2025-02-12 00:00:00-05:00,AMZN,-0.01645472556041927
2025-02-13 00:00:00-05:00,AMZN,0.006290143220533118
2025-02-14 00:00:00-05:00,AMZN,-0.007336035409240549
2025-02-18 00:00:00-05:00,AMZN,-0.008877028355405714
2025-02-19 00:00:00-05:00,AMZN,-8.819331220011328e-05
2025-02-20 00:00:00-05:00,AMZN,-0.016546793977871843
2025-02-21 00:00:00-05:00,AMZN,-0.028266344731418536
2025-02-24 00:00:00-05:00,AMZN,-0.017868663239768212
2025-02-25 00:00:00-05:00,AMZN,0.000423094048469963
2025-02-26 00:00:00-05:00,AMZN,0.007283848822975836
2025-02-27 00:00:00-05:00,AMZN,-0.02617215045770671
2025-02-28 00:00:00-05:00,AMZN,0.016958863624485065
2025-03-03 00:00:00-05:00,AMZN,-0.034200087377916355
2025-03-04 00:00:00-05:00,AMZN,-0.005950644792114046
2025-03-05 00:00:00-05:00,AMZN,0.022374865016246748
2025-03-06 00:00:00-05:00,AMZN,-0.03676331176651382
2025-03-07 00:00:00-05:00,AMZN,-0.007224698407026442
2025-03-10 00:00:00-04:00,AMZN,-0.02363867861413893
2025-03-11 00:00:00-04:00,AMZN,0.010537694677220655
2025-03-12 00:00:00-04:00,AMZN,0.011699491808345508
2025-03-13 00:00:00-04:00,AMZN,-0.025139524437347016
2025-03-14 00:00:00-04:00,AMZN,0.02093969555611075
2025-03-17 00:00:00-04:00,AMZN,-0.01116439246854839
2025-03-18 00:00:00-04:00,AMZN,-0.014917738259935254
2025-03-19 00:00:00-04:00,AMZN,0.014106347155876442
2025-03-20 00:00:00-04:00,AMZN,-0.003017266841301769
2025-03-21 00:00:00-04:00,AMZN,0.006463245885351521
2025-03-24 00:00:00-04:00,AMZN,0.03593082692897376
2025-03-25 00:00:00-04:00,AMZN,0.012053587883713357
2025-03-26 00:00:00-04:00,AMZN,-0.022264360904062586
2025-03-27 00:00:00-04:00,AMZN,0.0011435177345771042
2025-03-28 00:00:00-04:00,AMZN,-0.04290822091507418
2025-03-31 00:00:00-04:00,AMZN,-0.012764667384211892
2025-04-01 00:00:00-04:00,AMZN,0.010038913682617334
2025-04-02 00:00:00-04:00,AMZN,0.01998228846583383
2025-04-03 00:00:00-04:00,AMZN,-0.08979129298487254
2025-04-04 00:00:00-04:00,AMZN,-0.041533565999713695
2025-04-07 00:00:00-04:00,AMZN,0.024912248577988017
2025-04-08 00:00:00-04:00,AMZN,-0.026246667744515673
2025-04-09 00:00:00-04:00,AMZN,0.11977031526306248
2025-04-10 00:00:00-04:00,AMZN,-0.05170070417193329
2025-04-11 00:00:00-04:00,AMZN,0.020141230945248445
2025-04-14 00:00:00-04:00,AMZN,-0.014875318183769082
2025-04-15 00:00:00-04:00,AMZN,-0.013891933050343641
2025-04-16 00:00:00-04:00,AMZN,-0.029288905919567454
2025-04-17 00:00:00-04:00,AMZN,-0.009866352335440198
2025-04-21 00:00:00-04:00,AMZN,-0.030647084568839134
2025-04-22 00:00:00-04:00,AMZN,0.03502262189247651
2025-04-23 00:00:00-04:00,AMZN,0.042845673527805994
2025-04-24 00:00:00-04:00,AMZN,0.03289029336584037
2025-04-25 00:00:00-04:00,AMZN,0.013133978209558528
2025-04-28 00:00:00-04:00,AMZN,-0.006825802991833552
2025-04-29 00:00:00-04:00,AMZN,-0.0016515586767922308
2025-04-30 00:00:00-04:00,AMZN,-0.015849304820837684
2025-05-01 00:00:00-04:00,AMZN,0.031341496782804956
2025-05-02 00:00:00-04:00,AMZN,-0.0011566836184702112
2025-05-05 00:00:00-04:00,AMZN,-0.01910722026349243
2025-05-06 00:00:00-04:00,AMZN,-0.007190832051464091
2025-05-07 00:00:00-04:00,AMZN,0.019998985551532122
2025-05-08 00:00:00-04:00,AMZN,0.01785806262143419
2025-05-09 00:00:00-04:00,AMZN,0.0051020185245573835
2025-05-12 00:00:00-04:00,AMZN,0.08070031092964336
2025-05-13 00:00:00-04:00,AMZN,0.01308471882441209
2025-05-14 00:00:00-04:00,AMZN,-0.005298742220089303
2025-05-15 00:00:00-04:00,AMZN,-0.024161720956264898
2025-05-16 00:00:00-04:00,AMZN,0.002047074000553817
2025-05-19 00:00:00-04:00,AMZN,0.0027725440652370814
2025-05-20 00:00:00-04:00,AMZN,-0.010137739138364021
2025-05-21 00:00:00-04:00,AMZN,-0.014455883280997672
2025-05-22 00:00:00-04:00,AMZN,0.00984492359983613
2025-05-23 00:00:00-04:00,AMZN,-0.010388973643241206
2025-05-27 00:00:00-04:00,AMZN,0.025026113945093353
2025-05-28 00:00:00-04:00,AMZN,-0.006310081665849121
2025-05-29 00:00:00-04:00,AMZN,0.004787005283780621
2025-05-30 00:00:00-04:00,AMZN,-0.0033544115296213484
2025-06-02 00:00:00-04:00,AMZN,0.007999607012299847
2025-06-03 00:00:00-04:00,AMZN,-0.004548692041520419
2025-06-04 00:00:00-04:00,AMZN,0.007388989179248462
2025-06-05 00:00:00-04:00,AMZN,0.0032814165352026414
2025-06-06 00:00:00-04:00,AMZN,0.027223334916139486
2025-06-09 00:00:00-04:00,AMZN,0.015966607137600786
2025-06-10 00:00:00-04:00,AMZN,0.0029035159702168745
2025-06-11 00:00:00-04:00,AMZN,-0.020265629565462184
2025-06-12 00:00:00-04:00,AMZN,0.00018765734284498237
2025-06-13 00:00:00-04:00,AMZN,-0.0053460859139069505
2025-06-16 00:00:00-04:00,AMZN,0.018859028217320217
2025-06-17 00:00:00-04:00,AMZN,-0.005923177895162723
2025-06-18 00:00:00-04:00,AMZN,-0.010706651956707725
2025-06-20 00:00:00-04:00,AMZN,-0.013316402099383007
2025-06-23 00:00:00-04:00,AMZN,-0.005818118205440093
2025-06-24 00:00:00-04:00,AMZN,0.02062648355436747
2025-06-25 00:00:00-04:00,AMZN,-0.0036659245365152637
2025-06-26 00:00:00-04:00,AMZN,0.024199205109171285
2025-06-27 00:00:00-04:00,AMZN,0.028463559660798277
2025-06-30 00:00:00-04:00,AMZN,-0.017510092291414314
2025-07-01 00:00:00-04:00,AMZN,0.00487719279454657
2025-07-02 00:00:00-04:00,AMZN,-0.002449462616694653
2025-07-03 00:00:00-04:00,AMZN,0.015869432167251007
2025-07-07 00:00:00-04:00,AMZN,0.0002685535903059755
2025-07-08 00:00:00-04:00,AMZN,-0.018391733064396676
2025-07-09 00:00:00-04:00,AMZN,0.014496684294917905
2025-07-10 00:00:00-04:00,AMZN,-0.0012581953255335065
2025-07-11 00:00:00-04:00,AMZN,0.012417933203629827
2025-07-14 00:00:00-04:00,AMZN,0.0029775049161142597
2025-07-15 00:00:00-04:00,AMZN,0.0029243814744550622
2025-07-16 00:00:00-04:00,AMZN,-0.013960696164789232
2025-07-17 00:00:00-04:00,AMZN,0.0030915472640284936
2025-07-18 00:00:00-04:00,AMZN,0.010050026580880944
2025-07-21 00:00:00-04:00,AMZN,0.014018476542235536
2025-07-22 00:00:00-04:00,AMZN,-0.007980819043607368
2025-07-23 00:00:00-04:00,AMZN,0.003604836070819184
2025-07-24 00:00:00-04:00,AMZN,0.01725876103762447
2025-07-25 00:00:00-04:00,AMZN,-0.00340177109187767
2025-07-28 00:00:00-04:00,AMZN,0.005833005662313484
2025-07-29 00:00:00-04:00,AMZN,-0.007646371539299812
2025-07-30 00:00:00-04:00,AMZN,-0.003549595623255297
2025-07-31 00:00:00-04:00,AMZN,0.017029402351838252
2025-08-01 00:00:00-04:00,AMZN,-0.08269617085933034
2025-08-04 00:00:00-04:00,AMZN,-0.01443541840985152
2025-08-05 00:00:00-04:00,AMZN,0.009922070229506863
2025-08-06 00:00:00-04:00,AMZN,0.04004677220394748
2025-08-07 00:00:00-04:00,AMZN,0.0036885760119835798
2025-08-08 00:00:00-04:00,AMZN,-0.001971955504762035
2025-08-11 00:00:00-04:00,AMZN,-0.006241858073597895
2025-08-12 00:00:00-04:00,AMZN,0.0007681796954406295
2025-08-13 00:00:00-04:00,AMZN,0.01395221168040428
2025-08-14 00:00:00-04:00,AMZN,0.02858923333961183
2025-08-15 00:00:00-04:00,AMZN,0.00021648217457226338
2025-08-18 00:00:00-04:00,AMZN,0.0019911124801876845
2025-08-19 00:00:00-04:00,AMZN,-0.01503309388634011
2025-08-20 00:00:00-04:00,AMZN,-0.01842023178556884
2025-08-21 00:00:00-04:00,AMZN,-0.008310623433453235
2025-08-22 00:00:00-04:00,AMZN,0.031043025385826706
2025-08-25 00:00:00-04:00,AMZN,-0.003932852258726194
2025-08-26 00:00:00-04:00,AMZN,0.0033781006590050122
2025-08-27 00:00:00-04:00,AMZN,0.0017926124405795996
2025-08-28 00:00:00-04:00,AMZN,0.0108240705271474
2025-08-29 00:00:00-04:00,AMZN,-0.011226278216735164
2025-09-02 00:00:00-04:00,AMZN,-0.015982548742835667
2025-09-03 00:00:00-04:00,AMZN,0.0028845707190781056
2025-09-04 00:00:00-04:00,AMZN,0.042877945692648245
2025-09-05 00:00:00-04:00,AMZN,-0.014214150326010255
2025-09-08 00:00:00-04:00,AMZN,0.015107797009308976
2025-09-09 00:00:00-04:00,AMZN,0.010176429751274751
2025-09-10 00:00:00-04:00,AMZN,-0.03320182790348514
2025-09-11 00:00:00-04:00,AMZN,-0.0016498279850283293
2025-09-12 00:00:00-04:00,AMZN,-0.007827802024989672
2025-09-15 00:00:00-04:00,AMZN,0.014376501718361023
2025-09-16 00:00:00-04:00,AMZN,0.011320962964584513
2025-09-17 00:00:00-04:00,AMZN,-0.010382430689534927
2025-09-18 00:00:00-04:00,AMZN,-0.0016837898189709932
2025-09-19 00:00:00-04:00,AMZN,0.0010811746080494622
2025-09-22 00:00:00-04:00,AMZN,-0.016632067201427403
2025-09-23 00:00:00-04:00,AMZN,-0.030400202172415014
2025-09-24 00:00:00-04:00,AMZN,-0.0022654160880354324
2025-09-25 00:00:00-04:00,AMZN,-0.00935476479077324
2025-09-26 00:00:00-04:00,AMZN,0.007471945580644679
2025-09-29 00:00:00-04:00,AMZN,0.01087450815780766
2025-09-30 00:00:00-04:00,AMZN,-0.011702709034319914
2025-10-01 00:00:00-04:00,AMZN,0.004827606336181178
2025-10-02 00:00:00-04:00,AMZN,0.008067800117406154
2025-10-03 00:00:00-04:00,AMZN,-0.013039023009411066
2025-10-06 00:00:00-04:00,AMZN,0.00633228292302257
2025-10-07 00:00:00-04:00,AMZN,0.003983725247293846
2025-10-08 00:00:00-04:00,AMZN,0.015510877718191152
2025-10-09 00:00:00-04:00,AMZN,0.01118907849570383
2025-10-10 00:00:00-04:00,AMZN,-0.049925397829666096
2025-10-13 00:00:00-04:00,AMZN,0.017100394188331425
2025-10-14 00:00:00-04:00,AMZN,-0.016721987604375044
2025-10-15 00:00:00-04:00,AMZN,-0.003789417568938358
2025-10-16 00:00:00-04:00,AMZN,-0.00510277898660183
2025-10-17 00:00:00-04:00,AMZN,-0.006667636156250767
2025-10-20 00:00:00-04:00,AMZN,0.016147214372026486
2025-10-21 00:00:00-04:00,AMZN,0.025637486886977978
2025-10-22 00:00:00-04:00,AMZN,-0.018375903497213075
2025-10-23 00:00:00-04:00,AMZN,0.014406971477930908
2025-10-24 00:00:00-04:00,AMZN,0.01411194729592502
2025-10-27 00:00:00-04:00,AMZN,0.012309863182682124
2025-10-28 00:00:00-04:00,AMZN,0.010045375014470892
2025-10-29 00:00:00-04:00,AMZN,0.0045801659836763875
2025-10-30 00:00:00-04:00,AMZN,-0.03230569840563213
2025-10-31 00:00:00-04:00,AMZN,0.09584492754129248
2025-11-03 00:00:00-05:00,AMZN,0.04004585509136338
2025-11-04 00:00:00-05:00,AMZN,-0.018425168014886806
2025-11-05 00:00:00-05:00,AMZN,0.0035295587926045258
2025-11-06 00:00:00-05:00,AMZN,-0.028617121300727022
2025-11-07 00:00:00-05:00,AMZN,0.005636975040415049
2025-11-10 00:00:00-05:00,AMZN,0.01632498741700883
2025-11-11 00:00:00-05:00,AMZN,0.0028180846386129943
2025-11-12 00:00:00-05:00,AMZN,-0.01967085120518708
2025-11-13 00:00:00-05:00,AMZN,-0.027108907452568887
2025-11-14 00:00:00-05:00,AMZN,-0.012164320933474637
2025-11-17 00:00:00-05:00,AMZN,-0.007754941860691922
2025-11-18 00:00:00-05:00,AMZN,-0.04431653833391602
2025-11-19 00:00:00-05:00,AMZN,0.0006290693674619874
2025-11-20 00:00:00-05:00,AMZN,-0.02492255148822009
2025-11-21 00:00:00-05:00,AMZN,0.016348913427910006
2025-11-24 00:00:00-05:00,AMZN,0.02532963104830621
2025-11-25 00:00:00-05:00,AMZN,0.0149814363087164
2025-11-26 00:00:00-05:00,AMZN,-0.0022205534501759105
2025-11-28 00:00:00-05:00,AMZN,0.01771686809963624
2025-12-01 00:00:00-05:00,AMZN,0.0028299616613276513
2025-12-02 00:00:00-05:00,AMZN,0.0023088475921804186
2025-12-03 00:00:00-05:00,AMZN,-0.008702300580441968
2025-12-04 00:00:00-05:00,AMZN,-0.014071797072686909
2025-12-05 00:00:00-05:00,AMZN,0.0018331725713693903
2025-12-08 00:00:00-05:00,AMZN,-0.011501761877265149
2025-12-09 00:00:00-05:00,AMZN,0.004539639393836836
2025-12-10 00:00:00-05:00,AMZN,0.016935769749744978
2025-12-11 00:00:00-05:00,AMZN,-0.006471654188885845
2025-12-12 00:00:00-05:00,AMZN,-0.017760970816273702
2025-12-15 00:00:00-05:00,AMZN,-0.01613691637948922
2025-12-16 00:00:00-05:00,AMZN,8.989068511033871e-05
2025-12-17 00:00:00-05:00,AMZN,-0.005796159688549518
2025-12-18 00:00:00-05:00,AMZN,0.024811271877659857
2025-12-19 00:00:00-05:00,AMZN,0.0026019210221046585
2025-12-22 00:00:00-05:00,AMZN,0.00475032567966549
2025-12-23 00:00:00-05:00,AMZN,0.016241329216049705
2025-12-24 00:00:00-05:00,AMZN,0.001033882544133169
2025-12-26 00:00:00-05:00,AMZN,0.000602458846315379
2025-12-29 00:00:00-05:00,AMZN,-0.0019353042317807878
2025-12-30 00:00:00-05:00,AMZN,0.001982123671998126
2023-01-04 00:00:00-05:00,GOOGL,-0.011669678579238618
2023-01-05 00:00:00-05:00,GOOGL,-0.02134435970722215
2023-01-06 00:00:00-05:00,GOOGL,0.013225080586832805
2023-01-09 00:00:00-05:00,GOOGL,0.007785791202048031
2023-01-10 00:00:00-05:00,GOOGL,0.0045443352295244654
2023-01-11 00:00:00-05:00,GOOGL,0.03505995156658237
2023-01-12 00:00:00-05:00,GOOGL,-0.00426138167536072
2023-01-13 00:00:00-05:00,GOOGL,0.01086362164416621
2023-01-17 00:00:00-05:00,GOOGL,-0.00900993940038064
2023-01-18 00:00:00-05:00,GOOGL,-0.001862164106858466
2023-01-19 00:00:00-05:00,GOOGL,0.021180898486506727
2023-01-20 00:00:00-05:00,GOOGL,0.05341203703780306
2023-01-23 00:00:00-05:00,GOOGL,0.01805751268870104
2023-01-24 00:00:00-05:00,GOOGL,-0.020943926795757073
2023-01-25 00:00:00-05:00,GOOGL,-0.025383865557420116
2023-01-26 00:00:00-05:00,GOOGL,0.024154596010550256
2023-01-27 00:00:00-05:00,GOOGL,0.01897055161508132
2023-01-30 00:00:00-05:00,GOOGL,-0.02445401865261343
2023-01-31 00:00:00-05:00,GOOGL,0.019599675825282548
2023-02-01 00:00:00-05:00,GOOGL,0.016086545822109777
2023-02-02 00:00:00-05:00,GOOGL,0.07278717386802525
2023-02-03 00:00:00-05:00,GOOGL,-0.027473608114660375
2023-02-06 00:00:00-05:00,GOOGL,-0.017942461680972244
2023-02-07 00:00:00-05:00,GOOGL,0.04606431828701596
2023-02-08 00:00:00-05:00,GOOGL,-0.07683022744969159
2023-02-09 00:00:00-05:00,GOOGL,-0.043876414120117
2023-02-10 00:00:00-05:00,GOOGL,-0.004631027479044536
2023-02-13 00:00:00-05:00,GOOGL,0.00042290205056216834
2023-02-14 00:00:00-05:00,GOOGL,0.0007398470955550795
2023-02-15 00:00:00-05:00,GOOGL,0.023869947563671223
2023-02-16 00:00:00-05:00,GOOGL,-0.014751426482298546
2023-02-17 00:00:00-05:00,GOOGL,-0.012145472310178262
2023-02-21 00:00:00-05:00,GOOGL,-0.02713284474693478
2023-02-22 00:00:00-05:00,GOOGL,-0.001525321468417551
2023-02-23 00:00:00-05:00,GOOGL,-0.00829231811266573
2023-02-24 00:00:00-05:00,GOOGL,-0.019364137153915606
2023-02-27 00:00:00-05:00,GOOGL,0.00830241230242379
2023-02-28 00:00:00-05:00,GOOGL,0.0021141826497932392
2023-03-01 00:00:00-05:00,GOOGL,0.003331198968394178
2023-03-02 00:00:00-05:00,GOOGL,0.018149473800954663
2023-03-03 00:00:00-05:00,GOOGL,0.017934872274199654
2023-03-06 00:00:00-05:00,GOOGL,0.01580356053112486
2023-03-07 00:00:00-05:00,GOOGL,-0.013350203777936387
2023-03-08 00:00:00-05:00,GOOGL,0.004155142145240376
2023-03-09 00:00:00-05:00,GOOGL,-0.020477327931817113
2023-03-10 00:00:00-05:00,GOOGL,-0.01830607810616669
2023-03-13 00:00:00-04:00,GOOGL,0.005296380035544113
2023-03-14 00:00:00-04:00,GOOGL,0.03139061565299128
2023-03-15 00:00:00-04:00,GOOGL,0.022773164446643346
2023-03-16 00:00:00-04:00,GOOGL,0.043804129992708996
2023-03-17 00:00:00-04:00,GOOGL,0.012958457362382436
2023-03-20 00:00:00-04:00,GOOGL,-0.003936233740539974
2023-03-21 00:00:00-04:00,GOOGL,0.03655404737462464
2023-03-22 00:00:00-04:00,GOOGL,-0.01477316310430099
2023-03-23 00:00:00-04:00,GOOGL,0.02157294940784049
2023-03-24 00:00:00-04:00,GOOGL,-0.0015151372687250975
2023-03-27 00:00:00-04:00,GOOGL,-0.028262480945358437
2023-03-28 00:00:00-04:00,GOOGL,-0.013956698371593301
2023-03-29 00:00:00-04:00,GOOGL,0.0035632834989673956
2023-03-30 00:00:00-04:00,GOOGL,-0.004931529769477305
2023-03-31 00:00:00-04:00,GOOGL,0.028149645721478933
2023-04-03 00:00:00-04:00,GOOGL,0.006073416143537624
2023-04-04 00:00:00-04:00,GOOGL,0.0034496571104851714
2023-04-05 00:00:00-04:00,GOOGL,-0.0023873188094482023
2023-04-06 00:00:00-04:00,GOOGL,0.037809754124093375
2023-04-10 00:00:00-04:00,GOOGL,-0.01826227503870348
2023-04-11 00:00:00-04:00,GOOGL,-0.010240455308756058
2023-04-12 00:00:00-04:00,GOOGL,-0.006739499396145376
2023-04-13 00:00:00-04:00,GOOGL,0.026662864239674677
2023-04-14 00:00:00-04:00,GOOGL,0.013404022252723191
2023-04-17 00:00:00-04:00,GOOGL,-0.026637350915242886
2023-04-18 00:00:00-04:00,GOOGL,-0.013871680634950811
2023-04-19 00:00:00-04:00,GOOGL,-0.003062171945661385
2023-04-20 00:00:00-04:00,GOOGL,0.010654401043098227
2023-04-21 00:00:00-04:00,GOOGL,0.001139826739317673
2023-04-24 00:00:00-04:00,GOOGL,0.005312502555702592
2023-04-25 00:00:00-04:00,GOOGL,-0.02000556668553699
2023-04-26 00:00:00-04:00,GOOGL,-0.0013481133417267976
2023-04-27 00:00:00-04:00,GOOGL,0.03741197862550094
2023-04-28 00:00:00-04:00,GOOGL,-0.002323565116805315
2023-05-01 00:00:00-04:00,GOOGL,-0.0013042814190271645
2023-05-02 00:00:00-04:00,GOOGL,-0.017537274129934
2023-05-03 00:00:00-04:00,GOOGL,0.000854480233092092
2023-05-04 00:00:00-04:00,GOOGL,-0.006830443880275094
2023-05-05 00:00:00-04:00,GOOGL,0.008405727031534083
2023-05-08 00:00:00-04:00,GOOGL,0.020839112922893754
2023-05-09 00:00:00-04:00,GOOGL,-0.003897089970462342
2023-05-10 00:00:00-04:00,GOOGL,0.040987436068266936
2023-05-11 00:00:00-04:00,GOOGL,0.04313204426115114
2023-05-12 00:00:00-04:00,GOOGL,0.008063839327778544
2023-05-15 00:00:00-04:00,GOOGL,-0.008509850332379276
2023-05-16 00:00:00-04:00,GOOGL,0.025748800437498165
2023-05-17 00:00:00-04:00,GOOGL,0.01112873948523374
2023-05-18 00:00:00-04:00,GOOGL,0.016468073660044213
2023-05-19 00:00:00-04:00,GOOGL,-0.0005698684114056052
2023-05-22 00:00:00-04:00,GOOGL,0.018654301066099777
2023-05-23 00:00:00-04:00,GOOGL,-0.019912051173136214
2023-05-24 00:00:00-04:00,GOOGL,-0.01354437658450125
2023-05-25 00:00:00-04:00,GOOGL,0.021339979913830076
2023-05-26 00:00:00-04:00,GOOGL,0.009151181307623713
2023-05-30 00:00:00-04:00,GOOGL,-0.007543550142634081
2023-05-31 00:00:00-04:00,GOOGL,-0.006468705627775129
2023-06-01 00:00:00-04:00,GOOGL,0.006917756439345668
2023-06-02 00:00:00-04:00,GOOGL,0.00767869347800354
2023-06-05 00:00:00-04:00,GOOGL,0.010748328576624333
2023-06-06 00:00:00-04:00,GOOGL,0.01031664418309819
2023-06-07 00:00:00-04:00,GOOGL,-0.037781789977104796
2023-06-08 00:00:00-04:00,GOOGL,-0.0029387008491758015
2023-06-09 00:00:00-04:00,GOOGL,0.0007367460389580138
2023-06-12 00:00:00-04:00,GOOGL,0.011535746241668088
2023-06-13 00:00:00-04:00,GOOGL,0.0015366699731673705
2023-06-14 00:00:00-04:00,GOOGL,-0.0012921440155047037
2023-06-15 00:00:00-04:00,GOOGL,0.011482210779449886
2023-06-16 00:00:00-04:00,GOOGL,-0.012471073006627198
2023-06-20 00:00:00-04:00,GOOGL,-0.003480837108176038
2023-06-21 00:00:00-04:00,GOOGL,-0.020714807321559947
2023-06-22 00:00:00-04:00,GOOGL,0.021567689240367116
2023-06-23 00:00:00-04:00,GOOGL,-0.0065772713442874275
2023-06-26 00:00:00-04:00,GOOGL,-0.032695834573287064
2023-06-27 00:00:00-04:00,GOOGL,-8.448929408777506e-05
2023-06-28 00:00:00-04:00,GOOGL,0.01563424687919346
2023-06-29 00:00:00-04:00,GOOGL,-0.0089864838640632
2023-06-30 00:00:00-04:00,GOOGL,0.005037719725292433
2023-07-03 00:00:00-04:00,GOOGL,0.0016708442058668282
2023-07-05 00:00:00-04:00,GOOGL,0.01542952856586366
2023-07-06 00:00:00-04:00,GOOGL,-0.013470178702971514
2023-07-07 00:00:00-04:00,GOOGL,-0.005245154533047969
2023-07-10 00:00:00-04:00,GOOGL,-0.02535992288524025
2023-07-11 00:00:00-04:00,GOOGL,0.00592530421838422
2023-07-12 00:00:00-04:00,GOOGL,0.015280810753733665
2023-07-13 00:00:00-04:00,GOOGL,0.04717066732283226
2023-07-14 00:00:00-04:00,GOOGL,0.007065905227328528
2023-07-17 00:00:00-04:00,GOOGL,-0.006139348820790591
2023-07-18 00:00:00-04:00,GOOGL,-0.007139944341679971
2023-07-19 00:00:00-04:00,GOOGL,-0.013978696049778527
2023-07-20 00:00:00-04:00,GOOGL,-0.023191049097982863
2023-07-21 00:00:00-04:00,GOOGL,0.0068791705786861446
2023-07-24 00:00:00-04:00,GOOGL,0.012581227184464971
2023-07-25 00:00:00-04:00,GOOGL,0.005595289886303645
2023-07-26 00:00:00-04:00,GOOGL,0.05776960857484159
2023-07-27 00:00:00-04:00,GOOGL,0.0010055519711034133
2023-07-28 00:00:00-04:00,GOOGL,0.024574991000285262
2023-07-31 00:00:00-04:00,GOOGL,0.001055919985091247
2023-08-01 00:00:00-04:00,GOOGL,-0.00881541459949664
2023-08-02 00:00:00-04:00,GOOGL,-0.02409733933244529
2023-08-03 00:00:00-04:00,GOOGL,0.0005451724181966267
2023-08-04 00:00:00-04:00,GOOGL,-0.0026468970327572228
2023-08-07 00:00:00-04:00,GOOGL,0.026695789389696634
2023-08-08 00:00:00-04:00,GOOGL,-0.000988508327357529
2023-08-09 00:00:00-04:00,GOOGL,-0.013241966924722792
2023-08-10 00:00:00-04:00,GOOGL,0.0002316356337050962
2023-08-11 00:00:00-04:00,GOOGL,-0.0010025328019094282
2023-08-14 00:00:00-04:00,GOOGL,0.013661721609806499
2023-08-15 00:00:00-04:00,GOOGL,-0.01180244833198063
2023-08-16 00:00:00-04:00,GOOGL,-0.008321860120630964
2023-08-17 00:00:00-04:00,GOOGL,0.009479567809934197
2023-08-18 00:00:00-04:00,GOOGL,-0.018934779151907888
2023-08-21 00:00:00-04:00,GOOGL,0.00713936326964415
2023-08-22 00:00:00-04:00,GOOGL,0.005530877077796426
2023-08-23 00:00:00-04:00,GOOGL,0.025488149481564415
2023-08-24 00:00:00-04:00,GOOGL,-0.019566325489288938
2023-08-25 00:00:00-04:00,GOOGL,0.000770534915634391
2023-08-28 00:00:00-04:00,GOOGL,0.008700245810034701
2023-08-29 00:00:00-04:00,GOOGL,0.027173553509250548
2023-08-30 00:00:00-04:00,GOOGL,0.00973487316203503
2023-08-31 00:00:00-04:00,GOOGL,0.002134190967380656
2023-09-01 00:00:00-04:00,GOOGL,-0.003745477130895125
2023-09-05 00:00:00-04:00,GOOGL,0.0008110097610534162
2023-09-06 00:00:00-04:00,GOOGL,-0.009648717212015323
2023-09-07 00:00:00-04:00,GOOGL,0.0059497259151046755
2023-09-08 00:00:00-04:00,GOOGL,0.008280327703173329
2023-09-11 00:00:00-04:00,GOOGL,0.003959480510919544
2023-09-12 00:00:00-04:00,GOOGL,-0.011539610499778474
2023-09-13 00:00:00-04:00,GOOGL,0.010122634071015213
2023-09-14 00:00:00-04:00,GOOGL,0.010167803610512172
2023-09-15 00:00:00-04:00,GOOGL,-0.005068902201945447
2023-09-18 00:00:00-04:00,GOOGL,0.00589512994393715
2023-09-19 00:00:00-04:00,GOOGL,-0.0012302130067318728
2023-09-20 00:00:00-04:00,GOOGL,-0.03115029148300863
2023-09-21 00:00:00-04:00,GOOGL,-0.024674633748584807
2023-09-22 00:00:00-04:00,GOOGL,-0.0014566794529834448
2023-09-25 00:00:00-04:00,GOOGL,0.00660273597636607
2023-09-26 00:00:00-04:00,GOOGL,-0.019373002208314172
2023-09-27 00:00:00-04:00,GOOGL,0.015322250992767295
2023-09-28 00:00:00-04:00,GOOGL,0.01355927846114735
2023-09-29 00:00:00-04:00,GOOGL,-0.010959228291989032
2023-10-02 00:00:00-04:00,GOOGL,0.025294377003961088
2023-10-03 00:00:00-04:00,GOOGL,-0.01296880577230719
2023-10-04 00:00:00-04:00,GOOGL,0.021218691773035925
2023-10-05 00:00:00-04:00,GOOGL,-0.0012570021267614973
2023-10-06 00:00:00-04:00,GOOGL,0.018582893261964495
2023-10-09 00:00:00-04:00,GOOGL,0.006105607643741351
2023-10-10 00:00:00-04:00,GOOGL,-0.0026007141426468428
2023-10-11 00:00:00-04:00,GOOGL,0.018035483793275464
2023-10-12 00:00:00-04:00,GOOGL,-0.011241248066154674
2023-10-13 00:00:00-04:00,GOOGL,-0.011585278788979081
2023-10-16 00:00:00-04:00,GOOGL,0.012667399238252663
2023-10-17 00:00:00-04:00,GOOGL,0.004457092708170185
2023-10-18 00:00:00-04:00,GOOGL,-0.012596668939642064
2023-10-19 00:00:00-04:00,GOOGL,-0.0015221138334940987
2023-10-20 00:00:00-04:00,GOOGL,-0.01560787721560375
2023-10-23 00:00:00-04:00,GOOGL,0.006636941843601196
2023-10-24 00:00:00-04:00,GOOGL,0.016923353314077794
2023-10-25 00:00:00-04:00,GOOGL,-0.09509413062762884
2023-10-26 00:00:00-04:00,GOOGL,-0.026510657844037944
2023-10-27 00:00:00-04:00,GOOGL,-0.0008996882532678052
2023-10-30 00:00:00-04:00,GOOGL,0.018744517578745956
2023-10-31 00:00:00-04:00,GOOGL,-0.0030532151214854863
2023-11-01 00:00:00-04:00,GOOGL,0.019100621756065417
2023-11-02 00:00:00-04:00,GOOGL,0.008224547507146296
2023-11-03 00:00:00-04:00,GOOGL,0.01262873413748311
2023-11-06 00:00:00-05:00,GOOGL,0.00890752475768175
2023-11-07 00:00:00-05:00,GOOGL,0.005527808762943787
2023-11-08 00:00:00-05:00,GOOGL,0.0066427208227171075
2023-11-09 00:00:00-05:00,GOOGL,-0.012135808967526196
2023-11-10 00:00:00-05:00,GOOGL,0.018043614779414963
2023-11-13 00:00:00-05:00,GOOGL,-0.003771140171681453
2023-11-14 00:00:00-05:00,GOOGL,0.011583038131292911
2023-11-15 00:00:00-05:00,GOOGL,0.0074839114912257365
2023-11-16 00:00:00-05:00,GOOGL,0.017159347382872836
2023-11-17 00:00:00-05:00,GOOGL,-0.011830956147125815
2023-11-20 00:00:00-05:00,GOOGL,0.006947195444139798
2023-11-21 00:00:00-05:00,GOOGL,0.005284495251162591
2023-11-22 00:00:00-05:00,GOOGL,0.011097411990015349
2023-11-24 00:00:00-05:00,GOOGL,-0.012997440061536358
2023-11-27 00:00:00-05:00,GOOGL,-0.0020485662232536672
2023-11-28 00:00:00-05:00,GOOGL,0.005791433679738889
2023-11-29 00:00:00-05:00,GOOGL,-0.016107808013679614
2023-11-30 00:00:00-05:00,GOOGL,-0.018223620641424687
2023-12-01 00:00:00-05:00,GOOGL,-0.005055669278268837
2023-12-04 00:00:00-05:00,GOOGL,-0.019641772658191115
2023-12-05 00:00:00-05:00,GOOGL,0.01330546272896127
2023-12-06 00:00:00-05:00,GOOGL,-0.007405123145090786
2023-12-07 00:00:00-05:00,GOOGL,0.053145488011150155
2023-12-08 00:00:00-05:00,GOOGL,-0.014167670042732006
2023-12-11 00:00:00-05:00,GOOGL,-0.012593641495691199
2023-12-12 00:00:00-05:00,GOOGL,-0.005776855987792873
2023-12-13 00:00:00-05:00,GOOGL,0.0003773016358139536
2023-12-14 00:00:00-05:00,GOOGL,-0.004752230819653813
2023-12-15 00:00:00-05:00,GOOGL,0.0050024385064673105
2023-12-18 00:00:00-05:00,GOOGL,0.0241326167225564
2023-12-19 00:00:00-05:00,GOOGL,0.006259319490439674
2023-12-20 00:00:00-05:00,GOOGL,0.012367205551831129
2023-12-21 00:00:00-05:00,GOOGL,0.015035446250647011
2023-12-22 00:00:00-05:00,GOOGL,0.007620086692354144
2023-12-26 00:00:00-05:00,GOOGL,0.00021194211108044314
2023-12-27 00:00:00-05:00,GOOGL,-0.008125844311903552
2023-12-28 00:00:00-05:00,GOOGL,-0.0009975395997229297
2023-12-29 00:00:00-05:00,GOOGL,-0.003850773365663529
2024-01-02 00:00:00-05:00,GOOGL,-0.010881437066886268
2024-01-03 00:00:00-05:00,GOOGL,0.0054280977592384705
2024-01-04 00:00:00-05:00,GOOGL,-0.018211838337632846
2024-01-05 00:00:00-05:00,GOOGL,-0.00483911090564082
2024-01-08 00:00:00-05:00,GOOGL,0.02291296218290584
2024-01-09 00:00:00-05:00,GOOGL,0.015197622984791437
2024-01-10 00:00:00-05:00,GOOGL,0.009435775673293678
2024-01-11 00:00:00-05:00,GOOGL,-0.001405679520865788
2024-01-12 00:00:00-05:00,GOOGL,0.004011912654546368
2024-01-16 00:00:00-05:00,GOOGL,-0.0011214540571287124
2024-01-17 00:00:00-05:00,GOOGL,-0.007158484592242442
2024-01-18 00:00:00-05:00,GOOGL,0.01420789739680206
2024-01-19 00:00:00-05:00,GOOGL,0.020211989582486156
2024-01-22 00:00:00-05:00,GOOGL,-0.002664362004925258
2024-01-23 00:00:00-05:00,GOOGL,0.007192169817329175
2024-01-24 00:00:00-05:00,GOOGL,0.011289490944819791
2024-01-25 00:00:00-05:00,GOOGL,0.021317972505755733
2024-01-26 00:00:00-05:00,GOOGL,0.0021072486047548633
2024-01-29 00:00:00-05:00,GOOGL,0.008673249540271044
2024-01-30 00:00:00-05:00,GOOGL,-0.013354083421129093
2024-01-31 00:00:00-05:00,GOOGL,-0.07500315840110805
2024-02-01 00:00:00-05:00,GOOGL,0.007565849292844318
2024-02-02 00:00:00-05:00,GOOGL,0.008642873726887546
2024-02-05 00:00:00-05:00,GOOGL,0.009130280406409064
2024-02-06 00:00:00-05:00,GOOGL,0.0029233563151889186
2024-02-07 00:00:00-05:00,GOOGL,0.00999301871060343
2024-02-08 00:00:00-05:00,GOOGL,0.002542129874129939
2024-02-09 00:00:00-05:00,GOOGL,0.021177507258413497
2024-02-12 00:00:00-05:00,GOOGL,-0.009865856503507908
2024-02-13 00:00:00-05:00,GOOGL,-0.01620016223639975
2024-02-14 00:00:00-05:00,GOOGL,0.005512027577426304
2024-02-15 00:00:00-05:00,GOOGL,-0.02172113423049582
2024-02-16 00:00:00-05:00,GOOGL,-0.015759615403277305
2024-02-20 00:00:00-05:00,GOOGL,0.00426963628448096
2024-02-21 00:00:00-05:00,GOOGL,0.010133354394036509
2024-02-22 00:00:00-05:00,GOOGL,0.010803186074885618
2024-02-23 00:00:00-05:00,GOOGL,-0.0009022354927583631
2024-02-26 00:00:00-05:00,GOOGL,-0.04438708551517012
2024-02-27 00:00:00-05:00,GOOGL,0.009522134220297795
2024-02-28 00:00:00-05:00,GOOGL,-0.018001046816089605
2024-02-29 00:00:00-05:00,GOOGL,0.015251528827011418
2024-03-01 00:00:00-05:00,GOOGL,-0.009533418720175768
2024-03-04 00:00:00-05:00,GOOGL,-0.02763595185917267
2024-03-05 00:00:00-05:00,GOOGL,-0.005099386256603999
2024-03-06 00:00:00-05:00,GOOGL,-0.009572833995610708
2024-03-07 00:00:00-05:00,GOOGL,0.022678991782904445
2024-03-08 00:00:00-05:00,GOOGL,0.0076649701242581525
2024-03-11 00:00:00-04:00,GOOGL,0.0166897579907217
2024-03-12 00:00:00-04:00,GOOGL,0.006028934232654715
2024-03-13 00:00:00-04:00,GOOGL,0.009314149217340972
2024-03-14 00:00:00-04:00,GOOGL,0.023678645258170095
2024-03-15 00:00:00-04:00,GOOGL,-0.013417384412016786
2024-03-18 00:00:00-04:00,GOOGL,0.04604019757386579
2024-03-19 00:00:00-04:00,GOOGL,-0.004400889455210777
2024-03-20 00:00:00-04:00,GOOGL,0.011630111770734697
2024-03-21 00:00:00-04:00,GOOGL,-0.0076645475038731314
2024-03-22 00:00:00-04:00,GOOGL,0.021477159222381248
2024-03-25 00:00:00-04:00,GOOGL,-0.004642936126929675
2024-03-26 00:00:00-04:00,GOOGL,0.003998032526905337
2024-03-27 00:00:00-04:00,GOOGL,0.0013274046949585117
2024-03-28 00:00:00-04:00,GOOGL,0.0003976322869663207
2024-04-01 00:00:00-04:00,GOOGL,0.03021303986808377
2024-04-02 00:00:00-04:00,GOOGL,-0.005981409080423661
2024-04-03 00:00:00-04:00,GOOGL,0.0023292332215230083
2024-04-04 00:00:00-04:00,GOOGL,-0.028336976827377902
2024-04-05 00:00:00-04:00,GOOGL,0.013086766093691082
2024-04-08 00:00:00-04:00,GOOGL,0.015410246067288247
2024-04-09 00:00:00-04:00,GOOGL,0.0113010604573629
2024-04-10 00:00:00-04:00,GOOGL,-0.002937558379094596
2024-04-11 00:00:00-04:00,GOOGL,0.02094292817670307
2024-04-12 00:00:00-04:00,GOOGL,-0.010538786426855795
2024-04-15 00:00:00-04:00,GOOGL,-0.01819582789225993
2024-04-16 00:00:00-04:00,GOOGL,-0.002970564836755174
2024-04-17 00:00:00-04:00,GOOGL,0.006930034636713378
2024-04-18 00:00:00-04:00,GOOGL,0.0034736968116786393
2024-04-19 00:00:00-04:00,GOOGL,-0.012307081744973969
2024-04-22 00:00:00-04:00,GOOGL,0.014212336773068879
2024-04-23 00:00:00-04:00,GOOGL,0.012669788892670342
2024-04-24 00:00:00-04:00,GOOGL,0.005497264353487186
2024-04-25 00:00:00-04:00,GOOGL,-0.019669572160734283
2024-04-26 00:00:00-04:00,GOOGL,0.10224362001180798
2024-04-29 00:00:00-04:00,GOOGL,-0.03373092379149656
2024-04-30 00:00:00-04:00,GOOGL,-0.020282775132517528
2024-05-01 00:00:00-04:00,GOOGL,0.006634837578499031
2024-05-02 00:00:00-04:00,GOOGL,0.016843594762025127
2024-05-03 00:00:00-04:00,GOOGL,0.0037212092946250497
2024-05-06 00:00:00-04:00,GOOGL,0.005142347933879021
2024-05-07 00:00:00-04:00,GOOGL,0.01873866448713457
2024-05-08 00:00:00-04:00,GOOGL,-0.010919603102981679
2024-05-09 00:00:00-04:00,GOOGL,0.0034242718957497864
2024-05-10 00:00:00-04:00,GOOGL,-0.007707823850153117
2024-05-13 00:00:00-04:00,GOOGL,0.002905572278255386
2024-05-14 00:00:00-04:00,GOOGL,0.007094533313953377
2024-05-15 00:00:00-04:00,GOOGL,0.012739213267297433
2024-05-16 00:00:00-04:00,GOOGL,0.009680672724835748
2024-05-17 00:00:00-04:00,GOOGL,0.01079336404845721
2024-05-20 00:00:00-04:00,GOOGL,0.004884647473859527
2024-05-21 00:00:00-04:00,GOOGL,0.005256893516669026
2024-05-22 00:00:00-04:00,GOOGL,-0.008265375588530688
2024-05-23 00:00:00-04:00,GOOGL,-0.016045096182077168
2024-05-24 00:00:00-04:00,GOOGL,0.008297464786733544
2024-05-28 00:00:00-04:00,GOOGL,0.008057463529975273
2024-05-29 00:00:00-04:00,GOOGL,-0.0028344678622570507
2024-05-30 00:00:00-04:00,GOOGL,-0.021546216278163444
2024-05-31 00:00:00-04:00,GOOGL,0.0022660466693809056
2024-06-03 00:00:00-04:00,GOOGL,0.0038840404694118202
2024-06-04 00:00:00-04:00,GOOGL,0.00358010162926492
2024-06-05 00:00:00-04:00,GOOGL,0.009321668698809793
2024-06-06 00:00:00-04:00,GOOGL,0.007525123016269619
2024-06-07 00:00:00-04:00,GOOGL,-0.012844264609080391
2024-06-10 00:00:00-04:00,GOOGL,0.004303833433925153
2024-06-11 00:00:00-04:00,GOOGL,0.009199596369433571
2024-06-12 00:00:00-04:00,GOOGL,0.006624180487501574
2024-06-13 00:00:00-04:00,GOOGL,-0.014792661442301736
2024-06-14 00:00:00-04:00,GOOGL,0.009305663458119895
2024-06-17 00:00:00-04:00,GOOGL,0.0025454328805809556
2024-06-18 00:00:00-04:00,GOOGL,-0.012130336112065154
2024-06-20 00:00:00-04:00,GOOGL,0.006910749529854376
2024-06-21 00:00:00-04:00,GOOGL,0.0188881688600413
2024-06-24 00:00:00-04:00,GOOGL,-0.002282455786835169
2024-06-25 00:00:00-04:00,GOOGL,0.026838425497340834
2024-06-26 00:00:00-04:00,GOOGL,-0.0008149023608605699
2024-06-27 00:00:00-04:00,GOOGL,0.008320656213227196
2024-06-28 00:00:00-04:00,GOOGL,-0.017582769360398487
2024-07-01 00:00:00-04:00,GOOGL,0.00461166730724627
2024-07-02 00:00:00-04:00,GOOGL,0.012295777271718489
2024-07-03 00:00:00-04:00,GOOGL,0.0031309042193827796
2024-07-05 00:00:00-04:00,GOOGL,0.0257238957271404
2024-07-08 00:00:00-04:00,GOOGL,-0.008237127692985458
2024-07-09 00:00:00-04:00,GOOGL,-0.00026461183201276217
2024-07-10 00:00:00-04:00,GOOGL,0.011641527177775224
2024-07-11 00:00:00-04:00,GOOGL,-0.029343932179566434
2024-07-12 00:00:00-04:00,GOOGL,-0.002694461207605525
2024-07-15 00:00:00-04:00,GOOGL,0.007888870859557917
2024-07-16 00:00:00-04:00,GOOGL,-0.013992457109299417
2024-07-17 00:00:00-04:00,GOOGL,-0.015767795610322488
2024-07-18 00:00:00-04:00,GOOGL,-0.01839558817795739
2024-07-19 00:00:00-04:00,GOOGL,-0.00016891675553831753
2024-07-22 00:00:00-04:00,GOOGL,0.0225712469651298
2024-07-23 00:00:00-04:00,GOOGL,0.0006604414369235645
2024-07-24 00:00:00-04:00,GOOGL,-0.050387697219264616
2024-07-25 00:00:00-04:00,GOOGL,-0.030991154914979724
2024-07-26 00:00:00-04:00,GOOGL,-0.0016738704683473271
2024-07-29 00:00:00-04:00,GOOGL,0.01514966529070505
2024-07-30 00:00:00-04:00,GOOGL,0.004482869181396731
2024-07-31 00:00:00-04:00,GOOGL,0.0073404949827218235
2024-08-01 00:00:00-04:00,GOOGL,-0.00454696045831382
2024-08-02 00:00:00-04:00,GOOGL,-0.024010341730586582
2024-08-05 00:00:00-04:00,GOOGL,-0.04446178566789094
2024-08-06 00:00:00-04:00,GOOGL,-0.00602824245057576
2024-08-07 00:00:00-04:00,GOOGL,0.004106343334871143
2024-08-08 00:00:00-04:00,GOOGL,0.019441326340826848
2024-08-09 00:00:00-04:00,GOOGL,0.01012152165219482
2024-08-12 00:00:00-04:00,GOOGL,-0.008431538597256982
2024-08-13 00:00:00-04:00,GOOGL,0.011522432944192751
2024-08-14 00:00:00-04:00,GOOGL,-0.023087057894348395
2024-08-15 00:00:00-04:00,GOOGL,0.005799173869651009
2024-08-16 00:00:00-04:00,GOOGL,0.010291254435622621
2024-08-19 00:00:00-04:00,GOOGL,0.022766405221801733
2024-08-20 00:00:00-04:00,GOOGL,0.0030599742215993153
2024-08-21 00:00:00-04:00,GOOGL,-0.007955594287409218
2024-08-22 00:00:00-04:00,GOOGL,-0.012360585196817597
2024-08-23 00:00:00-04:00,GOOGL,0.011111312417174446
2024-08-26 00:00:00-04:00,GOOGL,0.0032603220010134493
2024-08-27 00:00:00-04:00,GOOGL,-0.008907159162028222
2024-08-28 00:00:00-04:00,GOOGL,-0.01111234880442713
2024-08-29 00:00:00-04:00,GOOGL,-0.006570467501504806
2024-08-30 00:00:00-04:00,GOOGL,0.009890138925956693
2024-09-03 00:00:00-04:00,GOOGL,-0.036846709448022597
2024-09-04 00:00:00-04:00,GOOGL,-0.005783070981399296
2024-09-05 00:00:00-04:00,GOOGL,0.005049705380615999
2024-09-06 00:00:00-04:00,GOOGL,-0.04019349831880048
2024-09-09 00:00:00-04:00,GOOGL,-0.013335898111994204
2024-09-10 00:00:00-04:00,GOOGL,-0.0003363237960702925
2024-09-11 00:00:00-04:00,GOOGL,0.016816992452015844
2024-09-12 00:00:00-04:00,GOOGL,0.02335278340406921
2024-09-13 00:00:00-04:00,GOOGL,0.017906807962203564
2024-09-16 00:00:00-04:00,GOOGL,0.003810442203222131
2024-09-17 00:00:00-04:00,GOOGL,0.00797163120567368
2024-09-18 00:00:00-04:00,GOOGL,0.0030755508502511297
2024-09-19 00:00:00-04:00,GOOGL,0.014579952783526418
2024-09-20 00:00:00-04:00,GOOGL,0.008942772657300146
2024-09-23 00:00:00-04:00,GOOGL,-0.010636228754811516
2024-09-24 00:00:00-04:00,GOOGL,0.002718455334437264
2024-09-25 00:00:00-04:00,GOOGL,-0.004929383757956818
2024-09-26 00:00:00-04:00,GOOGL,0.007678318506442183
2024-09-27 00:00:00-04:00,GOOGL,0.007497230613658701
2024-09-30 00:00:00-04:00,GOOGL,0.011588749262168907
2024-10-01 00:00:00-04:00,GOOGL,0.006873796907305163
2024-10-02 00:00:00-04:00,GOOGL,-0.006766821809018109
2024-10-03 00:00:00-04:00,GOOGL,0.0
2024-10-04 00:00:00-04:00,GOOGL,0.007235016424028906
2024-10-07 00:00:00-04:00,GOOGL,-0.024422451587853722
2024-10-08 00:00:00-04:00,GOOGL,0.008589994868748008
2024-10-09 00:00:00-04:00,GOOGL,-0.01533019143331682
2024-10-10 00:00:00-04:00,GOOGL,0.0013589539735456846
2024-10-11 00:00:00-04:00,GOOGL,0.007157133675118388
2024-10-14 00:00:00-04:00,GOOGL,0.01053664770017404
2024-10-15 00:00:00-04:00,GOOGL,0.0030309055741517543
2024-10-16 00:00:00-04:00,GOOGL,-0.0018130110433579594
2024-10-17 00:00:00-04:00,GOOGL,-0.013502200484632909
2024-10-18 00:00:00-04:00,GOOGL,0.0030075954721413556
2024-10-21 00:00:00-04:00,GOOGL,0.003977429908228247
2024-10-22 00:00:00-04:00,GOOGL,0.006521578798799332
2024-10-23 00:00:00-04:00,GOOGL,-0.014290981401899105
2024-10-24 00:00:00-04:00,GOOGL,-0.0003684777388409666
2024-10-25 00:00:00-04:00,GOOGL,0.01567107817014035
2024-10-28 00:00:00-04:00,GOOGL,0.008773502044734593
2024-10-29 00:00:00-04:00,GOOGL,0.0177542561232229
2024-10-30 00:00:00-04:00,GOOGL,0.02817080241885228
2024-10-31 00:00:00-04:00,GOOGL,-0.019202301350358608
2024-11-01 00:00:00-04:00,GOOGL,0.0010520671373730472
2024-11-04 00:00:00-05:00,GOOGL,-0.01196794347919794
2024-11-05 00:00:00-05:00,GOOGL,0.0029543461871286425
2024-11-06 00:00:00-05:00,GOOGL,0.039884341868010376
2024-11-07 00:00:00-05:00,GOOGL,0.024021536604057703
2024-11-08 00:00:00-05:00,GOOGL,-0.013278006747663995
2024-11-11 00:00:00-05:00,GOOGL,0.011213846514409598
2024-11-12 00:00:00-05:00,GOOGL,0.00704190874008459
2024-11-13 00:00:00-05:00,GOOGL,-0.015086520134398151
2024-11-14 00:00:00-05:00,GOOGL,-0.018448056733667784
2024-11-15 00:00:00-05:00,GOOGL,-0.017598780890223376
2024-11-18 00:00:00-05:00,GOOGL,0.016290749129282744
2024-11-19 00:00:00-05:00,GOOGL,0.016086553910090284
2024-11-20 00:00:00-05:00,GOOGL,-0.012014322906114705
2024-11-21 00:00:00-05:00,GOOGL,-0.04744840385187943
2024-11-22 00:00:00-05:00,GOOGL,-0.017121148398889785
2024-11-25 00:00:00-05:00,GOOGL,0.01754073817801305
2024-11-26 00:00:00-05:00,GOOGL,0.008768208938504163
2024-11-27 00:00:00-05:00,GOOGL,0.0006503084107158941
2024-11-29 00:00:00-05:00,GOOGL,-0.0016544774517217586
2024-12-02 00:00:00-05:00,GOOGL,0.015034131918581384
2024-12-03 00:00:00-05:00,GOOGL,-0.0008748543662978614
2024-12-04 00:00:00-05:00,GOOGL,0.01768412652562512
2024-12-05 00:00:00-05:00,GOOGL,-0.009921340322369132
2024-12-06 00:00:00-05:00,GOOGL,0.011990435190302184
2024-12-09 00:00:00-05:00,GOOGL,0.004927986634395198
2024-12-10 00:00:00-05:00,GOOGL,0.055881794717724365
2024-12-11 00:00:00-05:00,GOOGL,0.05524655935992029
2024-12-12 00:00:00-05:00,GOOGL,-0.017604880057177863
2024-12-13 00:00:00-05:00,GOOGL,-0.011148130915388021
2024-12-16 00:00:00-05:00,GOOGL,0.036034053026951396
2024-12-17 00:00:00-05:00,GOOGL,-0.006305268692253008
2024-12-18 00:00:00-05:00,GOOGL,-0.03592261182234702
2024-12-19 00:00:00-05:00,GOOGL,0.0005836604228000031
2024-12-20 00:00:00-05:00,GOOGL,0.015383975714882148
2024-12-23 00:00:00-05:00,GOOGL,0.016822654581893692
2024-12-24 00:00:00-05:00,GOOGL,0.007604068911362338
2024-12-26 00:00:00-05:00,GOOGL,-0.002600605499173958
2024-12-27 00:00:00-05:00,GOOGL,-0.014519495172375274
2024-12-30 00:00:00-05:00,GOOGL,-0.00788528566465485
2024-12-31 00:00:00-05:00,GOOGL,-0.010144463623346311
2025-01-02 00:00:00-05:00,GOOGL,0.0006867883666024088
2025-01-03 00:00:00-05:00,GOOGL,0.012458402759907727
2025-01-06 00:00:00-05:00,GOOGL,0.026487385194259083
2025-01-07 00:00:00-05:00,GOOGL,-0.007009720972279587
2025-01-08 00:00:00-05:00,GOOGL,-0.00787763858052326
2025-01-10 00:00:00-05:00,GOOGL,-0.009848029152538795
2025-01-13 00:00:00-05:00,GOOGL,-0.005363439713159668
2025-01-14 00:00:00-05:00,GOOGL,-0.007067622175115251
2025-01-15 00:00:00-05:00,GOOGL,0.031055546987445837
2025-01-16 00:00:00-05:00,GOOGL,-0.013500302063522929
2025-01-17 00:00:00-05:00,GOOGL,0.01601775133202965
2025-01-21 00:00:00-05:00,GOOGL,0.01045920619249241
2025-01-22 00:00:00-05:00,GOOGL,0.0016157883971632536
2025-01-23 00:00:00-05:00,GOOGL,-0.0019660822777636255
2025-01-24 00:00:00-05:00,GOOGL,0.011263849517629376
2025-01-27 00:00:00-05:00,GOOGL,-0.04195610040645725
2025-01-28 00:00:00-05:00,GOOGL,0.01819523520804478
2025-01-29 00:00:00-05:00,GOOGL,0.000563118075100677
2025-01-30 00:00:00-05:00,GOOGL,0.027941311064513696
2025-01-31 00:00:00-05:00,GOOGL,0.015681804888187933
2025-02-03 00:00:00-05:00,GOOGL,-0.013675252872301535
2025-02-04 00:00:00-05:00,GOOGL,0.025592785825262032
2025-02-05 00:00:00-05:00,GOOGL,-0.07292381547378302
2025-02-06 00:00:00-05:00,GOOGL,0.0014112724949613131
2025-02-07 00:00:00-05:00,GOOGL,-0.03267225998448697
2025-02-10 00:00:00-05:00,GOOGL,0.00609691253130662
2025-02-11 00:00:00-05:00,GOOGL,-0.006167228757094634
2025-02-12 00:00:00-05:00,GOOGL,-0.00922734392620439
2025-02-13 00:00:00-05:00,GOOGL,0.013779161174015453
2025-02-14 00:00:00-05:00,GOOGL,-0.0048888037757702785
2025-02-18 00:00:00-05:00,GOOGL,-0.007881895530332694
2025-02-19 00:00:00-05:00,GOOGL,0.008162275301012656
2025-02-20 00:00:00-05:00,GOOGL,-0.0038322626526801074
2025-02-21 00:00:00-05:00,GOOGL,-0.026549481586333523
2025-02-24 00:00:00-05:00,GOOGL,-0.002282246593961257
2025-02-25 00:00:00-05:00,GOOGL,-0.02136683607318257
2025-02-26 00:00:00-05:00,GOOGL,-0.015334554734807715
2025-02-27 00:00:00-05:00,GOOGL,-0.024489011575483777
2025-02-28 00:00:00-05:00,GOOGL,0.01056371170635173
2025-03-03 00:00:00-05:00,GOOGL,-0.01920373715768653
2025-03-04 00:00:00-05:00,GOOGL,0.023411838125252826
2025-03-05 00:00:00-05:00,GOOGL,0.012286495543025744
2025-03-06 00:00:00-05:00,GOOGL,-0.0038723875391053486
2025-03-07 00:00:00-05:00,GOOGL,0.008761226865448446
2025-03-10 00:00:00-04:00,GOOGL,-0.04485779961596437
2025-03-11 00:00:00-04:00,GOOGL,-0.011032818121805121
2025-03-12 00:00:00-04:00,GOOGL,0.01871507944209494
2025-03-13 00:00:00-04:00,GOOGL,-0.026030856404063885
2025-03-14 00:00:00-04:00,GOOGL,0.016773200005459676
2025-03-17 00:00:00-04:00,GOOGL,-0.007251224445509297
2025-03-18 00:00:00-04:00,GOOGL,-0.022034077386073103
2025-03-19 00:00:00-04:00,GOOGL,0.020041058371104592
2025-03-20 00:00:00-04:00,GOOGL,-0.006650810792215411
2025-03-21 00:00:00-04:00,GOOGL,0.007309491478816099
2025-03-24 00:00:00-04:00,GOOGL,0.022501433614002142
2025-03-25 00:00:00-04:00,GOOGL,0.0171756452310996
2025-03-26 00:00:00-04:00,GOOGL,-0.032246798508912655
2025-03-27 00:00:00-04:00,GOOGL,-0.017084699409424475
2025-03-28 00:00:00-04:00,GOOGL,-0.04875501617404798
2025-03-31 00:00:00-04:00,GOOGL,0.002008794818411319
2025-04-01 00:00:00-04:00,GOOGL,0.015713970233534935
2025-04-02 00:00:00-04:00,GOOGL,-0.00019118133188422703
2025-04-03 00:00:00-04:00,GOOGL,-0.04024443890086005
2025-04-04 00:00:00-04:00,GOOGL,-0.03397014996984016
2025-04-07 00:00:00-04:00,GOOGL,0.007898230884671342
2025-04-08 00:00:00-04:00,GOOGL,-0.013969373345635971
2025-04-09 00:00:00-04:00,GOOGL,0.09682117355552333
2025-04-10 00:00:00-04:00,GOOGL,-0.03711184697576264
2025-04-11 00:00:00-04:00,GOOGL,0.0282684718836137
2025-04-14 00:00:00-04:00,GOOGL,0.012282123515616306
2025-04-15 00:00:00-04:00,GOOGL,-0.01735078165008397
2025-04-16 00:00:00-04:00,GOOGL,-0.019064653253079378
2025-04-17 00:00:00-04:00,GOOGL,-0.01415247001504305
2025-04-21 00:00:00-04:00,GOOGL,-0.023088193768321164
2025-04-22 00:00:00-04:00,GOOGL,0.025733145489501785
2025-04-23 00:00:00-04:00,GOOGL,0.025615554574647703
2025-04-24 00:00:00-04:00,GOOGL,0.025297785031057396
2025-04-25 00:00:00-04:00,GOOGL,0.01682551331988935
2025-04-28 00:00:00-04:00,GOOGL,-0.008335368734236681
2025-04-29 00:00:00-04:00,GOOGL,-0.002801651381275194
2025-04-30 00:00:00-04:00,GOOGL,-0.00849151207516019
2025-05-01 00:00:00-04:00,GOOGL,0.01574303434695623
2025-05-02 00:00:00-04:00,GOOGL,0.01692502028610754
2025-05-05 00:00:00-04:00,GOOGL,0.001097294777949065
2025-05-06 00:00:00-04:00,GOOGL,-0.0059679543291250026
2025-05-07 00:00:00-04:00,GOOGL,-0.07259684593170734
2025-05-08 00:00:00-04:00,GOOGL,0.01915692254503698
2025-05-09 00:00:00-04:00,GOOGL,-0.009916840624984768
2025-05-12 00:00:00-04:00,GOOGL,0.03738124843343771
2025-05-13 00:00:00-04:00,GOOGL,0.006752444436322724
2025-05-14 00:00:00-04:00,GOOGL,0.03660743337022443
2025-05-15 00:00:00-04:00,GOOGL,-0.008526198070724189
2025-05-16 00:00:00-04:00,GOOGL,0.013600752250026993
2025-05-19 00:00:00-04:00,GOOGL,0.0021060515170900906
2025-05-20 00:00:00-04:00,GOOGL,-0.015371625693021196
2025-05-21 00:00:00-04:00,GOOGL,0.027930221116080123
2025-05-22 00:00:00-04:00,GOOGL,0.01370422936546567
2025-05-23 00:00:00-04:00,GOOGL,-0.014045736941438514
2025-05-27 00:00:00-04:00,GOOGL,0.026295614911791665
2025-05-28 00:00:00-04:00,GOOGL,-0.0031231834744021025
2025-05-29 00:00:00-04:00,GOOGL,-0.002900969010404819
2025-05-30 00:00:00-04:00,GOOGL,-0.0006982902808655433
2025-06-02 00:00:00-04:00,GOOGL,-0.01577955968853384
2025-06-03 00:00:00-04:00,GOOGL,-0.016860993830784432
2025-06-04 00:00:00-04:00,GOOGL,0.011252956094045974
2025-06-05 00:00:00-04:00,GOOGL,0.000952071153620615
2025-06-06 00:00:00-04:00,GOOGL,0.03251878718237222
2025-06-09 00:00:00-04:00,GOOGL,0.015103487150444739
2025-06-10 00:00:00-04:00,GOOGL,0.01425421159208251
2025-06-11 00:00:00-04:00,GOOGL,-0.006998967993224525
2025-06-12 00:00:00-04:00,GOOGL,-0.009303654342066259
2025-06-13 00:00:00-04:00,GOOGL,-0.0058622599704578615
2025-06-16 00:00:00-04:00,GOOGL,0.01202266218469128
2025-06-17 00:00:00-04:00,GOOGL,-0.004638826493848058
2025-06-18 00:00:00-04:00,GOOGL,-0.014947308970394424
2025-06-20 00:00:00-04:00,GOOGL,-0.03854149808910856
2025-06-23 00:00:00-04:00,GOOGL,-0.008701311211455343
2025-06-24 00:00:00-04:00,GOOGL,0.009564712572754042
2025-06-25 00:00:00-04:00,GOOGL,0.023445386085543696
2025-06-26 00:00:00-04:00,GOOGL,0.016756433756370592
2025-06-27 00:00:00-04:00,GOOGL,0.02875432378277165
2025-06-30 00:00:00-04:00,GOOGL,-0.012883072223374592
2025-07-01 00:00:00-04:00,GOOGL,-0.0022129881722442457
2025-07-02 00:00:00-04:00,GOOGL,0.015923496760832156
2025-07-03 00:00:00-04:00,GOOGL,0.004982076909575639
2025-07-07 00:00:00-04:00,GOOGL,-0.015262088773059568
2025-07-08 00:00:00-04:00,GOOGL,-0.013745082509964868
2025-07-09 00:00:00-04:00,GOOGL,0.012961686014411944
2025-07-10 00:00:00-04:00,GOOGL,0.005661910228875522
2025-07-11 00:00:00-04:00,GOOGL,0.014469229131679917
2025-07-14 00:00:00-04:00,GOOGL,0.007602922072490248
2025-07-15 00:00:00-04:00,GOOGL,0.002423457218403202
2025-07-16 00:00:00-04:00,GOOGL,0.005329747321715761
2025-07-17 00:00:00-04:00,GOOGL,0.0033337760303326913
2025-07-18 00:00:00-04:00,GOOGL,0.00806185011195426
2025-07-21 00:00:00-04:00,GOOGL,0.027234507930688157
2025-07-22 00:00:00-04:00,GOOGL,0.00652284472759046
2025-07-23 00:00:00-04:00,GOOGL,-0.005801109678057137
2025-07-24 00:00:00-04:00,GOOGL,0.010198166746437476
2025-07-25 00:00:00-04:00,GOOGL,0.005255677791484503
2025-07-28 00:00:00-04:00,GOOGL,-0.003105852792606001
2025-07-29 00:00:00-04:00,GOOGL,0.01646067972393528
2025-07-30 00:00:00-04:00,GOOGL,0.003984622166403495
2025-07-31 00:00:00-04:00,GOOGL,-0.02355878242029541
2025-08-01 00:00:00-04:00,GOOGL,-0.014434577278789718
2025-08-04 00:00:00-04:00,GOOGL,0.03124843238806796
2025-08-05 00:00:00-04:00,GOOGL,-0.0018970198844621144
2025-08-06 00:00:00-04:00,GOOGL,0.0072942857353972546
2025-08-07 00:00:00-04:00,GOOGL,0.0021930021365812458
2025-08-08 00:00:00-04:00,GOOGL,0.024933698651640857
2025-08-11 00:00:00-04:00,GOOGL,-0.0020851329247548733
2025-08-12 00:00:00-04:00,GOOGL,0.011641791135678758
2025-08-13 00:00:00-04:00,GOOGL,-0.00678663191097173
2025-08-14 00:00:00-04:00,GOOGL,0.004852401879072543
2025-08-15 00:00:00-04:00,GOOGL,0.004730493237768307
2025-08-18 00:00:00-04:00,GOOGL,-0.001961758762509924
2025-08-19 00:00:00-04:00,GOOGL,-0.009483978735265963
2025-08-20 00:00:00-04:00,GOOGL,-0.011162409848264332
2025-08-21 00:00:00-04:00,GOOGL,0.002157310630543474
2025-08-22 00:00:00-04:00,GOOGL,0.0317396526637872
2025-08-25 00:00:00-04:00,GOOGL,0.011645399915190868
2025-08-26 00:00:00-04:00,GOOGL,-0.006475136538465542
2025-08-27 00:00:00-04:00,GOOGL,0.001641412742279913
2025-08-28 00:00:00-04:00,GOOGL,0.020050109416597905
2025-08-29 00:00:00-04:00,GOOGL,0.00600083163522469
2025-09-02 00:00:00-04:00,GOOGL,-0.0073270153802278415
2025-09-03 00:00:00-04:00,GOOGL,0.09136493852682004
2025-09-04 00:00:00-04:00,GOOGL,0.007110078779147377
2025-09-05 00:00:00-04:00,GOOGL,0.011622911345493314
2025-09-08 00:00:00-04:00,GOOGL,-0.0031944078165545564
2025-09-09 00:00:00-04:00,GOOGL,0.02388481700496592
2025-09-10 00:00:00-04:00,GOOGL,-0.0019195820980387746
2025-09-11 00:00:00-04:00,GOOGL,0.005017311511383182
2025-09-12 00:00:00-04:00,GOOGL,0.001788943810779875
2025-09-15 00:00:00-04:00,GOOGL,0.04489198014101614
2025-09-16 00:00:00-04:00,GOOGL,-0.0017884451604247564
2025-09-17 00:00:00-04:00,GOOGL,-0.006489943102210627
2025-09-18 00:00:00-04:00,GOOGL,0.010018893758405811
2025-09-19 00:00:00-04:00,GOOGL,0.010673357928135507
2025-09-22 00:00:00-04:00,GOOGL,-0.00859770146953931
2025-09-23 00:00:00-04:00,GOOGL,-0.003445136451741382
2025-09-24 00:00:00-04:00,GOOGL,-0.017960724720382015
2025-09-25 00:00:00-04:00,GOOGL,-0.005462563143603605
2025-09-26 00:00:00-04:00,GOOGL,0.0030513222385999406
2025-09-29 00:00:00-04:00,GOOGL,-0.010099659599104305
2025-09-30 00:00:00-04:00,GOOGL,-0.003892605996882237
2025-10-01 00:00:00-04:00,GOOGL,0.007404332302288097
2025-10-02 00:00:00-04:00,GOOGL,0.0032257853066077757
2025-10-03 00:00:00-04:00,GOOGL,-0.0013838746586284367
2025-10-06 00:00:00-04:00,GOOGL,0.020705068551827965
2025-10-07 00:00:00-04:00,GOOGL,-0.018647898398852725
2025-10-08 00:00:00-04:00,GOOGL,-0.004638662990075981
2025-10-09 00:00:00-04:00,GOOGL,-0.012631850656026788
2025-10-10 00:00:00-04:00,GOOGL,-0.020535765320658594
2025-10-13 00:00:00-04:00,GOOGL,0.03204127035930604
2025-10-14 00:00:00-04:00,GOOGL,0.005324631507020117
2025-10-15 00:00:00-04:00,GOOGL,0.022733769105900414
2025-10-16 00:00:00-04:00,GOOGL,0.0017129152776573786
2025-10-17 00:00:00-04:00,GOOGL,0.007317281816854759
2025-10-20 00:00:00-04:00,GOOGL,0.012830631273142767
2025-10-21 00:00:00-04:00,GOOGL,-0.023738071519987414
2025-10-22 00:00:00-04:00,GOOGL,0.00491097199851076
2025-10-23 00:00:00-04:00,GOOGL,0.005522657644975393
2025-10-24 00:00:00-04:00,GOOGL,0.027027095600908213
2025-10-27 00:00:00-04:00,GOOGL,0.035972428208606466
2025-10-28 00:00:00-04:00,GOOGL,-0.006684602498601033
2025-10-29 00:00:00-04:00,GOOGL,0.0265450922120114
2025-10-30 00:00:00-04:00,GOOGL,0.025166653841215192
2025-10-31 00:00:00-04:00,GOOGL,-0.0010304680036752334
2025-11-03 00:00:00-05:00,GOOGL,0.008997568518623211
2025-11-04 00:00:00-05:00,GOOGL,-0.021782061481776416
2025-11-05 00:00:00-05:00,GOOGL,0.024392863859447944
2025-11-06 00:00:00-05:00,GOOGL,0.0015476318382823262
2025-11-07 00:00:00-05:00,GOOGL,-0.020790301860935445
2025-11-10 00:00:00-05:00,GOOGL,0.04041898667574384
2025-11-11 00:00:00-05:00,GOOGL,0.004170991247052891
2025-11-12 00:00:00-05:00,GOOGL,-0.01579079679290607
2025-11-13 00:00:00-05:00,GOOGL,-0.028390884253361004
2025-11-14 00:00:00-05:00,GOOGL,-0.007754032031895175
2025-11-17 00:00:00-05:00,GOOGL,0.031149322738603935
2025-11-18 00:00:00-05:00,GOOGL,-0.0025962055061871103
2025-11-19 00:00:00-05:00,GOOGL,0.030005606051610068
2025-11-20 00:00:00-05:00,GOOGL,-0.011474968674489383
2025-11-21 00:00:00-05:00,GOOGL,0.03527369446754425
2025-11-24 00:00:00-05:00,GOOGL,0.06313824076796082
2025-11-25 00:00:00-05:00,GOOGL,0.015255244752224506
2025-11-26 00:00:00-05:00,GOOGL,-0.010790160699995277
2025-11-28 00:00:00-05:00,GOOGL,0.000718774110255449
2025-12-01 00:00:00-05:00,GOOGL,-0.016521840443809
2025-12-02 00:00:00-05:00,GOOGL,0.0029214907856902617
2025-12-03 00:00:00-05:00,GOOGL,0.01209594691377136
2025-12-04 00:00:00-05:00,GOOGL,-0.006288515182409027
2025-12-05 00:00:00-05:00,GOOGL,0.01149165800878138
2025-12-08 00:00:00-05:00,GOOGL,-0.02286172872336123
2025-12-09 00:00:00-05:00,GOOGL,0.01071015338749004
2025-12-10 00:00:00-05:00,GOOGL,0.00987137368128388
2025-12-11 00:00:00-05:00,GOOGL,-0.0242964954388305
2025-12-12 00:00:00-05:00,GOOGL,-0.010050273864534609
2025-12-15 00:00:00-05:00,GOOGL,-0.0034595184179638805
2025-12-16 00:00:00-05:00,GOOGL,-0.005353327337273561
2025-12-17 00:00:00-05:00,GOOGL,-0.0321297701987725
2025-12-18 00:00:00-05:00,GOOGL,0.019344857270350957
2025-12-19 00:00:00-05:00,GOOGL,0.015539306686872534
2025-12-22 00:00:00-05:00,GOOGL,0.008529800481200889
2025-12-23 00:00:00-05:00,GOOGL,0.014752296285657662
2025-12-24 00:00:00-05:00,GOOGL,-0.0008271420003246321
2025-12-26 00:00:00-05:00,GOOGL,-0.0018464359524886786
2025-12-29 00:00:00-05:00,GOOGL,0.0001594582008006551
2025-12-30 00:00:00-05:00,GOOGL,0.0009248270553916527
2023-01-04 00:00:00-05:00,JPM,0.009325068882413579
2023-01-05 00:00:00-05:00,JPM,-0.00022169340529010206
2023-01-06 00:00:00-05:00,JPM,0.01913548507331586
2023-01-09 00:00:00-05:00,JPM,-0.0041322039046362
2023-01-10 00:00:00-05:00,JPM,0.008954145412494396
2023-01-11 00:00:00-05:00,JPM,0.00743161757216404
2023-01-12 00:00:00-05:00,JPM,-0.0010026448548765554
2023-01-13 00:00:00-05:00,JPM,0.02523464081110771
2023-01-17 00:00:00-05:00,JPM,-0.01545335667818415
2023-01-18 00:00:00-05:00,JPM,-0.030042850389690012
2023-01-19 00:00:00-05:00,JPM,-0.013326375726972817
2023-01-20 00:00:00-05:00,JPM,0.0024489238783673706
2023-01-23 00:00:00-05:00,JPM,0.01621282567142468
2023-01-24 00:00:00-05:00,JPM,0.008595982151329506
2023-01-25 00:00:00-05:00,JPM,0.0048390556574731125
2023-01-26 00:00:00-05:00,JPM,0.006182025187508211
2023-01-27 00:00:00-05:00,JPM,0.0024288559668914633
2023-01-30 00:00:00-05:00,JPM,-0.00848057503447619
2023-01-31 00:00:00-05:00,JPM,0.0059659204728605975
2023-02-01 00:00:00-05:00,JPM,-0.002644054776712479
2023-02-02 00:00:00-05:00,JPM,-0.004656573829055044
2023-02-03 00:00:00-05:00,JPM,0.015474370454885866
2023-02-06 00:00:00-05:00,JPM,0.00588292669888113
2023-02-07 00:00:00-05:00,JPM,0.012190040720880368
2023-02-08 00:00:00-05:00,JPM,-0.007030976620868601
2023-02-09 00:00:00-05:00,JPM,-0.015563597266076146
2023-02-10 00:00:00-05:00,JPM,0.004414899744788592
2023-02-13 00:00:00-05:00,JPM,0.010848238882202876
2023-02-14 00:00:00-05:00,JPM,0.0044188608601789525
2023-02-15 00:00:00-05:00,JPM,0.004189891220379494
2023-02-16 00:00:00-05:00,JPM,-0.013769157666551846
2023-02-17 00:00:00-05:00,JPM,0.0029613700468109627
2023-02-21 00:00:00-05:00,JPM,-0.018348820153072376
2023-02-22 00:00:00-05:00,JPM,-0.007663528307718104
2023-02-23 00:00:00-05:00,JPM,0.008011120952897022
2023-02-24 00:00:00-05:00,JPM,0.009021221827481885
2023-02-27 00:00:00-05:00,JPM,0.008727780180546096
2023-02-28 00:00:00-05:00,JPM,0.008371159286940655
2023-03-01 00:00:00-05:00,JPM,-0.0055809821065415655
2023-03-02 00:00:00-05:00,JPM,-0.010382089917311155
2023-03-03 00:00:00-05:00,JPM,0.01835935283228496
2023-03-06 00:00:00-05:00,JPM,-0.005846996435592278
2023-03-07 00:00:00-05:00,JPM,-0.029407850872270935
2023-03-08 00:00:00-05:00,JPM,-0.00591526294989575
2023-03-09 00:00:00-05:00,JPM,-0.05413661412637294
2023-03-10 00:00:00-05:00,JPM,0.025395365405457948
2023-03-13 00:00:00-04:00,JPM,-0.017957369903342624
2023-03-14 00:00:00-04:00,JPM,0.025676182919591284
2023-03-15 00:00:00-04:00,JPM,-0.04724412012611223
2023-03-16 00:00:00-04:00,JPM,0.019413625046998284
2023-03-17 00:00:00-04:00,JPM,-0.03778193755219128
2023-03-20 00:00:00-04:00,JPM,0.010571445475043184
2023-03-21 00:00:00-04:00,JPM,0.026820717413437833
2023-03-22 00:00:00-04:00,JPM,-0.025813734357889695
2023-03-23 00:00:00-04:00,JPM,-0.0026734377455829295
2023-03-24 00:00:00-04:00,JPM,-0.015215975701906248
2023-03-27 00:00:00-04:00,JPM,0.028660687115998895
2023-03-28 00:00:00-04:00,JPM,0.0030352041457351042
2023-03-29 00:00:00-04:00,JPM,0.0020174533230901126
2023-03-30 00:00:00-04:00,JPM,-0.003020055079277606
2023-03-31 00:00:00-04:00,JPM,0.012116492586069949
2023-04-03 00:00:00-04:00,JPM,-0.0011510866430538558
2023-04-04 00:00:00-04:00,JPM,-0.013368043608834257
2023-04-05 00:00:00-04:00,JPM,0.0014909946870433899
2023-04-06 00:00:00-04:00,JPM,-0.0010970969724791724
2023-04-10 00:00:00-04:00,JPM,0.003294776998554072
2023-04-11 00:00:00-04:00,JPM,0.004926224374582899
2023-04-12 00:00:00-04:00,JPM,-0.0001556640152492461
2023-04-13 00:00:00-04:00,JPM,0.0038133403884761385
2023-04-14 00:00:00-04:00,JPM,0.07550962789869775
2023-04-17 00:00:00-04:00,JPM,0.007928941428825498
2023-04-18 00:00:00-04:00,JPM,0.011228028004812707
2023-04-19 00:00:00-04:00,JPM,-0.0012728982699284908
2023-04-20 00:00:00-04:00,JPM,-0.0029033781594560715
2023-04-21 00:00:00-04:00,JPM,-0.0019174059691920986
2023-04-24 00:00:00-04:00,JPM,0.0013518042546334375
2023-04-25 00:00:00-04:00,JPM,-0.021743810398339503
2023-04-26 00:00:00-04:00,JPM,-0.01772344356448252
2023-04-27 00:00:00-04:00,JPM,0.013458726833993184
2023-04-28 00:00:00-04:00,JPM,0.008682905548786035
2023-05-01 00:00:00-04:00,JPM,0.021411983791959965
2023-05-02 00:00:00-04:00,JPM,-0.016147222349753076
2023-05-03 00:00:00-04:00,JPM,-0.021163281081191587
2023-05-04 00:00:00-04:00,JPM,-0.013678560467108802
2023-05-05 00:00:00-04:00,JPM,0.019534795275732098
2023-05-08 00:00:00-04:00,JPM,0.002413155622853047
2023-05-09 00:00:00-04:00,JPM,-0.0048149919749136405
2023-05-10 00:00:00-04:00,JPM,0.0005132511373546755
2023-05-11 00:00:00-04:00,JPM,-0.003150558265095804
2023-05-12 00:00:00-04:00,JPM,-0.014333179750769198
2023-05-15 00:00:00-04:00,JPM,0.008426603091983953
2023-05-16 00:00:00-04:00,JPM,-0.0067291510337421645
2023-05-17 00:00:00-04:00,JPM,0.030747372981733134
2023-05-18 00:00:00-04:00,JPM,0.007583906253445072
2023-05-19 00:00:00-04:00,JPM,-0.002293764705882384
2023-05-22 00:00:00-04:00,JPM,-0.008262599517976699
2023-05-23 00:00:00-04:00,JPM,-0.010432519994216682
2023-05-24 00:00:00-04:00,JPM,-0.009151668511022226
2023-05-25 00:00:00-04:00,JPM,0.0024384821070357887
2023-05-26 00:00:00-04:00,JPM,0.009360885463337132
2023-05-30 00:00:00-04:00,JPM,0.0037972125051781713
2023-05-31 00:00:00-04:00,JPM,-0.012730936681766059
2023-06-01 00:00:00-04:00,JPM,0.013779604451238603
2023-06-02 00:00:00-04:00,JPM,0.021005513112915875
2023-06-05 00:00:00-04:00,JPM,-0.0098239266427802
2023-06-06 00:00:00-04:00,JPM,0.0017972821063882982
2023-06-07 00:00:00-04:00,JPM,0.009688641713890389
2023-06-08 00:00:00-04:00,JPM,0.0002841641479567336
2023-06-09 00:00:00-04:00,JPM,0.0019897501395345074
2023-06-12 00:00:00-04:00,JPM,-7.099620950068442e-05
2023-06-13 00:00:00-04:00,JPM,0.00723421263920021
2023-06-14 00:00:00-04:00,JPM,-0.003731647705277008
2023-06-15 00:00:00-04:00,JPM,0.011307978487594239
2023-06-16 00:00:00-04:00,JPM,0.001188129441076713
2023-06-20 00:00:00-04:00,JPM,-0.005095596272974623
2023-06-21 00:00:00-04:00,JPM,-0.0014736385884666081
2023-06-22 00:00:00-04:00,JPM,-0.019252226866123268
2023-06-23 00:00:00-04:00,JPM,-0.005229941036177355
2023-06-26 00:00:00-04:00,JPM,0.0024485851489692845
2023-06-27 00:00:00-04:00,JPM,7.16887125178367e-05
2023-06-28 00:00:00-04:00,JPM,-0.004381894238432715
2023-06-29 00:00:00-04:00,JPM,0.0349228627112812
2023-06-30 00:00:00-04:00,JPM,0.014013906119163755
2023-07-03 00:00:00-04:00,JPM,0.008044630428384991
2023-07-05 00:00:00-04:00,JPM,-0.006661758399288398
2023-07-06 00:00:00-04:00,JPM,-0.009886500762476547
2023-07-07 00:00:00-04:00,JPM,0.007890406381253046
2023-07-10 00:00:00-04:00,JPM,0.005611547691549257
2023-07-11 00:00:00-04:00,JPM,0.015639186196793053
2023-07-12 00:00:00-04:00,JPM,0.004951975117947649
2023-07-13 00:00:00-04:00,JPM,0.004859910109486609
2023-07-14 00:00:00-04:00,JPM,0.00604550701619333
2023-07-17 00:00:00-04:00,JPM,0.024103645840362065
2023-07-18 00:00:00-04:00,JPM,0.0018256267668190773
2023-07-19 00:00:00-04:00,JPM,0.0038395697170008347
2023-07-20 00:00:00-04:00,JPM,0.012317486913119291
2023-07-21 00:00:00-04:00,JPM,-0.007684769440215122
2023-07-24 00:00:00-04:00,JPM,0.01968380975904349
2023-07-25 00:00:00-04:00,JPM,-0.007468309743640988
2023-07-26 00:00:00-04:00,JPM,0.005993785446678057
2023-07-27 00:00:00-04:00,JPM,-0.011029245768332308
2023-07-28 00:00:00-04:00,JPM,0.005704520207779451
2023-07-31 00:00:00-04:00,JPM,0.006691642204642578
2023-08-01 00:00:00-04:00,JPM,-0.004937929932845253
2023-08-02 00:00:00-04:00,JPM,-0.011324529064974276
2023-08-03 00:00:00-04:00,JPM,0.006113481787572317
2023-08-04 00:00:00-04:00,JPM,-0.002111000974548749
2023-08-07 00:00:00-04:00,JPM,0.004743058393003707
2023-08-08 00:00:00-04:00,JPM,-0.005613643687099601
2023-08-09 00:00:00-04:00,JPM,-0.013407826486582342
2023-08-10 00:00:00-04:00,JPM,-0.001495378095683897
2023-08-11 00:00:00-04:00,JPM,0.005795692011527853
2023-08-14 00:00:00-04:00,JPM,0.0020718555644814174
2023-08-15 00:00:00-04:00,JPM,-0.025457189088039844
2023-08-16 00:00:00-04:00,JPM,-0.0042431627037410324
2023-08-17 00:00:00-04:00,JPM,-0.01038678189592146
2023-08-18 00:00:00-04:00,JPM,0.0022874363725193803
2023-08-21 00:00:00-04:00,JPM,0.003423542756754383
2023-08-22 00:00:00-04:00,JPM,-0.020738438226638678
2023-08-23 00:00:00-04:00,JPM,0.006763011322239665
2023-08-24 00:00:00-04:00,JPM,-0.000949984305184226
2023-08-25 00:00:00-04:00,JPM,-0.001222459104580298
2023-08-28 00:00:00-04:00,JPM,0.0034682429479300225
2023-08-29 00:00:00-04:00,JPM,0.008132236663330739
2023-08-30 00:00:00-04:00,JPM,-0.0040332088603711735
2023-08-31 00:00:00-04:00,JPM,-0.012351602164698772
2023-09-01 00:00:00-04:00,JPM,0.00334863137975705
2023-09-05 00:00:00-04:00,JPM,-0.011033852935916078
2023-09-06 00:00:00-04:00,JPM,-0.001652994799998253
2023-09-07 00:00:00-04:00,JPM,-0.008554145350643472
2023-09-08 00:00:00-04:00,JPM,0.000765429315228161
2023-09-11 00:00:00-04:00,JPM,0.004380314965180876
2023-09-12 00:00:00-04:00,JPM,0.01301390381572154
2023-09-13 00:00:00-04:00,JPM,0.0004781681648267089
2023-09-14 00:00:00-04:00,JPM,0.019397802746867088
2023-09-15 00:00:00-04:00,JPM,-0.00294816504438411
2023-09-18 00:00:00-04:00,JPM,0.0020832356651172557
2023-09-19 00:00:00-04:00,JPM,-0.0012741886242949585
2023-09-20 00:00:00-04:00,JPM,-0.004230095294798786
2023-09-21 00:00:00-04:00,JPM,-0.007822045094336705
2023-09-22 00:00:00-04:00,JPM,-0.009582819186641833
2023-09-25 00:00:00-04:00,JPM,0.004940614644137531
2023-09-26 00:00:00-04:00,JPM,-0.010379019584273785
2023-09-27 00:00:00-04:00,JPM,0.005865147494120038
2023-09-28 00:00:00-04:00,JPM,0.012415838398095902
2023-09-29 00:00:00-04:00,JPM,-0.01741294576297392
2023-10-02 00:00:00-04:00,JPM,-0.008619617038537863
2023-10-03 00:00:00-04:00,JPM,-0.007372843365937465
2023-10-04 00:00:00-04:00,JPM,0.004484706482728029
2023-10-05 00:00:00-04:00,JPM,0.004216348804081171
2023-10-06 00:00:00-04:00,JPM,0.015395298979568706
2023-10-09 00:00:00-04:00,JPM,-0.0022742927529402213
2023-10-10 00:00:00-04:00,JPM,0.006078530691293382
2023-10-11 00:00:00-04:00,JPM,0.0034331620973748755
2023-10-12 00:00:00-04:00,JPM,-0.0023268151804403114
2023-10-13 00:00:00-04:00,JPM,0.015019806356344034
2023-10-16 00:00:00-04:00,JPM,-0.0010134634298226697
2023-10-17 00:00:00-04:00,JPM,-0.0021644675801540947
2023-10-18 00:00:00-04:00,JPM,-0.010980714215835352
2023-10-19 00:00:00-04:00,JPM,-0.0042492063372369104
2023-10-20 00:00:00-04:00,JPM,-0.016105702785697784
2023-10-23 00:00:00-04:00,JPM,-0.013641137657931846
2023-10-24 00:00:00-04:00,JPM,0.0012056141270526677
2023-10-25 00:00:00-04:00,JPM,-0.005454376447106668
2023-10-26 00:00:00-04:00,JPM,0.0025640910395798855
2023-10-27 00:00:00-04:00,JPM,-0.036018814175417635
2023-10-30 00:00:00-04:00,JPM,0.012749855235882013
2023-10-31 00:00:00-04:00,JPM,0.011933977920816297
2023-11-01 00:00:00-04:00,JPM,-0.0008630106446899655
2023-11-02 00:00:00-04:00,JPM,0.017849600234775886
2023-11-03 00:00:00-04:00,JPM,0.01117229972627598
2023-11-06 00:00:00-05:00,JPM,0.007552527564439915
2023-11-07 00:00:00-05:00,JPM,-0.00048592949429193677
2023-11-08 00:00:00-05:00,JPM,0.004930419424967081
2023-11-09 00:00:00-05:00,JPM,-0.002971331281859557
2023-11-10 00:00:00-05:00,JPM,0.014831182016880717
2023-11-13 00:00:00-05:00,JPM,-0.004438872326867016
2023-11-14 00:00:00-05:00,JPM,0.018246546758198257
2023-11-15 00:00:00-05:00,JPM,0.008757641803588179
2023-11-16 00:00:00-05:00,JPM,0.011419988010012094
2023-11-17 00:00:00-05:00,JPM,0.009045976457662253
2023-11-20 00:00:00-05:00,JPM,0.0030753612803058328
2023-11-21 00:00:00-05:00,JPM,-0.0020873378025056954
2023-11-22 00:00:00-05:00,JPM,0.002353180103902952
2023-11-24 00:00:00-05:00,JPM,0.0013696328784493783
2023-11-27 00:00:00-05:00,JPM,-0.0022796343775018935
2023-11-28 00:00:00-05:00,JPM,0.002284842984115576
2023-11-29 00:00:00-05:00,JPM,0.005080174483923505
2023-11-30 00:00:00-05:00,JPM,0.011404727973353124
2023-12-01 00:00:00-05:00,JPM,0.004869161184380966
2023-12-04 00:00:00-05:00,JPM,0.007332571354999873
2023-12-05 00:00:00-05:00,JPM,-0.00012678885712336108
2023-12-06 00:00:00-05:00,JPM,-0.010508011500941272
2023-12-07 00:00:00-05:00,JPM,0.0030704615122483236
2023-12-08 00:00:00-05:00,JPM,0.011034149393107429
2023-12-11 00:00:00-05:00,JPM,0.003658765251192131
2023-12-12 00:00:00-05:00,JPM,0.008925373334692122
2023-12-13 00:00:00-05:00,JPM,0.003363799146586244
2023-12-14 00:00:00-05:00,JPM,0.018192185874239986
2023-12-15 00:00:00-05:00,JPM,0.007561259482407934
2023-12-18 00:00:00-05:00,JPM,0.006052066851043092
2023-12-19 00:00:00-05:00,JPM,0.013355305679066287
2023-12-20 00:00:00-05:00,JPM,-0.011279328646244258
2023-12-21 00:00:00-05:00,JPM,0.005703807330982302
2023-12-22 00:00:00-05:00,JPM,-0.0005970820548780731
2023-12-26 00:00:00-05:00,JPM,0.005914073592935498
2023-12-27 00:00:00-05:00,JPM,0.005997876816947301
2023-12-28 00:00:00-05:00,JPM,0.0053130846781048735
2023-12-29 00:00:00-05:00,JPM,-0.0011744349985239877
2024-01-02 00:00:00-05:00,JPM,0.011640301730288183
2024-01-03 00:00:00-05:00,JPM,-0.004358598076120046
2024-01-04 00:00:00-05:00,JPM,0.006636214755763037
2024-01-05 00:00:00-05:00,JPM,0.005017175179702793
2024-01-08 00:00:00-05:00,JPM,-0.0014511133946401022
2024-01-09 00:00:00-05:00,JPM,-0.007906201776418098
2024-01-10 00:00:00-05:00,JPM,0.002109523934714863
2024-01-11 00:00:00-05:00,JPM,-0.004209978359590361
2024-01-12 00:00:00-05:00,JPM,-0.007339969680722147
2024-01-16 00:00:00-05:00,JPM,-0.006270409557171064
2024-01-17 00:00:00-05:00,JPM,-0.0053575825200004035
2024-01-18 00:00:00-05:00,JPM,0.001975102087523828
2024-01-19 00:00:00-05:00,JPM,0.017261860222838266
2024-01-22 00:00:00-05:00,JPM,-0.0011743452814962918
2024-01-23 00:00:00-05:00,JPM,-0.0065839521012427404
2024-01-24 00:00:00-05:00,JPM,0.008935434071031478
2024-01-25 00:00:00-05:00,JPM,0.01431091478653368
2024-01-26 00:00:00-05:00,JPM,-0.003816395324325206
2024-01-29 00:00:00-05:00,JPM,0.0026122260768024486
2024-01-30 00:00:00-05:00,JPM,0.020494420015882975
2024-01-31 00:00:00-05:00,JPM,-0.010835672949006891
2024-02-01 00:00:00-05:00,JPM,-0.0036133043976304124
2024-02-02 00:00:00-05:00,JPM,0.005756044035995389
2024-02-05 00:00:00-05:00,JPM,-0.0013162839193674447
2024-02-06 00:00:00-05:00,JPM,0.003438349997488821
2024-02-07 00:00:00-05:00,JPM,0.0018845666208535672
2024-02-08 00:00:00-05:00,JPM,-0.0035910831137508925
2024-02-09 00:00:00-05:00,JPM,0.0012013111568853763
2024-02-12 00:00:00-05:00,JPM,0.0044570134582417875
2024-02-13 00:00:00-05:00,JPM,-0.008703588659153216
2024-02-14 00:00:00-05:00,JPM,0.010157148102782454
2024-02-15 00:00:00-05:00,JPM,0.02181445086895306
2024-02-16 00:00:00-05:00,JPM,-0.004669978166417121
2024-02-20 00:00:00-05:00,JPM,0.003909967538349823
2024-02-21 00:00:00-05:00,JPM,0.006509812946220883
2024-02-22 00:00:00-05:00,JPM,0.011995522491815791
2024-02-23 00:00:00-05:00,JPM,0.005025538795365714
2024-02-26 00:00:00-05:00,JPM,-0.003424272003512918
2024-02-27 00:00:00-05:00,JPM,0.000490875090750853
2024-02-28 00:00:00-05:00,JPM,0.005069565835586376
2024-02-29 00:00:00-05:00,JPM,0.00911167095416121
2024-03-01 00:00:00-05:00,JPM,-0.004138553334338768
2024-03-04 00:00:00-05:00,JPM,0.00750166940025343
2024-03-05 00:00:00-05:00,JPM,0.010017282970282926
2024-03-06 00:00:00-05:00,JPM,0.005197519826098951
2024-03-07 00:00:00-05:00,JPM,-0.008758533495031195
2024-03-08 00:00:00-05:00,JPM,0.0018628659168808959
2024-03-11 00:00:00-04:00,JPM,0.0003720000341753682
2024-03-12 00:00:00-04:00,JPM,0.008232030769719456
2024-03-13 00:00:00-04:00,JPM,0.008112128379065275
2024-03-14 00:00:00-04:00,JPM,-0.017818123884739245
2024-03-15 00:00:00-04:00,JPM,0.012395675364542669
2024-03-18 00:00:00-04:00,JPM,0.012401505402731328
2024-03-19 00:00:00-04:00,JPM,0.005865163589292788
2024-03-20 00:00:00-04:00,JPM,0.013107076405569629
2024-03-21 00:00:00-04:00,JPM,0.013905098981334074
2024-03-22 00:00:00-04:00,JPM,-0.012257665120395056
2024-03-25 00:00:00-04:00,JPM,-0.00915451308932036
2024-03-26 00:00:00-04:00,JPM,0.004670764932374061
2024-03-27 00:00:00-04:00,JPM,0.019363580053836538
2024-03-28 00:00:00-04:00,JPM,0.003909411337147839
2024-04-01 00:00:00-04:00,JPM,-0.0067898589593485825
2024-04-02 00:00:00-04:00,JPM,-0.00040215292060830077
2024-04-03 00:00:00-04:00,JPM,-0.00281604125395718
2024-04-04 00:00:00-04:00,JPM,-0.007608393659033985
2024-04-05 00:00:00-04:00,JPM,0.009200070146203831
2024-04-08 00:00:00-04:00,JPM,0.005216487088702593
2024-04-09 00:00:00-04:00,JPM,-0.006700979233231319
2024-04-10 00:00:00-04:00,JPM,-0.008521369150904956
2024-04-11 00:00:00-04:00,JPM,-0.00020472697657847316
2024-04-12 00:00:00-04:00,JPM,-0.06467792952873863
2024-04-15 00:00:00-04:00,JPM,0.0005472781592630316
2024-04-16 00:00:00-04:00,JPM,-0.011427634799636377
2024-04-17 00:00:00-04:00,JPM,-0.003982322287961471
2024-04-18 00:00:00-04:00,JPM,0.006497125257348024
2024-04-19 00:00:00-04:00,JPM,0.025103507455438878
2024-04-22 00:00:00-04:00,JPM,0.0194294708675824
2024-04-23 00:00:00-04:00,JPM,0.014413008653832104
2024-04-24 00:00:00-04:00,JPM,0.0048924270976689055
2024-04-25 00:00:00-04:00,JPM,0.001501835830141296
2024-04-26 00:00:00-04:00,JPM,0.000620685606658844
2024-04-29 00:00:00-04:00,JPM,-0.0010855053838572104
2024-04-30 00:00:00-04:00,JPM,-0.007967534283062516
2024-05-01 00:00:00-04:00,JPM,0.0006258786565871421
2024-05-02 00:00:00-04:00,JPM,-0.0010424786291880483
2024-05-03 00:00:00-04:00,JPM,-0.0060002989722163225
2024-05-06 00:00:00-04:00,JPM,0.007821124311691463
2024-05-07 00:00:00-04:00,JPM,-0.0013020233739675646
2024-05-08 00:00:00-04:00,JPM,0.020338995769744406
2024-05-09 00:00:00-04:00,JPM,0.009455682128522103
2024-05-10 00:00:00-04:00,JPM,0.006430335602416015
2024-05-13 00:00:00-04:00,JPM,-0.00020132807354689142
2024-05-14 00:00:00-04:00,JPM,0.013988803325776011
2024-05-15 00:00:00-04:00,JPM,0.0029775890977823405
2024-05-16 00:00:00-04:00,JPM,0.0017812179870029254
2024-05-17 00:00:00-04:00,JPM,0.011458427350824252
2024-05-20 00:00:00-04:00,JPM,-0.04497284130853563
2024-05-21 00:00:00-04:00,JPM,0.02014539620510858
2024-05-22 00:00:00-04:00,JPM,-0.006064816165193165
2024-05-23 00:00:00-04:00,JPM,-0.007009134634415881
2024-05-24 00:00:00-04:00,JPM,0.019246339045129846
2024-05-28 00:00:00-04:00,JPM,-0.006028620533856555
2024-05-29 00:00:00-04:00,JPM,-0.006967405780141878
2024-05-30 00:00:00-04:00,JPM,0.006158260218048994
2024-05-31 00:00:00-04:00,JPM,0.01655556420027482
2024-06-03 00:00:00-04:00,JPM,-0.0039976720618064565
2024-06-04 00:00:00-04:00,JPM,-0.013179928084853243
2024-06-05 00:00:00-04:00,JPM,-0.009540062216435885
2024-06-06 00:00:00-04:00,JPM,-0.0017742748864119084
2024-06-07 00:00:00-04:00,JPM,0.015438401111649958
2024-06-10 00:00:00-04:00,JPM,-0.0017004300570402364
2024-06-11 00:00:00-04:00,JPM,-0.026301199312902535
2024-06-12 00:00:00-04:00,JPM,-0.014560635808727018
2024-06-13 00:00:00-04:00,JPM,0.011120985301350528
2024-06-14 00:00:00-04:00,JPM,0.0006195910137920535
2024-06-17 00:00:00-04:00,JPM,0.006192733632587988
2024-06-18 00:00:00-04:00,JPM,0.010359978588634133
2024-06-20 00:00:00-04:00,JPM,0.008477052259519224
2024-06-21 00:00:00-04:00,JPM,-0.011929241695039505
2024-06-24 00:00:00-04:00,JPM,0.013143151794114294
2024-06-25 00:00:00-04:00,JPM,-0.00407280974432378
2024-06-26 00:00:00-04:00,JPM,-0.0032312612315407163
2024-06-27 00:00:00-04:00,JPM,0.00881328536040038
2024-06-28 00:00:00-04:00,JPM,0.015514396110539952
2024-07-01 00:00:00-04:00,JPM,0.015771735580202062
2024-07-02 00:00:00-04:00,JPM,0.016451812321871317
2024-07-03 00:00:00-04:00,JPM,-0.0006705117096088564
2024-07-05 00:00:00-04:00,JPM,-0.013250457292735107
2024-07-08 00:00:00-04:00,JPM,0.001855597121448671
2024-07-09 00:00:00-04:00,JPM,0.011989986555176468
2024-07-10 00:00:00-04:00,JPM,0.0008189259342985533
2024-07-11 00:00:00-04:00,JPM,-0.001684333820838546
2024-07-12 00:00:00-04:00,JPM,-0.012099332204053126
2024-07-15 00:00:00-04:00,JPM,0.02493415900493634
2024-07-16 00:00:00-04:00,JPM,0.016995903040337046
2024-07-17 00:00:00-04:00,JPM,0.015213801313420428
2024-07-18 00:00:00-04:00,JPM,-0.031770046605853475
2024-07-19 00:00:00-04:00,JPM,-0.0009524949666331883
2024-07-22 00:00:00-04:00,JPM,0.0023833182125834185
2024-07-23 00:00:00-04:00,JPM,0.00023802979682407965
2024-07-24 00:00:00-04:00,JPM,-0.008272817622531847
2024-07-25 00:00:00-04:00,JPM,0.00038341491889548607
2024-07-26 00:00:00-04:00,JPM,0.01710853348798147
2024-07-29 00:00:00-04:00,JPM,-0.006549195868991831
2024-07-30 00:00:00-04:00,JPM,0.020583229715633422
2024-07-31 00:00:00-04:00,JPM,-0.011106437300369199
2024-08-01 00:00:00-04:00,JPM,-0.022744484944703047
2024-08-02 00:00:00-04:00,JPM,-0.042411831438969094
2024-08-05 00:00:00-04:00,JPM,-0.02129161129565449
2024-08-06 00:00:00-04:00,JPM,0.027911715961946193
2024-08-07 00:00:00-04:00,JPM,0.00029944266204773307
2024-08-08 00:00:00-04:00,JPM,0.018263470013284877
2024-08-09 00:00:00-04:00,JPM,0.008527090226785994
2024-08-12 00:00:00-04:00,JPM,0.0018949316161231966
2024-08-13 00:00:00-04:00,JPM,0.008487275063652877
2024-08-14 00:00:00-04:00,JPM,0.011061039993301769
2024-08-15 00:00:00-04:00,JPM,0.0062309409514924585
2024-08-16 00:00:00-04:00,JPM,0.011439287395701658
2024-08-19 00:00:00-04:00,JPM,0.0069169826101243
2024-08-20 00:00:00-04:00,JPM,-0.004316700093731529
2024-08-21 00:00:00-04:00,JPM,0.000373038527401226
2024-08-22 00:00:00-04:00,JPM,0.009459405493261075
2024-08-23 00:00:00-04:00,JPM,0.0077550843657177015
2024-08-26 00:00:00-04:00,JPM,0.003939470964518632
2024-08-27 00:00:00-04:00,JPM,0.004608193633944602
2024-08-28 00:00:00-04:00,JPM,0.005041348925514333
2024-08-29 00:00:00-04:00,JPM,0.004157513748866304
2024-08-30 00:00:00-04:00,JPM,0.011655708009040922
2024-09-03 00:00:00-04:00,JPM,-0.020017893049245616
2024-09-04 00:00:00-04:00,JPM,-0.004403039415091348
2024-09-05 00:00:00-04:00,JPM,-0.0077508134990496025
2024-09-06 00:00:00-04:00,JPM,-0.023755899997844776
2024-09-09 00:00:00-04:00,JPM,0.020474323894920765
2024-09-10 00:00:00-04:00,JPM,-0.05188879292510351
2024-09-11 00:00:00-04:00,JPM,0.008124220368230128
2024-09-12 00:00:00-04:00,JPM,-0.0030401862536072466
2024-09-13 00:00:00-04:00,JPM,-0.011035811881800695
2024-09-16 00:00:00-04:00,JPM,0.017325776312954178
2024-09-17 00:00:00-04:00,JPM,0.0066872005381459765
2024-09-18 00:00:00-04:00,JPM,-0.008219851956497548
2024-09-19 00:00:00-04:00,JPM,0.014214835585417696
2024-09-20 00:00:00-04:00,JPM,0.0028981368904157367
2024-09-23 00:00:00-04:00,JPM,0.0016581576929508568
2024-09-24 00:00:00-04:00,JPM,0.0007094196399901609
2024-09-25 00:00:00-04:00,JPM,-0.006616581106715591
2024-09-26 00:00:00-04:00,JPM,-0.001950667559181385
2024-09-27 00:00:00-04:00,JPM,0.003432220764465699
2024-09-30 00:00:00-04:00,JPM,0.0017102404594158127
2024-10-01 00:00:00-04:00,JPM,-0.01811650920589769
2024-10-02 00:00:00-04:00,JPM,0.0012076986758782216
2024-10-03 00:00:00-04:00,JPM,-0.00993788076660096
2024-10-04 00:00:00-04:00,JPM,0.035493751599829704
2024-10-07 00:00:00-04:00,JPM,-0.0013730603054191715
2024-10-08 00:00:00-04:00,JPM,-0.0008533489488449231
2024-10-09 00:00:00-04:00,JPM,0.012668995297098418
2024-10-10 00:00:00-04:00,JPM,-0.0027175909087139294
2024-10-11 00:00:00-04:00,JPM,0.04439959831530027
2024-10-14 00:00:00-04:00,JPM,-0.0036438965550262825
2024-10-15 00:00:00-04:00,JPM,0.004108739169197628
2024-10-16 00:00:00-04:00,JPM,0.005620714141512995
2024-10-17 00:00:00-04:00,JPM,0.003487782057361777
2024-10-18 00:00:00-04:00,JPM,0.0042331391809546925
2024-10-21 00:00:00-04:00,JPM,-0.010516044978108319
2024-10-22 00:00:00-04:00,JPM,0.005022397474798268
2024-10-23 00:00:00-04:00,JPM,-0.0031679457590825244
2024-10-24 00:00:00-04:00,JPM,0.007027379596697525
2024-10-25 00:00:00-04:00,JPM,-0.011867680775023093
2024-10-28 00:00:00-04:00,JPM,0.01434936036371992
2024-10-29 00:00:00-04:00,JPM,-0.011529998557751497
2024-10-30 00:00:00-04:00,JPM,0.006774331684256341
2024-10-31 00:00:00-04:00,JPM,-0.01109573518681961
2024-11-01 00:00:00-04:00,JPM,0.004596361407341432
2024-11-04 00:00:00-05:00,JPM,-0.014174341070671281
2024-11-05 00:00:00-05:00,JPM,0.0077805892246087804
2024-11-06 00:00:00-05:00,JPM,0.11544540462588992
2024-11-07 00:00:00-05:00,JPM,-0.043228340558866485
2024-11-08 00:00:00-05:00,JPM,0.0025381971392834934
2024-11-11 00:00:00-05:00,JPM,0.009747645128207916
2024-11-12 00:00:00-05:00,JPM,0.0011283845510245971
2024-11-13 00:00:00-05:00,JPM,0.006678964241052299
2024-11-14 00:00:00-05:00,JPM,0.0029439722616817487
2024-11-15 00:00:00-05:00,JPM,0.01422262673094088
2024-11-18 00:00:00-05:00,JPM,-0.0011413429967942479
2024-11-19 00:00:00-05:00,JPM,-0.007917525087028698
2024-11-20 00:00:00-05:00,JPM,-0.009502640702290788
2024-11-21 00:00:00-05:00,JPM,0.016529552114632695
2024-11-22 00:00:00-05:00,JPM,0.015484626426317538
2024-11-25 00:00:00-05:00,JPM,0.007000588251600881
2024-11-26 00:00:00-05:00,JPM,-0.0012784386783515345
2024-11-27 00:00:00-05:00,JPM,-0.0007202003360640141
2024-11-29 00:00:00-05:00,JPM,-0.0002802024416773685
2024-12-02 00:00:00-05:00,JPM,-0.013895519554486757
2024-12-03 00:00:00-05:00,JPM,-0.005807055808971451
2024-12-04 00:00:00-05:00,JPM,-0.005800243804276239
2024-12-05 00:00:00-05:00,JPM,0.008545535219338651
2024-12-06 00:00:00-05:00,JPM,0.007658576062092637
2024-12-09 00:00:00-05:00,JPM,-0.014351615440772014
2024-12-10 00:00:00-05:00,JPM,-0.0038964813506229268
2024-12-11 00:00:00-05:00,JPM,0.0027587361115601894
2024-12-12 00:00:00-05:00,JPM,-0.008212557533748721
2024-12-13 00:00:00-05:00,JPM,-0.006582876121003056
2024-12-16 00:00:00-05:00,JPM,-0.0015006124559000522
2024-12-17 00:00:00-05:00,JPM,-0.005092098797191302
2024-12-18 00:00:00-05:00,JPM,-0.033520712381603035
2024-12-19 00:00:00-05:00,JPM,0.011242901243926129
2024-12-20 00:00:00-05:00,JPM,0.019917582044857385
2024-12-23 00:00:00-05:00,JPM,0.003324828324618778
2024-12-24 00:00:00-05:00,JPM,0.016443497605675983
2024-12-26 00:00:00-05:00,JPM,0.003425464723315619
2024-12-27 00:00:00-05:00,JPM,-0.008102173294877502
2024-12-30 00:00:00-05:00,JPM,-0.007671007500965832
2024-12-31 00:00:00-05:00,JPM,0.0016295669127790458
2025-01-02 00:00:00-05:00,JPM,0.001209803502358442
2025-01-03 00:00:00-05:00,JPM,0.01366661991594098
2025-01-06 00:00:00-05:00,JPM,-0.004875382637053671
2025-01-07 00:00:00-05:00,JPM,0.009632538547452496
2025-01-08 00:00:00-05:00,JPM,-0.00016447926698104354
2025-01-10 00:00:00-05:00,JPM,-0.013408558764873013
2025-01-13 00:00:00-05:00,JPM,0.018093221547090144
2025-01-14 00:00:00-05:00,JPM,0.013349196186606127
2025-01-15 00:00:00-05:00,JPM,0.019719513357263185
2025-01-16 00:00:00-05:00,JPM,0.0076085476853471334
2025-01-17 00:00:00-05:00,JPM,0.01923153617763007
2025-01-21 00:00:00-05:00,JPM,0.014932676439790127
2025-01-22 00:00:00-05:00,JPM,-0.0007222267848290276
2025-01-23 00:00:00-05:00,JPM,0.011832252181001923
2025-01-24 00:00:00-05:00,JPM,-0.004173816730878355
2025-01-27 00:00:00-05:00,JPM,0.0038138764647384082
2025-01-28 00:00:00-05:00,JPM,0.004852399001890939
2025-01-29 00:00:00-05:00,JPM,-0.0020964444485771505
2025-01-30 00:00:00-05:00,JPM,0.006189547961890085
2025-01-31 00:00:00-05:00,JPM,-0.0034672152565442538
2025-02-03 00:00:00-05:00,JPM,-0.001833217659306663
2025-02-04 00:00:00-05:00,JPM,0.00423531663405341
2025-02-05 00:00:00-05:00,JPM,0.009293115778499228
2025-02-06 00:00:00-05:00,JPM,0.023924814105505954
2025-02-07 00:00:00-05:00,JPM,-0.003972652471149085
2025-02-10 00:00:00-05:00,JPM,-0.017258824681575247
2025-02-11 00:00:00-05:00,JPM,0.014573352968650699
2025-02-12 00:00:00-05:00,JPM,0.001672981941948759
2025-02-13 00:00:00-05:00,JPM,0.0031586422655558444
2025-02-14 00:00:00-05:00,JPM,0.000976926664954414
2025-02-18 00:00:00-05:00,JPM,0.012147995963779579
2025-02-19 00:00:00-05:00,JPM,-0.0025005599106658893
2025-02-20 00:00:00-05:00,JPM,-0.04458366639668787
2025-02-21 00:00:00-05:00,JPM,-0.009595170205107917
2025-02-24 00:00:00-05:00,JPM,-0.010974961513440129
2025-02-25 00:00:00-05:00,JPM,-0.01507606341878831
2025-02-26 00:00:00-05:00,JPM,0.005400344720528638
2025-02-27 00:00:00-05:00,JPM,0.0010044641365478668
2025-02-28 00:00:00-05:00,JPM,0.02161758062061092
2025-03-03 00:00:00-05:00,JPM,-0.015227781973839116
2025-03-04 00:00:00-05:00,JPM,-0.03978967615984952
2025-03-05 00:00:00-05:00,JPM,0.00511486761938551
2025-03-06 00:00:00-05:00,JPM,-0.019838627271726028
2025-03-07 00:00:00-05:00,JPM,-0.017279130074620563
2025-03-10 00:00:00-04:00,JPM,-0.04152219428651527
2025-03-11 00:00:00-04:00,JPM,-0.013263182752229596
2025-03-12 00:00:00-04:00,JPM,-0.005411672135538725
2025-03-13 00:00:00-04:00,JPM,-0.011891083825690818
2025-03-14 00:00:00-04:00,JPM,0.032195018419205246
2025-03-17 00:00:00-04:00,JPM,0.006410224325384961
2025-03-18 00:00:00-04:00,JPM,0.0044458474396404934
2025-03-19 00:00:00-04:00,JPM,0.017619099458436427
2025-03-20 00:00:00-04:00,JPM,-0.000418180213842656
2025-03-21 00:00:00-04:00,JPM,0.010962023481301708
2025-03-24 00:00:00-04:00,JPM,0.02661076554994346
2025-03-25 00:00:00-04:00,JPM,0.012376073684760902
2025-03-26 00:00:00-04:00,JPM,-0.00039816456153851654
2025-03-27 00:00:00-04:00,JPM,-0.011592331277104795
2025-03-28 00:00:00-04:00,JPM,-0.021239600627075084
2025-03-31 00:00:00-04:00,JPM,0.010088536400891357
2025-04-01 00:00:00-04:00,JPM,-0.006685670061961302
2025-04-02 00:00:00-04:00,JPM,0.008864857652152613
2025-04-03 00:00:00-04:00,JPM,-0.06968516811463821
2025-04-04 00:00:00-04:00,JPM,-0.0748383832377113
2025-04-07 00:00:00-04:00,JPM,0.01978311242739772
2025-04-08 00:00:00-04:00,JPM,0.011331853062632957
2025-04-09 00:00:00-04:00,JPM,0.08055519330102112
2025-04-10 00:00:00-04:00,JPM,-0.03085262909005604
2025-04-11 00:00:00-04:00,JPM,0.04002466138414196
2025-04-14 00:00:00-04:00,JPM,-0.006265793898877159
2025-04-15 00:00:00-04:00,JPM,-0.0067740967837669475
2025-04-16 00:00:00-04:00,JPM,-0.015098866742150663
2025-04-17 00:00:00-04:00,JPM,0.010234810974314223
2025-04-21 00:00:00-04:00,JPM,-0.01280396646568338
2025-04-22 00:00:00-04:00,JPM,0.02882226822920586
2025-04-23 00:00:00-04:00,JPM,0.02245422282333731
2025-04-24 00:00:00-04:00,JPM,0.01560940105904951
2025-04-25 00:00:00-04:00,JPM,-0.004455511313627536
2025-04-28 00:00:00-04:00,JPM,-0.0013549473928955447
2025-04-29 00:00:00-04:00,JPM,0.005756012156142631
2025-04-30 00:00:00-04:00,JPM,0.0
2025-05-01 00:00:00-04:00,JPM,0.009279747843812025
2025-05-02 00:00:00-04:00,JPM,0.02276318968953439
2025-05-05 00:00:00-04:00,JPM,0.00019795792079202457
2025-05-06 00:00:00-04:00,JPM,-0.013105759571480857
2025-05-07 00:00:00-04:00,JPM,0.0005617699999147518
2025-05-08 00:00:00-04:00,JPM,0.0163598757895278
2025-05-09 00:00:00-04:00,JPM,-0.0015387045217569728
2025-05-12 00:00:00-04:00,JPM,0.02754074064744194
2025-05-13 00:00:00-04:00,JPM,0.01138245656117065
2025-05-14 00:00:00-04:00,JPM,0.009999777803839205
2025-05-15 00:00:00-04:00,JPM,0.006963998849431441
2025-05-16 00:00:00-04:00,JPM,0.0002617024209810026
2025-05-19 00:00:00-04:00,JPM,-0.010016375482095552
2025-05-20 00:00:00-04:00,JPM,0.0030202373244183622
2025-05-21 00:00:00-04:00,JPM,-0.017464488003949508
2025-05-22 00:00:00-04:00,JPM,-0.0014173435732286466
2025-05-23 00:00:00-04:00,JPM,0.000153276943563041
2025-05-27 00:00:00-04:00,JPM,0.017567328881011868
2025-05-28 00:00:00-04:00,JPM,-0.006785061461715536
2025-05-29 00:00:00-04:00,JPM,0.003339799284693079
2025-05-30 00:00:00-04:00,JPM,-0.0013993728237494674
2025-06-02 00:00:00-04:00,JPM,0.0024998620920855252
2025-06-03 00:00:00-04:00,JPM,0.006083399930851829
2025-06-04 00:00:00-04:00,JPM,-0.007698904604683698
2025-06-05 00:00:00-04:00,JPM,-0.008591487391755526
2025-06-06 00:00:00-04:00,JPM,0.014430389638355967
2025-06-09 00:00:00-04:00,JPM,0.0038006478636305463
2025-06-10 00:00:00-04:00,JPM,0.006973242193838436
2025-06-11 00:00:00-04:00,JPM,-0.0016754199603018494
2025-06-12 00:00:00-04:00,JPM,0.00033564634063898424
2025-06-13 00:00:00-04:00,JPM,-0.01226492251268152
2025-06-16 00:00:00-04:00,JPM,0.02041880777998184
2025-06-17 00:00:00-04:00,JPM,-0.0031070913117265953
2025-06-18 00:00:00-04:00,JPM,0.016473688641092776
2025-06-20 00:00:00-04:00,JPM,0.0037963253213531
2025-06-23 00:00:00-04:00,JPM,0.01189081113662227
2025-06-24 00:00:00-04:00,JPM,0.010745048985954853
2025-06-25 00:00:00-04:00,JPM,0.009955039820159328
2025-06-26 00:00:00-04:00,JPM,0.01651070200435467
2025-06-27 00:00:00-04:00,JPM,-0.005679662203069924
2025-06-30 00:00:00-04:00,JPM,0.009752310725974489
2025-07-01 00:00:00-04:00,JPM,0.001724849386940619
2025-07-02 00:00:00-04:00,JPM,0.00547491147133683
2025-07-03 00:00:00-04:00,JPM,0.0185821784467064
2025-07-07 00:00:00-04:00,JPM,-0.013614639935569661
2025-07-08 00:00:00-04:00,JPM,-0.03147593106327329
2025-07-09 00:00:00-04:00,JPM,0.0013437899209156612
2025-07-10 00:00:00-04:00,JPM,0.017763803113940435
2025-07-11 00:00:00-04:00,JPM,-0.004615081443819835
2025-07-14 00:00:00-04:00,JPM,0.006414352745816032
2025-07-15 00:00:00-04:00,JPM,-0.007447207337646811
2025-07-16 00:00:00-04:00,JPM,-0.0025475906805850768
2025-07-17 00:00:00-04:00,JPM,0.014274849920113741
2025-07-18 00:00:00-04:00,JPM,0.004725503061647984
2025-07-21 00:00:00-04:00,JPM,-0.001029772974780685
2025-07-22 00:00:00-04:00,JPM,0.0015808836851201047
2025-07-23 00:00:00-04:00,JPM,0.018289242509084813
2025-07-24 00:00:00-04:00,JPM,-0.0007078408412427573
2025-07-25 00:00:00-04:00,JPM,0.006980327823806753
2025-07-28 00:00:00-04:00,JPM,-0.0011385725724407658
2025-07-29 00:00:00-04:00,JPM,-0.004157106923013076
2025-07-30 00:00:00-04:00,JPM,0.008719470153742748
2025-07-31 00:00:00-04:00,JPM,-0.011314128793398992
2025-08-01 00:00:00-04:00,JPM,-0.023190619353001818
2025-08-04 00:00:00-04:00,JPM,0.016898819249443475
2025-08-05 00:00:00-04:00,JPM,-0.009821155844169538
2025-08-06 00:00:00-04:00,JPM,-6.87418082233604e-05
2025-08-07 00:00:00-04:00,JPM,-0.015136513643358107
2025-08-08 00:00:00-04:00,JPM,0.006342869839962351
2025-08-11 00:00:00-04:00,JPM,0.0027704330748479222
2025-08-12 00:00:00-04:00,JPM,0.011362065504348928
2025-08-13 00:00:00-04:00,JPM,-0.007922175655965091
2025-08-14 00:00:00-04:00,JPM,0.012494514996126416
2025-08-15 00:00:00-04:00,JPM,-0.012476296759548311
2025-08-18 00:00:00-04:00,JPM,0.0035801570712412634
2025-08-19 00:00:00-04:00,JPM,-0.002984147277675042
2025-08-20 00:00:00-04:00,JPM,0.0054357363282671045
2025-08-21 00:00:00-04:00,JPM,-0.0026347436666964708
2025-08-22 00:00:00-04:00,JPM,0.01636528990824737
2025-08-25 00:00:00-04:00,JPM,-0.004523267889921301
2025-08-26 00:00:00-04:00,JPM,0.012444778930103428
2025-08-27 00:00:00-04:00,JPM,0.002378048577233338
2025-08-28 00:00:00-04:00,JPM,0.00598105503882107
2025-08-29 00:00:00-04:00,JPM,0.0011625707586078171
2025-09-02 00:00:00-04:00,JPM,-0.005706325887824715
2025-09-03 00:00:00-04:00,JPM,-0.000633962148236078
2025-09-04 00:00:00-04:00,JPM,0.01439017382246699
2025-09-05 00:00:00-04:00,JPM,-0.03107099701781979
2025-09-08 00:00:00-04:00,JPM,-0.004993571694282495
2025-09-09 00:00:00-04:00,JPM,0.016865323749318373
2025-09-10 00:00:00-04:00,JPM,0.009031361402731974
2025-09-11 00:00:00-04:00,JPM,0.016703108929094324
2025-09-12 00:00:00-04:00,JPM,0.0044182802886254535
2025-09-15 00:00:00-04:00,JPM,0.006483857744872479
2025-09-16 00:00:00-04:00,JPM,0.0009388817671476257
2025-09-17 00:00:00-04:00,JPM,0.008279657708563315
2025-09-18 00:00:00-04:00,JPM,0.004747465597410239
2025-09-19 00:00:00-04:00,JPM,0.004948342564394359
2025-09-22 00:00:00-04:00,JPM,-0.007433786509294937
2025-09-23 00:00:00-04:00,JPM,0.0009601975900692672
2025-09-24 00:00:00-04:00,JPM,0.0021745324322670623
2025-09-25 00:00:00-04:00,JPM,9.55607326162955e-05
2025-09-26 00:00:00-04:00,JPM,0.008326582872310917
2025-09-29 00:00:00-04:00,JPM,-0.0011706078245331542
2025-09-30 00:00:00-04:00,JPM,-0.0008236172441806744
2025-10-01 00:00:00-04:00,JPM,-0.014963637299440169
2025-10-02 00:00:00-04:00,JPM,-0.01017024141097922
2025-10-03 00:00:00-04:00,JPM,0.008063610885318484
2025-10-06 00:00:00-04:00,JPM,0.0021067658070133
2025-10-07 00:00:00-04:00,JPM,-0.0048190269627856885
2025-10-08 00:00:00-04:00,JPM,-0.011895217710659711
2025-10-09 00:00:00-04:00,JPM,0.004933640735301115
2025-10-10 00:00:00-04:00,JPM,-0.015186550441719127
2025-10-13 00:00:00-04:00,JPM,0.02353017054227835
2025-10-14 00:00:00-04:00,JPM,-0.019125314011642747
2025-10-15 00:00:00-04:00,JPM,0.011950553926109997
2025-10-16 00:00:00-04:00,JPM,-0.023389823403856536
2025-10-17 00:00:00-04:00,JPM,-0.0032825360312291885
2025-10-20 00:00:00-04:00,JPM,0.016131073986504374
2025-10-21 00:00:00-04:00,JPM,-0.017429602911737674
2025-10-22 00:00:00-04:00,JPM,-0.010030481077624498
2025-10-23 00:00:00-04:00,JPM,0.0014620421528652727
2025-10-24 00:00:00-04:00,JPM,0.020031198920174687
2025-10-27 00:00:00-04:00,JPM,0.012348538098207573
2025-10-28 00:00:00-04:00,JPM,0.003978285606592413
2025-10-29 00:00:00-04:00,JPM,0.000491286182563444
2025-10-30 00:00:00-04:00,JPM,0.012863817241725473
2025-10-31 00:00:00-04:00,JPM,0.005429114492912168
2025-11-03 00:00:00-05:00,JPM,-0.005689092823129904
2025-11-04 00:00:00-05:00,JPM,-0.00032326632052193105
2025-11-05 00:00:00-05:00,JPM,0.007857581510273048
2025-11-06 00:00:00-05:00,JPM,0.005582845272962711
2025-11-07 00:00:00-05:00,JPM,0.0025203543150871255
2025-11-10 00:00:00-05:00,JPM,0.008529556507585356
2025-11-11 00:00:00-05:00,JPM,-0.004007826562316463
2025-11-12 00:00:00-05:00,JPM,0.015176564533446735
2025-11-13 00:00:00-05:00,JPM,-0.03411257226124509
2025-11-14 00:00:00-05:00,JPM,-0.018967392418583584
2025-11-17 00:00:00-05:00,JPM,-0.010671601797418995
2025-11-18 00:00:00-05:00,JPM,-0.003196074651120706
2025-11-19 00:00:00-05:00,JPM,0.012892068184872318
2025-11-20 00:00:00-05:00,JPM,-0.01612424214775987
2025-11-21 00:00:00-05:00,JPM,-0.001206586184712699
2025-11-24 00:00:00-05:00,JPM,-6.69866099478611e-05
2025-11-25 00:00:00-05:00,JPM,0.016778413702743356
2025-11-26 00:00:00-05:00,JPM,0.015313661617477159
2025-11-28 00:00:00-05:00,JPM,0.01768299467805856
2025-12-01 00:00:00-05:00,JPM,-0.013287306996641157
2025-12-02 00:00:00-05:00,JPM,-0.003366609350882177
2025-12-03 00:00:00-05:00,JPM,0.01380406459603356
2025-12-04 00:00:00-05:00,JPM,0.01271910227341011
2025-12-05 00:00:00-05:00,JPM,-0.0033533921959020274
2025-12-08 00:00:00-05:00,JPM,0.0005395584148615296
2025-12-09 00:00:00-05:00,JPM,-0.04663553866749881
2025-12-10 00:00:00-05:00,JPM,0.03194564848065884
2025-12-11 00:00:00-05:00,JPM,0.023443298901162812
2025-12-12 00:00:00-05:00,JPM,0.003591860075829567
2025-12-15 00:00:00-05:00,JPM,0.004709395830136742
2025-12-16 00:00:00-05:00,JPM,-0.013968053291067317
2025-12-17 00:00:00-05:00,JPM,-0.0018061493825016761
2025-12-18 00:00:00-05:00,JPM,-0.006286187857898917
2025-12-19 00:00:00-05:00,JPM,0.013450402327430444
2025-12-22 00:00:00-05:00,JPM,0.01853660192935691
2025-12-23 00:00:00-05:00,JPM,0.00879020176875045
2025-12-24 00:00:00-05:00,JPM,0.009940799812659273
2025-12-26 00:00:00-05:00,JPM,-0.0038278463930657702
2025-12-29 00:00:00-05:00,JPM,-0.012686378316775881
2025-12-30 00:00:00-05:00,JPM,-0.0010193012365934395
2023-01-04 00:00:00-05:00,MSFT,-0.04374329987139158
2023-01-05 00:00:00-05:00,MSFT,-0.029637794237853288
2023-01-06 00:00:00-05:00,MSFT,0.01178538669088236
2023-01-09 00:00:00-05:00,MSFT,0.009736293315342204
2023-01-10 00:00:00-05:00,MSFT,0.00761740180701076
2023-01-11 00:00:00-05:00,MSFT,0.030237959706264084
2023-01-12 00:00:00-05:00,MSFT,0.011621558873982973
2023-01-13 00:00:00-05:00,MSFT,0.0030186241040537354
2023-01-17 00:00:00-05:00,MSFT,0.004681782761475128
2023-01-18 00:00:00-05:00,MSFT,-0.018889152165023293
2023-01-19 00:00:00-05:00,MSFT,-0.016453855964872144
2023-01-20 00:00:00-05:00,MSFT,0.03574342691754029
2023-01-23 00:00:00-05:00,MSFT,0.009824476957954298
2023-01-24 00:00:00-05:00,MSFT,-0.0022261449077946027
2023-01-25 00:00:00-05:00,MSFT,-0.005908156988671531
2023-01-26 00:00:00-05:00,MSFT,0.030713671225067962
2023-01-27 00:00:00-05:00,MSFT,0.0006451292017559673
2023-01-30 00:00:00-05:00,MSFT,-0.021961609237226676
2023-01-31 00:00:00-05:00,MSFT,0.02101274496802552
2023-02-01 00:00:00-05:00,MSFT,0.019934609293728034
2023-02-02 00:00:00-05:00,MSFT,0.046884413389905344
2023-02-03 00:00:00-05:00,MSFT,-0.023620734505114926
2023-02-06 00:00:00-05:00,MSFT,-0.006115696364787038
2023-02-07 00:00:00-05:00,MSFT,0.04202201251115634
2023-02-08 00:00:00-05:00,MSFT,-0.003102038096744031
2023-02-09 00:00:00-05:00,MSFT,-0.011659897056743529
2023-02-10 00:00:00-05:00,MSFT,-0.0019722746909373035
2023-02-13 00:00:00-05:00,MSFT,0.031242799461433268
2023-02-14 00:00:00-05:00,MSFT,0.0031328532447623125
2023-02-15 00:00:00-05:00,MSFT,-0.007992875130973576
2023-02-16 00:00:00-05:00,MSFT,-0.026622745788416502
2023-02-17 00:00:00-05:00,MSFT,-0.01560184876387305
2023-02-21 00:00:00-05:00,MSFT,-0.020886532360052
2023-02-22 00:00:00-05:00,MSFT,-0.00459087151284332
2023-02-23 00:00:00-05:00,MSFT,0.012961662723660172
2023-02-24 00:00:00-05:00,MSFT,-0.021784264744121984
2023-02-27 00:00:00-05:00,MSFT,0.0037716649953472015
2023-02-28 00:00:00-05:00,MSFT,-0.0029580237340245397
2023-03-01 00:00:00-05:00,MSFT,-0.012629499757458085
2023-03-02 00:00:00-05:00,MSFT,0.019653319032213235
2023-03-03 00:00:00-05:00,MSFT,0.016646043843484115
2023-03-06 00:00:00-05:00,MSFT,0.0061891748091909005
2023-03-07 00:00:00-05:00,MSFT,-0.010589150703310679
2023-03-08 00:00:00-05:00,MSFT,-0.001770565812373448
2023-03-09 00:00:00-05:00,MSFT,-0.005439402934902082
2023-03-10 00:00:00-05:00,MSFT,-0.014782933516442887
2023-03-13 00:00:00-04:00,MSFT,0.021441021259853477
2023-03-14 00:00:00-04:00,MSFT,0.027055452330733143
2023-03-15 00:00:00-04:00,MSFT,0.017830618131536635
2023-03-16 00:00:00-04:00,MSFT,0.040536401224058105
2023-03-17 00:00:00-04:00,MSFT,0.01169457802092655
2023-03-20 00:00:00-04:00,MSFT,-0.02576690938372639
2023-03-21 00:00:00-04:00,MSFT,0.005693580113791175
2023-03-22 00:00:00-04:00,MSFT,-0.005441900553006751
2023-03-23 00:00:00-04:00,MSFT,0.01972140072076467
2023-03-24 00:00:00-04:00,MSFT,0.01048048800096435
2023-03-27 00:00:00-04:00,MSFT,-0.014933797118578673
2023-03-28 00:00:00-04:00,MSFT,-0.004160725200922366
2023-03-29 00:00:00-04:00,MSFT,0.019183584046425395
2023-03-30 00:00:00-04:00,MSFT,0.01262006258690307
2023-03-31 00:00:00-04:00,MSFT,0.014962237569237313
2023-04-03 00:00:00-04:00,MSFT,-0.0037115615609583097
2023-04-04 00:00:00-04:00,MSFT,-0.00017429037168326111
2023-04-05 00:00:00-04:00,MSFT,-0.009889077927155099
2023-04-06 00:00:00-04:00,MSFT,0.025533041269600876
2023-04-10 00:00:00-04:00,MSFT,-0.007578972051319299
2023-04-11 00:00:00-04:00,MSFT,-0.022668542468099684
2023-04-12 00:00:00-04:00,MSFT,0.002333568191919211
2023-04-13 00:00:00-04:00,MSFT,0.022399398512582103
2023-04-14 00:00:00-04:00,MSFT,-0.01276535990001848
2023-04-17 00:00:00-04:00,MSFT,0.009295771380854134
2023-04-18 00:00:00-04:00,MSFT,-0.0014888626375156866
2023-04-19 00:00:00-04:00,MSFT,0.00027739305249285806
2023-04-20 00:00:00-04:00,MSFT,-0.008112283617443983
2023-04-21 00:00:00-04:00,MSFT,-0.0012232765932441714
2023-04-24 00:00:00-04:00,MSFT,-0.013962805585648108
2023-04-25 00:00:00-04:00,MSFT,-0.022536130208752336
2023-04-26 00:00:00-04:00,MSFT,0.07243480937633717
2023-04-27 00:00:00-04:00,MSFT,0.03202767082219404
2023-04-28 00:00:00-04:00,MSFT,0.007971446008022243
2023-05-01 00:00:00-04:00,MSFT,-0.005532744874831352
2023-05-02 00:00:00-04:00,MSFT,-0.0004906854298599717
2023-05-03 00:00:00-04:00,MSFT,-0.0033070125477856482
2023-05-04 00:00:00-04:00,MSFT,0.003317985166364057
2023-05-05 00:00:00-04:00,MSFT,0.017157203444213565
2023-05-08 00:00:00-04:00,MSFT,-0.006438162069104858
2023-05-09 00:00:00-04:00,MSFT,-0.005345734119185264
2023-05-10 00:00:00-04:00,MSFT,0.017296371316037673
2023-05-11 00:00:00-04:00,MSFT,-0.0070444158786713285
2023-05-12 00:00:00-04:00,MSFT,-0.0036759672848906133
2023-05-15 00:00:00-04:00,MSFT,0.0015860185553633332
2023-05-16 00:00:00-04:00,MSFT,0.00736757729789872
2023-05-17 00:00:00-04:00,MSFT,0.009451741164922423
2023-05-18 00:00:00-04:00,MSFT,0.01439471767207623
2023-05-19 00:00:00-04:00,MSFT,-0.0005650248352002674
2023-05-22 00:00:00-04:00,MSFT,0.008921271909789086
2023-05-23 00:00:00-04:00,MSFT,-0.018432062293353813
2023-05-24 00:00:00-04:00,MSFT,-0.004472406813627705
2023-05-25 00:00:00-04:00,MSFT,0.038457779028846284
2023-05-26 00:00:00-04:00,MSFT,0.021385539252734453
2023-05-30 00:00:00-04:00,MSFT,-0.005046638496006617
2023-05-31 00:00:00-04:00,MSFT,-0.008514248940340585
2023-06-01 00:00:00-04:00,MSFT,0.012759184612341823
2023-06-02 00:00:00-04:00,MSFT,0.008478988653195518
2023-06-05 00:00:00-04:00,MSFT,0.0016103239564957406
2023-06-06 00:00:00-04:00,MSFT,-0.006727676717404818
2023-06-07 00:00:00-04:00,MSFT,-0.03086771065407734
2023-06-08 00:00:00-04:00,MSFT,0.005813603019595881
2023-06-09 00:00:00-04:00,MSFT,0.004703813878224716
2023-06-12 00:00:00-04:00,MSFT,0.015483896501002459
2023-06-13 00:00:00-04:00,MSFT,0.007352736288058992
2023-06-14 00:00:00-04:00,MSFT,0.009123975382068883
2023-06-15 00:00:00-04:00,MSFT,0.03189660888431045
2023-06-16 00:00:00-04:00,MSFT,-0.01657586732916405
2023-06-20 00:00:00-04:00,MSFT,-0.012502528932031853
2023-06-21 00:00:00-04:00,MSFT,-0.013282102928165451
2023-06-22 00:00:00-04:00,MSFT,0.01843745463570423
2023-06-23 00:00:00-04:00,MSFT,-0.013805835126166621
2023-06-26 00:00:00-04:00,MSFT,-0.019162946259977165
2023-06-27 00:00:00-04:00,MSFT,0.018167965768325134
2023-06-28 00:00:00-04:00,MSFT,0.0038258481825306223
2023-06-29 00:00:00-04:00,MSFT,-0.002382158054745176
2023-06-30 00:00:00-04:00,MSFT,0.016385697686539746
2023-07-03 00:00:00-04:00,MSFT,-0.007488107616950401
2023-07-05 00:00:00-04:00,MSFT,0.0004735999455784956
2023-07-06 00:00:00-04:00,MSFT,0.009226392786211735
2023-07-07 00:00:00-04:00,MSFT,-0.01186735714262177
2023-07-10 00:00:00-04:00,MSFT,-0.015983717799902042
2023-07-11 00:00:00-04:00,MSFT,0.0019290021758466835
2023-07-12 00:00:00-04:00,MSFT,0.014226649560509896
2023-07-13 00:00:00-04:00,MSFT,0.01619218878688744
2023-07-14 00:00:00-04:00,MSFT,0.00752930051816314
2023-07-17 00:00:00-04:00,MSFT,0.001419376030135755
2023-07-18 00:00:00-04:00,MSFT,0.039799689546084815
2023-07-19 00:00:00-04:00,MSFT,-0.012267233022680402
2023-07-20 00:00:00-04:00,MSFT,-0.02312164359264912
2023-07-21 00:00:00-04:00,MSFT,-0.008937172310886865
2023-07-24 00:00:00-04:00,MSFT,0.003898120349195011
2023-07-25 00:00:00-04:00,MSFT,0.01700905589067392
2023-07-26 00:00:00-04:00,MSFT,-0.037637573613209185
2023-07-27 00:00:00-04:00,MSFT,-0.02087213397069887
2023-07-28 00:00:00-04:00,MSFT,0.023131256942187317
2023-07-31 00:00:00-04:00,MSFT,-0.007240416562148244
2023-08-01 00:00:00-04:00,MSFT,0.0012502560913947303
2023-08-02 00:00:00-04:00,MSFT,-0.026282965745133446
2023-08-03 00:00:00-04:00,MSFT,-0.002564991142720241
2023-08-04 00:00:00-04:00,MSFT,0.0034286554768352406
2023-08-07 00:00:00-04:00,MSFT,0.007108458870677126
2023-08-08 00:00:00-04:00,MSFT,-0.012299122533574791
2023-08-09 00:00:00-04:00,MSFT,-0.011715859530792683
2023-08-10 00:00:00-04:00,MSFT,0.0021723218258866694
2023-08-11 00:00:00-04:00,MSFT,-0.005945336913550037
2023-08-14 00:00:00-04:00,MSFT,0.00943895020873975
2023-08-15 00:00:00-04:00,MSFT,-0.006727556566455961
2023-08-16 00:00:00-04:00,MSFT,-0.002428532937432948
2023-08-17 00:00:00-04:00,MSFT,-0.010986283491376203
2023-08-18 00:00:00-04:00,MSFT,-0.001262371998165035
2023-08-21 00:00:00-04:00,MSFT,0.017062676027828072
2023-08-22 00:00:00-04:00,MSFT,0.0018019672298807965
2023-08-23 00:00:00-04:00,MSFT,0.014079192667276974
2023-08-24 00:00:00-04:00,MSFT,-0.021498389408275198
2023-08-25 00:00:00-04:00,MSFT,0.009407047642597144
2023-08-28 00:00:00-04:00,MSFT,0.002229489449907973
2023-08-29 00:00:00-04:00,MSFT,0.014550403528892808
2023-08-30 00:00:00-04:00,MSFT,0.001157016399371491
2023-08-31 00:00:00-04:00,MSFT,-0.0031326312851259752
2023-09-01 00:00:00-04:00,MSFT,0.0027457665034176237
2023-09-05 00:00:00-04:00,MSFT,0.014878676808494307
2023-09-06 00:00:00-04:00,MSFT,-0.0020087409625114683
2023-09-07 00:00:00-04:00,MSFT,-0.008922066212384783
2023-09-08 00:00:00-04:00,MSFT,0.01321566380408079
2023-09-11 00:00:00-04:00,MSFT,0.010979281314928535
2023-09-12 00:00:00-04:00,MSFT,-0.018257725014625636
2023-09-13 00:00:00-04:00,MSFT,0.012930440742229488
2023-09-14 00:00:00-04:00,MSFT,0.007855938803656981
2023-09-15 00:00:00-04:00,MSFT,-0.025036951420168818
2023-09-18 00:00:00-04:00,MSFT,-0.0035128193218939563
2023-09-19 00:00:00-04:00,MSFT,-0.0012459613071793552
2023-09-20 00:00:00-04:00,MSFT,-0.02397673504700426
2023-09-21 00:00:00-04:00,MSFT,-0.003865875810525332
2023-09-22 00:00:00-04:00,MSFT,-0.007886538124202591
2023-09-25 00:00:00-04:00,MSFT,0.0016718193369147372
2023-09-26 00:00:00-04:00,MSFT,-0.017005521804974277
2023-09-27 00:00:00-04:00,MSFT,0.0020821055472113326
2023-09-28 00:00:00-04:00,MSFT,0.0027178167689194677
2023-09-29 00:00:00-04:00,MSFT,0.0067272242415037375
2023-10-02 00:00:00-04:00,MSFT,0.01916072104512101
2023-10-03 00:00:00-04:00,MSFT,-0.026134147891428094
2023-10-04 00:00:00-04:00,MSFT,0.0177731348473964
2023-10-05 00:00:00-04:00,MSFT,0.0012540423342644047
2023-10-06 00:00:00-04:00,MSFT,0.024737169827878214
2023-10-09 00:00:00-04:00,MSFT,0.007822564451545055
2023-10-10 00:00:00-04:00,MSFT,-0.004335692955207859
2023-10-11 00:00:00-04:00,MSFT,0.01227201310624726
2023-10-12 00:00:00-04:00,MSFT,-0.0037904104369592684
2023-10-13 00:00:00-04:00,MSFT,-0.010357552007093984
2023-10-16 00:00:00-04:00,MSFT,0.014981963829495237
2023-10-17 00:00:00-04:00,MSFT,-0.001743771898479074
2023-10-18 00:00:00-04:00,MSFT,-0.00587245140321857
2023-10-19 00:00:00-04:00,MSFT,0.0036653679764466762
2023-10-20 00:00:00-04:00,MSFT,-0.014034642363274785
2023-10-23 00:00:00-04:00,MSFT,0.008112290460250193
2023-10-24 00:00:00-04:00,MSFT,0.0036740654410190032
2023-10-25 00:00:00-04:00,MSFT,0.030677949157114304
2023-10-26 00:00:00-04:00,MSFT,-0.037514181286576465
2023-10-27 00:00:00-04:00,MSFT,0.0058555791147778535
2023-10-30 00:00:00-04:00,MSFT,0.022740299311024392
2023-10-31 00:00:00-04:00,MSFT,0.0023718269398100844
2023-11-01 00:00:00-04:00,MSFT,0.023542563789557658
2023-11-02 00:00:00-04:00,MSFT,0.006501727086001496
2023-11-03 00:00:00-04:00,MSFT,0.012861461224092263
2023-11-06 00:00:00-05:00,MSFT,0.010572627045948746
2023-11-07 00:00:00-05:00,MSFT,0.011219389315126227
2023-11-08 00:00:00-05:00,MSFT,0.007405744053805563
2023-11-09 00:00:00-05:00,MSFT,-0.006910819723967232
2023-11-10 00:00:00-05:00,MSFT,0.024896839713667962
2023-11-13 00:00:00-05:00,MSFT,-0.008088521824470729
2023-11-14 00:00:00-05:00,MSFT,0.009790612397440945
2023-11-15 00:00:00-05:00,MSFT,0.0004059724251943564
2023-11-16 00:00:00-05:00,MSFT,0.01758320403929292
2023-11-17 00:00:00-05:00,MSFT,-0.016800772912468065
2023-11-20 00:00:00-05:00,MSFT,0.020521669145441956
2023-11-21 00:00:00-05:00,MSFT,-0.011577838534218343
2023-11-22 00:00:00-05:00,MSFT,0.012812542607364197
2023-11-24 00:00:00-05:00,MSFT,-0.0011116956940935285
2023-11-27 00:00:00-05:00,MSFT,0.003126383747717121
2023-11-28 00:00:00-05:00,MSFT,0.010802856274903183
2023-11-29 00:00:00-05:00,MSFT,-0.010060313921139707
2023-11-30 00:00:00-05:00,MSFT,0.00015857047118905676
2023-12-01 00:00:00-05:00,MSFT,-0.011612152306641588
2023-12-04 00:00:00-05:00,MSFT,-0.014338864793074446
2023-12-05 00:00:00-05:00,MSFT,0.009156424034844068
2023-12-06 00:00:00-05:00,MSFT,-0.009986065741140138
2023-12-07 00:00:00-05:00,MSFT,0.005829679520310771
2023-12-08 00:00:00-05:00,MSFT,0.008842114126591971
2023-12-11 00:00:00-05:00,MSFT,-0.007829546625007566
2023-12-12 00:00:00-05:00,MSFT,0.008295274677128761
2023-12-13 00:00:00-05:00,MSFT,-2.6591611842263774e-05
2023-12-14 00:00:00-05:00,MSFT,-0.02254471872390107
2023-12-15 00:00:00-05:00,MSFT,0.013117465466023992
2023-12-18 00:00:00-05:00,MSFT,0.005178932690910187
2023-12-19 00:00:00-05:00,MSFT,0.001637048710651845
2023-12-20 00:00:00-05:00,MSFT,-0.0070729209313118435
2023-12-21 00:00:00-05:00,MSFT,0.00787869600064206
2023-12-22 00:00:00-05:00,MSFT,0.002784155838769342
2023-12-26 00:00:00-05:00,MSFT,0.00021361593980206983
2023-12-27 00:00:00-05:00,MSFT,-0.001574707428593447
2023-12-28 00:00:00-05:00,MSFT,0.003234722022157799
2023-12-29 00:00:00-05:00,MSFT,0.0020250684708245092
2024-01-02 00:00:00-05:00,MSFT,-0.013748642162017322
2024-01-03 00:00:00-05:00,MSFT,-0.0007279561937806323
2024-01-04 00:00:00-05:00,MSFT,-0.00717749760773867
2024-01-05 00:00:00-05:00,MSFT,-0.0005163666323154681
2024-01-08 00:00:00-05:00,MSFT,0.018871458445018918
2024-01-09 00:00:00-05:00,MSFT,0.0029358586417151944
2024-01-10 00:00:00-05:00,MSFT,0.018574002654978328
2024-01-11 00:00:00-05:00,MSFT,0.004859408915505181
2024-01-12 00:00:00-05:00,MSFT,0.009983546520026643
2024-01-16 00:00:00-05:00,MSFT,0.004633703570466441
2024-01-17 00:00:00-05:00,MSFT,-0.002049880777690416
2024-01-18 00:00:00-05:00,MSFT,0.011297382992474514
2024-01-19 00:00:00-05:00,MSFT,0.012186789810201049
2024-01-22 00:00:00-05:00,MSFT,-0.005418023155864704
2024-01-23 00:00:00-05:00,MSFT,0.006027599237893977
2024-01-24 00:00:00-05:00,MSFT,0.009175146213197038
2024-01-25 00:00:00-05:00,MSFT,0.005738243482795724
2024-01-26 00:00:00-05:00,MSFT,-0.0023217438244034216
2024-01-29 00:00:00-05:00,MSFT,0.014334192615207852
2024-01-30 00:00:00-05:00,MSFT,-0.002757972185043367
2024-01-31 00:00:00-05:00,MSFT,-0.026946436741648205
2024-02-01 00:00:00-05:00,MSFT,0.015594543740734323
2024-02-02 00:00:00-05:00,MSFT,0.01842584381252932
2024-02-05 00:00:00-05:00,MSFT,-0.01354505211326007
2024-02-06 00:00:00-05:00,MSFT,-0.00039450884186043034
2024-02-07 00:00:00-05:00,MSFT,0.02111025641379749
2024-02-08 00:00:00-05:00,MSFT,0.0001447892186055011
2024-02-09 00:00:00-05:00,MSFT,0.01555150658530291
2024-02-12 00:00:00-05:00,MSFT,-0.01257862333105042
2024-02-13 00:00:00-05:00,MSFT,-0.02152870972858123
2024-02-14 00:00:00-05:00,MSFT,0.00966537815375701
2024-02-15 00:00:00-05:00,MSFT,-0.007155202309223729
2024-02-16 00:00:00-05:00,MSFT,-0.006149132913981115
2024-02-20 00:00:00-05:00,MSFT,-0.003143120901254459
2024-02-21 00:00:00-05:00,MSFT,-0.001514377060845673
2024-02-22 00:00:00-05:00,MSFT,0.0235466263908668
2024-02-23 00:00:00-05:00,MSFT,-0.0031824046598726285
2024-02-26 00:00:00-05:00,MSFT,-0.006823599051955065
2024-02-27 00:00:00-05:00,MSFT,-0.00014713532251242611
2024-02-28 00:00:00-05:00,MSFT,0.0005890089362616813
2024-02-29 00:00:00-05:00,MSFT,0.014519674410162997
2024-03-01 00:00:00-05:00,MSFT,0.0044967831698286
2024-03-04 00:00:00-05:00,MSFT,-0.001396006520028359
2024-03-05 00:00:00-05:00,MSFT,-0.029571988629232493
2024-03-06 00:00:00-05:00,MSFT,-0.0013908146847017022
2024-03-07 00:00:00-05:00,MSFT,0.017533426929998708
2024-03-08 00:00:00-05:00,MSFT,-0.007137035731021313
2024-03-11 00:00:00-04:00,MSFT,-0.004184699816473181
2024-03-12 00:00:00-04:00,MSFT,0.026599477596896515
2024-03-13 00:00:00-04:00,MSFT,-0.0004337023841517462
2024-03-14 00:00:00-04:00,MSFT,0.024379712294648304
2024-03-15 00:00:00-04:00,MSFT,-0.02069520028743943
2024-03-18 00:00:00-04:00,MSFT,0.0021614573196258036
2024-03-19 00:00:00-04:00,MSFT,0.009800565060329669
2024-03-20 00:00:00-04:00,MSFT,0.009064871574108402
2024-03-21 00:00:00-04:00,MSFT,0.009735830725554173
2024-03-22 00:00:00-04:00,MSFT,-0.0014672781000426571
2024-03-25 00:00:00-04:00,MSFT,-0.013714670621275626
2024-03-26 00:00:00-04:00,MSFT,-0.002861429204760624
2024-03-27 00:00:00-04:00,MSFT,-0.0005217862898866388
2024-03-28 00:00:00-04:00,MSFT,-0.0016846616650717516
2024-04-01 00:00:00-04:00,MSFT,0.009151112071617673
2024-04-02 00:00:00-04:00,MSFT,-0.0073723023281004885
2024-04-03 00:00:00-04:00,MSFT,-0.0023490976815251363
2024-04-04 00:00:00-04:00,MSFT,-0.006112537245065663
2024-04-05 00:00:00-04:00,MSFT,0.01828274473170044
2024-04-08 00:00:00-04:00,MSFT,-0.002185582830480426
2024-04-09 00:00:00-04:00,MSFT,0.003980390011520507
2024-04-10 00:00:00-04:00,MSFT,-0.007084633889921088
2024-04-11 00:00:00-04:00,MSFT,0.011033585562415071
2024-04-12 00:00:00-04:00,MSFT,-0.014091121774739479
2024-04-15 00:00:00-04:00,MSFT,-0.019578169594200334
2024-04-16 00:00:00-04:00,MSFT,0.0022725274768173875
2024-04-17 00:00:00-04:00,MSFT,-0.0066091005687949345
2024-04-18 00:00:00-04:00,MSFT,-0.018381073898434686
2024-04-19 00:00:00-04:00,MSFT,-0.012738937654758531
2024-04-22 00:00:00-04:00,MSFT,0.004610270863430577
2024-04-23 00:00:00-04:00,MSFT,0.016485493931689854
2024-04-24 00:00:00-04:00,MSFT,0.003655635480571018
2024-04-25 00:00:00-04:00,MSFT,-0.02449502278196314
2024-04-26 00:00:00-04:00,MSFT,0.018243691756969715
2024-04-29 00:00:00-04:00,MSFT,-0.010016824247826794
2024-04-30 00:00:00-04:00,MSFT,-0.032119286509816325
2024-05-01 00:00:00-04:00,MSFT,0.014409345105322657
2024-05-02 00:00:00-04:00,MSFT,0.007342932373534117
2024-05-03 00:00:00-04:00,MSFT,0.022169821813894597
2024-05-06 00:00:00-04:00,MSFT,0.0169182313863947
2024-05-07 00:00:00-04:00,MSFT,-0.010156195852413674
2024-05-08 00:00:00-04:00,MSFT,0.002931586923592855
2024-05-09 00:00:00-04:00,MSFT,0.004335663563399539
2024-05-10 00:00:00-04:00,MSFT,0.005869149669190943
2024-05-13 00:00:00-04:00,MSFT,-0.0024592999927447456
2024-05-14 00:00:00-04:00,MSFT,0.0068646017593501085
2024-05-15 00:00:00-04:00,MSFT,0.017483840552765306
2024-05-16 00:00:00-04:00,MSFT,-0.0049399295771551666
2024-05-17 00:00:00-04:00,MSFT,-0.0018527333578518546
2024-05-20 00:00:00-04:00,MSFT,0.012208263083569815
2024-05-21 00:00:00-04:00,MSFT,0.008698873304060495
2024-05-22 00:00:00-04:00,MSFT,0.0034495421911464597
2024-05-23 00:00:00-04:00,MSFT,-0.008176252823906771
2024-05-24 00:00:00-04:00,MSFT,0.00740056054821614
2024-05-28 00:00:00-04:00,MSFT,0.0003719719898318541
2024-05-29 00:00:00-04:00,MSFT,-0.0026724194998455353
2024-05-30 00:00:00-04:00,MSFT,-0.03378611502073858
2024-05-31 00:00:00-04:00,MSFT,0.0011093862629409923
2024-06-03 00:00:00-04:00,MSFT,-0.0038785117768830313
2024-06-04 00:00:00-04:00,MSFT,0.006166755306090899
2024-06-05 00:00:00-04:00,MSFT,0.01908322930040174
2024-06-06 00:00:00-04:00,MSFT,0.0012027940086778433
2024-06-07 00:00:00-04:00,MSFT,-0.0015782628915017582
2024-06-10 00:00:00-04:00,MSFT,0.009484546456725917
2024-06-11 00:00:00-04:00,MSFT,0.011241559394449707
2024-06-12 00:00:00-04:00,MSFT,0.01936779861426774
2024-06-13 00:00:00-04:00,MSFT,0.001178997815312055
2024-06-14 00:00:00-04:00,MSFT,0.0022419223617329287
2024-06-17 00:00:00-04:00,MSFT,0.01310528803281863
2024-06-18 00:00:00-04:00,MSFT,-0.0045275233182314745
2024-06-20 00:00:00-04:00,MSFT,-0.0014338125301576188
2024-06-21 00:00:00-04:00,MSFT,0.00915387079495078
2024-06-24 00:00:00-04:00,MSFT,-0.004690997396547436
2024-06-25 00:00:00-04:00,MSFT,0.007326752239033674
2024-06-26 00:00:00-04:00,MSFT,0.002683375567960944
2024-06-27 00:00:00-04:00,MSFT,0.0015259339532953664
2024-06-28 00:00:00-04:00,MSFT,-0.013028606052093439
2024-07-01 00:00:00-04:00,MSFT,0.021881745199458624
2024-07-02 00:00:00-04:00,MSFT,0.005583062682882112
2024-07-03 00:00:00-04:00,MSFT,0.00324414893362146
2024-07-05 00:00:00-04:00,MSFT,0.014736260870156004
2024-07-08 00:00:00-04:00,MSFT,-0.002823199493501405
2024-07-09 00:00:00-04:00,MSFT,-0.014370238339405983
2024-07-10 00:00:00-04:00,MSFT,0.014601540065147134
2024-07-11 00:00:00-04:00,MSFT,-0.02477202026793801
2024-07-12 00:00:00-04:00,MSFT,-0.0025292665011256155
2024-07-15 00:00:00-04:00,MSFT,0.0009040475949484428
2024-07-16 00:00:00-04:00,MSFT,-0.00978061004420494
2024-07-17 00:00:00-04:00,MSFT,-0.013347642201793075
2024-07-18 00:00:00-04:00,MSFT,-0.007102194201376144
2024-07-19 00:00:00-04:00,MSFT,-0.007402947354550715
2024-07-22 00:00:00-04:00,MSFT,0.01333777538183245
2024-07-23 00:00:00-04:00,MSFT,0.004312131141300135
2024-07-24 00:00:00-04:00,MSFT,-0.03585485779864617
2024-07-25 00:00:00-04:00,MSFT,-0.024481342824874686
2024-07-26 00:00:00-04:00,MSFT,0.01641969302264723
2024-07-29 00:00:00-04:00,MSFT,0.003433182464369411
2024-07-30 00:00:00-04:00,MSFT,-0.008928334055121612
2024-07-31 00:00:00-04:00,MSFT,-0.010805917990709402
2024-08-01 00:00:00-04:00,MSFT,-0.0029640527471576084
2024-08-02 00:00:00-04:00,MSFT,-0.020666030438196592
2024-08-05 00:00:00-04:00,MSFT,-0.03265673578943307
2024-08-06 00:00:00-04:00,MSFT,0.011286771846602317
2024-08-07 00:00:00-04:00,MSFT,-0.0029528037751084257
2024-08-08 00:00:00-04:00,MSFT,0.010691978713134986
2024-08-09 00:00:00-04:00,MSFT,0.008269302711531923
2024-08-12 00:00:00-04:00,MSFT,0.0019457792766988113
2024-08-13 00:00:00-04:00,MSFT,0.017698667984344718
2024-08-14 00:00:00-04:00,MSFT,0.006883979139847396
2024-08-15 00:00:00-04:00,MSFT,0.011823633868292438
2024-08-16 00:00:00-04:00,MSFT,-0.006080180185278117
2024-08-19 00:00:00-04:00,MSFT,0.0073123093103288905
2024-08-20 00:00:00-04:00,MSFT,0.007757411317865115
2024-08-21 00:00:00-04:00,MSFT,-0.0015535533791516398
2024-08-22 00:00:00-04:00,MSFT,-0.020252932591432016
2024-08-23 00:00:00-04:00,MSFT,0.002984166005347122
2024-08-26 00:00:00-04:00,MSFT,-0.007917791858471412
2024-08-27 00:00:00-04:00,MSFT,0.0008465507267068073
2024-08-28 00:00:00-04:00,MSFT,-0.007829036271825629
2024-08-29 00:00:00-04:00,MSFT,0.006137341439390598
2024-08-30 00:00:00-04:00,MSFT,0.00973075682956881
2024-09-03 00:00:00-04:00,MSFT,-0.01845900121550792
2024-09-04 00:00:00-04:00,MSFT,-0.0013189246377359742
2024-09-05 00:00:00-04:00,MSFT,-0.0012472667091779632
2024-09-06 00:00:00-04:00,MSFT,-0.016381320321659176
2024-09-09 00:00:00-04:00,MSFT,0.010007471538828971
2024-09-10 00:00:00-04:00,MSFT,0.020901011956280247
2024-09-11 00:00:00-04:00,MSFT,0.021342256891748734
2024-09-12 00:00:00-04:00,MSFT,0.009360905797186181
2024-09-13 00:00:00-04:00,MSFT,0.008407514836844099
2024-09-16 00:00:00-04:00,MSFT,0.0017418424252022557
2024-09-17 00:00:00-04:00,MSFT,0.008832872244035839
2024-09-18 00:00:00-04:00,MSFT,-0.00997349625709465
2024-09-19 00:00:00-04:00,MSFT,0.018291065191644806
2024-09-20 00:00:00-04:00,MSFT,-0.00779590528593288
2024-09-23 00:00:00-04:00,MSFT,-0.004043489297676728
2024-09-24 00:00:00-04:00,MSFT,-0.010011297817213771
2024-09-25 00:00:00-04:00,MSFT,0.006850412309488352
2024-09-26 00:00:00-04:00,MSFT,-0.001851358039684281
2024-09-27 00:00:00-04:00,MSFT,-0.007627997680559551
2024-09-30 00:00:00-04:00,MSFT,0.005326880084041141
2024-10-01 00:00:00-04:00,MSFT,-0.022333188513406932
2024-10-02 00:00:00-04:00,MSFT,-0.008462203798963563
2024-10-03 00:00:00-04:00,MSFT,-0.0014145535829855893
2024-10-04 00:00:00-04:00,MSFT,-0.0011524106545616197
2024-10-07 00:00:00-04:00,MSFT,-0.015670683835388277
2024-10-08 00:00:00-04:00,MSFT,0.012623846118859916
2024-10-09 00:00:00-04:00,MSFT,0.006631092232519009
2024-10-10 00:00:00-04:00,MSFT,-0.0038806108650878413
2024-10-11 00:00:00-04:00,MSFT,0.0011543506048659058
2024-10-14 00:00:00-04:00,MSFT,0.006773637217992734
2024-10-15 00:00:00-04:00,MSFT,-0.0009543604150079599
2024-10-16 00:00:00-04:00,MSFT,-0.006256780950302132
2024-10-17 00:00:00-04:00,MSFT,0.0014418556163513507
2024-10-18 00:00:00-04:00,MSFT,0.0034555157386382263
2024-10-21 00:00:00-04:00,MSFT,0.0014826958633984422
2024-10-22 00:00:00-04:00,MSFT,0.020846186184899196
2024-10-23 00:00:00-04:00,MSFT,-0.006806663359088305
2024-10-24 00:00:00-04:00,MSFT,0.00030606201734650895
2024-10-25 00:00:00-04:00,MSFT,0.008052140507378569
2024-10-28 00:00:00-04:00,MSFT,-0.0036435930345497525
2024-10-29 00:00:00-04:00,MSFT,0.012564859909558468
2024-10-30 00:00:00-04:00,MSFT,0.0013425973481571152
2024-10-31 00:00:00-04:00,MSFT,-0.060527446997806766
2024-11-01 00:00:00-04:00,MSFT,0.00989287653800952
2024-11-04 00:00:00-05:00,MSFT,-0.0046543695202960755
2024-11-05 00:00:00-05:00,MSFT,0.00734462857421625
2024-11-06 00:00:00-05:00,MSFT,0.021192908755753637
2024-11-07 00:00:00-05:00,MSFT,0.01249460874293451
2024-11-08 00:00:00-05:00,MSFT,-0.006793031210080458
2024-11-11 00:00:00-05:00,MSFT,-0.010720972140645157
2024-11-12 00:00:00-05:00,MSFT,0.012009275689125909
2024-11-13 00:00:00-05:00,MSFT,0.005129693856757767
2024-11-14 00:00:00-05:00,MSFT,0.003974647541107101
2024-11-15 00:00:00-05:00,MSFT,-0.02785270903901138
2024-11-18 00:00:00-05:00,MSFT,0.0018314336918336949
2024-11-19 00:00:00-05:00,MSFT,0.004882634949881393
2024-11-20 00:00:00-05:00,MSFT,-0.00550530397260085
2024-11-21 00:00:00-05:00,MSFT,-0.004316711024547559
2024-11-22 00:00:00-05:00,MSFT,0.010003206357248384
2024-11-25 00:00:00-05:00,MSFT,0.004292561221777902
2024-11-26 00:00:00-05:00,MSFT,0.02196788296969787
2024-11-27 00:00:00-05:00,MSFT,-0.011682361162067223
2024-11-29 00:00:00-05:00,MSFT,0.0011111080287555808
2024-12-02 00:00:00-05:00,MSFT,0.017758434939384893
2024-12-03 00:00:00-05:00,MSFT,0.000510576075405389
2024-12-04 00:00:00-05:00,MSFT,0.01442482800304501
2024-12-05 00:00:00-05:00,MSFT,0.011887821659308129
2024-12-06 00:00:00-05:00,MSFT,0.0021463356507571696
2024-12-09 00:00:00-05:00,MSFT,0.005523339940131544
2024-12-10 00:00:00-05:00,MSFT,-0.006031084399526265
2024-12-11 00:00:00-05:00,MSFT,0.012766908887646755
2024-12-12 00:00:00-05:00,MSFT,0.0012695997033291828
2024-12-13 00:00:00-05:00,MSFT,-0.005093939777762402
2024-12-16 00:00:00-05:00,MSFT,0.009658723270052905
2024-12-17 00:00:00-05:00,MSFT,0.006355212477715089
2024-12-18 00:00:00-05:00,MSFT,-0.037560925494028896
2024-12-19 00:00:00-05:00,MSFT,-0.0008231925099930759
2024-12-20 00:00:00-05:00,MSFT,-0.0009838401221645698
2024-12-23 00:00:00-05:00,MSFT,-0.0030922041233820696
2024-12-24 00:00:00-05:00,MSFT,0.009373992111563645
2024-12-26 00:00:00-05:00,MSFT,-0.0027769364700223065
2024-12-27 00:00:00-05:00,MSFT,-0.01730155900742336
2024-12-30 00:00:00-05:00,MSFT,-0.013239577765708943
2024-12-31 00:00:00-05:00,MSFT,-0.0078383453304397
2025-01-02 00:00:00-05:00,MSFT,-0.006927727658147864
2025-01-03 00:00:00-05:00,MSFT,0.011395680366477201
2025-01-06 00:00:00-05:00,MSFT,0.010629558133860684
2025-01-07 00:00:00-05:00,MSFT,-0.012808270090346574
2025-01-08 00:00:00-05:00,MSFT,0.005185057215042033
2025-01-10 00:00:00-05:00,MSFT,-0.013213585397501504
2025-01-13 00:00:00-05:00,MSFT,-0.0042010854407185105
2025-01-14 00:00:00-05:00,MSFT,-0.0036434664121826055
2025-01-15 00:00:00-05:00,MSFT,0.02559723146601356
2025-01-16 00:00:00-05:00,MSFT,-0.004058077797836512
2025-01-17 00:00:00-05:00,MSFT,0.010481015092373758
2025-01-21 00:00:00-05:00,MSFT,-0.0012353857550320146
2025-01-22 00:00:00-05:00,MSFT,0.04130689702685242
2025-01-23 00:00:00-05:00,MSFT,0.001143002198113141
2025-01-24 00:00:00-05:00,MSFT,-0.005932318562008931
2025-01-27 00:00:00-05:00,MSFT,-0.021393477939779526
2025-01-28 00:00:00-05:00,MSFT,0.02908698945008359
2025-01-29 00:00:00-05:00,MSFT,-0.010890101132774666
2025-01-30 00:00:00-05:00,MSFT,-0.06180892103929392
2025-01-31 00:00:00-05:00,MSFT,0.00016853972715757948
2025-02-03 00:00:00-05:00,MSFT,-0.009974382558504913
2025-02-04 00:00:00-05:00,MSFT,0.0035287005158499696
2025-02-05 00:00:00-05:00,MSFT,0.0022309965417419697
2025-02-06 00:00:00-05:00,MSFT,0.006121527221295109
2025-02-07 00:00:00-05:00,MSFT,-0.014597672853059018
2025-02-10 00:00:00-05:00,MSFT,0.006028061065883383
2025-02-11 00:00:00-05:00,MSFT,-0.0018920894734039129
2025-02-12 00:00:00-05:00,MSFT,-0.005833231074290346
2025-02-13 00:00:00-05:00,MSFT,0.003667066451773726
2025-02-14 00:00:00-05:00,MSFT,-0.0051395058149549255
2025-02-18 00:00:00-05:00,MSFT,0.0029625308348093515
2025-02-19 00:00:00-05:00,MSFT,0.012523186654196383
2025-02-20 00:00:00-05:00,MSFT,0.005290636980393337
2025-02-21 00:00:00-05:00,MSFT,-0.019032497081183597
2025-02-24 00:00:00-05:00,MSFT,-0.010313371424585327
2025-02-25 00:00:00-05:00,MSFT,-0.015098974384675445
2025-02-26 00:00:00-05:00,MSFT,0.004599204235896437
2025-02-27 00:00:00-05:00,MSFT,-0.01801222535696867
2025-02-28 00:00:00-05:00,MSFT,0.011362150012946381
2025-03-03 00:00:00-05:00,MSFT,-0.02141108002082004
2025-03-04 00:00:00-05:00,MSFT,0.0003088206817996042
2025-03-05 00:00:00-05:00,MSFT,0.0319343177122382
2025-03-06 00:00:00-05:00,MSFT,-0.010298554409137073
2025-03-07 00:00:00-05:00,MSFT,-0.009020240721967165
2025-03-10 00:00:00-04:00,MSFT,-0.03343416579797065
2025-03-11 00:00:00-04:00,MSFT,0.0007629062358160965
2025-03-12 00:00:00-04:00,MSFT,0.0074121512168277
2025-03-13 00:00:00-04:00,MSFT,-0.011741115243524836
2025-03-14 00:00:00-04:00,MSFT,0.025846950901899257
2025-03-17 00:00:00-04:00,MSFT,0.0003603184031335527
2025-03-18 00:00:00-04:00,MSFT,-0.013326503254303845
2025-03-19 00:00:00-04:00,MSFT,0.01121195594833524
2025-03-20 00:00:00-04:00,MSFT,-0.0025268825449781263
2025-03-21 00:00:00-04:00,MSFT,0.011425867808454226
2025-03-24 00:00:00-04:00,MSFT,0.004651499834001704
2025-03-25 00:00:00-04:00,MSFT,0.0052915885271298535
2025-03-26 00:00:00-04:00,MSFT,-0.013133835379717462
2025-03-27 00:00:00-04:00,MSFT,0.001564084720412806
2025-03-28 00:00:00-04:00,MSFT,-0.03016016142860589
2025-03-31 00:00:00-04:00,MSFT,-0.009002087849801055
2025-04-01 00:00:00-04:00,MSFT,0.018114443192123852
2025-04-02 00:00:00-04:00,MSFT,-0.00013078963881574257
2025-04-03 00:00:00-04:00,MSFT,-0.023630214648871828
2025-04-04 00:00:00-04:00,MSFT,-0.03556582917030027
2025-04-07 00:00:00-04:00,MSFT,-0.005502397835490558
2025-04-08 00:00:00-04:00,MSFT,-0.009221402886433472
2025-04-09 00:00:00-04:00,MSFT,0.10133666683007347
2025-04-10 00:00:00-04:00,MSFT,-0.023406433535439142
2025-04-11 00:00:00-04:00,MSFT,0.01861820960589644
2025-04-14 00:00:00-04:00,MSFT,-0.0016476361047147448
2025-04-15 00:00:00-04:00,MSFT,-0.005363495758925474
2025-04-16 00:00:00-04:00,MSFT,-0.036606028396360846
2025-04-17 00:00:00-04:00,MSFT,-0.010306440758366509
2025-04-21 00:00:00-04:00,MSFT,-0.023546659558688066
2025-04-22 00:00:00-04:00,MSFT,0.021441343736261498
2025-04-23 00:00:00-04:00,MSFT,0.020636810137263595
2025-04-24 00:00:00-04:00,MSFT,0.03448271036722739
2025-04-25 00:00:00-04:00,MSFT,0.01174808773201974
2025-04-28 00:00:00-04:00,MSFT,-0.0017609840307352131
2025-04-29 00:00:00-04:00,MSFT,0.0073628386297937
2025-04-30 00:00:00-04:00,MSFT,0.0030960151845991213
2025-05-01 00:00:00-04:00,MSFT,0.07625369970088958
2025-05-02 00:00:00-04:00,MSFT,0.02322513968350237
2025-05-05 00:00:00-04:00,MSFT,0.0020446324451217635
2025-05-06 00:00:00-04:00,MSFT,-0.006556972575346709
2025-05-07 00:00:00-04:00,MSFT,9.224504380256349e-05
2025-05-08 00:00:00-04:00,MSFT,0.0111227163368115
2025-05-09 00:00:00-04:00,MSFT,0.0012779505976792116
2025-05-12 00:00:00-04:00,MSFT,0.024001128949223682
2025-05-13 00:00:00-04:00,MSFT,-0.0002670474613925
2025-05-14 00:00:00-04:00,MSFT,0.008460591572412302
2025-05-15 00:00:00-04:00,MSFT,0.0022560537294320504
2025-05-16 00:00:00-04:00,MSFT,0.002515732151169514
2025-05-19 00:00:00-04:00,MSFT,0.01012631672894404
2025-05-20 00:00:00-04:00,MSFT,-0.0015254973787803827
2025-05-21 00:00:00-04:00,MSFT,-0.0122225574724798
2025-05-22 00:00:00-04:00,MSFT,0.00505991619664603
2025-05-23 00:00:00-04:00,MSFT,-0.010288879051247424
2025-05-27 00:00:00-04:00,MSFT,0.02334624314714917
2025-05-28 00:00:00-04:00,MSFT,-0.007228303770779765
2025-05-29 00:00:00-04:00,MSFT,0.0028861287651551493
2025-05-30 00:00:00-04:00,MSFT,0.0036626838148996477
2025-06-02 00:00:00-04:00,MSFT,0.0034973016005170887
2025-06-03 00:00:00-04:00,MSFT,0.002164553618331011
2025-06-04 00:00:00-04:00,MSFT,0.0019439371115048676
2025-06-05 00:00:00-04:00,MSFT,0.008213657075788472
2025-06-06 00:00:00-04:00,MSFT,0.0057730785674350305
2025-06-09 00:00:00-04:00,MSFT,0.005038560888757981
2025-06-10 00:00:00-04:00,MSFT,-0.0038709508659926506
2025-06-11 00:00:00-04:00,MSFT,0.003609943465949339
2025-06-12 00:00:00-04:00,MSFT,0.013224082049501096
2025-06-13 00:00:00-04:00,MSFT,-0.008165017019365006
2025-06-16 00:00:00-04:00,MSFT,0.008800750769422105
2025-06-17 00:00:00-04:00,MSFT,-0.002295768919517105
2025-06-18 00:00:00-04:00,MSFT,0.004602103204535579
2025-06-20 00:00:00-04:00,MSFT,-0.005913730405531559
2025-06-23 00:00:00-04:00,MSFT,0.018014263364494187
2025-06-24 00:00:00-04:00,MSFT,0.008456709934241635
2025-06-25 00:00:00-04:00,MSFT,0.004407236456436037
2025-06-26 00:00:00-04:00,MSFT,0.010522731565988819
2025-06-27 00:00:00-04:00,MSFT,-0.0030355062338011107
2025-06-30 00:00:00-04:00,MSFT,0.002964052329135214
2025-07-01 00:00:00-04:00,MSFT,-0.010775838078136424
2025-07-02 00:00:00-04:00,MSFT,-0.001950958527861868
2025-07-03 00:00:00-04:00,MSFT,0.015781182271687566
2025-07-07 00:00:00-04:00,MSFT,-0.0022452497182029463
2025-07-08 00:00:00-04:00,MSFT,-0.0022100674726015512
2025-07-09 00:00:00-04:00,MSFT,0.013873821642202966
2025-07-10 00:00:00-04:00,MSFT,-0.004031702061665254
2025-07-11 00:00:00-04:00,MSFT,0.0036691797914660818
2025-07-14 00:00:00-04:00,MSFT,-0.000596133857414527
2025-07-15 00:00:00-04:00,MSFT,0.005566541748788012
2025-07-16 00:00:00-04:00,MSFT,-0.0003954785664664895
2025-07-17 00:00:00-04:00,MSFT,0.012024798401349734
2025-07-18 00:00:00-04:00,MSFT,-0.0032245603058123073
2025-07-21 00:00:00-04:00,MSFT,1.960089324581915e-05
2025-07-22 00:00:00-04:00,MSFT,-0.009390995900055987
2025-07-23 00:00:00-04:00,MSFT,0.0011874837447751752
2025-07-24 00:00:00-04:00,MSFT,0.009903683145380482
2025-07-25 00:00:00-04:00,MSFT,0.005539546066714474
2025-07-28 00:00:00-04:00,MSFT,-0.002355468989289067
2025-07-29 00:00:00-04:00,MSFT,0.00013661035730994087
2025-07-30 00:00:00-04:00,MSFT,0.0013071033263978293
2025-07-31 00:00:00-04:00,MSFT,0.03947471494486021
2025-08-01 00:00:00-04:00,MSFT,-0.017600790811475475
2025-08-04 00:00:00-04:00,MSFT,0.021999133228751022
2025-08-05 00:00:00-04:00,MSFT,-0.014729884353799294
2025-08-06 00:00:00-04:00,MSFT,-0.005324582094622388
2025-08-07 00:00:00-04:00,MSFT,-0.007810405975390733
2025-08-08 00:00:00-04:00,MSFT,0.0023039702823861585
2025-08-11 00:00:00-04:00,MSFT,-0.0005170101891194268
2025-08-12 00:00:00-04:00,MSFT,0.014316339263848121
2025-08-13 00:00:00-04:00,MSFT,-0.016362844825632106
2025-08-14 00:00:00-04:00,MSFT,0.003649547910346884
2025-08-15 00:00:00-04:00,MSFT,-0.0044210893947667085
2025-08-18 00:00:00-04:00,MSFT,-0.005901999673326719
2025-08-19 00:00:00-04:00,MSFT,-0.014175142741905788
2025-08-20 00:00:00-04:00,MSFT,-0.007944713224745104
2025-08-21 00:00:00-04:00,MSFT,-0.0012874604237913534
2025-08-22 00:00:00-04:00,MSFT,0.005929794175035807
2025-08-25 00:00:00-04:00,MSFT,-0.0058553628679332
2025-08-26 00:00:00-04:00,MSFT,-0.004402542497525697
2025-08-27 00:00:00-04:00,MSFT,0.009361843214007903
2025-08-28 00:00:00-04:00,MSFT,0.005722846222226963
2025-08-29 00:00:00-04:00,MSFT,-0.005788384724478179
2025-09-02 00:00:00-04:00,MSFT,-0.003098602510448023
2025-09-03 00:00:00-04:00,MSFT,0.000455385449735779
2025-09-04 00:00:00-04:00,MSFT,0.005184534030341359
2025-09-05 00:00:00-04:00,MSFT,-0.025533047645079132
2025-09-08 00:00:00-04:00,MSFT,0.006464665766642286
2025-09-09 00:00:00-04:00,MSFT,0.00042145745498878284
2025-09-10 00:00:00-04:00,MSFT,0.003932623559571802
2025-09-11 00:00:00-04:00,MSFT,0.0012790203952166568
2025-09-12 00:00:00-04:00,MSFT,0.017744143492950837
2025-09-15 00:00:00-04:00,MSFT,0.010707963157335909
2025-09-16 00:00:00-04:00,MSFT,-0.012263246171065223
2025-09-17 00:00:00-04:00,MSFT,0.0019251597321499059
2025-09-18 00:00:00-04:00,MSFT,-0.0030783111716043976
2025-09-19 00:00:00-04:00,MSFT,0.018645042810972345
2025-09-22 00:00:00-04:00,MSFT,-0.00671911381413659
2025-09-23 00:00:00-04:00,MSFT,-0.010146788855002531
2025-09-24 00:00:00-04:00,MSFT,0.001806598765426548
2025-09-25 00:00:00-04:00,MSFT,-0.006115803306297463
2025-09-26 00:00:00-04:00,MSFT,0.008737114243486443
2025-09-29 00:00:00-04:00,MSFT,0.0061391684555711645
2025-09-30 00:00:00-04:00,MSFT,0.006510093016419027
2025-10-01 00:00:00-04:00,MSFT,0.00339796793121816
2025-10-02 00:00:00-04:00,MSFT,-0.007638860081398469
2025-10-03 00:00:00-04:00,MSFT,0.0031215812486466987
2025-10-06 00:00:00-04:00,MSFT,0.02168761724708901
2025-10-07 00:00:00-04:00,MSFT,-0.008684006558527635
2025-10-08 00:00:00-04:00,MSFT,0.0016604424009352137
2025-10-09 00:00:00-04:00,MSFT,-0.004667862840408654
2025-10-10 00:00:00-04:00,MSFT,-0.021899000568715077
2025-10-13 00:00:00-04:00,MSFT,0.006047446514153343
2025-10-14 00:00:00-04:00,MSFT,-0.0009337222677795465
2025-10-15 00:00:00-04:00,MSFT,-0.0002726225759598355
2025-10-16 00:00:00-04:00,MSFT,-0.003544760875486941
2025-10-17 00:00:00-04:00,MSFT,0.003850667017549547
2025-10-20 00:00:00-04:00,MSFT,0.006250164443392103
2025-10-21 00:00:00-04:00,MSFT,0.0016834246495727179
2025-10-22 00:00:00-04:00,MSFT,0.005563383331563365
2025-10-23 00:00:00-04:00,MSFT,3.858474005391521e-05
2025-10-24 00:00:00-04:00,MSFT,0.005858990605509318
2025-10-27 00:00:00-04:00,MSFT,0.015106800881565352
2025-10-28 00:00:00-04:00,MSFT,0.019848689894944593
2025-10-29 00:00:00-04:00,MSFT,-0.0009593918994100781
2025-10-30 00:00:00-04:00,MSFT,-0.029157023743565658
2025-10-31 00:00:00-04:00,MSFT,-0.015120960204863643
2025-11-03 00:00:00-05:00,MSFT,-0.0015063329682659665
2025-11-04 00:00:00-05:00,MSFT,-0.005222027183646616
2025-11-05 00:00:00-05:00,MSFT,-0.01394052760468567
2025-11-06 00:00:00-05:00,MSFT,-0.01983597948702054
2025-11-07 00:00:00-05:00,MSFT,-0.0005632485423001654
2025-11-10 00:00:00-05:00,MSFT,0.018477508945690335
2025-11-11 00:00:00-05:00,MSFT,0.005296408286832088
2025-11-12 00:00:00-05:00,MSFT,0.004836108255941829
2025-11-13 00:00:00-05:00,MSFT,-0.015357829434784254
2025-11-14 00:00:00-05:00,MSFT,0.01368988000867466
2025-11-17 00:00:00-05:00,MSFT,-0.005272698028360612
2025-11-18 00:00:00-05:00,MSFT,-0.026995524780487168
2025-11-19 00:00:00-05:00,MSFT,-0.013507824429130677
2025-11-20 00:00:00-05:00,MSFT,-0.01600133102224366
2025-11-21 00:00:00-05:00,MSFT,-0.013188948933371858
2025-11-24 00:00:00-05:00,MSFT,0.00398205694787479
2025-11-25 00:00:00-05:00,MSFT,0.006307956259938852
2025-11-26 00:00:00-05:00,MSFT,0.01784115134584785
2025-11-28 00:00:00-05:00,MSFT,0.013408861488697132
2025-12-01 00:00:00-05:00,MSFT,-0.010711242234453744
2025-12-02 00:00:00-05:00,MSFT,0.006697679538790746
2025-12-03 00:00:00-05:00,MSFT,-0.025040828559835693
2025-12-04 00:00:00-05:00,MSFT,0.006509974781282901
2025-12-05 00:00:00-05:00,MSFT,0.004824844083790358
2025-12-08 00:00:00-05:00,MSFT,0.01626792904501806
2025-12-09 00:00:00-05:00,MSFT,0.0020365318428314794
2025-12-10 00:00:00-05:00,MSFT,-0.027356560460197188
2025-12-11 00:00:00-05:00,MSFT,0.010259910209692302
2025-12-12 00:00:00-05:00,MSFT,-0.010217785106327315
2025-12-15 00:00:00-05:00,MSFT,-0.007752890903315213
2025-12-16 00:00:00-05:00,MSFT,0.0033065371992535564
2025-12-17 00:00:00-05:00,MSFT,-0.0005668181720785981
2025-12-18 00:00:00-05:00,MSFT,0.016508469753089283
2025-12-19 00:00:00-05:00,MSFT,0.004008424988813264
2025-12-22 00:00:00-05:00,MSFT,-0.0020579063896725147
2025-12-23 00:00:00-05:00,MSFT,0.003979983831256417
2025-12-24 00:00:00-05:00,MSFT,0.0024031674865694352
2025-12-26 00:00:00-05:00,MSFT,-0.0006352171471570855
2025-12-29 00:00:00-05:00,MSFT,-0.0012506892492577526
2025-12-30 00:00:00-05:00,MSFT,0.0007800873577012979
2023-01-04 00:00:00-05:00,NKE,0.02071571252321447
2023-01-05 00:00:00-05:00,NKE,-0.00486746991200615
2023-01-06 00:00:00-05:00,NKE,0.03241572530586745
2023-01-09 00:00:00-05:00,NKE,0.0025697000715207974
2023-01-10 00:00:00-05:00,NKE,0.007929467154702996
2023-01-11 00:00:00-05:00,NKE,0.016688093291822526
2023-01-12 00:00:00-05:00,NKE,-0.0003908638013369048
2023-01-13 00:00:00-05:00,NKE,0.007506241571099803
2023-01-17 00:00:00-05:00,NKE,-0.005510244408773901
2023-01-18 00:00:00-05:00,NKE,-0.013344704258695939
2023-01-19 00:00:00-05:00,NKE,-0.015028151285595648
2023-01-20 00:00:00-05:00,NKE,0.016783134190271776
2023-01-23 00:00:00-05:00,NKE,0.013189077495727952
2023-01-24 00:00:00-05:00,NKE,-0.011380431616680786
2023-01-25 00:00:00-05:00,NKE,-7.879250454567721e-05
2023-01-26 00:00:00-05:00,NKE,0.005598381192222668
2023-01-27 00:00:00-05:00,NKE,0.0
2023-01-30 00:00:00-05:00,NKE,-0.009095849622564822
2023-01-31 00:00:00-05:00,NKE,0.007596851957762718
2023-02-01 00:00:00-05:00,NKE,0.017042189764290283
2023-02-02 00:00:00-05:00,NKE,-0.003397662699824333
2023-02-03 00:00:00-05:00,NKE,-0.011235165429605676
2023-02-06 00:00:00-05:00,NKE,-0.01473231054044255
2023-02-07 00:00:00-05:00,NKE,-0.0031813538040808
2023-02-08 00:00:00-05:00,NKE,-0.019308970122194236
2023-02-09 00:00:00-05:00,NKE,-0.005939352786054397
2023-02-10 00:00:00-05:00,NKE,0.0004092236701283003
2023-02-13 00:00:00-05:00,NKE,0.023889180578524183
2023-02-14 00:00:00-05:00,NKE,0.008390018500701535
2023-02-15 00:00:00-05:00,NKE,0.0101427812128696
2023-02-16 00:00:00-05:00,NKE,-0.024317668793771507
2023-02-17 00:00:00-05:00,NKE,0.003698213821980545
2023-02-21 00:00:00-05:00,NKE,-0.029958234055408317
2023-02-22 00:00:00-05:00,NKE,-0.009909161131101407
2023-02-23 00:00:00-05:00,NKE,0.0005004883236769953
2023-02-24 00:00:00-05:00,NKE,-0.016005366932104748
2023-02-27 00:00:00-05:00,NKE,0.004151172799074843
2023-02-28 00:00:00-05:00,NKE,0.0021935741650733753
2023-03-01 00:00:00-05:00,NKE,-0.0017679397180844214
2023-03-02 00:00:00-05:00,NKE,0.008433155615263477
2023-03-03 00:00:00-05:00,NKE,0.014256851973216467
2023-03-06 00:00:00-05:00,NKE,-0.00636670830428232
2023-03-07 00:00:00-05:00,NKE,-0.004826544428109258
2023-03-08 00:00:00-05:00,NKE,0.0022578154179517806
2023-03-09 00:00:00-05:00,NKE,-0.016602652740020596
2023-03-10 00:00:00-05:00,NKE,-0.0032240992658418843
2023-03-13 00:00:00-04:00,NKE,-0.005362030135803608
2023-03-14 00:00:00-04:00,NKE,0.018312408671181002
2023-03-15 00:00:00-04:00,NKE,-0.006974573863150035
2023-03-16 00:00:00-04:00,NKE,0.020986561159734185
2023-03-17 00:00:00-04:00,NKE,-0.0021549130518347948
2023-03-20 00:00:00-04:00,NKE,0.0067280293407077085
2023-03-21 00:00:00-04:00,NKE,0.03638607172004682
2023-03-22 00:00:00-04:00,NKE,-0.04864258977751157
2023-03-23 00:00:00-04:00,NKE,0.012301369332494039
2023-03-24 00:00:00-04:00,NKE,-0.002149414626001378
2023-03-27 00:00:00-04:00,NKE,-0.02402449530442996
2023-03-28 00:00:00-04:00,NKE,0.0005094404868939417
2023-03-29 00:00:00-04:00,NKE,0.022227766116245107
2023-03-30 00:00:00-04:00,NKE,-0.0032367633016162634
2023-03-31 00:00:00-04:00,NKE,0.021148969854660082
2023-04-03 00:00:00-04:00,NKE,-0.007909290275251557
2023-04-04 00:00:00-04:00,NKE,0.016602306983900528
2023-04-05 00:00:00-04:00,NKE,-0.022556328571178286
2023-04-06 00:00:00-04:00,NKE,-0.00562458814191058
2023-04-10 00:00:00-04:00,NKE,0.01405774656258929
2023-04-11 00:00:00-04:00,NKE,0.011401730841489766
2023-04-12 00:00:00-04:00,NKE,0.0029198171362505576
2023-04-13 00:00:00-04:00,NKE,0.022400039744397082
2023-04-14 00:00:00-04:00,NKE,-0.0037965586916034466
2023-04-17 00:00:00-04:00,NKE,0.0019054167036485214
2023-04-18 00:00:00-04:00,NKE,0.00015857960198850662
2023-04-19 00:00:00-04:00,NKE,-0.0042786462909554235
2023-04-20 00:00:00-04:00,NKE,-0.009707871083860065
2023-04-21 00:00:00-04:00,NKE,0.008678115055978708
2023-04-24 00:00:00-04:00,NKE,0.012427102140345037
2023-04-25 00:00:00-04:00,NKE,-0.019120081579972137
2023-04-26 00:00:00-04:00,NKE,-0.0065779669578094335
2023-04-27 00:00:00-04:00,NKE,0.015019470597906981
2023-04-28 00:00:00-04:00,NKE,0.008114613051247277
2023-05-01 00:00:00-04:00,NKE,0.009469642900773678
2023-05-02 00:00:00-04:00,NKE,-0.005159486890834453
2023-05-03 00:00:00-04:00,NKE,-0.0040861617277726525
2023-05-04 00:00:00-04:00,NKE,-0.02422276885627661
2023-05-05 00:00:00-04:00,NKE,0.023611285337505006
2023-05-08 00:00:00-04:00,NKE,0.0022907221889494345
2023-05-09 00:00:00-04:00,NKE,-0.014029061450953395
2023-05-10 00:00:00-04:00,NKE,-0.012709695218980244
2023-05-11 00:00:00-04:00,NKE,-0.0104445201331973
2023-05-12 00:00:00-04:00,NKE,-0.016445729193659275
2023-05-15 00:00:00-04:00,NKE,-0.003161135989104169
2023-05-16 00:00:00-04:00,NKE,-0.027956229309483493
2023-05-17 00:00:00-04:00,NKE,0.004292388887928933
2023-05-18 00:00:00-04:00,NKE,0.01615670873542152
2023-05-19 00:00:00-04:00,NKE,-0.03457548020795809
2023-05-22 00:00:00-04:00,NKE,-0.039909416414483534
2023-05-23 00:00:00-04:00,NKE,-0.012706543731364484
2023-05-24 00:00:00-04:00,NKE,-0.004504620906639167
2023-05-25 00:00:00-04:00,NKE,-0.007479725324562203
2023-05-26 00:00:00-04:00,NKE,0.0002792016031918365
2023-05-30 00:00:00-04:00,NKE,-0.009208655971397417
2023-05-31 00:00:00-04:00,NKE,-0.01182871030640098
2023-06-01 00:00:00-04:00,NKE,-0.015485512496594134
2023-06-02 00:00:00-04:00,NKE,0.04346980701672587
2023-06-05 00:00:00-04:00,NKE,-0.023937604853089822
2023-06-06 00:00:00-04:00,NKE,0.009410634177190236
2023-06-07 00:00:00-04:00,NKE,0.008475453816833678
2023-06-08 00:00:00-04:00,NKE,-0.008310795905201562
2023-06-09 00:00:00-04:00,NKE,-0.003201424303081346
2023-06-12 00:00:00-04:00,NKE,0.009163010072705813
2023-06-13 00:00:00-04:00,NKE,-0.0004680503381030432
2023-06-14 00:00:00-04:00,NKE,0.05693942788980366
2023-06-15 00:00:00-04:00,NKE,-0.003987170248931582
2023-06-16 00:00:00-04:00,NKE,0.010497220565388599
2023-06-20 00:00:00-04:00,NKE,-0.03565455917771432
2023-06-21 00:00:00-04:00,NKE,0.004016973570505344
2023-06-22 00:00:00-04:00,NKE,0.004364278063209603
2023-06-23 00:00:00-04:00,NKE,-0.00850983957783047
2023-06-26 00:00:00-04:00,NKE,0.020270132988753575
2023-06-27 00:00:00-04:00,NKE,0.01673539542127611
2023-06-28 00:00:00-04:00,NKE,-0.005105213037332579
2023-06-29 00:00:00-04:00,NKE,0.003007973770957184
2023-06-30 00:00:00-04:00,NKE,-0.02646184721464495
2023-07-03 00:00:00-04:00,NKE,-0.011416236732980756
2023-07-05 00:00:00-04:00,NKE,-0.01842174757929027
2023-07-06 00:00:00-04:00,NKE,-0.01867420938754516
2023-07-07 00:00:00-04:00,NKE,-0.006089382548076561
2023-07-10 00:00:00-04:00,NKE,0.01263634735253838
2023-07-11 00:00:00-04:00,NKE,0.015220255635313373
2023-07-12 00:00:00-04:00,NKE,0.003445375596607292
2023-07-13 00:00:00-04:00,NKE,0.0007423271632507333
2023-07-14 00:00:00-04:00,NKE,0.0010201121596224993
2023-07-17 00:00:00-04:00,NKE,0.007040372758186919
2023-07-18 00:00:00-04:00,NKE,0.009290783204201514
2023-07-19 00:00:00-04:00,NKE,0.0014582068415445182
2023-07-20 00:00:00-04:00,NKE,-0.02138693419797144
2023-07-21 00:00:00-04:00,NKE,0.014228637294439794
2023-07-24 00:00:00-04:00,NKE,-0.0026591387696623947
2023-07-25 00:00:00-04:00,NKE,-0.004320992724055395
2023-07-26 00:00:00-04:00,NKE,0.009233571220802927
2023-07-27 00:00:00-04:00,NKE,-0.014913091237854004
2023-07-28 00:00:00-04:00,NKE,0.008823200420636557
2023-07-31 00:00:00-04:00,NKE,0.016295352688030285
2023-08-01 00:00:00-04:00,NKE,-0.008968045076966136
2023-08-02 00:00:00-04:00,NKE,-0.017276114137400267
2023-08-03 00:00:00-04:00,NKE,0.010510639583632297
2023-08-04 00:00:00-04:00,NKE,0.0015646487897575945
2023-08-07 00:00:00-04:00,NKE,0.015348131049334857
2023-08-08 00:00:00-04:00,NKE,-0.007150683614409736
2023-08-09 00:00:00-04:00,NKE,0.0
2023-08-10 00:00:00-04:00,NKE,-0.006016997740978969
2023-08-11 00:00:00-04:00,NKE,-0.008621600173878474
2023-08-14 00:00:00-04:00,NKE,-0.00416304869592643
2023-08-15 00:00:00-04:00,NKE,-0.010126443417491138
2023-08-16 00:00:00-04:00,NKE,-0.0001875749470906518
2023-08-17 00:00:00-04:00,NKE,-0.013892908077588473
2023-08-18 00:00:00-04:00,NKE,-0.002284663171242096
2023-08-21 00:00:00-04:00,NKE,-0.018605075704915763
2023-08-22 00:00:00-04:00,NKE,-0.013610755141496456
2023-08-23 00:00:00-04:00,NKE,-0.0267100946433092
2023-08-24 00:00:00-04:00,NKE,-0.011341544821549254
2023-08-25 00:00:00-04:00,NKE,0.01239356558070459
2023-08-28 00:00:00-04:00,NKE,0.00799262886302321
2023-08-29 00:00:00-04:00,NKE,0.0214794762630226
2023-08-30 00:00:00-04:00,NKE,0.00324262857598856
2023-08-31 00:00:00-04:00,NKE,-0.0038196376351351535
2023-09-01 00:00:00-04:00,NKE,0.009766279674554124
2023-09-05 00:00:00-04:00,NKE,-0.019929817336563294
2023-09-06 00:00:00-04:00,NKE,-0.00139555106678535
2023-09-07 00:00:00-04:00,NKE,-0.022459560365158504
2023-09-08 00:00:00-04:00,NKE,-0.0026547415982635103
2023-09-11 00:00:00-04:00,NKE,-0.009010037800657122
2023-09-12 00:00:00-04:00,NKE,-0.005062441348082203
2023-09-13 00:00:00-04:00,NKE,-0.0017653796642114195
2023-09-14 00:00:00-04:00,NKE,0.011026781805077546
2023-09-15 00:00:00-04:00,NKE,-0.009568874325619259
2023-09-18 00:00:00-04:00,NKE,-0.007791532712867366
2023-09-19 00:00:00-04:00,NKE,-0.009318295857863812
2023-09-20 00:00:00-04:00,NKE,-0.0061298551722379635
2023-09-21 00:00:00-04:00,NKE,-0.026052667886732106
2023-09-22 00:00:00-04:00,NKE,-0.008079669064786299
2023-09-25 00:00:00-04:00,NKE,-0.002751510060865714
2023-09-26 00:00:00-04:00,NKE,-0.004746326840814219
2023-09-27 00:00:00-04:00,NKE,-0.008317497533744445
2023-09-28 00:00:00-04:00,NKE,0.0023485410098562642
2023-09-29 00:00:00-04:00,NKE,0.06683014173458157
2023-10-02 00:00:00-04:00,NKE,-0.011085509971042073
2023-10-03 00:00:00-04:00,NKE,0.0056047596331993965
2023-10-04 00:00:00-04:00,NKE,0.008413268792536233
2023-10-05 00:00:00-04:00,NKE,-0.0010430427981806822
2023-10-06 00:00:00-04:00,NKE,0.01378030998979951
2023-10-09 00:00:00-04:00,NKE,-0.00236851795637838
2023-10-10 00:00:00-04:00,NKE,0.007638406697890288
2023-10-11 00:00:00-04:00,NKE,0.010551034391725667
2023-10-12 00:00:00-04:00,NKE,0.006082099024438792
2023-10-13 00:00:00-04:00,NKE,0.006649953503415462
2023-10-16 00:00:00-04:00,NKE,0.021319156747868995
2023-10-17 00:00:00-04:00,NKE,0.00950607017177596
2023-10-18 00:00:00-04:00,NKE,0.0073778551512115875
2023-10-19 00:00:00-04:00,NKE,-0.006938426582780988
2023-10-20 00:00:00-04:00,NKE,-0.003687574494322221
2023-10-23 00:00:00-04:00,NKE,0.0013636873196944954
2023-10-24 00:00:00-04:00,NKE,0.023052074220612395
2023-10-25 00:00:00-04:00,NKE,-0.01559219849860316
2023-10-26 00:00:00-04:00,NKE,-0.033996460659585614
2023-10-27 00:00:00-04:00,NKE,-0.02039592067020335
2023-10-30 00:00:00-04:00,NKE,0.038987599218027524
2023-10-31 00:00:00-04:00,NKE,0.00952832183147323
2023-11-01 00:00:00-04:00,NKE,-0.0183904473792047
2023-11-02 00:00:00-04:00,NKE,0.04163363708778278
2023-11-03 00:00:00-04:00,NKE,0.018842778883541467
2023-11-06 00:00:00-05:00,NKE,0.0017746134339591269
2023-11-07 00:00:00-05:00,NKE,0.019673781802289625
2023-11-08 00:00:00-05:00,NKE,0.0002741415535536529
2023-11-09 00:00:00-05:00,NKE,-0.021848361949991513
2023-11-10 00:00:00-05:00,NKE,-0.008317667310251964
2023-11-13 00:00:00-05:00,NKE,-0.018000287572555784
2023-11-14 00:00:00-05:00,NKE,0.014875301349505099
2023-11-15 00:00:00-05:00,NKE,0.01957443317035401
2023-11-16 00:00:00-05:00,NKE,-0.0019477513778618505
2023-11-17 00:00:00-05:00,NKE,-0.015333068172108444
2023-11-20 00:00:00-05:00,NKE,0.0033974725926617655
2023-11-21 00:00:00-05:00,NKE,0.0021632684538044344
2023-11-22 00:00:00-05:00,NKE,0.01285777715824743
2023-11-24 00:00:00-05:00,NKE,-0.002594620589144947
2023-11-27 00:00:00-05:00,NKE,0.0029729837238221535
2023-11-28 00:00:00-05:00,NKE,0.007317575300836765
2023-11-29 00:00:00-05:00,NKE,0.01489650639011808
2023-11-30 00:00:00-05:00,NKE,-0.0009060541725792737
2023-12-01 00:00:00-05:00,NKE,0.03257508333825743
2023-12-04 00:00:00-05:00,NKE,0.014716344524338565
2023-12-05 00:00:00-05:00,NKE,0.002257870848106247
2023-12-06 00:00:00-05:00,NKE,0.0060652531603986315
2023-12-07 00:00:00-05:00,NKE,-0.011196154045495788
2023-12-08 00:00:00-05:00,NKE,0.00958105197155601
2023-12-11 00:00:00-05:00,NKE,0.023293858473018014
2023-12-12 00:00:00-05:00,NKE,0.00868396249962422
2023-12-13 00:00:00-05:00,NKE,0.012788253879851164
2023-12-14 00:00:00-05:00,NKE,-0.0012378856109545033
2023-12-15 00:00:00-05:00,NKE,0.0043795635034376
2023-12-18 00:00:00-05:00,NKE,-0.0033731347661778432
2023-12-19 00:00:00-05:00,NKE,0.012382253060636339
2023-12-20 00:00:00-05:00,NKE,-0.009866275094879251
2023-12-21 00:00:00-05:00,NKE,0.009058722826438936
2023-12-22 00:00:00-05:00,NKE,-0.11825661452887504
2023-12-26 00:00:00-05:00,NKE,-0.00018531898796125823
2023-12-27 00:00:00-05:00,NKE,-0.008239112675786031
2023-12-28 00:00:00-05:00,NKE,0.01577530471041566
2023-12-29 00:00:00-05:00,NKE,-0.0022973628622779962
2024-01-02 00:00:00-05:00,NKE,-0.01860571176203807
2024-01-03 00:00:00-05:00,NKE,-0.023556955706942273
2024-01-04 00:00:00-05:00,NKE,-0.0167242460667818
2024-01-05 00:00:00-05:00,NKE,-0.0021504441959296905
2024-01-08 00:00:00-05:00,NKE,0.01508610317682657
2024-01-09 00:00:00-05:00,NKE,-0.008492667182501412
2024-01-10 00:00:00-05:00,NKE,0.01002527538041642
2024-01-11 00:00:00-05:00,NKE,0.020526218085615833
2024-01-12 00:00:00-05:00,NKE,-0.0079320759390904
2024-01-16 00:00:00-05:00,NKE,-0.031791181404125624
2024-01-17 00:00:00-05:00,NKE,-0.00884781493436737
2024-01-18 00:00:00-05:00,NKE,0.0011903410270635018
2024-01-19 00:00:00-05:00,NKE,0.008321601511902532
2024-01-22 00:00:00-05:00,NKE,-0.011986744343234434
2024-01-23 00:00:00-05:00,NKE,0.013325428012783025
2024-01-24 00:00:00-05:00,NKE,-0.011187479016549928
2024-01-25 00:00:00-05:00,NKE,9.935424544060822e-05
2024-01-26 00:00:00-05:00,NKE,0.019648732378581224
2024-01-29 00:00:00-05:00,NKE,0.01099749947987605
2024-01-30 00:00:00-05:00,NKE,0.002887921183646114
2024-01-31 00:00:00-05:00,NKE,-0.02543667958277973
2024-02-01 00:00:00-05:00,NKE,0.002265353886462096
2024-02-02 00:00:00-05:00,NKE,-0.010318261541662932
2024-02-05 00:00:00-05:00,NKE,-0.010227591669133784
2024-02-06 00:00:00-05:00,NKE,0.029394070201795408
2024-02-07 00:00:00-05:00,NKE,0.011499769575362917
2024-02-08 00:00:00-05:00,NKE,-0.00019267431876723862
2024-02-09 00:00:00-05:00,NKE,0.007034939619670499
2024-02-12 00:00:00-05:00,NKE,0.025645793886935442
2024-02-13 00:00:00-05:00,NKE,-0.020339500716177517
2024-02-14 00:00:00-05:00,NKE,0.01266660879038306
2024-02-15 00:00:00-05:00,NKE,-0.002633231627426569
2024-02-16 00:00:00-05:00,NKE,-0.023950907443867075
2024-02-20 00:00:00-05:00,NKE,-0.0020289031017575176
2024-02-21 00:00:00-05:00,NKE,0.019070589034581253
2024-02-22 00:00:00-05:00,NKE,-0.0018046337938253387
2024-02-23 00:00:00-05:00,NKE,0.005233917610131478
2024-02-26 00:00:00-05:00,NKE,-0.010318940961407286
2024-02-27 00:00:00-05:00,NKE,0.005835061250086593
2024-02-28 00:00:00-05:00,NKE,-0.007608210748634492
2024-02-29 00:00:00-05:00,NKE,-0.004024909991293124
2024-03-01 00:00:00-05:00,NKE,-0.01622275961398456
2024-03-04 00:00:00-05:00,NKE,-0.022967868070206454
2024-03-05 00:00:00-05:00,NKE,-0.01235691557911156
2024-03-06 00:00:00-05:00,NKE,-0.006916894328591439
2024-03-07 00:00:00-05:00,NKE,0.005736095792717499
2024-03-08 00:00:00-05:00,NKE,0.009878628588680494
2024-03-11 00:00:00-04:00,NKE,0.019362714799126213
2024-03-12 00:00:00-04:00,NKE,-0.008903946513975525
2024-03-13 00:00:00-04:00,NKE,0.011778903052443557
2024-03-14 00:00:00-04:00,NKE,-0.010852477237783709
2024-03-15 00:00:00-04:00,NKE,-0.0061840364567444794
2024-03-18 00:00:00-04:00,NKE,-0.009032386306203732
2024-03-19 00:00:00-04:00,NKE,0.01235560059342311
2024-03-20 00:00:00-04:00,NKE,0.0031012981916667126
2024-03-21 00:00:00-04:00,NKE,0.005485265858430788
2024-03-22 00:00:00-04:00,NKE,-0.06903397276769885
2024-03-25 00:00:00-04:00,NKE,-0.001171888782581898
2024-03-26 00:00:00-04:00,NKE,-0.012480031195576613
2024-03-27 00:00:00-04:00,NKE,0.016742065536891948
2024-03-28 00:00:00-04:00,NKE,-0.0015933612878191727
2024-04-01 00:00:00-04:00,NKE,-0.015109643036297693
2024-04-02 00:00:00-04:00,NKE,-0.017394221488811312
2024-04-03 00:00:00-04:00,NKE,-0.006816617702984806
2024-04-04 00:00:00-04:00,NKE,-0.013949092876490932
2024-04-05 00:00:00-04:00,NKE,-0.0025822663082382125
2024-04-08 00:00:00-04:00,NKE,0.013057313602989451
2024-04-09 00:00:00-04:00,NKE,0.011111077370902667
2024-04-10 00:00:00-04:00,NKE,-0.021978132634271064
2024-04-11 00:00:00-04:00,NKE,0.03370794838088531
2024-04-12 00:00:00-04:00,NKE,0.0
2024-04-15 00:00:00-04:00,NKE,0.01195668717374665
2024-04-16 00:00:00-04:00,NKE,0.003114831491561887
2024-04-17 00:00:00-04:00,NKE,0.015526227567381312
2024-04-18 00:00:00-04:00,NKE,0.009489613134222585
2024-04-19 00:00:00-04:00,NKE,-0.012638403205303184
2024-04-22 00:00:00-04:00,NKE,-0.0035966139431991007
2024-04-23 00:00:00-04:00,NKE,-0.0018049261426782426
2024-04-24 00:00:00-04:00,NKE,0.006594292908450594
2024-04-25 00:00:00-04:00,NKE,-0.007396266644742466
2024-04-26 00:00:00-04:00,NKE,0.0019160028852991395
2024-04-29 00:00:00-04:00,NKE,-0.0006374462795222247
2024-04-30 00:00:00-04:00,NKE,-0.019136697238141487
2024-05-01 00:00:00-04:00,NKE,-0.020810911474952842
2024-05-02 00:00:00-04:00,NKE,0.02291359494885703
2024-05-03 00:00:00-04:00,NKE,-0.002813642359934976
2024-05-06 00:00:00-04:00,NKE,0.013130772402532909
2024-05-07 00:00:00-04:00,NKE,0.004498792561683951
2024-05-08 00:00:00-04:00,NKE,-0.0020261553088029016
2024-05-09 00:00:00-04:00,NKE,-0.0021368539892306915
2024-05-10 00:00:00-04:00,NKE,-0.02623406569146114
2024-05-13 00:00:00-04:00,NKE,0.019573421632906207
2024-05-14 00:00:00-04:00,NKE,0.0007549163406530557
2024-05-15 00:00:00-04:00,NKE,-0.012070416218769586
2024-05-16 00:00:00-04:00,NKE,0.0010908925423056548
2024-05-17 00:00:00-04:00,NKE,0.004467689200817304
2024-05-20 00:00:00-04:00,NKE,-0.004447817733561843
2024-05-21 00:00:00-04:00,NKE,0.011441758437343186
2024-05-22 00:00:00-04:00,NKE,-0.0034476747463713098
2024-05-23 00:00:00-04:00,NKE,-0.01189179644447913
2024-05-24 00:00:00-04:00,NKE,0.0038293585149515863
2024-05-28 00:00:00-04:00,NKE,0.0027247216383339268
2024-05-29 00:00:00-04:00,NKE,-0.0035870061521240393
2024-05-30 00:00:00-04:00,NKE,0.019417378678430186
2024-05-31 00:00:00-04:00,NKE,0.017121733802734962
2024-06-03 00:00:00-04:00,NKE,-0.0029573979430900232
2024-06-04 00:00:00-04:00,NKE,0.0036015416857966276
2024-06-05 00:00:00-04:00,NKE,-0.0044331616889978775
2024-06-06 00:00:00-04:00,NKE,0.014843007080330928
2024-06-07 00:00:00-04:00,NKE,0.00867140651694287
2024-06-10 00:00:00-04:00,NKE,-0.005696824133536671
2024-06-11 00:00:00-04:00,NKE,-0.0013539867043409481
2024-06-12 00:00:00-04:00,NKE,-0.022843529033676258
2024-06-13 00:00:00-04:00,NKE,0.0053373385665980155
2024-06-14 00:00:00-04:00,NKE,-0.008388117022670283
2024-06-17 00:00:00-04:00,NKE,0.017239567043627613
2024-06-18 00:00:00-04:00,NKE,-0.0023157405544612653
2024-06-20 00:00:00-04:00,NKE,0.008334930670228502
2024-06-21 00:00:00-04:00,NKE,0.01684624133142587
2024-06-24 00:00:00-04:00,NKE,-0.00010274238118279655
2024-06-25 00:00:00-04:00,NKE,-0.02490477431186433
2024-06-26 00:00:00-04:00,NKE,-0.007282359884478673
2024-06-27 00:00:00-04:00,NKE,0.0013819976987419214
2024-06-28 00:00:00-04:00,NKE,-0.19980878500869026
2024-07-01 00:00:00-04:00,NKE,0.01937114657916994
2024-07-02 00:00:00-04:00,NKE,-0.010282555328645304
2024-07-03 00:00:00-04:00,NKE,-0.010520901283102235
2024-07-05 00:00:00-04:00,NKE,0.002525276979679303
2024-07-08 00:00:00-04:00,NKE,-0.031552262624540695
2024-07-09 00:00:00-04:00,NKE,-0.008076747958069452
2024-07-10 00:00:00-04:00,NKE,0.0011040040062826328
2024-07-11 00:00:00-04:00,NKE,0.011717727710075065
2024-07-12 00:00:00-04:00,NKE,0.0004086870769459683
2024-07-15 00:00:00-04:00,NKE,-0.028738616154996843
2024-07-16 00:00:00-04:00,NKE,0.021034544745945016
2024-07-17 00:00:00-04:00,NKE,0.0035712337697184626
2024-07-18 00:00:00-04:00,NKE,-0.009443159527901201
2024-07-19 00:00:00-04:00,NKE,0.004421118934913704
2024-07-22 00:00:00-04:00,NKE,0.02971136128172569
2024-07-23 00:00:00-04:00,NKE,-0.019503117322141605
2024-07-24 00:00:00-04:00,NKE,-0.03147148972432767
2024-07-25 00:00:00-04:00,NKE,0.004501344287513032
2024-07-26 00:00:00-04:00,NKE,0.016104124313923496
2024-07-29 00:00:00-04:00,NKE,0.013644036805773085
2024-07-30 00:00:00-04:00,NKE,0.010469065700550395
2024-07-31 00:00:00-04:00,NKE,0.0072659298209627465
2024-08-01 00:00:00-04:00,NKE,-0.013491799749099753
2024-08-02 00:00:00-04:00,NKE,0.0021663403766229994
2024-08-05 00:00:00-04:00,NKE,-0.03499524524064279
2024-08-06 00:00:00-04:00,NKE,0.015121700970504692
2024-08-07 00:00:00-04:00,NKE,0.0016553687665519234
2024-08-08 00:00:00-04:00,NKE,0.021619403978204943
2024-08-09 00:00:00-04:00,NKE,0.0020216165766515637
2024-08-12 00:00:00-04:00,NKE,0.004035829715149264
2024-08-13 00:00:00-04:00,NKE,0.05171467020951925
2024-08-14 00:00:00-04:00,NKE,0.00025468827358876567
2024-08-15 00:00:00-04:00,NKE,0.05068790642747234
2024-08-16 00:00:00-04:00,NKE,0.008848554361498895
2024-08-19 00:00:00-04:00,NKE,0.0006007759581871941
2024-08-20 00:00:00-04:00,NKE,0.0033621330749000755
2024-08-21 00:00:00-04:00,NKE,0.005265566032538027
2024-08-22 00:00:00-04:00,NKE,-0.007023791787614919
2024-08-23 00:00:00-04:00,NKE,0.007672953922151171
2024-08-26 00:00:00-04:00,NKE,0.0027364174146842224
2024-08-27 00:00:00-04:00,NKE,0.011983818776068134
2024-08-28 00:00:00-04:00,NKE,-0.02931168290702113
2024-08-29 00:00:00-04:00,NKE,0.005677114442487863
2024-08-30 00:00:00-04:00,NKE,0.0007205752061543169
2024-09-03 00:00:00-04:00,NKE,-0.019650340712637604
2024-09-04 00:00:00-04:00,NKE,-0.003689208584575443
2024-09-05 00:00:00-04:00,NKE,-0.0023450390151131817
2024-09-06 00:00:00-04:00,NKE,-0.0024744148892893447
2024-09-09 00:00:00-04:00,NKE,-0.014138686342100582
2024-09-10 00:00:00-04:00,NKE,-0.01761219084904142
2024-09-11 00:00:00-04:00,NKE,0.003969809440980576
2024-09-12 00:00:00-04:00,NKE,0.0
2024-09-13 00:00:00-04:00,NKE,0.007780521853359312
2024-09-16 00:00:00-04:00,NKE,0.009998835737491607
2024-09-17 00:00:00-04:00,NKE,0.01052636205455193
2024-09-18 00:00:00-04:00,NKE,0.0032240909261649353
2024-09-19 00:00:00-04:00,NKE,0.000988968717570593
2024-09-20 00:00:00-04:00,NKE,0.06841189869901476
2024-09-23 00:00:00-04:00,NKE,-0.0036985480637579116
2024-09-24 00:00:00-04:00,NKE,0.014617002555520342
2024-09-25 00:00:00-04:00,NKE,0.006174311840480673
2024-09-26 00:00:00-04:00,NKE,0.015795511725683387
2024-09-27 00:00:00-04:00,NKE,0.0005594776258888157
2024-09-30 00:00:00-04:00,NKE,-0.011628025118031515
2024-10-01 00:00:00-04:00,NKE,0.00825792193861119
2024-10-02 00:00:00-04:00,NKE,-0.0676539597179785
2024-10-03 00:00:00-04:00,NKE,-0.012033729089104384
2024-10-04 00:00:00-04:00,NKE,0.0018270795166015485
2024-10-07 00:00:00-04:00,NKE,-0.017264446762867758
2024-10-08 00:00:00-04:00,NKE,-0.0007423934991259706
2024-10-09 00:00:00-04:00,NKE,0.020799796933614667
2024-10-10 00:00:00-04:00,NKE,-0.004244927491955264
2024-10-11 00:00:00-04:00,NKE,0.000608864685333721
2024-10-14 00:00:00-04:00,NKE,-0.006694891637382128
2024-10-15 00:00:00-04:00,NKE,0.006372614335847349
2024-10-16 00:00:00-04:00,NKE,0.022162574729370776
2024-10-17 00:00:00-04:00,NKE,-0.006433134168875698
2024-10-18 00:00:00-04:00,NKE,-0.005755462107206233
2024-10-21 00:00:00-04:00,NKE,-0.01736614535577774
2024-10-22 00:00:00-04:00,NKE,-0.0007363733509742065
2024-10-23 00:00:00-04:00,NKE,-0.01682629753313769
2024-10-24 00:00:00-04:00,NKE,-0.012617200223494107
2024-10-25 00:00:00-04:00,NKE,-0.0024037838492552144
2024-10-28 00:00:00-04:00,NKE,0.0007609346829520192
2024-10-29 00:00:00-04:00,NKE,-0.006462976355218308
2024-10-30 00:00:00-04:00,NKE,-0.02487247504659218
2024-10-31 00:00:00-04:00,NKE,0.008894657439534326
2024-11-01 00:00:00-04:00,NKE,0.012057556386637636
2024-11-04 00:00:00-05:00,NKE,-0.01114526815754957
2024-11-05 00:00:00-05:00,NKE,0.010234486707022539
2024-11-06 00:00:00-05:00,NKE,-0.03411134417703199
2024-11-07 00:00:00-05:00,NKE,0.00796607789169168
2024-11-08 00:00:00-05:00,NKE,-0.0005269727301324689
2024-11-11 00:00:00-05:00,NKE,0.009488934618722356
2024-11-12 00:00:00-05:00,NKE,0.000783285741639439
2024-11-13 00:00:00-05:00,NKE,-0.0018265482117327814
2024-11-14 00:00:00-05:00,NKE,-0.010977260124792165
2024-11-15 00:00:00-05:00,NKE,0.01294929853840876
2024-11-18 00:00:00-05:00,NKE,-0.023089208152980878
2024-11-19 00:00:00-05:00,NKE,-0.013085581613277775
2024-11-20 00:00:00-05:00,NKE,-0.007441605736288492
2024-11-21 00:00:00-05:00,NKE,0.02371863529289553
2024-11-22 00:00:00-05:00,NKE,0.030625782332731166
2024-11-25 00:00:00-05:00,NKE,0.024030989469590702
2024-11-26 00:00:00-05:00,NKE,-0.020817608627067052
2024-11-27 00:00:00-05:00,NKE,0.009406008880445738
2024-11-29 00:00:00-05:00,NKE,0.005488918071405946
2024-12-02 00:00:00-05:00,NKE,0.009187141624567241
2024-12-03 00:00:00-05:00,NKE,-0.0029080882275522857
2024-12-04 00:00:00-05:00,NKE,-0.006213386996368531
2024-12-05 00:00:00-05:00,NKE,0.0026795869191955646
2024-12-06 00:00:00-05:00,NKE,0.0039450048878577615
2024-12-09 00:00:00-05:00,NKE,-0.01584488033654108
2024-12-10 00:00:00-05:00,NKE,-0.011591979325209167
2024-12-11 00:00:00-05:00,NKE,0.027495453285570903
2024-12-12 00:00:00-05:00,NKE,-0.01128736194048241
2024-12-13 00:00:00-05:00,NKE,-0.009107076588028895
2024-12-16 00:00:00-05:00,NKE,-0.000647295705313633
2024-12-17 00:00:00-05:00,NKE,0.010362617651953565
2024-12-18 00:00:00-05:00,NKE,-0.014102460861576072
2024-12-19 00:00:00-05:00,NKE,0.0026006577909951645
2024-12-20 00:00:00-05:00,NKE,-0.0020751706764620126
2024-12-23 00:00:00-05:00,NKE,-0.0023394474797339138
2024-12-24 00:00:00-05:00,NKE,0.0003909599803280095
2024-12-26 00:00:00-05:00,NKE,0.0019532097209364885
2024-12-27 00:00:00-05:00,NKE,-0.00675869015679742
2024-12-30 00:00:00-05:00,NKE,-0.023161382364451533
2024-12-31 00:00:00-05:00,NKE,0.013663898523344153
2025-01-02 00:00:00-05:00,NKE,-0.026430672295109425
2025-01-03 00:00:00-05:00,NKE,-0.004886578036795264
2025-01-06 00:00:00-05:00,NKE,-0.017869417591997006
2025-01-07 00:00:00-05:00,NKE,0.0012502001972563015
2025-01-08 00:00:00-05:00,NKE,-0.011097376691658556
2025-01-10 00:00:00-05:00,NKE,-0.0012624287714503302
2025-01-13 00:00:00-05:00,NKE,0.012359548809635967
2025-01-14 00:00:00-05:00,NKE,-0.012624779477311998
2025-01-15 00:00:00-05:00,NKE,-0.001405075969267311
2025-01-16 00:00:00-05:00,NKE,0.0005626426483797964
2025-01-17 00:00:00-05:00,NKE,-0.0037969848293475383
2025-01-21 00:00:00-05:00,NKE,0.032891042376638424
2025-01-22 00:00:00-05:00,NKE,0.01189021720186001
2025-01-23 00:00:00-05:00,NKE,0.0033765820330660112
2025-01-24 00:00:00-05:00,NKE,-0.009691805371774831
2025-01-27 00:00:00-05:00,NKE,0.02732094584288114
2025-01-28 00:00:00-05:00,NKE,-0.015744885178855084
2025-01-29 00:00:00-05:00,NKE,0.029439533709513466
2025-01-30 00:00:00-05:00,NKE,0.022851801420954665
2025-01-31 00:00:00-05:00,NKE,-0.018255992739276694
2025-02-03 00:00:00-05:00,NKE,-0.004031396004679277
2025-02-04 00:00:00-05:00,NKE,0.0016975753996741894
2025-02-05 00:00:00-05:00,NKE,-0.02802413596373754
2025-02-06 00:00:00-05:00,NKE,-0.0379508859251696
2025-02-07 00:00:00-05:00,NKE,-0.04265389221450966
2025-02-10 00:00:00-05:00,NKE,0.03290617032986187
2025-02-11 00:00:00-05:00,NKE,0.005638414151720728
2025-02-12 00:00:00-05:00,NKE,0.012896141840773812
2025-02-13 00:00:00-05:00,NKE,0.013146926612588317
2025-02-14 00:00:00-05:00,NKE,-0.0023222541757406123
2025-02-18 00:00:00-05:00,NKE,0.06229488972472441
2025-02-19 00:00:00-05:00,NKE,-0.010439626485527098
2025-02-20 00:00:00-05:00,NKE,0.005860910061199709
2025-02-21 00:00:00-05:00,NKE,-0.0094523496709078
2025-02-24 00:00:00-05:00,NKE,0.04941180007578305
2025-02-25 00:00:00-05:00,NKE,0.017937326050999403
2025-02-26 00:00:00-05:00,NKE,-0.006730297333569779
2025-02-27 00:00:00-05:00,NKE,-0.014167935458637593
2025-02-28 00:00:00-05:00,NKE,-0.007373093308635115
2025-03-03 00:00:00-05:00,NKE,-0.0078449172584385
2025-03-04 00:00:00-05:00,NKE,-0.013901412442114403
2025-03-05 00:00:00-05:00,NKE,0.006337169762180572
2025-03-06 00:00:00-05:00,NKE,-0.0012849880618108767
2025-03-07 00:00:00-05:00,NKE,0.01132398759113551
2025-03-10 00:00:00-04:00,NKE,-0.027866064650322264
2025-03-11 00:00:00-04:00,NKE,-0.02918848742086566
2025-03-12 00:00:00-04:00,NKE,-0.007954679286630073
2025-03-13 00:00:00-04:00,NKE,-0.01277527743701723
2025-03-14 00:00:00-04:00,NKE,-0.013491131433758352
2025-03-17 00:00:00-04:00,NKE,0.028467719051085583
2025-03-18 00:00:00-04:00,NKE,-0.005291685082210451
2025-03-19 00:00:00-04:00,NKE,-0.00436499086379738
2025-03-20 00:00:00-04:00,NKE,-0.01548169024316759
2025-03-21 00:00:00-04:00,NKE,-0.05455050174848253
2025-03-24 00:00:00-04:00,NKE,-0.008095260660424652
2025-03-25 00:00:00-04:00,NKE,-0.012613292591480696
2025-03-26 00:00:00-04:00,NKE,-0.012022749925734266
2025-03-27 00:00:00-04:00,NKE,0.0009127766829939432
2025-03-28 00:00:00-04:00,NKE,-0.038146001505976246
2025-03-31 00:00:00-04:00,NKE,0.0030020499493434993
2025-04-01 00:00:00-04:00,NKE,0.020163921516907157
2025-04-02 00:00:00-04:00,NKE,0.003088286389442807
2025-04-03 00:00:00-04:00,NKE,-0.14439652763909683
2025-04-04 00:00:00-04:00,NKE,0.03004668774015573
2025-04-07 00:00:00-04:00,NKE,-0.028646322204000874
2025-04-08 00:00:00-04:00,NKE,-0.04207867405397103
2025-04-09 00:00:00-04:00,NKE,0.11357233644510956
2025-04-10 00:00:00-04:00,NKE,-0.08293994942382654
2025-04-11 00:00:00-04:00,NKE,-0.00018385380641561255
2025-04-14 00:00:00-04:00,NKE,0.018753490056358846
2025-04-15 00:00:00-04:00,NKE,-0.010467439687578906
2025-04-16 00:00:00-04:00,NKE,-0.02334498754993486
2025-04-17 00:00:00-04:00,NKE,0.041269864893380026
2025-04-21 00:00:00-04:00,NKE,0.00645638513614144
2025-04-22 00:00:00-04:00,NKE,0.016749697238724437
2025-04-23 00:00:00-04:00,NKE,0.005783439967855797
2025-04-24 00:00:00-04:00,NKE,0.018992821997626974
2025-04-25 00:00:00-04:00,NKE,-0.014705876400041618
2025-04-28 00:00:00-04:00,NKE,-0.005380004086477763
2025-04-29 00:00:00-04:00,NKE,0.004013233654325488
2025-04-30 00:00:00-04:00,NKE,-0.019812276312898724
2025-05-01 00:00:00-04:00,NKE,0.006382840600862805
2025-05-02 00:00:00-04:00,NKE,0.032241045623371045
2025-05-05 00:00:00-04:00,NKE,-0.021164006912268274
2025-05-06 00:00:00-04:00,NKE,-0.005405401686728539
2025-05-07 00:00:00-04:00,NKE,0.02769985843788625
2025-05-08 00:00:00-04:00,NKE,0.0049471917700438794
2025-05-09 00:00:00-04:00,NKE,-0.010354809444314883
2025-05-12 00:00:00-04:00,NKE,0.07341342564495146
2025-05-13 00:00:00-04:00,NKE,-0.003036109381897578
2025-05-14 00:00:00-04:00,NKE,-0.010578716180046577
2025-05-15 00:00:00-04:00,NKE,0.010853844409971947
2025-05-16 00:00:00-04:00,NKE,0.011378055205062187
2025-05-19 00:00:00-04:00,NKE,-0.016320586175739615
2025-05-20 00:00:00-04:00,NKE,0.007731897338422167
2025-05-21 00:00:00-04:00,NKE,-0.04124045461161674
2025-05-22 00:00:00-04:00,NKE,0.022340777869320094
2025-05-23 00:00:00-04:00,NKE,-0.021200215492683472
2025-05-27 00:00:00-04:00,NKE,0.04681774880289735
2025-05-28 00:00:00-04:00,NKE,-0.016711877123341434
2025-05-29 00:00:00-04:00,NKE,-0.005503348341226677
2025-05-30 00:00:00-04:00,NKE,-0.01383460328782693
2025-06-02 00:00:00-04:00,NKE,0.022927342419939878
2025-06-03 00:00:00-04:00,NKE,0.012993334895482045
2025-06-04 00:00:00-04:00,NKE,0.006413399655444296
2025-06-05 00:00:00-04:00,NKE,-0.0015931637384568598
2025-06-06 00:00:00-04:00,NKE,0.0020743864771690657
2025-06-09 00:00:00-04:00,NKE,-0.01417197836828743
2025-06-10 00:00:00-04:00,NKE,0.0316588882670672
2025-06-11 00:00:00-04:00,NKE,-0.011899206919997352
2025-06-12 00:00:00-04:00,NKE,-0.0049120450556268125
2025-06-13 00:00:00-04:00,NKE,-0.03614651153342041
2025-06-16 00:00:00-04:00,NKE,0.022633444150309545
2025-06-17 00:00:00-04:00,NKE,-0.030694668616097376
2025-06-18 00:00:00-04:00,NKE,-0.00816673915335464
2025-06-20 00:00:00-04:00,NKE,0.004705161913195921
2025-06-23 00:00:00-04:00,NKE,0.01655787376422313
2025-06-24 00:00:00-04:00,NKE,0.010529890953887788
2025-06-25 00:00:00-04:00,NKE,-0.009605981445435563
2025-06-26 00:00:00-04:00,NKE,0.028111134514111624
2025-06-27 00:00:00-04:00,NKE,0.15190277440317712
2025-06-30 00:00:00-04:00,NKE,-0.01388125095345738
2025-07-01 00:00:00-04:00,NKE,0.03336159580414866
2025-07-02 00:00:00-04:00,NKE,0.040593865826745956
2025-07-03 00:00:00-04:00,NKE,0.0
2025-07-07 00:00:00-04:00,NKE,0.0018325995854562294
2025-07-08 00:00:00-04:00,NKE,-0.03410426187274607
2025-07-09 00:00:00-04:00,NKE,-0.004870058772622143
2025-07-10 00:00:00-04:00,NKE,0.01441004860751316
2025-07-11 00:00:00-04:00,NKE,-0.02666846090267294
2025-07-14 00:00:00-04:00,NKE,-0.005232094742812166
2025-07-15 00:00:00-04:00,NKE,-0.0035985573222254708
2025-07-16 00:00:00-04:00,NKE,0.0015280069086427428
2025-07-17 00:00:00-04:00,NKE,0.012205187884354318
2025-07-18 00:00:00-04:00,NKE,-0.006988069155461907
2025-07-21 00:00:00-04:00,NKE,0.02138810054283935
2025-07-22 00:00:00-04:00,NKE,0.018508542302312136
2025-07-23 00:00:00-04:00,NKE,0.018039423964518297
2025-07-24 00:00:00-04:00,NKE,-0.01732890427610878
2025-07-25 00:00:00-04:00,NKE,0.011270051465328113
2025-07-28 00:00:00-04:00,NKE,0.038940630510419405
2025-07-29 00:00:00-04:00,NKE,-0.011483912452083578
2025-07-30 00:00:00-04:00,NKE,-0.021064757318920657
2025-07-31 00:00:00-04:00,NKE,-0.02595201534547198
2025-08-01 00:00:00-04:00,NKE,-0.0009372079096569008
2025-08-04 00:00:00-04:00,NKE,0.002680218821157432
2025-08-05 00:00:00-04:00,NKE,-0.005880845512455601
2025-08-06 00:00:00-04:00,NKE,0.014789086111832939
2025-08-07 00:00:00-04:00,NKE,-0.014971102131833058
2025-08-08 00:00:00-04:00,NKE,-0.0021518354492170433
2025-08-11 00:00:00-04:00,NKE,-0.002291400849235181
2025-08-12 00:00:00-04:00,NKE,0.01188870411610754
2025-08-13 00:00:00-04:00,NKE,0.030707501298783857
2025-08-14 00:00:00-04:00,NKE,-0.01049215083913746
2025-08-15 00:00:00-04:00,NKE,0.007592579423679746
2025-08-18 00:00:00-04:00,NKE,0.0059763743634386746
2025-08-19 00:00:00-04:00,NKE,-0.00710326855639698
2025-08-20 00:00:00-04:00,NKE,-0.008064290828352694
2025-08-21 00:00:00-04:00,NKE,-0.0010491756770508731
2025-08-22 00:00:00-04:00,NKE,0.028878775409448165
2025-08-25 00:00:00-04:00,NKE,0.010079369635358937
2025-08-26 00:00:00-04:00,NKE,-0.006568333580532437
2025-08-27 00:00:00-04:00,NKE,-0.007501482785190361
2025-08-28 00:00:00-04:00,NKE,-0.0017935941745395034
2025-08-29 00:00:00-04:00,NKE,-0.007058399115685621
2025-09-02 00:00:00-04:00,NKE,-0.03481877203414363
2025-09-03 00:00:00-04:00,NKE,0.006057297912932524
2025-09-04 00:00:00-04:00,NKE,0.008161636354720114
2025-09-05 00:00:00-04:00,NKE,-0.019110675104965558
2025-09-08 00:00:00-04:00,NKE,0.0032470625821592325
2025-09-09 00:00:00-04:00,NKE,-0.007417307246556093
2025-09-10 00:00:00-04:00,NKE,0.008831490931807462
2025-09-11 00:00:00-04:00,NKE,0.001077468051953634
2025-09-12 00:00:00-04:00,NKE,-0.017893324926258836
2025-09-15 00:00:00-04:00,NKE,0.00041106271462476585
2025-09-16 00:00:00-04:00,NKE,-0.0038340834708140425
2025-09-17 00:00:00-04:00,NKE,-0.006048100962971148
2025-09-18 00:00:00-04:00,NKE,-0.002904141126872317
2025-09-19 00:00:00-04:00,NKE,-0.016782302503695723
2025-09-22 00:00:00-04:00,NKE,0.005501550625002238
2025-09-23 00:00:00-04:00,NKE,-0.004910213182153345
2025-09-24 00:00:00-04:00,NKE,0.004088654168835193
2025-09-25 00:00:00-04:00,NKE,-0.02780129788662833
2025-09-26 00:00:00-04:00,NKE,0.0010108186313189105
2025-09-29 00:00:00-04:00,NKE,0.0034629036252251666
2025-09-30 00:00:00-04:00,NKE,0.002588046793841503
2025-10-01 00:00:00-04:00,NKE,0.06410426026057237
2025-10-02 00:00:00-04:00,NKE,0.004986556465734093
2025-10-03 00:00:00-04:00,NKE,-0.035402925825339326
2025-10-06 00:00:00-04:00,NKE,-0.010565821889501725
2025-10-07 00:00:00-04:00,NKE,-0.03175490010665716
2025-10-08 00:00:00-04:00,NKE,0.0026119700677578184
2025-10-09 00:00:00-04:00,NKE,-0.014907943897912612
2025-10-10 00:00:00-04:00,NKE,-0.041727899431070914
2025-10-13 00:00:00-04:00,NKE,0.03311848754110236
2025-10-14 00:00:00-04:00,NKE,0.0038589536973008265
2025-10-15 00:00:00-04:00,NKE,0.012122874395533723
2025-10-16 00:00:00-04:00,NKE,-0.023663391813957935
2025-10-17 00:00:00-04:00,NKE,0.007929363284868485
2025-10-20 00:00:00-04:00,NKE,0.0037109000613950727
2025-10-21 00:00:00-04:00,NKE,0.010943464245964485
2025-10-22 00:00:00-04:00,NKE,0.010532396633575525
2025-10-23 00:00:00-04:00,NKE,0.008685743649208932
2025-10-24 00:00:00-04:00,NKE,-0.008180414769803468
2025-10-27 00:00:00-04:00,NKE,-0.007524143642188341
2025-10-28 00:00:00-04:00,NKE,-0.01691211163776396
2025-10-29 00:00:00-04:00,NKE,-0.030846825163140523
2025-10-30 00:00:00-04:00,NKE,-0.00688594738697057
2025-10-31 00:00:00-04:00,NKE,-0.00477662377782484
2025-11-03 00:00:00-05:00,NKE,-0.030035607554463994
2025-11-04 00:00:00-05:00,NKE,-0.022665579437477157
2025-11-05 00:00:00-05:00,NKE,0.014372017676743676
2025-11-06 00:00:00-05:00,NKE,-0.0035420973336933725
2025-11-07 00:00:00-05:00,NKE,-0.012926168221943923
2025-11-10 00:00:00-05:00,NKE,-0.004747165579555124
2025-11-11 00:00:00-05:00,NKE,0.03865137359099635
2025-11-12 00:00:00-05:00,NKE,0.016627016934438688
2025-11-13 00:00:00-05:00,NKE,0.028504767091433125
2025-11-14 00:00:00-05:00,NKE,-0.028169040698876047
2025-11-17 00:00:00-05:00,NKE,-0.019791174745655282
2025-11-18 00:00:00-05:00,NKE,-0.00651827596212784
2025-11-19 00:00:00-05:00,NKE,0.002400428634154128
2025-11-20 00:00:00-05:00,NKE,-0.01931679372397166
2025-11-21 00:00:00-05:00,NKE,0.022301811047051867
2025-11-24 00:00:00-05:00,NKE,-0.01385352471770851
2025-11-25 00:00:00-05:00,NKE,0.028257711436395994
2025-11-26 00:00:00-05:00,NKE,0.010207374296148153
2025-11-28 00:00:00-05:00,NKE,0.004663358592813527
2025-12-01 00:00:00-05:00,NKE,0.018218566693632088
2025-12-02 00:00:00-05:00,NKE,-0.007034612733391454
2025-12-03 00:00:00-05:00,NKE,0.011088788535755345
2025-12-04 00:00:00-05:00,NKE,0.000609395742161567
2025-12-05 00:00:00-05:00,NKE,0.0025879122240191066
2025-12-08 00:00:00-05:00,NKE,-0.03522630755548406
2025-12-09 00:00:00-05:00,NKE,-0.0033049897222880986
2025-12-10 00:00:00-05:00,NKE,0.03884417383275718
2025-12-11 00:00:00-05:00,NKE,0.029639728186968917
2025-12-12 00:00:00-05:00,NKE,-0.003985793717902308
2025-12-15 00:00:00-05:00,NKE,0.00459470112334559
2025-12-16 00:00:00-05:00,NKE,-0.00973738943761615
2025-12-17 00:00:00-05:00,NKE,-0.02130515273776279
2025-12-18 00:00:00-05:00,NKE,-0.0009134779280187688
2025-12-19 00:00:00-05:00,NKE,-0.10543952557727232
2025-12-22 00:00:00-05:00,NKE,-0.025378990853537786
2025-12-23 00:00:00-05:00,NKE,0.00209718825238725
2025-12-24 00:00:00-05:00,NKE,0.04638989931955129
2025-12-26 00:00:00-05:00,NKE,0.015500031124171532
2025-12-29 00:00:00-05:00,NKE,0.004595458781240014
2025-12-30 00:00:00-05:00,NKE,-0.0003267997644105236
2023-01-04 00:00:00-05:00,NVDA,0.03031777808328151
2023-01-05 00:00:00-05:00,NVDA,-0.03281568156999748
2023-01-06 00:00:00-05:00,NVDA,0.041640292734731243
2023-01-09 00:00:00-05:00,NVDA,0.05175319805481027
2023-01-10 00:00:00-05:00,NVDA,0.017980449292588796
2023-01-11 00:00:00-05:00,NVDA,0.005782943752437042
2023-01-12 00:00:00-05:00,NVDA,0.03187300020201822
2023-01-13 00:00:00-05:00,NVDA,0.023499515532988458
2023-01-17 00:00:00-05:00,NVDA,0.04751750506204533
2023-01-18 00:00:00-05:00,NVDA,-0.018359419586843728
2023-01-19 00:00:00-05:00,NVDA,-0.035218980470947514
2023-01-20 00:00:00-05:00,NVDA,0.06406204373195101
2023-01-23 00:00:00-05:00,NVDA,0.07590131973316017
2023-01-24 00:00:00-05:00,NVDA,0.0037511633058282534
2023-01-25 00:00:00-05:00,NVDA,0.003010513479092758
2023-01-26 00:00:00-05:00,NVDA,0.024789295587659854
2023-01-27 00:00:00-05:00,NVDA,0.028431496908851717
2023-01-30 00:00:00-05:00,NVDA,-0.059072015517220966
2023-01-31 00:00:00-05:00,NVDA,0.019570071546337164
2023-02-01 00:00:00-05:00,NVDA,0.07196614269670598
2023-02-02 00:00:00-05:00,NVDA,0.03657534779225147
2023-02-03 00:00:00-05:00,NVDA,-0.028052922832536464
2023-02-06 00:00:00-05:00,NVDA,-0.0005213829994352714
2023-02-07 00:00:00-05:00,NVDA,0.05140128039784653
2023-02-08 00:00:00-05:00,NVDA,0.001443194892090105
2023-02-09 00:00:00-05:00,NVDA,0.005944642757987895
2023-02-10 00:00:00-05:00,NVDA,-0.047992230761712995
2023-02-13 00:00:00-05:00,NVDA,0.024594431668570227
2023-02-14 00:00:00-05:00,NVDA,0.05429606484936067
2023-02-15 00:00:00-05:00,NVDA,-0.009011527272001052
2023-02-16 00:00:00-05:00,NVDA,-0.0334736792781517
2023-02-17 00:00:00-05:00,NVDA,-0.027906711247759786
2023-02-21 00:00:00-05:00,NVDA,-0.03427154630722262
2023-02-22 00:00:00-05:00,NVDA,0.004793172891470299
2023-02-23 00:00:00-05:00,NVDA,0.14021385930543473
2023-02-24 00:00:00-05:00,NVDA,-0.015973832331953042
2023-02-27 00:00:00-05:00,NVDA,0.009233179947760073
2023-02-28 00:00:00-05:00,NVDA,-0.012127321543494163
2023-03-01 00:00:00-05:00,NVDA,-0.022312112846208598
2023-03-02 00:00:00-05:00,NVDA,0.027138839328763265
2023-03-03 00:00:00-05:00,NVDA,0.024706323282865705
2023-03-06 00:00:00-05:00,NVDA,-0.0140643655024284
2023-03-07 00:00:00-05:00,NVDA,-0.011125411083631187
2023-03-08 00:00:00-05:00,NVDA,0.03834605237521593
2023-03-09 00:00:00-05:00,NVDA,-0.030809328280053894
2023-03-10 00:00:00-05:00,NVDA,-0.020097365408979218
2023-03-13 00:00:00-04:00,NVDA,4.360990111207386e-05
2023-03-14 00:00:00-04:00,NVDA,0.04776623848715533
2023-03-15 00:00:00-04:00,NVDA,0.006857048905847485
2023-03-16 00:00:00-04:00,NVDA,0.054193365472217314
2023-03-17 00:00:00-04:00,NVDA,0.007204218680547436
2023-03-20 00:00:00-04:00,NVDA,0.006802681160706925
2023-03-21 00:00:00-04:00,NVDA,0.011544539601682668
2023-03-22 00:00:00-04:00,NVDA,0.010267442425416773
2023-03-23 00:00:00-04:00,NVDA,0.02731607117364332
2023-03-24 00:00:00-04:00,NVDA,-0.01515218610381619
2023-03-27 00:00:00-04:00,NVDA,-0.009260903451248859
2023-03-28 00:00:00-04:00,NVDA,-0.004560633780271828
2023-03-29 00:00:00-04:00,NVDA,0.021734036295593784
2023-03-30 00:00:00-04:00,NVDA,0.014786570649305775
2023-03-31 00:00:00-04:00,NVDA,0.014388454058865241
2023-04-03 00:00:00-04:00,NVDA,0.0067683052360754115
2023-04-04 00:00:00-04:00,NVDA,-0.01830867977419426
2023-04-05 00:00:00-04:00,NVDA,-0.02083563222479945
2023-04-06 00:00:00-04:00,NVDA,0.005803323083433787
2023-04-10 00:00:00-04:00,NVDA,0.020046586530369392
2023-04-11 00:00:00-04:00,NVDA,-0.01486632009979949
2023-04-12 00:00:00-04:00,NVDA,-0.024807575883134758
2023-04-13 00:00:00-04:00,NVDA,-0.0012080012009317853
2023-04-14 00:00:00-04:00,NVDA,0.011147694145736242
2023-04-17 00:00:00-04:00,NVDA,0.009118745112560056
2023-04-18 00:00:00-04:00,NVDA,0.02462776323281224
2023-04-19 00:00:00-04:00,NVDA,0.009542081103371736
2023-04-20 00:00:00-04:00,NVDA,-0.029608587768003347
2023-04-21 00:00:00-04:00,NVDA,0.0005533380273397004
2023-04-24 00:00:00-04:00,NVDA,-0.002839231260834074
2023-04-25 00:00:00-04:00,NVDA,-0.029620604369313908
2023-04-26 00:00:00-04:00,NVDA,0.02724741182800372
2023-04-27 00:00:00-04:00,NVDA,0.010016329677549285
2023-04-28 00:00:00-04:00,NVDA,0.019209637714524774
2023-05-01 00:00:00-04:00,NVDA,0.04183941252506518
2023-05-02 00:00:00-04:00,NVDA,-0.024213262187583684
2023-05-03 00:00:00-04:00,NVDA,-0.014462787940199284
2023-05-04 00:00:00-04:00,NVDA,-0.008632507952133883
2023-05-05 00:00:00-04:00,NVDA,0.0405631073589483
2023-05-08 00:00:00-04:00,NVDA,0.01642265866406789
2023-05-09 00:00:00-04:00,NVDA,-0.019896438729898214
2023-05-10 00:00:00-04:00,NVDA,0.010990007065468044
2023-05-11 00:00:00-04:00,NVDA,-0.010628298763538768
2023-05-12 00:00:00-04:00,NVDA,-0.008328014797334138
2023-05-15 00:00:00-04:00,NVDA,0.021630171610961257
2023-05-16 00:00:00-04:00,NVDA,0.008980020568198022
2023-05-17 00:00:00-04:00,NVDA,0.033033307110970744
2023-05-18 00:00:00-04:00,NVDA,0.04970509957619473
2023-05-19 00:00:00-04:00,NVDA,-0.013069139381246542
2023-05-22 00:00:00-04:00,NVDA,-0.0028145635445796513
2023-05-23 00:00:00-04:00,NVDA,-0.015653269523243862
2023-05-24 00:00:00-04:00,NVDA,-0.004887707110508677
2023-05-25 00:00:00-04:00,NVDA,0.24369653756667398
2023-05-26 00:00:00-04:00,NVDA,0.025434273582166433
2023-05-30 00:00:00-04:00,NVDA,0.02991326739530109
2023-05-31 00:00:00-04:00,NVDA,-0.05676759015180022
2023-06-01 00:00:00-04:00,NVDA,0.05117094485477769
2023-06-02 00:00:00-04:00,NVDA,-0.011138952645682654
2023-06-05 00:00:00-04:00,NVDA,-0.0039668634903052835
2023-06-06 00:00:00-04:00,NVDA,-0.01319854554567268
2023-06-07 00:00:00-04:00,NVDA,-0.030401102988222295
2023-06-08 00:00:00-04:00,NVDA,0.027618464325181336
2023-06-09 00:00:00-04:00,NVDA,0.006751600435788152
2023-06-12 00:00:00-04:00,NVDA,0.01836455296822237
2023-06-13 00:00:00-04:00,NVDA,0.03900513512061421
2023-06-14 00:00:00-04:00,NVDA,0.048145016166388555
2023-06-15 00:00:00-04:00,NVDA,-0.008000450864843578
2023-06-16 00:00:00-04:00,NVDA,0.00091419948402649
2023-06-20 00:00:00-04:00,NVDA,0.026140649178151065
2023-06-21 00:00:00-04:00,NVDA,-0.017416826074722946
2023-06-22 00:00:00-04:00,NVDA,-0.0004645691028337673
2023-06-23 00:00:00-04:00,NVDA,-0.018965752041629536
2023-06-26 00:00:00-04:00,NVDA,-0.037361852043990784
2023-06-27 00:00:00-04:00,NVDA,0.030616447195882524
2023-06-28 00:00:00-04:00,NVDA,-0.018125081517778252
2023-06-29 00:00:00-04:00,NVDA,-0.007174544325197707
2023-06-30 00:00:00-04:00,NVDA,0.036254980601915454
2023-07-03 00:00:00-04:00,NVDA,0.0026238620556928716
2023-07-05 00:00:00-04:00,NVDA,-0.0022632865010707715
2023-07-06 00:00:00-04:00,NVDA,-0.005057092122352946
2023-07-07 00:00:00-04:00,NVDA,0.009500444370206251
2023-07-10 00:00:00-04:00,NVDA,-0.007599384294030287
2023-07-11 00:00:00-04:00,NVDA,0.0053340348119961245
2023-07-12 00:00:00-04:00,NVDA,0.03530248631744404
2023-07-13 00:00:00-04:00,NVDA,0.04726452490922206
2023-07-14 00:00:00-04:00,NVDA,-0.011048983382964117
2023-07-17 00:00:00-04:00,NVDA,0.021816873231743417
2023-07-18 00:00:00-04:00,NVDA,0.022233931319971756
2023-07-19 00:00:00-04:00,NVDA,-0.008780256269464659
2023-07-20 00:00:00-04:00,NVDA,-0.033073266392015466
2023-07-21 00:00:00-04:00,NVDA,-0.026603759405756433
2023-07-24 00:00:00-04:00,NVDA,0.006838322728290214
2023-07-25 00:00:00-04:00,NVDA,0.023917262035824116
2023-07-26 00:00:00-04:00,NVDA,-0.00496946204450055
2023-07-27 00:00:00-04:00,NVDA,0.009856622234376333
2023-07-28 00:00:00-04:00,NVDA,0.018518504640055777
2023-07-31 00:00:00-04:00,NVDA,-0.00044917165682700766
2023-08-01 00:00:00-04:00,NVDA,-0.004750812004995941
2023-08-02 00:00:00-04:00,NVDA,-0.04812182158737133
2023-08-03 00:00:00-04:00,NVDA,0.005556846319410669
2023-08-04 00:00:00-04:00,NVDA,0.0037067311201075537
2023-08-07 00:00:00-04:00,NVDA,0.016494948896137895
2023-08-08 00:00:00-04:00,NVDA,-0.016579559229410568
2023-08-09 00:00:00-04:00,NVDA,-0.04724167749548913
2023-08-10 00:00:00-04:00,NVDA,-0.003900989312877301
2023-08-11 00:00:00-04:00,NVDA,-0.03616595405257672
2023-08-14 00:00:00-04:00,NVDA,0.07093406085544585
2023-08-15 00:00:00-04:00,NVDA,0.004273763731091895
2023-08-16 00:00:00-04:00,NVDA,-0.010332187738393839
2023-08-17 00:00:00-04:00,NVDA,-0.00326523681228863
2023-08-18 00:00:00-04:00,NVDA,-0.001038422423293106
2023-08-21 00:00:00-04:00,NVDA,0.08471331119389736
2023-08-22 00:00:00-04:00,NVDA,-0.027657639724945393
2023-08-23 00:00:00-04:00,NVDA,0.03170706231740095
2023-08-24 00:00:00-04:00,NVDA,0.0009975532081105687
2023-08-25 00:00:00-04:00,NVDA,-0.02427740146468338
2023-08-28 00:00:00-04:00,NVDA,0.01775390121952114
2023-08-29 00:00:00-04:00,NVDA,0.041614070067646836
2023-08-30 00:00:00-04:00,NVDA,0.009839254979485457
2023-08-31 00:00:00-04:00,NVDA,0.0018472898760135692
2023-09-01 00:00:00-04:00,NVDA,-0.017141380885346003
2023-09-05 00:00:00-04:00,NVDA,0.0008042317069787419
2023-09-06 00:00:00-04:00,NVDA,-0.030549788010744594
2023-09-07 00:00:00-04:00,NVDA,-0.017423968341172102
2023-09-08 00:00:00-04:00,NVDA,-0.014467862830940481
2023-09-11 00:00:00-04:00,NVDA,-0.008645625946606006
2023-09-12 00:00:00-04:00,NVDA,-0.006817561970607122
2023-09-13 00:00:00-04:00,NVDA,0.013706404422231921
2023-09-14 00:00:00-04:00,NVDA,0.002110504992808737
2023-09-15 00:00:00-04:00,NVDA,-0.036879445706569425
2023-09-18 00:00:00-04:00,NVDA,0.0015036532278964732
2023-09-19 00:00:00-04:00,NVDA,-0.010144243335970415
2023-09-20 00:00:00-04:00,NVDA,-0.029434814192417114
2023-09-21 00:00:00-04:00,NVDA,-0.028930657590126474
2023-09-22 00:00:00-04:00,NVDA,0.014457520812333646
2023-09-25 00:00:00-04:00,NVDA,0.01470796650213857
2023-09-26 00:00:00-04:00,NVDA,-0.007366011582208509
2023-09-27 00:00:00-04:00,NVDA,0.01329004053069327
2023-09-28 00:00:00-04:00,NVDA,0.014622931481545365
2023-09-29 00:00:00-04:00,NVDA,0.009515287122990657
2023-10-02 00:00:00-04:00,NVDA,0.0294948878333412
2023-10-03 00:00:00-04:00,NVDA,-0.028247984868409737
2023-10-04 00:00:00-04:00,NVDA,0.012041212392453593
2023-10-05 00:00:00-04:00,NVDA,0.014690827550627672
2023-10-06 00:00:00-04:00,NVDA,0.024033437111622424
2023-10-09 00:00:00-04:00,NVDA,-0.01068574505741493
2023-10-10 00:00:00-04:00,NVDA,0.011596456711857384
2023-10-11 00:00:00-04:00,NVDA,0.022009515395445156
2023-10-12 00:00:00-04:00,NVDA,0.0029697730002880007
2023-10-13 00:00:00-04:00,NVDA,-0.03161143442367709
2023-10-16 00:00:00-04:00,NVDA,0.013946034085523085
2023-10-17 00:00:00-04:00,NVDA,-0.046794767411202476
2023-10-18 00:00:00-04:00,NVDA,-0.03964681839512174
2023-10-19 00:00:00-04:00,NVDA,-0.0022511894486193507
2023-10-20 00:00:00-04:00,NVDA,-0.016959279591683862
2023-10-23 00:00:00-04:00,NVDA,0.03836939402088002
2023-10-24 00:00:00-04:00,NVDA,0.016009287964242613
2023-10-25 00:00:00-04:00,NVDA,-0.04314860837665546
2023-10-26 00:00:00-04:00,NVDA,-0.03477805871354189
2023-10-27 00:00:00-04:00,NVDA,0.004314727258666329
2023-10-30 00:00:00-04:00,NVDA,0.016320842859950835
2023-10-31 00:00:00-04:00,NVDA,-0.00925634650867746
2023-11-01 00:00:00-04:00,NVDA,0.03788628743735556
2023-11-02 00:00:00-04:00,NVDA,0.027903260294021015
2023-11-03 00:00:00-04:00,NVDA,0.03445500241970878
2023-11-06 00:00:00-05:00,NVDA,0.016575996429294193
2023-11-07 00:00:00-05:00,NVDA,0.004458935367156247
2023-11-08 00:00:00-05:00,NVDA,0.01346961514993228
2023-11-09 00:00:00-05:00,NVDA,0.008073123715931274
2023-11-10 00:00:00-05:00,NVDA,0.029499355419970952
2023-11-13 00:00:00-05:00,NVDA,0.005896434251710048
2023-11-14 00:00:00-05:00,NVDA,0.021308066495473676
2023-11-15 00:00:00-05:00,NVDA,-0.01546635543747632
2023-11-16 00:00:00-05:00,NVDA,0.012109289740515727
2023-11-17 00:00:00-05:00,NVDA,-0.0036783027562476978
2023-11-20 00:00:00-05:00,NVDA,0.022536593609946642
2023-11-21 00:00:00-05:00,NVDA,-0.009224771361411421
2023-11-22 00:00:00-05:00,NVDA,-0.02458743360473903
2023-11-24 00:00:00-05:00,NVDA,-0.019295468589947906
2023-11-27 00:00:00-05:00,NVDA,0.009753800355191355
2023-11-28 00:00:00-05:00,NVDA,-0.008726905484218173
2023-11-29 00:00:00-05:00,NVDA,0.006670852299482055
2023-11-30 00:00:00-05:00,NVDA,-0.028458618269094793
2023-12-01 00:00:00-05:00,NVDA,-0.00010696501598428387
2023-12-04 00:00:00-05:00,NVDA,-0.026836462578629483
2023-12-05 00:00:00-05:00,NVDA,0.023293752236424714
2023-12-06 00:00:00-05:00,NVDA,-0.022827844414328058
2023-12-07 00:00:00-05:00,NVDA,0.024020479084330137
2023-12-08 00:00:00-05:00,NVDA,0.01952959147930855
2023-12-11 00:00:00-05:00,NVDA,-0.018503027474884637
2023-12-12 00:00:00-05:00,NVDA,0.022090432986648922
2023-12-13 00:00:00-05:00,NVDA,0.00904358265751637
2023-12-14 00:00:00-05:00,NVDA,0.005448355730583998
2023-12-15 00:00:00-05:00,NVDA,0.011168516269892903
2023-12-18 00:00:00-05:00,NVDA,0.024279009642334204
2023-12-19 00:00:00-05:00,NVDA,-0.009445370194287372
2023-12-20 00:00:00-05:00,NVDA,-0.03009841283561676
2023-12-21 00:00:00-05:00,NVDA,0.018270351349427782
2023-12-22 00:00:00-05:00,NVDA,-0.0032661580671982104
2023-12-26 00:00:00-05:00,NVDA,0.009195338970515943
2023-12-27 00:00:00-05:00,NVDA,0.002800328244285444
2023-12-28 00:00:00-05:00,NVDA,0.0021247530716934637
2023-12-29 00:00:00-05:00,NVDA,0.0
2024-01-02 00:00:00-05:00,NVDA,-0.027341600469362293
2024-01-03 00:00:00-05:00,NVDA,-0.012435434995868522
2024-01-04 00:00:00-05:00,NVDA,0.009018379309053914
2024-01-05 00:00:00-05:00,NVDA,0.022896942936821763
2024-01-08 00:00:00-05:00,NVDA,0.06428094854404476
2024-01-09 00:00:00-05:00,NVDA,0.0169750891267324
2024-01-10 00:00:00-05:00,NVDA,0.022770008894248184
2024-01-11 00:00:00-05:00,NVDA,0.008684281745352962
2024-01-12 00:00:00-05:00,NVDA,-0.0020428339891718217
2024-01-16 00:00:00-05:00,NVDA,0.03056113557752549
2024-01-17 00:00:00-05:00,NVDA,-0.005835104268150593
2024-01-18 00:00:00-05:00,NVDA,0.01880352637022642
2024-01-19 00:00:00-05:00,NVDA,0.04174616786544427
2024-01-22 00:00:00-05:00,NVDA,0.0027399324633048394
2024-01-23 00:00:00-05:00,NVDA,0.0036712555278792802
2024-01-24 00:00:00-05:00,NVDA,0.024869123982766972
2024-01-25 00:00:00-05:00,NVDA,0.004155784434049403
2024-01-26 00:00:00-05:00,NVDA,-0.009510497698846043
2024-01-29 00:00:00-05:00,NVDA,0.023496353061994713
2024-01-30 00:00:00-05:00,NVDA,0.0049467843974313475
2024-01-31 00:00:00-05:00,NVDA,-0.01986487915445101
2024-02-01 00:00:00-05:00,NVDA,0.02437958360568815
2024-02-02 00:00:00-05:00,NVDA,0.04970891905485009
2024-02-05 00:00:00-05:00,NVDA,0.04794429237860176
2024-02-06 00:00:00-05:00,NVDA,-0.015995396500634973
2024-02-07 00:00:00-05:00,NVDA,0.027497966673612373
2024-02-08 00:00:00-05:00,NVDA,-0.006533675166931707
2024-02-09 00:00:00-05:00,NVDA,0.035783752235702515
2024-02-12 00:00:00-05:00,NVDA,0.0015940082919370102
2024-02-13 00:00:00-05:00,NVDA,-0.0016608682617278436
2024-02-14 00:00:00-05:00,NVDA,0.024567490291333538
2024-02-15 00:00:00-05:00,NVDA,-0.016806537570708935
2024-02-16 00:00:00-05:00,NVDA,-0.0006193636123036361
2024-02-20 00:00:00-05:00,NVDA,-0.04353220686934489
2024-02-21 00:00:00-05:00,NVDA,-0.028508560524526105
2024-02-22 00:00:00-05:00,NVDA,0.16400859039322713
2024-02-23 00:00:00-05:00,NVDA,0.003552400288481694
2024-02-26 00:00:00-05:00,NVDA,0.0034890126646893727
2024-02-27 00:00:00-05:00,NVDA,-0.004943685241506568
2024-02-28 00:00:00-05:00,NVDA,-0.013189127057332328
2024-02-29 00:00:00-05:00,NVDA,0.018657598084827587
2024-03-01 00:00:00-05:00,NVDA,0.04003190039194404
2024-03-04 00:00:00-05:00,NVDA,0.03595074897316275
2024-03-05 00:00:00-05:00,NVDA,0.00857656957123254
2024-03-06 00:00:00-05:00,NVDA,0.03182722988333042
2024-03-07 00:00:00-05:00,NVDA,0.044746154210023814
2024-03-08 00:00:00-05:00,NVDA,-0.05547701930018056
2024-03-11 00:00:00-04:00,NVDA,-0.020039204900175966
2024-03-12 00:00:00-04:00,NVDA,0.07157180855139744
2024-03-13 00:00:00-04:00,NVDA,-0.01115187417956598
2024-03-14 00:00:00-04:00,NVDA,-0.032391485173757895
2024-03-15 00:00:00-04:00,NVDA,-0.0012165550556991755
2024-03-18 00:00:00-04:00,NVDA,0.007035622466519786
2024-03-19 00:00:00-04:00,NVDA,0.010660842089710965
2024-03-20 00:00:00-04:00,NVDA,0.010895133104272592
2024-03-21 00:00:00-04:00,NVDA,0.011762335983164895
2024-03-22 00:00:00-04:00,NVDA,0.03121349423564168
2024-03-25 00:00:00-04:00,NVDA,0.007561785408766175
2024-03-26 00:00:00-04:00,NVDA,-0.02569411427776158
2024-03-27 00:00:00-04:00,NVDA,-0.0249671440403455
2024-03-28 00:00:00-04:00,NVDA,0.0011743769379062297
2024-04-01 00:00:00-04:00,NVDA,7.747818325154476e-05
2024-04-02 00:00:00-04:00,NVDA,-0.010081701857446279
2024-04-03 00:00:00-04:00,NVDA,-0.005455385698212356
2024-04-04 00:00:00-04:00,NVDA,-0.034384730268213426
2024-04-05 00:00:00-04:00,NVDA,0.024480689462761163
2024-04-08 00:00:00-04:00,NVDA,-0.009942374849528313
2024-04-09 00:00:00-04:00,NVDA,-0.020417215487072315
2024-04-10 00:00:00-04:00,NVDA,0.019741424551209752
2024-04-11 00:00:00-04:00,NVDA,0.04109646897218089
2024-04-12 00:00:00-04:00,NVDA,-0.02681639690500759
2024-04-15 00:00:00-04:00,NVDA,-0.02477704034935513
2024-04-16 00:00:00-04:00,NVDA,0.016441611108153786
2024-04-17 00:00:00-04:00,NVDA,-0.03866612880409681
2024-04-18 00:00:00-04:00,NVDA,0.007568203595471834
2024-04-19 00:00:00-04:00,NVDA,-0.10004598863146585
2024-04-22 00:00:00-04:00,NVDA,0.04354334460699949
2024-04-23 00:00:00-04:00,NVDA,0.03653256897756263
2024-04-24 00:00:00-04:00,NVDA,-0.033315854844161
2024-04-25 00:00:00-04:00,NVDA,0.0370872670013882
2024-04-26 00:00:00-04:00,NVDA,0.0617556383706932
2024-04-29 00:00:00-04:00,NVDA,0.0002507897175694218
2024-04-30 00:00:00-04:00,NVDA,-0.015440383968252536
2024-05-01 00:00:00-04:00,NVDA,-0.038899739237810205
2024-05-02 00:00:00-04:00,NVDA,0.033429521167182896
2024-05-03 00:00:00-04:00,NVDA,0.0346317354625294
2024-05-06 00:00:00-04:00,NVDA,0.037741115929833535
2024-05-07 00:00:00-04:00,NVDA,-0.017212930438347818
2024-05-08 00:00:00-04:00,NVDA,-0.0015681190757719232
2024-05-09 00:00:00-04:00,NVDA,-0.018415707171845153
2024-05-10 00:00:00-04:00,NVDA,0.01274414940486479
2024-05-13 00:00:00-04:00,NVDA,0.005796615159055607
2024-05-14 00:00:00-04:00,NVDA,0.010586552193263765
2024-05-15 00:00:00-04:00,NVDA,0.035837784808151696
2024-05-16 00:00:00-04:00,NVDA,-0.002863773032883321
2024-05-17 00:00:00-04:00,NVDA,-0.019923932839685632
2024-05-20 00:00:00-04:00,NVDA,0.024881269055048172
2024-05-21 00:00:00-04:00,NVDA,0.006393801158452561
2024-05-22 00:00:00-04:00,NVDA,-0.004571007903637181
2024-05-23 00:00:00-04:00,NVDA,0.09319655055230336
2024-05-24 00:00:00-04:00,NVDA,0.025722740405429656
2024-05-28 00:00:00-04:00,NVDA,0.06980440811235544
2024-05-29 00:00:00-04:00,NVDA,0.008112287081064817
2024-05-30 00:00:00-04:00,NVDA,-0.03766593986838562
2024-05-31 00:00:00-04:00,NVDA,-0.007846283799555875
2024-06-03 00:00:00-04:00,NVDA,0.048954297081517995
2024-06-04 00:00:00-04:00,NVDA,0.012495579754454589
2024-06-05 00:00:00-04:00,NVDA,0.051555781930934685
2024-06-06 00:00:00-04:00,NVDA,-0.011777177957734919
2024-06-07 00:00:00-04:00,NVDA,-0.0009091051494777291
2024-06-10 00:00:00-04:00,NVDA,0.007461533972884293
2024-06-11 00:00:00-04:00,NVDA,-0.007144030161744586
2024-06-12 00:00:00-04:00,NVDA,0.03548089672009036
2024-06-13 00:00:00-04:00,NVDA,0.03522380319706553
2024-06-14 00:00:00-04:00,NVDA,0.017513969395570372
2024-06-17 00:00:00-04:00,NVDA,-0.006824345733164261
2024-06-18 00:00:00-04:00,NVDA,0.035119917300103776
2024-06-20 00:00:00-04:00,NVDA,-0.03540354136870716
2024-06-21 00:00:00-04:00,NVDA,-0.032191517869925246
2024-06-24 00:00:00-04:00,NVDA,-0.06684045702323393
2024-06-25 00:00:00-04:00,NVDA,0.0675640421754411
2024-06-26 00:00:00-04:00,NVDA,0.002458594328420549
2024-06-27 00:00:00-04:00,NVDA,-0.019066412466374416
2024-06-28 00:00:00-04:00,NVDA,-0.003629242135917865
2024-07-01 00:00:00-04:00,NVDA,0.006151803499086395
2024-07-02 00:00:00-04:00,NVDA,-0.013113447093134445
2024-07-03 00:00:00-04:00,NVDA,0.04573264196155713
2024-07-05 00:00:00-04:00,NVDA,-0.01909914136878199
2024-07-08 00:00:00-04:00,NVDA,0.018834908967147346
2024-07-09 00:00:00-04:00,NVDA,0.024805287718995706
2024-07-10 00:00:00-04:00,NVDA,0.026868574083641406
2024-07-11 00:00:00-04:00,NVDA,-0.05566679362685534
2024-07-12 00:00:00-04:00,NVDA,0.01444260173416323
2024-07-15 00:00:00-04:00,NVDA,-0.006189971895479318
2024-07-16 00:00:00-04:00,NVDA,-0.016194382569455712
2024-07-17 00:00:00-04:00,NVDA,-0.06623935500711098
2024-07-18 00:00:00-04:00,NVDA,0.02627337669504204
2024-07-19 00:00:00-04:00,NVDA,-0.026096107448286165
2024-07-22 00:00:00-04:00,NVDA,0.047570591982691424
2024-07-23 00:00:00-04:00,NVDA,-0.007689970877751917
2024-07-24 00:00:00-04:00,NVDA,-0.06803154907451991
2024-07-25 00:00:00-04:00,NVDA,-0.0172429581009389
2024-07-26 00:00:00-04:00,NVDA,0.0069469234980157335
2024-07-29 00:00:00-04:00,NVDA,-0.013001892918470648
2024-07-30 00:00:00-04:00,NVDA,-0.0704364400653954
2024-07-31 00:00:00-04:00,NVDA,0.12812097429990854
2024-08-01 00:00:00-04:00,NVDA,-0.06674074410272968
2024-08-02 00:00:00-04:00,NVDA,-0.017763784953652384
2024-08-05 00:00:00-04:00,NVDA,-0.06357794901145963
2024-08-06 00:00:00-04:00,NVDA,0.037829841902901507
2024-08-07 00:00:00-04:00,NVDA,-0.05122303759364988
2024-08-08 00:00:00-04:00,NVDA,0.061267717010563105
2024-08-09 00:00:00-04:00,NVDA,-0.0020957358215321076
2024-08-12 00:00:00-04:00,NVDA,0.04076368623788951
2024-08-13 00:00:00-04:00,NVDA,0.06530918783150597
2024-08-14 00:00:00-04:00,NVDA,0.016704025502883635
2024-08-15 00:00:00-04:00,NVDA,0.0404808175456699
2024-08-16 00:00:00-04:00,NVDA,0.013999808173238204
2024-08-19 00:00:00-04:00,NVDA,0.043506040731855045
2024-08-20 00:00:00-04:00,NVDA,-0.02115379641321191
2024-08-21 00:00:00-04:00,NVDA,0.009823399333127814
2024-08-22 00:00:00-04:00,NVDA,-0.037042968675661814
2024-08-23 00:00:00-04:00,NVDA,0.04549874473209603
2024-08-26 00:00:00-04:00,NVDA,-0.022493685939368513
2024-08-27 00:00:00-04:00,NVDA,0.014550258395364057
2024-08-28 00:00:00-04:00,NVDA,-0.020966688049880666
2024-08-29 00:00:00-04:00,NVDA,-0.06384855796388889
2024-08-30 00:00:00-04:00,NVDA,0.015137457007824429
2024-09-03 00:00:00-04:00,NVDA,-0.09525003938779997
2024-09-04 00:00:00-04:00,NVDA,-0.01657415756311187
2024-09-05 00:00:00-04:00,NVDA,0.00941528677461445
2024-09-06 00:00:00-04:00,NVDA,-0.04085428115335943
2024-09-09 00:00:00-04:00,NVDA,0.035398153798957166
2024-09-10 00:00:00-04:00,NVDA,0.015309419741446284
2024-09-11 00:00:00-04:00,NVDA,0.08149874798231838
2024-09-12 00:00:00-04:00,NVDA,0.019161726121526446
2024-09-13 00:00:00-04:00,NVDA,-0.00033588691623298583
2024-09-16 00:00:00-04:00,NVDA,-0.01947938961858864
2024-09-17 00:00:00-04:00,NVDA,-0.010190078878690834
2024-09-18 00:00:00-04:00,NVDA,-0.019205821441112936
2024-09-19 00:00:00-04:00,NVDA,0.039693120658917724
2024-09-20 00:00:00-04:00,NVDA,-0.01586498333425712
2024-09-23 00:00:00-04:00,NVDA,0.0022413427846745826
2024-09-24 00:00:00-04:00,NVDA,0.03965255345552654
2024-09-25 00:00:00-04:00,NVDA,0.021841569047127862
2024-09-26 00:00:00-04:00,NVDA,0.004291164149031079
2024-09-27 00:00:00-04:00,NVDA,-0.021283504527806252
2024-09-30 00:00:00-04:00,NVDA,0.0003296340508134321
2024-10-01 00:00:00-04:00,NVDA,-0.036561403102535084
2024-10-02 00:00:00-04:00,NVDA,0.015812038769818626
2024-10-03 00:00:00-04:00,NVDA,0.033655865225834525
2024-10-04 00:00:00-04:00,NVDA,0.01684977005144095
2024-10-07 00:00:00-04:00,NVDA,0.022414343946945303
2024-10-08 00:00:00-04:00,NVDA,0.040479232336097404
2024-10-09 00:00:00-04:00,NVDA,-0.0018059932663959666
2024-10-10 00:00:00-04:00,NVDA,0.016283462222810074
2024-10-11 00:00:00-04:00,NVDA,-7.414020320539727e-05
2024-10-14 00:00:00-04:00,NVDA,0.024258001641862537
2024-10-15 00:00:00-04:00,NVDA,-0.04686002604699924
2024-10-16 00:00:00-04:00,NVDA,0.03130685985643611
2024-10-17 00:00:00-04:00,NVDA,0.008915430930323875
2024-10-18 00:00:00-04:00,NVDA,0.007814197678642776
2024-10-21 00:00:00-04:00,NVDA,0.04137683655968494
2024-10-22 00:00:00-04:00,NVDA,-0.0008351158283215199
2024-10-23 00:00:00-04:00,NVDA,-0.028065804613696566
2024-10-24 00:00:00-04:00,NVDA,0.006090493177953293
2024-10-25 00:00:00-04:00,NVDA,0.00804773413601323
2024-10-28 00:00:00-04:00,NVDA,-0.0072066126696189725
2024-10-29 00:00:00-04:00,NVDA,0.005195247287854476
2024-10-30 00:00:00-04:00,NVDA,-0.013522287592808824
2024-10-31 00:00:00-04:00,NVDA,-0.04722261127701233
2024-11-01 00:00:00-04:00,NVDA,0.019885495370373096
2024-11-04 00:00:00-05:00,NVDA,0.004800710631136518
2024-11-05 00:00:00-05:00,NVDA,0.02837188701344817
2024-11-06 00:00:00-05:00,NVDA,0.040740430441306597
2024-11-07 00:00:00-05:00,NVDA,0.022457524075052193
2024-11-08 00:00:00-05:00,NVDA,-0.0083963095040126
2024-11-11 00:00:00-05:00,NVDA,-0.016053544596601355
2024-11-12 00:00:00-05:00,NVDA,0.020859118257641196
2024-11-13 00:00:00-05:00,NVDA,-0.013621937238667892
2024-11-14 00:00:00-05:00,NVDA,0.0033498081077454334
2024-11-15 00:00:00-05:00,NVDA,-0.032570045142916504
2024-11-18 00:00:00-05:00,NVDA,-0.012889270888890914
2024-11-19 00:00:00-05:00,NVDA,0.04894760831968448
2024-11-20 00:00:00-05:00,NVDA,-0.007618341903500192
2024-11-21 00:00:00-05:00,NVDA,0.005346353894959854
2024-11-22 00:00:00-05:00,NVDA,-0.03218105255831172
2024-11-25 00:00:00-05:00,NVDA,-0.04177525283899508
2024-11-26 00:00:00-05:00,NVDA,0.00661674325584527
2024-11-27 00:00:00-05:00,NVDA,-0.011539546371988285
2024-11-29 00:00:00-05:00,NVDA,0.021501261432330443
2024-12-02 00:00:00-05:00,NVDA,0.002748773327016174
2024-12-03 00:00:00-05:00,NVDA,0.011757691997747122
2024-12-04 00:00:00-05:00,NVDA,0.03479255999680975
2024-12-05 00:00:00-05:00,NVDA,-0.00048214946633451383
2024-12-06 00:00:00-05:00,NVDA,-0.01806156791968716
2024-12-09 00:00:00-05:00,NVDA,-0.025484530835496955
2024-12-10 00:00:00-05:00,NVDA,-0.02694318315051991
2024-12-11 00:00:00-05:00,NVDA,0.0313909878855001
2024-12-12 00:00:00-05:00,NVDA,-0.014141083284226585
2024-12-13 00:00:00-05:00,NVDA,-0.022498770764182496
2024-12-16 00:00:00-05:00,NVDA,-0.016759991476465563
2024-12-17 00:00:00-05:00,NVDA,-0.01219690084916969
2024-12-18 00:00:00-05:00,NVDA,-0.011350607295990245
2024-12-19 00:00:00-05:00,NVDA,0.013730542983904304
2024-12-20 00:00:00-05:00,NVDA,0.030762189246482885
2024-12-23 00:00:00-05:00,NVDA,0.036896788871652264
2024-12-24 00:00:00-05:00,NVDA,0.003937958121885465
2024-12-26 00:00:00-05:00,NVDA,-0.002068276895827892
2024-12-27 00:00:00-05:00,NVDA,-0.02086760667728471
2024-12-30 00:00:00-05:00,NVDA,0.0035034647616871695
2024-12-31 00:00:00-05:00,NVDA,-0.02327437030592172
2025-01-02 00:00:00-05:00,NVDA,0.029935119579002745
2025-01-03 00:00:00-05:00,NVDA,0.044537666756603755
2025-01-06 00:00:00-05:00,NVDA,0.03433251539634674
2025-01-07 00:00:00-05:00,NVDA,-0.06216972623754646
2025-01-08 00:00:00-05:00,NVDA,-0.0002138374299031076
2025-01-10 00:00:00-05:00,NVDA,-0.029976581920142964
2025-01-13 00:00:00-05:00,NVDA,-0.019719093764529183
2025-01-14 00:00:00-05:00,NVDA,-0.011033409001416472
2025-01-15 00:00:00-05:00,NVDA,0.03400127995976865
2025-01-16 00:00:00-05:00,NVDA,-0.019597748143362348
2025-01-17 00:00:00-05:00,NVDA,0.030994932836341693
2025-01-21 00:00:00-05:00,NVDA,0.02265626248404251
2025-01-22 00:00:00-05:00,NVDA,0.04430887343960088
2025-01-23 00:00:00-05:00,NVDA,0.001019845476005976
2025-01-24 00:00:00-05:00,NVDA,-0.031245854449044264
2025-01-27 00:00:00-05:00,NVDA,-0.16968162304901901
2025-01-28 00:00:00-05:00,NVDA,0.0892587034312382
2025-01-29 00:00:00-05:00,NVDA,-0.04101099375503725
2025-01-30 00:00:00-05:00,NVDA,0.007679826612774665
2025-01-31 00:00:00-05:00,NVDA,-0.03674290905346167
2025-02-03 00:00:00-05:00,NVDA,-0.02840003830894633
2025-02-04 00:00:00-05:00,NVDA,0.017058031680128094
2025-02-05 00:00:00-05:00,NVDA,0.052086035354348414
2025-02-06 00:00:00-05:00,NVDA,0.030841781986492567
2025-02-07 00:00:00-05:00,NVDA,0.009014683641714205
2025-02-10 00:00:00-05:00,NVDA,0.028727815581561567
2025-02-11 00:00:00-05:00,NVDA,-0.005764828232419084
2025-02-12 00:00:00-05:00,NVDA,-0.012500054659258741
2025-02-13 00:00:00-05:00,NVDA,0.03164559322101046
2025-02-14 00:00:00-05:00,NVDA,0.026313931673757063
2025-02-18 00:00:00-05:00,NVDA,0.003960993622789344
2025-02-19 00:00:00-05:00,NVDA,-0.00121945684839464
2025-02-20 00:00:00-05:00,NVDA,0.006320622282808497
2025-02-21 00:00:00-05:00,NVDA,-0.040539749057567076
2025-02-24 00:00:00-05:00,NVDA,-0.030871107960494082
2025-02-25 00:00:00-05:00,NVDA,-0.02801661924505383
2025-02-26 00:00:00-05:00,NVDA,0.0367212871813456
2025-02-27 00:00:00-05:00,NVDA,-0.08478062880758996
2025-02-28 00:00:00-05:00,NVDA,0.03970030555524473
2025-03-03 00:00:00-05:00,NVDA,-0.08693563240438495
2025-03-04 00:00:00-05:00,NVDA,0.016921005719739757
2025-03-05 00:00:00-05:00,NVDA,0.01129405936745953
2025-03-06 00:00:00-05:00,NVDA,-0.05737424714128325
2025-03-07 00:00:00-05:00,NVDA,0.01917335607119308
2025-03-10 00:00:00-04:00,NVDA,-0.050669977652607834
2025-03-11 00:00:00-04:00,NVDA,0.01663860711089038
2025-03-12 00:00:00-04:00,NVDA,0.06427592493873169
2025-03-13 00:00:00-04:00,NVDA,-0.0013824634742628517
2025-03-14 00:00:00-04:00,NVDA,0.05269075080871022
2025-03-17 00:00:00-04:00,NVDA,-0.017588588459607313
2025-03-18 00:00:00-04:00,NVDA,-0.034300941316487976
2025-03-19 00:00:00-04:00,NVDA,0.0181062037527564
2025-03-20 00:00:00-04:00,NVDA,0.008594252057190221
2025-03-21 00:00:00-04:00,NVDA,-0.007002478113307897
2025-03-24 00:00:00-04:00,NVDA,0.031520908262874014
2025-03-25 00:00:00-04:00,NVDA,-0.005930332935586535
2025-03-26 00:00:00-04:00,NVDA,-0.057419847461616325
2025-03-27 00:00:00-04:00,NVDA,-0.020481757950565616
2025-03-28 00:00:00-04:00,NVDA,-0.015794609127939285
2025-03-31 00:00:00-04:00,NVDA,-0.011762611854777782
2025-04-01 00:00:00-04:00,NVDA,0.016331513496370187
2025-04-02 00:00:00-04:00,NVDA,0.0024510699831183924
2025-04-03 00:00:00-04:00,NVDA,-0.07806540155258024
2025-04-04 00:00:00-04:00,NVDA,-0.07357567564849543
2025-04-07 00:00:00-04:00,NVDA,0.03530892729175439
2025-04-08 00:00:00-04:00,NVDA,-0.013723752947877199
2025-04-09 00:00:00-04:00,NVDA,0.18722741037576052
2025-04-10 00:00:00-04:00,NVDA,-0.059127169778110056
2025-04-11 00:00:00-04:00,NVDA,0.031235575403224525
2025-04-14 00:00:00-04:00,NVDA,-0.001983267984299708
2025-04-15 00:00:00-04:00,NVDA,0.013458518216612925
2025-04-16 00:00:00-04:00,NVDA,-0.06871652057100186
2025-04-17 00:00:00-04:00,NVDA,-0.02871097507287479
2025-04-21 00:00:00-04:00,NVDA,-0.04512747781521664
2025-04-22 00:00:00-04:00,NVDA,0.020431219042711612
2025-04-23 00:00:00-04:00,NVDA,0.038628832694534765
2025-04-24 00:00:00-04:00,NVDA,0.0362184435452948
2025-04-25 00:00:00-04:00,NVDA,0.04303300606512206
2025-04-28 00:00:00-04:00,NVDA,-0.020538625761703067
2025-04-29 00:00:00-04:00,NVDA,0.0026671088777265872
2025-04-30 00:00:00-04:00,NVDA,-0.0009173429822770807
2025-05-01 00:00:00-04:00,NVDA,0.024697079525506593
2025-05-02 00:00:00-04:00,NVDA,0.02589380833985855
2025-05-05 00:00:00-04:00,NVDA,-0.005938849150802783
2025-05-06 00:00:00-04:00,NVDA,-0.002460037893000977
2025-05-07 00:00:00-04:00,NVDA,0.031002236780898196
2025-05-08 00:00:00-04:00,NVDA,0.002648250050777179
2025-05-09 00:00:00-04:00,NVDA,-0.006134461352112375
2025-05-12 00:00:00-04:00,NVDA,0.054436319470752004
2025-05-13 00:00:00-04:00,NVDA,0.056341352608381357
2025-05-14 00:00:00-04:00,NVDA,0.04163809400606233
2025-05-15 00:00:00-04:00,NVDA,-0.0037685592709504334
2025-05-16 00:00:00-04:00,NVDA,0.004227632104436996
2025-05-19 00:00:00-04:00,NVDA,0.0012557052375559152
2025-05-20 00:00:00-04:00,NVDA,-0.008777898540882845
2025-05-21 00:00:00-04:00,NVDA,-0.019199142909416378
2025-05-22 00:00:00-04:00,NVDA,0.007814682829794917
2025-05-23 00:00:00-04:00,NVDA,-0.011593859125610062
2025-05-27 00:00:00-04:00,NVDA,0.03206648744166052
2025-05-28 00:00:00-04:00,NVDA,-0.005092301273159849
2025-05-29 00:00:00-04:00,NVDA,0.03249029219806587
2025-05-30 00:00:00-04:00,NVDA,-0.02916867471202156
2025-06-02 00:00:00-04:00,NVDA,0.01665055876714705
2025-06-03 00:00:00-04:00,NVDA,0.02795166046472719
2025-06-04 00:00:00-04:00,NVDA,0.004956805000453368
2025-06-05 00:00:00-04:00,NVDA,-0.013599160107292785
2025-06-06 00:00:00-04:00,NVDA,0.012358067077325119
2025-06-09 00:00:00-04:00,NVDA,0.006421079132463259
2025-06-10 00:00:00-04:00,NVDA,0.009324836659214242
2025-06-11 00:00:00-04:00,NVDA,-0.007780511518506894
2025-06-12 00:00:00-04:00,NVDA,0.0151928898165683
2025-06-13 00:00:00-04:00,NVDA,-0.02089655504520982
2025-06-16 00:00:00-04:00,NVDA,0.019158888009616293
2025-06-17 00:00:00-04:00,NVDA,-0.00393947448259413
2025-06-18 00:00:00-04:00,NVDA,0.009436643684034518
2025-06-20 00:00:00-04:00,NVDA,-0.011204331756270225
2025-06-23 00:00:00-04:00,NVDA,0.002224579264125559
2025-06-24 00:00:00-04:00,NVDA,0.025872113294978627
2025-06-25 00:00:00-04:00,NVDA,0.04334009891237289
2025-06-26 00:00:00-04:00,NVDA,0.004601259796613855
2025-06-27 00:00:00-04:00,NVDA,0.017610600088035833
2025-06-30 00:00:00-04:00,NVDA,0.0015213249425907183
2025-07-01 00:00:00-04:00,NVDA,-0.029685423770775543
2025-07-02 00:00:00-04:00,NVDA,0.02576658439068691
2025-07-03 00:00:00-04:00,NVDA,0.01329073772990208
2025-07-07 00:00:00-04:00,NVDA,-0.006903409513152048
2025-07-08 00:00:00-04:00,NVDA,0.01112235244271731
2025-07-09 00:00:00-04:00,NVDA,0.018000036669871378
2025-07-10 00:00:00-04:00,NVDA,0.007490217212359207
2025-07-11 00:00:00-04:00,NVDA,0.004996949298580855
2025-07-14 00:00:00-04:00,NVDA,-0.005153967255895786
2025-07-15 00:00:00-04:00,NVDA,0.04040951035509699
2025-07-16 00:00:00-04:00,NVDA,0.003925129664347438
2025-07-17 00:00:00-04:00,NVDA,0.009511440252989223
2025-07-18 00:00:00-04:00,NVDA,-0.0034103332904399375
2025-07-21 00:00:00-04:00,NVDA,-0.005974105180302058
2025-07-22 00:00:00-04:00,NVDA,-0.025382243012400996
2025-07-23 00:00:00-04:00,NVDA,0.02245113803451515
2025-07-24 00:00:00-04:00,NVDA,0.01733219102341943
2025-07-25 00:00:00-04:00,NVDA,-0.0013813991283150306
2025-07-28 00:00:00-04:00,NVDA,0.01873201512024436
2025-07-29 00:00:00-04:00,NVDA,-0.007015683932365291
2025-07-30 00:00:00-04:00,NVDA,0.021423404683743374
2025-07-31 00:00:00-04:00,NVDA,-0.007809418417027092
2025-08-01 00:00:00-04:00,NVDA,-0.02333167602752384
2025-08-04 00:00:00-04:00,NVDA,0.036150068457843076
2025-08-05 00:00:00-04:00,NVDA,-0.009666754917688425
2025-08-06 00:00:00-04:00,NVDA,0.006507465946201441
2025-08-07 00:00:00-04:00,NVDA,0.007524336767571027
2025-08-08 00:00:00-04:00,NVDA,0.010676444440988364
2025-08-11 00:00:00-04:00,NVDA,-0.003502989462430328
2025-08-12 00:00:00-04:00,NVDA,0.006041988268502108
2025-08-13 00:00:00-04:00,NVDA,-0.008571768446215433
2025-08-14 00:00:00-04:00,NVDA,0.0023679720733609244
2025-08-15 00:00:00-04:00,NVDA,-0.008625454083926454
2025-08-18 00:00:00-04:00,NVDA,0.00864503950427431
2025-08-19 00:00:00-04:00,NVDA,-0.03499799073918386
2025-08-20 00:00:00-04:00,NVDA,-0.001366455704626346
2025-08-21 00:00:00-04:00,NVDA,-0.0023946566664271307
2025-08-22 00:00:00-04:00,NVDA,0.017202057065716758
2025-08-25 00:00:00-04:00,NVDA,0.01022530488477491
2025-08-26 00:00:00-04:00,NVDA,0.010900419888796753
2025-08-27 00:00:00-04:00,NVDA,-0.0009352225175625062
2025-08-28 00:00:00-04:00,NVDA,-0.007874547726525405
2025-08-29 00:00:00-04:00,NVDA,-0.03324642350288309
2025-09-02 00:00:00-04:00,NVDA,-0.01951986144410689
2025-09-03 00:00:00-04:00,NVDA,-0.000936984001219554
2025-09-04 00:00:00-04:00,NVDA,0.006095525885075004
2025-09-05 00:00:00-04:00,NVDA,-0.027030212069536264
2025-09-08 00:00:00-04:00,NVDA,0.007723626471741962
2025-09-09 00:00:00-04:00,NVDA,0.014556415107065845
2025-09-10 00:00:00-04:00,NVDA,0.038475159631647715
2025-09-11 00:00:00-04:00,NVDA,-0.0008461110170030484
2025-09-12 00:00:00-04:00,NVDA,0.0036689535609097934
2025-09-15 00:00:00-04:00,NVDA,-0.0003937701997325238
2025-09-16 00:00:00-04:00,NVDA,-0.016146210499489166
2025-09-17 00:00:00-04:00,NVDA,-0.026246649910796838
2025-09-18 00:00:00-04:00,NVDA,0.03494053288969079
2025-09-19 00:00:00-04:00,NVDA,0.0024397172760990404
2025-09-22 00:00:00-04:00,NVDA,0.03928241078649575
2025-09-23 00:00:00-04:00,NVDA,-0.02821204789120879
2025-09-24 00:00:00-04:00,NVDA,-0.008182508094013552
2025-09-25 00:00:00-04:00,NVDA,0.004068502370516036
2025-09-26 00:00:00-04:00,NVDA,0.0028139530524602385
2025-09-29 00:00:00-04:00,NVDA,0.020539853219394555
2025-09-30 00:00:00-04:00,NVDA,0.02601041239849544
2025-10-01 00:00:00-04:00,NVDA,0.003537466147390589
2025-10-02 00:00:00-04:00,NVDA,0.008812165089625124
2025-10-03 00:00:00-04:00,NVDA,-0.006723594708770597
2025-10-06 00:00:00-04:00,NVDA,-0.011086137759471537
2025-10-07 00:00:00-04:00,NVDA,-0.002694897530570728
2025-10-08 00:00:00-04:00,NVDA,0.021995264931179426
2025-10-09 00:00:00-04:00,NVDA,0.0182962524780399
2025-10-10 00:00:00-04:00,NVDA,-0.04886532988389891
2025-10-13 00:00:00-04:00,NVDA,0.028172172097357784
2025-10-14 00:00:00-04:00,NVDA,-0.044020941066134855
2025-10-15 00:00:00-04:00,NVDA,-0.0011108832013667636
2025-10-16 00:00:00-04:00,NVDA,0.011010314326866277
2025-10-17 00:00:00-04:00,NVDA,0.007755428985164681
2025-10-20 00:00:00-04:00,NVDA,-0.0031656380962610253
2025-10-21 00:00:00-04:00,NVDA,-0.008103311893813858
2025-10-22 00:00:00-04:00,NVDA,-0.004857650244628253
2025-10-23 00:00:00-04:00,NVDA,0.010428245272369407
2025-10-24 00:00:00-04:00,NVDA,0.022507657786980273
2025-10-27 00:00:00-04:00,NVDA,0.028079138485787913
2025-10-28 00:00:00-04:00,NVDA,0.04981974713535808
2025-10-29 00:00:00-04:00,NVDA,0.029896062599559903
2025-10-30 00:00:00-04:00,NVDA,-0.020044438573744605
2025-10-31 00:00:00-04:00,NVDA,-0.0019715110218919696
2025-11-03 00:00:00-05:00,NVDA,0.021680115586237392
2025-11-04 00:00:00-05:00,NVDA,-0.03958822871705392
2025-11-05 00:00:00-05:00,NVDA,-0.01751466251475131
2025-11-06 00:00:00-05:00,NVDA,-0.036524729969592995
2025-11-07 00:00:00-05:00,NVDA,0.0003719646075555083
2025-11-10 00:00:00-05:00,NVDA,0.05793271397470856
2025-11-11 00:00:00-05:00,NVDA,-0.029590603550341266
2025-11-12 00:00:00-05:00,NVDA,0.0033132668539088694
2025-11-13 00:00:00-05:00,NVDA,-0.035810076045957095
2025-11-14 00:00:00-05:00,NVDA,0.01771372748265021
2025-11-17 00:00:00-05:00,NVDA,-0.01877255795624766
2025-11-18 00:00:00-05:00,NVDA,-0.02808152100624217
2025-11-19 00:00:00-05:00,NVDA,0.028451698075282472
2025-11-20 00:00:00-05:00,NVDA,-0.03152478448099327
2025-11-21 00:00:00-05:00,NVDA,-0.00974309888497693
2025-11-24 00:00:00-05:00,NVDA,0.02051656850567385
2025-11-25 00:00:00-05:00,NVDA,-0.025910673248993765
2025-11-26 00:00:00-05:00,NVDA,0.01372155540861364
2025-11-28 00:00:00-05:00,NVDA,-0.018084887277757256
2025-12-01 00:00:00-05:00,NVDA,0.016497144261903296
2025-12-02 00:00:00-05:00,NVDA,0.008559455044009567
2025-12-03 00:00:00-05:00,NVDA,-0.010305282935148319
2025-12-04 00:00:00-05:00,NVDA,0.02116036257746856
2025-12-05 00:00:00-05:00,NVDA,-0.005289522900729926
2025-12-08 00:00:00-05:00,NVDA,0.017214022376646154
2025-12-09 00:00:00-05:00,NVDA,-0.003125876875773148
2025-12-10 00:00:00-05:00,NVDA,-0.006433489130266867
2025-12-11 00:00:00-05:00,NVDA,-0.015507749510496383
2025-12-12 00:00:00-05:00,NVDA,-0.03266449001911087
2025-12-15 00:00:00-05:00,NVDA,0.007256197507397255
2025-12-16 00:00:00-05:00,NVDA,0.008111694452662688
2025-12-17 00:00:00-05:00,NVDA,-0.038149918132835525
2025-12-18 00:00:00-05:00,NVDA,0.018720044443348183
2025-12-19 00:00:00-05:00,NVDA,0.039336279676618124
2025-12-22 00:00:00-05:00,NVDA,0.014917895904012823
2025-12-23 00:00:00-05:00,NVDA,0.03005070925675346
2025-12-24 00:00:00-05:00,NVDA,-0.0031711845381520165
2025-12-26 00:00:00-05:00,NVDA,0.010179749413702144
2025-12-29 00:00:00-05:00,NVDA,-0.012124095818556446
2025-12-30 00:00:00-05:00,NVDA,-0.00361277804937421
2023-01-04 00:00:00-05:00,TSLA,0.05124885285593783
2023-01-05 00:00:00-05:00,TSLA,-0.029039097760312105
2023-01-06 00:00:00-05:00,TSLA,0.024651090365942707
2023-01-09 00:00:00-05:00,TSLA,0.059349011404278285
2023-01-10 00:00:00-05:00,TSLA,-0.007681374256751861
2023-01-11 00:00:00-05:00,TSLA,0.036769060182475055
2023-01-12 00:00:00-05:00,TSLA,0.0027592625752506095
2023-01-13 00:00:00-05:00,TSLA,-0.009388119582672827
2023-01-17 00:00:00-05:00,TSLA,0.07426473736900463
2023-01-18 00:00:00-05:00,TSLA,-0.020609982513142944
2023-01-19 00:00:00-05:00,TSLA,-0.012501946153228194
2023-01-20 00:00:00-05:00,TSLA,0.0491468120625187
2023-01-23 00:00:00-05:00,TSLA,0.07742468874848996
2023-01-24 00:00:00-05:00,TSLA,0.0009739087975544347
2023-01-25 00:00:00-05:00,TSLA,0.003752820129427681
2023-01-26 00:00:00-05:00,TSLA,0.10967259156647335
2023-01-27 00:00:00-05:00,TSLA,0.11000180416824756
2023-01-30 00:00:00-05:00,TSLA,-0.06318150994943417
2023-01-31 00:00:00-05:00,TSLA,0.03936155894904236
2023-02-01 00:00:00-05:00,TSLA,0.047280928205116535
2023-02-02 00:00:00-05:00,TSLA,0.03781489703913388
2023-02-03 00:00:00-05:00,TSLA,0.009082654784473565
2023-02-06 00:00:00-05:00,TSLA,0.025160537355481072
2023-02-07 00:00:00-05:00,TSLA,0.010525791279409002
2023-02-08 00:00:00-05:00,TSLA,0.022763049555982517
2023-02-09 00:00:00-05:00,TSLA,0.029956849516678652
2023-02-10 00:00:00-05:00,TSLA,-0.05030873801899527
2023-02-13 00:00:00-05:00,TSLA,-0.011427700782035255
2023-02-14 00:00:00-05:00,TSLA,0.0750616556523096
2023-02-15 00:00:00-05:00,TSLA,0.02384709913101113
2023-02-16 00:00:00-05:00,TSLA,-0.05694553722096751
2023-02-17 00:00:00-05:00,TSLA,0.031033480898909227
2023-02-21 00:00:00-05:00,TSLA,-0.05251789433835996
2023-02-22 00:00:00-05:00,TSLA,0.017682553475729224
2023-02-23 00:00:00-05:00,TSLA,0.006024129792842503
2023-02-24 00:00:00-05:00,TSLA,-0.025684180003413215
2023-02-27 00:00:00-05:00,TSLA,0.0546017865369246
2023-02-28 00:00:00-05:00,TSLA,-0.009247209573726933
2023-03-01 00:00:00-05:00,TSLA,-0.014291975817664837
2023-03-02 00:00:00-05:00,TSLA,-0.05853928157947319
2023-03-03 00:00:00-05:00,TSLA,0.03609219282314147
2023-03-06 00:00:00-05:00,TSLA,-0.020122331071529054
2023-03-07 00:00:00-05:00,TSLA,-0.03147407730028162
2023-03-08 00:00:00-05:00,TSLA,-0.03041929843714275
2023-03-09 00:00:00-05:00,TSLA,-0.04989011995084991
2023-03-10 00:00:00-05:00,TSLA,0.0030071956856769777
2023-03-13 00:00:00-04:00,TSLA,0.005996271168666301
2023-03-14 00:00:00-04:00,TSLA,0.050320947926932424
2023-03-15 00:00:00-04:00,TSLA,-0.015333393227232373
2023-03-16 00:00:00-04:00,TSLA,0.020393505108375454
2023-03-17 00:00:00-04:00,TSLA,-0.02172378153438792
2023-03-20 00:00:00-04:00,TSLA,0.017320796272765726
2023-03-21 00:00:00-04:00,TSLA,0.07819919143822474
2023-03-22 00:00:00-04:00,TSLA,-0.03254381959196684
2023-03-23 00:00:00-04:00,TSLA,0.0055977366381618765
2023-03-24 00:00:00-04:00,TSLA,-0.009416281069083654
2023-03-27 00:00:00-04:00,TSLA,0.007352522816861606
2023-03-28 00:00:00-04:00,TSLA,-0.013659325116185062
2023-03-29 00:00:00-04:00,TSLA,0.024789906342217005
2023-03-30 00:00:00-04:00,TSLA,0.007220929756684091
2023-03-31 00:00:00-04:00,TSLA,0.06237201971890638
2023-04-03 00:00:00-04:00,TSLA,-0.061168427796826186
2023-04-04 00:00:00-04:00,TSLA,-0.011244043709844997
2023-04-05 00:00:00-04:00,TSLA,-0.036660076287605925
2023-04-06 00:00:00-04:00,TSLA,-0.002479553165553039
2023-04-10 00:00:00-04:00,TSLA,-0.0029720256079851515
2023-04-11 00:00:00-04:00,TSLA,0.012357047570192181
2023-04-12 00:00:00-04:00,TSLA,-0.03346003653646468
2023-04-13 00:00:00-04:00,TSLA,0.029688716127604264
2023-04-14 00:00:00-04:00,TSLA,-0.004841279860318459
2023-04-17 00:00:00-04:00,TSLA,0.011026990735853115
2023-04-18 00:00:00-04:00,TSLA,-0.014595786064655836
2023-04-19 00:00:00-04:00,TSLA,-0.020183393575926356
2023-04-20 00:00:00-04:00,TSLA,-0.09745828230593856
2023-04-21 00:00:00-04:00,TSLA,0.012822849668400638
2023-04-24 00:00:00-04:00,TSLA,-0.015325895028073244
2023-04-25 00:00:00-04:00,TSLA,-0.011565701922588656
2023-04-26 00:00:00-04:00,TSLA,-0.04306963495243776
2023-04-27 00:00:00-04:00,TSLA,0.041886194740853755
2023-04-28 00:00:00-04:00,TSLA,0.025719427270091355
2023-05-01 00:00:00-04:00,TSLA,-0.015093395194377579
2023-05-02 00:00:00-04:00,TSLA,-0.00939259874721976
2023-05-03 00:00:00-04:00,TSLA,0.0018713932775662467
2023-05-04 00:00:00-04:00,TSLA,0.003673471985857102
2023-05-05 00:00:00-04:00,TSLA,0.05496278398315546
2023-05-08 00:00:00-04:00,TSLA,0.010172855182730478
2023-05-09 00:00:00-04:00,TSLA,-0.015367597024416146
2023-05-10 00:00:00-04:00,TSLA,-0.0036062703657255835
2023-05-11 00:00:00-04:00,TSLA,0.021003967520705658
2023-05-12 00:00:00-04:00,TSLA,-0.023826162598143963
2023-05-15 00:00:00-04:00,TSLA,-0.009703474612936969
2023-05-16 00:00:00-04:00,TSLA,0.001021930644472091
2023-05-17 00:00:00-04:00,TSLA,0.04407876621166107
2023-05-18 00:00:00-04:00,TSLA,0.01742780840135616
2023-05-19 00:00:00-04:00,TSLA,0.018373000232992265
2023-05-22 00:00:00-04:00,TSLA,0.04846228354123516
2023-05-23 00:00:00-04:00,TSLA,-0.01641335799687571
2023-05-24 00:00:00-04:00,TSLA,-0.015449266889003499
2023-05-25 00:00:00-04:00,TSLA,0.008583965973816943
2023-05-26 00:00:00-04:00,TSLA,0.047162123329924865
2023-05-30 00:00:00-04:00,TSLA,0.041362559242642094
2023-05-31 00:00:00-04:00,TSLA,0.013770078361723614
2023-06-01 00:00:00-04:00,TSLA,0.017604137329555458
2023-06-02 00:00:00-04:00,TSLA,0.031081326211682914
2023-06-05 00:00:00-04:00,TSLA,0.017011727666879306
2023-06-06 00:00:00-04:00,TSLA,0.017002881015874438
2023-06-07 00:00:00-04:00,TSLA,0.014730512862447087
2023-06-08 00:00:00-04:00,TSLA,0.045820870777622646
2023-06-09 00:00:00-04:00,TSLA,0.0406199151040636
2023-06-12 00:00:00-04:00,TSLA,0.02221770896144215
2023-06-13 00:00:00-04:00,TSLA,0.035544128242966044
2023-06-14 00:00:00-04:00,TSLA,-0.007421371317580694
2023-06-15 00:00:00-04:00,TSLA,-0.0034659239799892383
2023-06-16 00:00:00-04:00,TSLA,0.01813214052015355
2023-06-20 00:00:00-04:00,TSLA,0.05338912722001776
2023-06-21 00:00:00-04:00,TSLA,-0.054618400747766804
2023-06-22 00:00:00-04:00,TSLA,0.019848894111198723
2023-06-23 00:00:00-04:00,TSLA,-0.030270888067223778
2023-06-26 00:00:00-04:00,TSLA,-0.060600166336257755
2023-06-27 00:00:00-04:00,TSLA,0.03800042956291749
2023-06-28 00:00:00-04:00,TSLA,0.0240996896954786
2023-06-29 00:00:00-04:00,TSLA,0.004917303362650394
2023-06-30 00:00:00-04:00,TSLA,0.016582481606492783
2023-07-03 00:00:00-04:00,TSLA,0.06895373445427366
2023-07-05 00:00:00-04:00,TSLA,0.009506123909958086
2023-07-06 00:00:00-04:00,TSLA,-0.021028045208104085
2023-07-07 00:00:00-04:00,TSLA,-0.007630056425625198
2023-07-10 00:00:00-04:00,TSLA,-0.01756370459810941
2023-07-11 00:00:00-04:00,TSLA,0.000667717084456676
2023-07-12 00:00:00-04:00,TSLA,0.008154422401772665
2023-07-13 00:00:00-04:00,TSLA,0.02172875427149612
2023-07-14 00:00:00-04:00,TSLA,0.012522529912772917
2023-07-17 00:00:00-04:00,TSLA,0.03198521516746822
2023-07-18 00:00:00-04:00,TSLA,0.010193509901870401
2023-07-19 00:00:00-04:00,TSLA,-0.007090702250741598
2023-07-20 00:00:00-04:00,TSLA,-0.09737009860008494
2023-07-21 00:00:00-04:00,TSLA,-0.010954754468143868
2023-07-24 00:00:00-04:00,TSLA,0.03476659075024635
2023-07-25 00:00:00-04:00,TSLA,-0.014048906614123058
2023-07-26 00:00:00-04:00,TSLA,-0.0035057022016762307
2023-07-27 00:00:00-04:00,TSLA,-0.032683938680391544
2023-07-28 00:00:00-04:00,TSLA,0.04196157931177735
2023-07-31 00:00:00-04:00,TSLA,0.00371562162326855
2023-08-01 00:00:00-04:00,TSLA,-0.023781870118334214
2023-08-02 00:00:00-04:00,TSLA,-0.02665954157355066
2023-08-03 00:00:00-04:00,TSLA,0.020502958173047814
2023-08-04 00:00:00-04:00,TSLA,-0.02105509239416581
2023-08-07 00:00:00-04:00,TSLA,-0.009493435973824349
2023-08-08 00:00:00-04:00,TSLA,-0.006959634206558429
2023-08-09 00:00:00-04:00,TSLA,-0.03007606967809695
2023-08-10 00:00:00-04:00,TSLA,0.013006292021680244
2023-08-11 00:00:00-04:00,TSLA,-0.01096438608281991
2023-08-14 00:00:00-04:00,TSLA,-0.011910156448968756
2023-08-15 00:00:00-04:00,TSLA,-0.028361644764614224
2023-08-16 00:00:00-04:00,TSLA,-0.03159340830287438
2023-08-17 00:00:00-04:00,TSLA,-0.028280162722535862
2023-08-18 00:00:00-04:00,TSLA,-0.017014851321818125
2023-08-21 00:00:00-04:00,TSLA,0.073274828918382
2023-08-22 00:00:00-04:00,TSLA,0.008258403978685713
2023-08-23 00:00:00-04:00,TSLA,0.01573823118710882
2023-08-24 00:00:00-04:00,TSLA,-0.02879341090367582
2023-08-25 00:00:00-04:00,TSLA,0.037167463490241914
2023-08-28 00:00:00-04:00,TSLA,0.0009640428763089126
2023-08-29 00:00:00-04:00,TSLA,0.07687791972402569
2023-08-30 00:00:00-04:00,TSLA,-0.0010887269121663268
2023-08-31 00:00:00-04:00,TSLA,0.004593198535678855
2023-09-01 00:00:00-04:00,TSLA,-0.05064318329763218
2023-09-05 00:00:00-04:00,TSLA,0.046855214011356505
2023-09-06 00:00:00-04:00,TSLA,-0.017817428513501543
2023-09-07 00:00:00-04:00,TSLA,-0.0017068620153485314
2023-09-08 00:00:00-04:00,TSLA,-0.01188916230408743
2023-09-11 00:00:00-04:00,TSLA,0.10092549928477124
2023-09-12 00:00:00-04:00,TSLA,-0.022296863386701782
2023-09-13 00:00:00-04:00,TSLA,0.014281354305895722
2023-09-14 00:00:00-04:00,TSLA,0.017471511114000693
2023-09-15 00:00:00-04:00,TSLA,-0.005977372284481253
2023-09-18 00:00:00-04:00,TSLA,-0.033200974462619715
2023-09-19 00:00:00-04:00,TSLA,0.004598918977371191
2023-09-20 00:00:00-04:00,TSLA,-0.014671683535119606
2023-09-21 00:00:00-04:00,TSLA,-0.026238620989897266
2023-09-22 00:00:00-04:00,TSLA,-0.042315182614647506
2023-09-25 00:00:00-04:00,TSLA,0.008616467528091087
2023-09-26 00:00:00-04:00,TSLA,-0.011619945391094011
2023-09-27 00:00:00-04:00,TSLA,-0.014828753029631048
2023-09-28 00:00:00-04:00,TSLA,0.02444908475181906
2023-09-29 00:00:00-04:00,TSLA,0.015585665483353939
2023-10-02 00:00:00-04:00,TSLA,0.005515166158101437
2023-10-03 00:00:00-04:00,TSLA,-0.020151062008054166
2023-10-04 00:00:00-04:00,TSLA,0.05934371052307452
2023-10-05 00:00:00-04:00,TSLA,-0.00425032873937603
2023-10-06 00:00:00-04:00,TSLA,0.001845841218459432
2023-10-09 00:00:00-04:00,TSLA,-0.003300907210654902
2023-10-10 00:00:00-04:00,TSLA,0.015211543440507347
2023-10-11 00:00:00-04:00,TSLA,-0.002389822071472425
2023-10-12 00:00:00-04:00,TSLA,-0.015665976919941982
2023-10-13 00:00:00-04:00,TSLA,-0.02993780718577166
2023-10-16 00:00:00-04:00,TSLA,0.01115006015531006
2023-10-17 00:00:00-04:00,TSLA,0.0036626021631882555
2023-10-18 00:00:00-04:00,TSLA,-0.04775363208267347
2023-10-19 00:00:00-04:00,TSLA,-0.09300310180733784
2023-10-20 00:00:00-04:00,TSLA,-0.036890623300491754
2023-10-23 00:00:00-04:00,TSLA,0.0004245310418349302
2023-10-24 00:00:00-04:00,TSLA,0.02093550737020089
2023-10-25 00:00:00-04:00,TSLA,-0.018935922882932887
2023-10-26 00:00:00-04:00,TSLA,-0.031352997455599385
2023-10-27 00:00:00-04:00,TSLA,0.00748448962886572
2023-10-30 00:00:00-04:00,TSLA,-0.04794984223383958
2023-10-31 00:00:00-04:00,TSLA,0.017632730628176496
2023-11-01 00:00:00-04:00,TSLA,0.023999240251476817
2023-11-02 00:00:00-04:00,TSLA,0.06248172039245192
2023-11-03 00:00:00-04:00,TSLA,0.006635907937775798
2023-11-06 00:00:00-05:00,TSLA,-0.0031369449915676917
2023-11-07 00:00:00-05:00,TSLA,0.013271256198382764
2023-11-08 00:00:00-05:00,TSLA,-0.00031502415940676265
2023-11-09 00:00:00-05:00,TSLA,-0.054612601186257326
2023-11-10 00:00:00-05:00,TSLA,0.022240205086035525
2023-11-13 00:00:00-05:00,TSLA,0.04220830689495392
2023-11-14 00:00:00-05:00,TSLA,0.06123998273248876
2023-11-15 00:00:00-05:00,TSLA,0.022871793909364557
2023-11-16 00:00:00-05:00,TSLA,-0.038090924639652135
2023-11-17 00:00:00-05:00,TSLA,0.0030395424675642158
2023-11-20 00:00:00-05:00,TSLA,0.005548455120893081
2023-11-21 00:00:00-05:00,TSLA,0.023769060694616817
2023-11-22 00:00:00-05:00,TSLA,-0.028980059381488954
2023-11-24 00:00:00-05:00,TSLA,0.00529435207219775
2023-11-27 00:00:00-05:00,TSLA,0.0026757481035388775
2023-11-28 00:00:00-05:00,TSLA,0.04506946504203557
2023-11-29 00:00:00-05:00,TSLA,-0.010457205813430348
2023-11-30 00:00:00-05:00,TSLA,-0.016629792613843564
2023-12-01 00:00:00-05:00,TSLA,-0.005206597761023168
2023-12-04 00:00:00-05:00,TSLA,-0.01360800559009756
2023-12-05 00:00:00-05:00,TSLA,0.013328802806870987
2023-12-06 00:00:00-05:00,TSLA,0.002722829646282676
2023-12-07 00:00:00-05:00,TSLA,0.01366087788429815
2023-12-08 00:00:00-05:00,TSLA,0.0049455858525417895
2023-12-11 00:00:00-05:00,TSLA,-0.01681426716823431
2023-12-12 00:00:00-05:00,TSLA,-0.011387381846063915
2023-12-13 00:00:00-05:00,TSLA,0.009619842336358264
2023-12-14 00:00:00-05:00,TSLA,0.04914543063053567
2023-12-15 00:00:00-05:00,TSLA,0.009758999874367902
2023-12-18 00:00:00-05:00,TSLA,-0.005601570686174839
2023-12-19 00:00:00-05:00,TSLA,0.0203903496997484
2023-12-20 00:00:00-05:00,TSLA,-0.03918825045959673
2023-12-21 00:00:00-05:00,TSLA,0.029780693649462897
2023-12-22 00:00:00-05:00,TSLA,-0.007701401626197146
2023-12-26 00:00:00-05:00,TSLA,0.01611622781987765
2023-12-27 00:00:00-05:00,TSLA,0.018822405072142834
2023-12-28 00:00:00-05:00,TSLA,-0.03159428430420175
2023-12-29 00:00:00-05:00,TSLA,-0.018563856087399966
2024-01-02 00:00:00-05:00,TSLA,-0.0002414583049958896
2024-01-03 00:00:00-05:00,TSLA,-0.04013364984377277
2024-01-04 00:00:00-05:00,TSLA,-0.0021807686270334248
2024-01-05 00:00:00-05:00,TSLA,-0.001849229589212631
2024-01-08 00:00:00-05:00,TSLA,0.012463646412957496
2024-01-09 00:00:00-05:00,TSLA,-0.02283214932024613
2024-01-10 00:00:00-05:00,TSLA,-0.004341182513256769
2024-01-11 00:00:00-05:00,TSLA,-0.028725319101363445
2024-01-12 00:00:00-05:00,TSLA,-0.036660513098772496
2024-01-16 00:00:00-05:00,TSLA,0.004659894354722027
2024-01-17 00:00:00-05:00,TSLA,-0.019826295019533036
2024-01-18 00:00:00-05:00,TSLA,-0.017026203279914
2024-01-19 00:00:00-05:00,TSLA,0.0014630807600990448
2024-01-22 00:00:00-05:00,TSLA,-0.015976244642273096
2024-01-23 00:00:00-05:00,TSLA,0.0016283349277841364
2024-01-24 00:00:00-05:00,TSLA,-0.006263735117226887
2024-01-25 00:00:00-05:00,TSLA,-0.12125293136804816
2024-01-26 00:00:00-05:00,TSLA,0.0033948152034783963
2024-01-29 00:00:00-05:00,TSLA,0.04190991910385411
2024-01-30 00:00:00-05:00,TSLA,0.0034567835721344142
2024-01-31 00:00:00-05:00,TSLA,-0.02244377647032403
2024-02-01 00:00:00-05:00,TSLA,0.008382761388752824
2024-02-02 00:00:00-05:00,TSLA,-0.0050301649114266045
2024-02-05 00:00:00-05:00,TSLA,-0.03645365318513305
2024-02-06 00:00:00-05:00,TSLA,0.0223130928940527
2024-02-07 00:00:00-05:00,TSLA,0.01339813963135228
2024-02-08 00:00:00-05:00,TSLA,0.010555473441792307
2024-02-09 00:00:00-05:00,TSLA,0.021154303741671487
2024-02-12 00:00:00-05:00,TSLA,-0.028103539988478476
2024-02-13 00:00:00-05:00,TSLA,-0.021846598116614713
2024-02-14 00:00:00-05:00,TSLA,0.025486372853585015
2024-02-15 00:00:00-05:00,TSLA,0.06221180550417671
2024-02-16 00:00:00-05:00,TSLA,-0.0024943876658132247
2024-02-20 00:00:00-05:00,TSLA,-0.030957752117438453
2024-02-21 00:00:00-05:00,TSLA,0.00521268473502845
2024-02-22 00:00:00-05:00,TSLA,0.013554445406056326
2024-02-23 00:00:00-05:00,TSLA,-0.027556873210526134
2024-02-26 00:00:00-05:00,TSLA,0.03870392576202142
2024-02-27 00:00:00-05:00,TSLA,0.0016549741281637331
2024-02-28 00:00:00-05:00,TSLA,0.01156560160219966
2024-02-29 00:00:00-05:00,TSLA,-0.0007918650199801869
2024-03-01 00:00:00-05:00,TSLA,0.003764585340074067
2024-03-04 00:00:00-05:00,TSLA,-0.07155546804023882
2024-03-05 00:00:00-05:00,TSLA,-0.03933237971984138
2024-03-06 00:00:00-05:00,TSLA,-0.02323786698783792
2024-03-07 00:00:00-05:00,TSLA,0.011951969472048907
2024-03-08 00:00:00-05:00,TSLA,-0.018527834714126334
2024-03-11 00:00:00-04:00,TSLA,0.013858834181150304
2024-03-12 00:00:00-04:00,TSLA,-0.0012938683737420131
2024-03-13 00:00:00-04:00,TSLA,-0.04539820808488959
2024-03-14 00:00:00-04:00,TSLA,-0.04118477639544138
2024-03-15 00:00:00-04:00,TSLA,0.006584660456730784
2024-03-18 00:00:00-04:00,TSLA,0.06254200201423088
2024-03-19 00:00:00-04:00,TSLA,-0.014269250195585559
2024-03-20 00:00:00-04:00,TSLA,0.025332688257929448
2024-03-21 00:00:00-04:00,TSLA,-0.016167575308454918
2024-03-22 00:00:00-04:00,TSLA,-0.01151490226146512
2024-03-25 00:00:00-04:00,TSLA,0.010536808713131895
2024-03-26 00:00:00-04:00,TSLA,0.029195349264770964
2024-03-27 00:00:00-04:00,TSLA,0.012157391142962881
2024-03-28 00:00:00-04:00,TSLA,-0.022465709302040393
2024-04-01 00:00:00-04:00,TSLA,-0.003242460249155976
2024-04-02 00:00:00-04:00,TSLA,-0.049024062767074494
2024-04-03 00:00:00-04:00,TSLA,0.01050231020055925
2024-04-04 00:00:00-04:00,TSLA,0.016213301154368365
2024-04-05 00:00:00-04:00,TSLA,-0.036292482565110196
2024-04-08 00:00:00-04:00,TSLA,0.04899940648952894
2024-04-09 00:00:00-04:00,TSLA,0.02254601255405486
2024-04-10 00:00:00-04:00,TSLA,-0.028946236061948905
2024-04-11 00:00:00-04:00,TSLA,0.01653476762638495
2024-04-12 00:00:00-04:00,TSLA,-0.020332204625772565
2024-04-15 00:00:00-04:00,TSLA,-0.05594859487563397
2024-04-16 00:00:00-04:00,TSLA,-0.027062145360474688
2024-04-17 00:00:00-04:00,TSLA,-0.010565868854054306
2024-04-18 00:00:00-04:00,TSLA,-0.03550983840996058
2024-04-19 00:00:00-04:00,TSLA,-0.0192088959161848
2024-04-22 00:00:00-04:00,TSLA,-0.03400203941675628
2024-04-23 00:00:00-04:00,TSLA,0.018514534090260826
2024-04-24 00:00:00-04:00,TSLA,0.12061109407252757
2024-04-25 00:00:00-04:00,TSLA,0.04965143743002587
2024-04-26 00:00:00-04:00,TSLA,-0.011105884774887609
2024-04-29 00:00:00-04:00,TSLA,0.1530691710339953
2024-04-30 00:00:00-04:00,TSLA,-0.05550118063944742
2024-05-01 00:00:00-04:00,TSLA,-0.017950640048260635
2024-05-02 00:00:00-04:00,TSLA,0.0001110562423569661
2024-05-03 00:00:00-04:00,TSLA,0.006555235656792835
2024-05-06 00:00:00-04:00,TSLA,0.019703030064167848
2024-05-07 00:00:00-04:00,TSLA,-0.03761635178001177
2024-05-08 00:00:00-04:00,TSLA,-0.017378079862311324
2024-05-09 00:00:00-04:00,TSLA,-0.01573946875450305
2024-05-10 00:00:00-04:00,TSLA,-0.02035238689978358
2024-05-13 00:00:00-04:00,TSLA,0.020300339194899042
2024-05-14 00:00:00-04:00,TSLA,0.03292805679333921
2024-05-15 00:00:00-04:00,TSLA,-0.02005067585133169
2024-05-16 00:00:00-04:00,TSLA,0.004885285464054867
2024-05-17 00:00:00-04:00,TSLA,0.014985188920464187
2024-05-20 00:00:00-04:00,TSLA,-0.014144086952910362
2024-05-21 00:00:00-04:00,TSLA,0.06659050790792542
2024-05-22 00:00:00-04:00,TSLA,-0.03478030697150003
2024-05-23 00:00:00-04:00,TSLA,-0.03536724832380789
2024-05-24 00:00:00-04:00,TSLA,0.03165649721483632
2024-05-28 00:00:00-04:00,TSLA,-0.01389201861667555
2024-05-29 00:00:00-04:00,TSLA,-0.0031683030189180172
2024-05-30 00:00:00-04:00,TSLA,0.014756744473008343
2024-05-31 00:00:00-04:00,TSLA,-0.003971091681523098
2024-06-03 00:00:00-04:00,TSLA,-0.0100517100545634
2024-06-04 00:00:00-04:00,TSLA,-0.008622094682395387
2024-06-05 00:00:00-04:00,TSLA,0.0013159908560766986
2024-06-06 00:00:00-04:00,TSLA,0.01680001395089281
2024-06-07 00:00:00-04:00,TSLA,-0.0025851787543875737
2024-06-10 00:00:00-04:00,TSLA,-0.020791089307163446
2024-06-11 00:00:00-04:00,TSLA,-0.018010183238054034
2024-06-12 00:00:00-04:00,TSLA,0.03884911216309472
2024-06-13 00:00:00-04:00,TSLA,0.029217711832219218
2024-06-14 00:00:00-04:00,TSLA,-0.024442410719736185
2024-06-17 00:00:00-04:00,TSLA,0.052974598199923895
2024-06-18 00:00:00-04:00,TSLA,-0.013764414198944475
2024-06-20 00:00:00-04:00,TSLA,-0.017797215597047833
2024-06-21 00:00:00-04:00,TSLA,0.00793075466503601
2024-06-24 00:00:00-04:00,TSLA,-0.0023495584322592578
2024-06-25 00:00:00-04:00,TSLA,0.026125557150967316
2024-06-26 00:00:00-04:00,TSLA,0.04814512260377568
2024-06-27 00:00:00-04:00,TSLA,0.0053470646120412635
2024-06-28 00:00:00-04:00,TSLA,0.002330091774560339
2024-07-01 00:00:00-04:00,TSLA,0.060541719385108106
2024-07-02 00:00:00-04:00,TSLA,0.10197271435359379
2024-07-03 00:00:00-04:00,TSLA,0.06542422054051067
2024-07-05 00:00:00-04:00,TSLA,0.02082067005771515
2024-07-08 00:00:00-04:00,TSLA,0.005645666924397386
2024-07-09 00:00:00-04:00,TSLA,0.03712336538398886
2024-07-10 00:00:00-04:00,TSLA,0.003545241645880992
2024-07-11 00:00:00-04:00,TSLA,-0.08444127539962887
2024-07-12 00:00:00-04:00,TSLA,0.029871787680814776
2024-07-15 00:00:00-04:00,TSLA,0.01776579679334911
2024-07-16 00:00:00-04:00,TSLA,0.015516142251486675
2024-07-17 00:00:00-04:00,TSLA,-0.031415644041518975
2024-07-18 00:00:00-04:00,TSLA,0.002937608561525362
2024-07-19 00:00:00-04:00,TSLA,-0.040243947162209914
2024-07-22 00:00:00-04:00,TSLA,0.05146320115237035
2024-07-23 00:00:00-04:00,TSLA,-0.020396762498772203
2024-07-24 00:00:00-04:00,TSLA,-0.12334604589403697
2024-07-25 00:00:00-04:00,TSLA,0.01972310939623889
2024-07-26 00:00:00-04:00,TSLA,-0.0020431189477511102
2024-07-29 00:00:00-04:00,TSLA,0.055959976710561854
2024-07-30 00:00:00-04:00,TSLA,-0.04084450985365373
2024-07-31 00:00:00-04:00,TSLA,0.04244907202543402
2024-08-01 00:00:00-04:00,TSLA,-0.06554059651757449
2024-08-02 00:00:00-04:00,TSLA,-0.042377581921705376
2024-08-05 00:00:00-04:00,TSLA,-0.04232673647438423
2024-08-06 00:00:00-04:00,TSLA,0.008849529684359148
2024-08-07 00:00:00-04:00,TSLA,-0.044258397676563366
2024-08-08 00:00:00-04:00,TSLA,0.036921162045623124
2024-08-09 00:00:00-04:00,TSLA,0.005833854775063374
2024-08-12 00:00:00-04:00,TSLA,-0.012549972534179665
2024-08-13 00:00:00-04:00,TSLA,0.05235706137163754
2024-08-14 00:00:00-04:00,TSLA,-0.0310349655555765
2024-08-15 00:00:00-04:00,TSLA,0.06336276788880446
2024-08-16 00:00:00-04:00,TSLA,0.009246267550119258
2024-08-19 00:00:00-04:00,TSLA,0.030538618603692225
2024-08-20 00:00:00-04:00,TSLA,-0.007273684933137958
2024-08-21 00:00:00-04:00,TSLA,0.009814554993405888
2024-08-22 00:00:00-04:00,TSLA,-0.056478704568676985
2024-08-23 00:00:00-04:00,TSLA,0.04585589810206048
2024-08-26 00:00:00-04:00,TSLA,-0.0322712435275504
2024-08-27 00:00:00-04:00,TSLA,-0.018760845523390857
2024-08-28 00:00:00-04:00,TSLA,-0.01653843794670573
2024-08-29 00:00:00-04:00,TSLA,0.002575935743848623
2024-08-30 00:00:00-04:00,TSLA,0.03795812428442069
2024-09-03 00:00:00-04:00,TSLA,-0.016393416920415627
2024-09-04 00:00:00-04:00,TSLA,0.04183284569452206
2024-09-05 00:00:00-04:00,TSLA,0.04904058305110959
2024-09-06 00:00:00-04:00,TSLA,-0.0844593239607937
2024-09-09 00:00:00-04:00,TSLA,0.026289605928169646
2024-09-10 00:00:00-04:00,TSLA,0.04577608406578748
2024-09-11 00:00:00-04:00,TSLA,0.008666077418469476
2024-09-12 00:00:00-04:00,TSLA,0.007364189890953776
2024-09-13 00:00:00-04:00,TSLA,0.0020886633855721204
2024-09-16 00:00:00-04:00,TSLA,-0.015241628421408637
2024-09-17 00:00:00-04:00,TSLA,0.004806404196833203
2024-09-18 00:00:00-04:00,TSLA,-0.0029402649901351108
2024-09-19 00:00:00-04:00,TSLA,0.07359155565707187
2024-09-20 00:00:00-04:00,TSLA,-0.02324531900421767
2024-09-23 00:00:00-04:00,TSLA,0.04931794333683115
2024-09-24 00:00:00-04:00,TSLA,0.017080017089843746
2024-09-25 00:00:00-04:00,TSLA,0.010815214909361437
2024-09-26 00:00:00-04:00,TSLA,-0.01089404681602335
2024-09-27 00:00:00-04:00,TSLA,0.024545630573566513
2024-09-30 00:00:00-04:00,TSLA,0.004492104223754234
2024-10-01 00:00:00-04:00,TSLA,-0.013798172234708361
2024-10-02 00:00:00-04:00,TSLA,-0.03488095932262847
2024-10-03 00:00:00-04:00,TSLA,-0.03357160254966751
2024-10-04 00:00:00-04:00,TSLA,0.03914235030998814
2024-10-07 00:00:00-04:00,TSLA,-0.03698816351676526
2024-10-08 00:00:00-04:00,TSLA,0.015238957526229946
2024-10-09 00:00:00-04:00,TSLA,-0.014110416966225725
2024-10-10 00:00:00-04:00,TSLA,-0.009458613360014412
2024-10-11 00:00:00-04:00,TSLA,-0.08782510719719305
2024-10-14 00:00:00-04:00,TSLA,0.00624426350457119
2024-10-15 00:00:00-04:00,TSLA,0.0018707960177875016
2024-10-16 00:00:00-04:00,TSLA,0.008015641700267029
2024-10-17 00:00:00-04:00,TSLA,-0.001987992760882462
2024-10-18 00:00:00-04:00,TSLA,-0.0008601676940163117
2024-10-21 00:00:00-04:00,TSLA,-0.008382378207102636
2024-10-22 00:00:00-04:00,TSLA,-0.004021041161846095
2024-10-23 00:00:00-04:00,TSLA,-0.019819274670942355
2024-10-24 00:00:00-04:00,TSLA,0.21919035070290427
2024-10-25 00:00:00-04:00,TSLA,0.03343823359841336
2024-10-28 00:00:00-04:00,TSLA,-0.024815158866218545
2024-10-29 00:00:00-04:00,TSLA,-0.01139012091242797
2024-10-30 00:00:00-04:00,TSLA,-0.007590942139718337
2024-10-31 00:00:00-04:00,TSLA,-0.029897037679701755
2024-11-01 00:00:00-04:00,TSLA,-0.003482130697311625
2024-11-04 00:00:00-05:00,TSLA,-0.024660613282231236
2024-11-05 00:00:00-05:00,TSLA,0.03541429020427711
2024-11-06 00:00:00-05:00,TSLA,0.14751032444224466
2024-11-07 00:00:00-05:00,TSLA,0.02904379065700735
2024-11-08 00:00:00-05:00,TSLA,0.08187665372925301
2024-11-11 00:00:00-05:00,TSLA,0.08959591143118995
2024-11-12 00:00:00-05:00,TSLA,-0.06145717075892854
2024-11-13 00:00:00-05:00,TSLA,0.005327407385385952
2024-11-14 00:00:00-05:00,TSLA,-0.05771559508909463
2024-11-15 00:00:00-05:00,TSLA,0.030657525449785616
2024-11-18 00:00:00-05:00,TSLA,0.056186046847983784
2024-11-19 00:00:00-05:00,TSLA,0.021432396454288627
2024-11-20 00:00:00-05:00,TSLA,-0.011473991967350106
2024-11-21 00:00:00-05:00,TSLA,-0.006987644766217049
2024-11-22 00:00:00-05:00,TSLA,0.038040225983177356
2024-11-25 00:00:00-05:00,TSLA,-0.039624464821427674
2024-11-26 00:00:00-05:00,TSLA,-0.001063189566898104
2024-11-27 00:00:00-05:00,TSLA,-0.015788061864523528
2024-11-29 00:00:00-05:00,TSLA,0.03685898787510977
2024-12-02 00:00:00-05:00,TSLA,0.034563659025395044
2024-12-03 00:00:00-05:00,TSLA,-0.01587830229999254
2024-12-04 00:00:00-05:00,TSLA,0.018524782309774723
2024-12-05 00:00:00-05:00,TSLA,0.03229681165351517
2024-12-06 00:00:00-05:00,TSLA,0.053397958017247005
2024-12-09 00:00:00-05:00,TSLA,0.0014644862094215227
2024-12-10 00:00:00-05:00,TSLA,0.02873337295448497
2024-12-11 00:00:00-05:00,TSLA,0.05930322291934931
2024-12-12 00:00:00-05:00,TSLA,-0.015702575706076027
2024-12-13 00:00:00-05:00,TSLA,0.04336284290396253
2024-12-16 00:00:00-05:00,TSLA,0.06141250567967771
2024-12-17 00:00:00-05:00,TSLA,0.036369912179738284
2024-12-18 00:00:00-05:00,TSLA,-0.0827949436951747
2024-12-19 00:00:00-05:00,TSLA,-0.008997322180141931
2024-12-20 00:00:00-05:00,TSLA,-0.034642491239586515
2024-12-23 00:00:00-05:00,TSLA,0.022657123925894362
2024-12-24 00:00:00-05:00,TSLA,0.07357174228224572
2024-12-26 00:00:00-05:00,TSLA,-0.017629994630971146
2024-12-27 00:00:00-05:00,TSLA,-0.04947922616674816
2024-12-30 00:00:00-05:00,TSLA,-0.03301209257078741
2024-12-31 00:00:00-05:00,TSLA,-0.03251001941775111
2025-01-02 00:00:00-05:00,TSLA,-0.06081615932376483
2025-01-03 00:00:00-05:00,TSLA,0.08215567328200035
2025-01-06 00:00:00-05:00,TSLA,0.0014861742226248698
2025-01-07 00:00:00-05:00,TSLA,-0.040603340073111505
2025-01-08 00:00:00-05:00,TSLA,0.0014707807875757872
2025-01-10 00:00:00-05:00,TSLA,-0.0005064369418008585
2025-01-13 00:00:00-05:00,TSLA,0.021710512074366584
2025-01-14 00:00:00-05:00,TSLA,-0.017232432245921525
2025-01-15 00:00:00-05:00,TSLA,0.08038151439752794
2025-01-16 00:00:00-05:00,TSLA,-0.03362756026209679
2025-01-17 00:00:00-05:00,TSLA,0.030641323404759335
2025-01-21 00:00:00-05:00,TSLA,-0.00569752092797482
2025-01-22 00:00:00-05:00,TSLA,-0.021128638710367298
2025-01-23 00:00:00-05:00,TSLA,-0.006576523247056931
2025-01-24 00:00:00-05:00,TSLA,-0.014064741844588391
2025-01-27 00:00:00-05:00,TSLA,-0.023193450212053546
2025-01-28 00:00:00-05:00,TSLA,0.0023668700890153715
2025-01-29 00:00:00-05:00,TSLA,-0.02258280870425211
2025-01-30 00:00:00-05:00,TSLA,0.028732954254456988
2025-01-31 00:00:00-05:00,TSLA,0.010792463618949588
2025-02-03 00:00:00-05:00,TSLA,-0.05170542044525339
2025-02-04 00:00:00-05:00,TSLA,0.022232065633156273
2025-02-05 00:00:00-05:00,TSLA,-0.035797094243459227
2025-02-06 00:00:00-05:00,TSLA,-0.010180622383618276
2025-02-07 00:00:00-05:00,TSLA,-0.0339282217314959
2025-02-10 00:00:00-05:00,TSLA,-0.030114441341470455
2025-02-11 00:00:00-05:00,TSLA,-0.06338211812502892
2025-02-12 00:00:00-05:00,TSLA,0.0243835913717656
2025-02-13 00:00:00-05:00,TSLA,0.05773971683431944
2025-02-14 00:00:00-05:00,TSLA,-0.0002809633725618932
2025-02-18 00:00:00-05:00,TSLA,-0.004861766535893763
2025-02-19 00:00:00-05:00,TSLA,0.018214714280444966
2025-02-20 00:00:00-05:00,TSLA,-0.01708454543992588
2025-02-21 00:00:00-05:00,TSLA,-0.046839747148427646
2025-02-24 00:00:00-05:00,TSLA,-0.021521578674915554
2025-02-25 00:00:00-05:00,TSLA,-0.0838955952220366
2025-02-26 00:00:00-05:00,TSLA,-0.039630120487999076
2025-02-27 00:00:00-05:00,TSLA,-0.030433204805490277
2025-02-28 00:00:00-05:00,TSLA,0.03912040539724382
2025-03-03 00:00:00-05:00,TSLA,-0.02843203214376444
2025-03-04 00:00:00-05:00,TSLA,-0.04429996705409467
2025-03-05 00:00:00-05:00,TSLA,0.025952056083059283
2025-03-06 00:00:00-05:00,TSLA,-0.056073068986891905
2025-03-07 00:00:00-05:00,TSLA,-0.0029607088371812473
2025-03-10 00:00:00-04:00,TSLA,-0.1542620682219512
2025-03-11 00:00:00-04:00,TSLA,0.037947369642955975
2025-03-12 00:00:00-04:00,TSLA,0.0759389121683911
2025-03-13 00:00:00-04:00,TSLA,-0.02986820819658198
2025-03-14 00:00:00-04:00,TSLA,0.038640532386444715
2025-03-17 00:00:00-04:00,TSLA,-0.04788383640805238
2025-03-18 00:00:00-04:00,TSLA,-0.05335909096824687
2025-03-19 00:00:00-04:00,TSLA,0.046824389357219776
2025-03-20 00:00:00-04:00,TSLA,0.0016958954271570903
2025-03-21 00:00:00-04:00,TSLA,0.05269623506518384
2025-03-24 00:00:00-04:00,TSLA,0.11933580126800525
2025-03-25 00:00:00-04:00,TSLA,0.03502280788451673
2025-03-26 00:00:00-04:00,TSLA,-0.05580626179068926
2025-03-27 00:00:00-04:00,TSLA,0.0039329829222258805
2025-03-28 00:00:00-04:00,TSLA,-0.03507493471452938
2025-03-31 00:00:00-04:00,TSLA,-0.016657121359109794
2025-04-01 00:00:00-04:00,TSLA,0.035885119854736525
2025-04-02 00:00:00-04:00,TSLA,0.05326685079977622
2025-04-03 00:00:00-04:00,TSLA,-0.05474611137253549
2025-04-04 00:00:00-04:00,TSLA,-0.10419786826814681
2025-04-07 00:00:00-04:00,TSLA,-0.025644236634809525
2025-04-08 00:00:00-04:00,TSLA,-0.048994783337158565
2025-04-09 00:00:00-04:00,TSLA,0.22689989839624536
2025-04-10 00:00:00-04:00,TSLA,-0.07274069589492627
2025-04-11 00:00:00-04:00,TSLA,-0.00035656236159631316
2025-04-14 00:00:00-04:00,TSLA,0.00015856900364230597
2025-04-15 00:00:00-04:00,TSLA,0.0069744183248166
2025-04-16 00:00:00-04:00,TSLA,-0.049427403598542585
2025-04-17 00:00:00-04:00,TSLA,-0.0007452201709629014
2025-04-21 00:00:00-04:00,TSLA,-0.05746362595919796
2025-04-22 00:00:00-04:00,TSLA,0.04602198338770602
2025-04-23 00:00:00-04:00,TSLA,0.0536622440095611
2025-04-24 00:00:00-04:00,TSLA,0.0349764859229853
2025-04-25 00:00:00-04:00,TSLA,0.09803091011549903
2025-04-28 00:00:00-04:00,TSLA,0.0032637046356942534
2025-04-29 00:00:00-04:00,TSLA,0.021512501019458785
2025-04-30 00:00:00-04:00,TSLA,-0.03379788089732105
2025-05-01 00:00:00-04:00,TSLA,-0.005812356915055328
2025-05-02 00:00:00-04:00,TSLA,0.023848576584252656
2025-05-05 00:00:00-04:00,TSLA,-0.024198258752220814
2025-05-06 00:00:00-04:00,TSLA,-0.017519458684867262
2025-05-07 00:00:00-04:00,TSLA,0.003159597232260225
2025-05-08 00:00:00-04:00,TSLA,0.031134624811778533
2025-05-09 00:00:00-04:00,TSLA,0.04718770485146129
2025-05-12 00:00:00-04:00,TSLA,0.06745790403815088
2025-05-13 00:00:00-04:00,TSLA,0.049280740626853614
2025-05-14 00:00:00-04:00,TSLA,0.04073991993646375
2025-05-15 00:00:00-04:00,TSLA,-0.013978329078298546
2025-05-16 00:00:00-04:00,TSLA,0.0208856061756566
2025-05-19 00:00:00-04:00,TSLA,-0.022544186527114873
2025-05-20 00:00:00-04:00,TSLA,0.005057180873010214
2025-05-21 00:00:00-04:00,TSLA,-0.026758222357769146
2025-05-22 00:00:00-04:00,TSLA,0.019185982671137136
2025-05-23 00:00:00-04:00,TSLA,-0.004984788190348977
2025-05-27 00:00:00-04:00,TSLA,0.06939947711644767
2025-05-28 00:00:00-04:00,TSLA,-0.016506435862546853
2025-05-29 00:00:00-04:00,TSLA,0.004286911755287504
2025-05-30 00:00:00-04:00,TSLA,-0.03339564619395741
2025-06-02 00:00:00-04:00,TSLA,-0.01088145559849063
2025-06-03 00:00:00-04:00,TSLA,0.004610541775392996
2025-06-04 00:00:00-04:00,TSLA,-0.03549540073392177
2025-06-05 00:00:00-04:00,TSLA,-0.14259893789082123
2025-06-06 00:00:00-04:00,TSLA,0.036670186138995975
2025-06-09 00:00:00-04:00,TSLA,0.04553761352840424
2025-06-10 00:00:00-04:00,TSLA,0.05674382827003055
2025-06-11 00:00:00-04:00,TSLA,0.0010426457165473302
2025-06-12 00:00:00-04:00,TSLA,-0.022424432461661592
2025-06-13 00:00:00-04:00,TSLA,0.019429076154419578
2025-06-16 00:00:00-04:00,TSLA,0.011742668079331553
2025-06-17 00:00:00-04:00,TSLA,-0.03882963749794621
2025-06-18 00:00:00-04:00,TSLA,0.0180179597897272
2025-06-20 00:00:00-04:00,TSLA,0.0003416111576173275
2025-06-23 00:00:00-04:00,TSLA,0.0823193093872907
2025-06-24 00:00:00-04:00,TSLA,-0.023545920693855638
2025-06-25 00:00:00-04:00,TSLA,-0.037947582404945
2025-06-26 00:00:00-04:00,TSLA,-0.0054037218123500486
2025-06-27 00:00:00-04:00,TSLA,-0.006599526995335614
2025-06-30 00:00:00-04:00,TSLA,-0.018446995428822777
2025-07-01 00:00:00-04:00,TSLA,-0.05335897504131726
2025-07-02 00:00:00-04:00,TSLA,0.04968242780731846
2025-07-03 00:00:00-04:00,TSLA,-0.0009503811144286889
2025-07-07 00:00:00-04:00,TSLA,-0.06789282780315342
2025-07-08 00:00:00-04:00,TSLA,0.013165935514200422
2025-07-09 00:00:00-04:00,TSLA,-0.0064806174796113725
2025-07-10 00:00:00-04:00,TSLA,0.0472826483827995
2025-07-11 00:00:00-04:00,TSLA,0.01174690904506881
2025-07-14 00:00:00-04:00,TSLA,0.010813001260769006
2025-07-15 00:00:00-04:00,TSLA,-0.01931207079538977
2025-07-16 00:00:00-04:00,TSLA,0.03504091219258654
2025-07-17 00:00:00-04:00,TSLA,-0.007025863995037018
2025-07-18 00:00:00-04:00,TSLA,0.03205907804067243
2025-07-21 00:00:00-04:00,TSLA,-0.0035188948387289143
2025-07-22 00:00:00-04:00,TSLA,0.0110201078413521
2025-07-23 00:00:00-04:00,TSLA,0.0013550095657464123
2025-07-24 00:00:00-04:00,TSLA,-0.08197020076301287
2025-07-25 00:00:00-04:00,TSLA,0.03524405566934252
2025-07-28 00:00:00-04:00,TSLA,0.030152499060024596
2025-07-29 00:00:00-04:00,TSLA,-0.013483166498468035
2025-07-30 00:00:00-04:00,TSLA,-0.006724793213012448
2025-07-31 00:00:00-04:00,TSLA,-0.03375758288237862
2025-08-01 00:00:00-04:00,TSLA,-0.01829559909125389
2025-08-04 00:00:00-04:00,TSLA,0.021907956170373222
2025-08-05 00:00:00-04:00,TSLA,-0.0017461311772288823
2025-08-06 00:00:00-04:00,TSLA,0.03624644466558724
2025-08-07 00:00:00-04:00,TSLA,0.007377028928595486
2025-08-08 00:00:00-04:00,TSLA,0.02290006868278205
2025-08-11 00:00:00-04:00,TSLA,0.02845443669493286
2025-08-12 00:00:00-04:00,TSLA,0.005338753399730889
2025-08-13 00:00:00-04:00,TSLA,-0.004283509772223915
2025-08-14 00:00:00-04:00,TSLA,-0.011196942235471519
2025-08-15 00:00:00-04:00,TSLA,-0.014959143019665277
2025-08-18 00:00:00-04:00,TSLA,0.013915797850586165
2025-08-19 00:00:00-04:00,TSLA,-0.017454368181154756
2025-08-20 00:00:00-04:00,TSLA,-0.016428300696053943
2025-08-21 00:00:00-04:00,TSLA,-0.011701168929731831
2025-08-22 00:00:00-04:00,TSLA,0.062166209505171155
2025-08-25 00:00:00-04:00,TSLA,0.019381771561470362
2025-08-26 00:00:00-04:00,TSLA,0.01462783391499567
2025-08-27 00:00:00-04:00,TSLA,-0.0058862207330171445
2025-08-28 00:00:00-04:00,TSLA,-0.010354676927882056
2025-08-29 00:00:00-04:00,TSLA,-0.03500206799409333
2025-09-02 00:00:00-04:00,TSLA,-0.01350828116207925
2025-09-03 00:00:00-04:00,TSLA,0.014361219324440011
2025-09-04 00:00:00-04:00,TSLA,0.01328983953448204
2025-09-05 00:00:00-04:00,TSLA,0.036363092201525005
2025-09-08 00:00:00-04:00,TSLA,-0.01265534855703887
2025-09-09 00:00:00-04:00,TSLA,0.001645517708609212
2025-09-10 00:00:00-04:00,TSLA,0.0023633378140295314
2025-09-11 00:00:00-04:00,TSLA,0.06043873744853956
2025-09-12 00:00:00-04:00,TSLA,0.07356092584909457
2025-09-15 00:00:00-04:00,TSLA,0.03561147147692467
2025-09-16 00:00:00-04:00,TSLA,0.028241113869250656
2025-09-17 00:00:00-04:00,TSLA,0.01005642588937583
2025-09-18 00:00:00-04:00,TSLA,-0.021157139806429193
2025-09-19 00:00:00-04:00,TSLA,0.022118270566640064
2025-09-22 00:00:00-04:00,TSLA,0.019104804353584193
2025-09-23 00:00:00-04:00,TSLA,-0.019253323313789705
2025-09-24 00:00:00-04:00,TSLA,0.03977927016229388
2025-09-25 00:00:00-04:00,TSLA,-0.04381307961359793
2025-09-26 00:00:00-04:00,TSLA,0.0401756741055197
2025-09-29 00:00:00-04:00,TSLA,0.00638055766924972
2025-09-30 00:00:00-04:00,TSLA,0.0034069849388267404
2025-10-01 00:00:00-04:00,TSLA,0.033144428390707636
2025-10-02 00:00:00-04:00,TSLA,-0.051059922281332826
2025-10-03 00:00:00-04:00,TSLA,-0.014151406944344913
2025-10-06 00:00:00-04:00,TSLA,0.054486690457546505
2025-10-07 00:00:00-04:00,TSLA,-0.044478772558432134
2025-10-08 00:00:00-04:00,TSLA,0.012930352007360923
2025-10-09 00:00:00-04:00,TSLA,-0.007180455170972544
2025-10-10 00:00:00-04:00,TSLA,-0.05062684914805626
2025-10-13 00:00:00-04:00,TSLA,0.054197209585187034
2025-10-14 00:00:00-04:00,TSLA,-0.015278742269702716
2025-10-15 00:00:00-04:00,TSLA,0.013768529951932784
2025-10-16 00:00:00-04:00,TSLA,-0.01470755828163206
2025-10-17 00:00:00-04:00,TSLA,0.02462973191508744
2025-10-20 00:00:00-04:00,TSLA,0.018483519979771268
2025-10-21 00:00:00-04:00,TSLA,-0.010794954856246153
2025-10-22 00:00:00-04:00,TSLA,-0.008201547294971134
2025-10-23 00:00:00-04:00,TSLA,0.022803402824313368
2025-10-24 00:00:00-04:00,TSLA,-0.03398817183887881
2025-10-27 00:00:00-04:00,TSLA,0.043115401997602554
2025-10-28 00:00:00-04:00,TSLA,0.017969970655449252
2025-10-29 00:00:00-04:00,TSLA,0.0020845119924046696
2025-10-30 00:00:00-04:00,TSLA,-0.04639120107705208
2025-10-31 00:00:00-04:00,TSLA,0.03740057084027071
2025-11-03 00:00:00-05:00,TSLA,0.02586735066967427
2025-11-04 00:00:00-05:00,TSLA,-0.05147636612701911
2025-11-05 00:00:00-05:00,TSLA,0.040089130615176494
2025-11-06 00:00:00-05:00,TSLA,-0.03497306340156037
2025-11-07 00:00:00-05:00,TSLA,-0.03675632866235745
2025-11-10 00:00:00-05:00,TSLA,0.03657576451501576
2025-11-11 00:00:00-05:00,TSLA,-0.01260026442672324
2025-11-12 00:00:00-05:00,TSLA,-0.02051769508633805
2025-11-13 00:00:00-05:00,TSLA,-0.06644220962287406
2025-11-14 00:00:00-05:00,TSLA,0.005870832424868633
2025-11-17 00:00:00-05:00,TSLA,0.011302107716671506
2025-11-18 00:00:00-05:00,TSLA,-0.018756757252943457
2025-11-19 00:00:00-05:00,TSLA,0.006828636098130891
2025-11-20 00:00:00-05:00,TSLA,-0.02168365419886953
2025-11-21 00:00:00-05:00,TSLA,-0.010474950113494086
2025-11-24 00:00:00-05:00,TSLA,0.0682451678419993
2025-11-25 00:00:00-05:00,TSLA,0.0038776272725380423
2025-11-26 00:00:00-05:00,TSLA,0.017119677587676296
2025-11-28 00:00:00-05:00,TSLA,0.008415835173881447
2025-12-01 00:00:00-05:00,TSLA,-6.973703038437584e-05
2025-12-02 00:00:00-05:00,TSLA,-0.0020923987153301793
2025-12-03 00:00:00-05:00,TSLA,0.04076973347810542
2025-12-04 00:00:00-05:00,TSLA,0.017437455153354264
2025-12-05 00:00:00-05:00,TSLA,0.0010340378456106247
2025-12-08 00:00:00-05:00,TSLA,-0.033890139401614006
2025-12-09 00:00:00-05:00,TSLA,0.01271674558948499
2025-12-10 00:00:00-05:00,TSLA,0.014106967203253218
2025-12-11 00:00:00-05:00,TSLA,-0.010100780674035192
2025-12-12 00:00:00-05:00,TSLA,0.027008830833098685
2025-12-15 00:00:00-05:00,TSLA,0.035624033484225714
2025-12-16 00:00:00-05:00,TSLA,0.030653694218629735
2025-12-17 00:00:00-05:00,TSLA,-0.04617456293730249
2025-12-18 00:00:00-05:00,TSLA,0.034477560704677446
2025-12-19 00:00:00-05:00,TSLA,-0.00448927929345333
2025-12-22 00:00:00-05:00,TSLA,0.01564837611861325
2025-12-23 00:00:00-05:00,TSLA,-0.00648622625268469
2025-12-24 00:00:00-05:00,TSLA,-0.00032952397832164415
2025-12-26 00:00:00-05:00,TSLA,-0.021034181259704576
2025-12-29 00:00:00-05:00,TSLA,-0.03272372674735757
2025-12-30 00:00:00-05:00,TSLA,-0.011335005235871831
