Date,Symbol,Open,High,Low,Close,Volume
2023-01-03 00:00:00-05:00,AAPL,127.99538262842435,128.6045053870652,121.99252821247748,122.87674713134766,112117500
2023-01-04 00:00:00-05:00,AAPL,124.66483917038782,126.40380440814197,122.88658197418445,124.14413452148438,89113600
2023-01-05 00:00:00-05:00,AAPL,124.90061292758642,125.52938912334946,122.57217865426507,122.8276138305664,80962700
2023-01-06 00:00:00-05:00,AAPL,123.80025946812165,128.0051956310965,122.69989736764362,127.3469467163086,87754700
2023-01-09 00:00:00-05:00,AAPL,128.18204084518473,131.07048653770673,127.6122100970975,127.86764526367188,70790800
2023-01-10 00:00:00-05:00,AAPL,127.97574077291436,128.95820466182693,125.87326865028986,128.4375,63896200
2023-01-11 00:00:00-05:00,AAPL,128.94838439618852,131.16874737067045,128.1722445262406,131.14910888671875,69458900
2023-01-12 00:00:00-05:00,AAPL,131.5322547782573,131.90558081812333,129.13504077259947,131.07049560546875,71379600
2023-01-13 00:00:00-05:00,AAPL,129.71471296505177,132.55403315564018,129.35120610397337,132.39683532714844,57809700
2023-01-17 00:00:00-05:00,AAPL,132.4655864864573,134.88243886666353,131.77786487384603,133.55612182617188,63646600
2023-01-18 00:00:00-05:00,AAPL,134.42069543585905,136.1792989256054,132.6620769549058,132.83892822265625,69672800
2023-01-19 00:00:00-05:00,AAPL,131.72869331411246,133.8606370744457,131.4241320613794,132.8978271484375,58280400
2023-01-20 00:00:00-05:00,AAPL,132.90769302903612,135.59964906296133,131.86628386729487,135.4522705078125,80223600
2023-01-23 00:00:00-05:00,AAPL,135.6978804326285,140.806703627411,135.4817372209474,138.6354522705078,81760300
2023-01-24 00:00:00-05:00,AAPL,137.84949253259393,140.64952034187644,137.83967329148908,140.0305633544922,66435100
2023-01-25 00:00:00-05:00,AAPL,138.41932337339787,139.93231102042415,136.37579688239575,139.372314453125,65799300
2023-01-26 00:00:00-05:00,AAPL,140.65933109437518,141.72039372676826,139.41159795380088,141.43548583984375,54105100
2023-01-27 00:00:00-05:00,AAPL,140.64948220797868,144.64810096985272,140.57088332682684,143.3708953857422,70555800
2023-01-30 00:00:00-05:00,AAPL,142.41796049282078,142.99761054282715,140.34496125408572,140.49232482910156,64015300
2023-01-31 00:00:00-05:00,AAPL,140.19757555057984,141.80881551729502,139.78494257033407,141.7596893310547,65874500
2023-02-01 00:00:00-05:00,AAPL,141.44532609516176,144.03903014040526,138.84180280794712,142.8797149658203,77663600
2023-02-02 00:00:00-05:00,AAPL,146.2888426135127,148.52885870656533,145.57164829200897,148.17518615722656,118339000
2023-02-03 00:00:00-05:00,AAPL,145.43406389124127,154.62010318230128,145.23757419868863,151.7906036376953,154357300
2023-02-06 00:00:00-05:00,AAPL,149.8945101165513,150.41521473457135,148.13589150827315,149.06922912597656,69858300
2023-02-07 00:00:00-05:00,AAPL,147.9983592694092,152.5078649107581,147.9983592694092,151.9380340576172,83322600
2023-02-08 00:00:00-05:00,AAPL,151.18154087876943,151.86926257026718,148.51905726950346,149.2559051513672,64120100
2023-02-09 00:00:00-05:00,AAPL,151.0832773681269,151.62363543992853,147.782198500911,148.22430419921875,56007100
2023-02-10 00:00:00-05:00,AAPL,147.0632318137508,148.9130734935689,146.8270751036462,148.58836364746094,57450700
2023-02-13 00:00:00-05:00,AAPL,148.52932389765635,151.7862414824205,148.49980618651492,151.38282775878906,62199000
2023-02-14 00:00:00-05:00,AAPL,149.68055772689488,151.3041068890254,148.4407688328002,150.7432403564453,61707600
2023-02-15 00:00:00-05:00,AAPL,150.6547253534473,153.00639866157246,150.42841784233283,152.83912658691406,65573800
2023-02-16 00:00:00-05:00,AAPL,151.04829713189807,153.82308261470098,150.890874314185,151.24510192871094,68167900
2023-02-17 00:00:00-05:00,AAPL,149.90687847207133,150.5464488832577,148.4309328947845,150.10366821289062,59144100
2023-02-21 00:00:00-05:00,AAPL,147.79137232815333,148.87373860585663,146.0300835825423,146.0989532470703,58867200
2023-02-22 00:00:00-05:00,AAPL,146.4826819914061,147.54536466728035,144.80011234851025,146.5220489501953,51011300
2023-02-23 00:00:00-05:00,AAPL,147.68314896878456,147.92913996180903,144.87886065676489,147.00421142578125,48394200
2023-02-24 00:00:00-05:00,AAPL,144.75090982195374,144.82962872471046,143.38320079150859,144.35733032226562,55469600
2023-02-27 00:00:00-05:00,AAPL,145.34131909727375,146.77789803104127,145.08547886576312,145.54794311523438,44998500
2023-02-28 00:00:00-05:00,AAPL,144.69188448050687,146.68932985809187,144.47541123636594,145.04611206054688,50547000
2023-03-01 00:00:00-05:00,AAPL,144.47542675230628,144.8690063216874,142.6846051791963,142.97979736328125,55479000
2023-03-02 00:00:00-05:00,AAPL,142.0646965175798,144.3573339453376,141.59238308918532,143.57015991210938,52238100
2023-03-03 00:00:00-05:00,AAPL,145.6660203114201,148.68679692265323,144.96741429678426,148.6080780029297,70732300
2023-03-06 00:00:00-05:00,AAPL,151.32377696340643,153.79353555974586,150.99908214162087,151.36314392089844,87558000
2023-03-07 00:00:00-05:00,AAPL,151.23529160150696,151.56000158289618,148.706511463927,149.16897583007812,56182000
2023-03-08 00:00:00-05:00,AAPL,150.35951315538156,151.00893289820618,149.39523278864294,150.41854858398438,47204800
2023-03-09 00:00:00-05:00,AAPL,151.097452526104,152.06173267895514,147.82085183856077,148.17507934570312,53833600
2023-03-10 00:00:00-05:00,AAPL,147.8011910673905,148.51948035027368,145.24287949222287,146.1186065673828,68572400
2023-03-13 00:00:00-04:00,AAPL,145.43970497520198,150.68423448355665,145.33146834316847,148.0570526123047,84457100
2023-03-14 00:00:00-04:00,AAPL,148.85406081281639,150.94005952145656,147.69299059245188,150.14305114746094,73695900
2023-03-15 00:00:00-04:00,AAPL,148.76549840164833,150.79246155107444,147.51586009545082,150.53663635253906,77167900
2023-03-16 00:00:00-04:00,AAPL,149.71994010489203,153.9509875803486,149.20827470890512,153.35076904296875,76161100
2023-03-17 00:00:00-04:00,AAPL,153.5770563789343,154.22647602550626,151.80591871287191,152.51437377929688,98944600
2023-03-20 00:00:00-04:00,AAPL,152.58327776546486,155.28917828804447,151.67801783277878,154.8759002685547,73641400
2023-03-21 00:00:00-04:00,AAPL,154.7971931327365,156.84382463636302,154.02968755125636,156.7257537841797,73938300
2023-03-22 00:00:00-04:00,AAPL,156.7454392443716,159.53989288471735,155.27932775015748,155.29901123046875,75701800
2023-03-23 00:00:00-04:00,AAPL,156.28297554136526,158.9593583364734,155.15140813839363,156.38136291503906,67622100
2023-03-24 00:00:00-04:00,AAPL,156.31251228008384,157.76877470893055,155.31871410467124,157.6802215576172,59196500
2023-03-27 00:00:00-04:00,AAPL,157.37518971960662,158.19188156427322,155.33837722493854,155.74180603027344,52390300
2023-03-28 00:00:00-04:00,AAPL,155.4367781198492,155.94844355059743,153.47868455836303,155.1219024658203,45992200
2023-03-29 00:00:00-04:00,AAPL,156.8143056879684,158.46737267599337,156.7946372221569,158.19186401367188,51305700
2023-03-30 00:00:00-04:00,AAPL,158.9396863414281,159.8646148025582,158.68386113447403,159.75637817382812,49501700
2023-03-31 00:00:00-04:00,AAPL,159.83511792767183,162.35406341845376,159.3136181978193,162.2556610107422,68749800
2023-04-03 00:00:00-04:00,AAPL,161.63575413574327,163.62335040456196,161.58655293789977,163.50527954101562,56976200
2023-04-04 00:00:00-04:00,AAPL,163.92838412805693,164.16452584406122,162.4622725801105,162.97393798828125,46278300
2023-04-05 00:00:00-04:00,AAPL,162.0982064947886,162.40323287933546,159.20535043705326,161.1339111328125,51511700
2023-04-06 00:00:00-04:00,AAPL,159.8252203026454,162.31466233453045,159.40212310856722,162.01947021484375,45390100
2023-04-10 00:00:00-04:00,AAPL,158.83139175151527,159.43161010742188,157.5128842202096,159.43161010742188,47716900
2023-04-11 00:00:00-04:00,AAPL,159.74652133194326,159.7563555644006,157.93601661540757,158.22137451171875,47644200
2023-04-12 00:00:00-04:00,AAPL,158.6346273017189,159.46115319792995,157.2177171858746,157.5325927734375,50133100
2023-04-13 00:00:00-04:00,AAPL,159.03807402297244,163.14120127307194,158.83143501847854,162.90504455566406,68445600
2023-04-14 00:00:00-04:00,AAPL,161.9506011686896,163.65286938363687,161.19295983913122,162.5606689453125,49386500
2023-04-17 00:00:00-04:00,AAPL,162.44258319038994,162.7377753387549,161.39958394505072,162.58033752441406,41516200
2023-04-18 00:00:00-04:00,AAPL,163.43639900098648,164.7253892225956,162.99360326395418,163.8004608154297,49923000
2023-04-19 00:00:00-04:00,AAPL,163.14119328481948,165.46334834295578,162.8853530999642,164.9418487548828,47720200
2023-04-20 00:00:00-04:00,AAPL,163.42652181136077,165.17797593709363,162.9050222690973,163.9775390625,52456400
2023-04-21 00:00:00-04:00,AAPL,162.40322071444277,163.78076396537094,161.85220341407148,162.3737030029297,58337300
2023-04-24 00:00:00-04:00,AAPL,162.3540163618739,162.94440060882783,161.26181601487568,162.67872619628906,41949600
2023-04-25 00:00:00-04:00,AAPL,162.54099521393778,163.6430299514636,161.10440134757968,161.14376831054688,48714100
2023-04-26 00:00:00-04:00,AAPL,160.44513945575562,162.6295403559192,160.1893142654478,161.1339111328125,45498800
2023-04-27 00:00:00-04:00,AAPL,162.54100085037314,165.85695442572842,162.54100085037314,165.70936584472656,64902300
2023-04-28 00:00:00-04:00,AAPL,165.78806481489534,167.12625617335198,165.1878463008649,166.95896911621094,55275900
2023-05-01 00:00:00-04:00,AAPL,166.5654112090663,167.71664719399982,165.93567490070697,166.8704376220703,52472900
2023-05-02 00:00:00-04:00,AAPL,167.3623966257795,167.6182368189597,164.85328597063295,165.83724975585938,48425700
2023-05-03 00:00:00-04:00,AAPL,166.78186884038578,168.17909567440717,164.47939708632646,164.76473999023438,65136000
2023-05-04 00:00:00-04:00,AAPL,162.24578626436005,164.36130237503923,161.67508547315035,163.13134765625,81235400
2023-05-05 00:00:00-04:00,AAPL,168.23817324775248,171.5049411817381,168.0216999502426,170.78665161132812,113453200
2023-05-08 00:00:00-04:00,AAPL,169.71409550111375,171.0621363032094,169.35003364925416,170.71774291992188,55962800
2023-05-09 00:00:00-04:00,AAPL,170.27494492179522,170.7570775926942,168.84820036158354,169.01547241210938,45326900
2023-05-10 00:00:00-04:00,AAPL,170.24544525293916,171.23924342814053,169.14339542958015,170.7767791748047,53724500
2023-05-11 00:00:00-04:00,AAPL,171.06211698775132,171.79024060925457,169.40904995436452,170.96371459960938,49514700
2023-05-12 00:00:00-04:00,AAPL,171.07210045600348,171.50564580777203,168.49055408757272,170.0375213623047,45533100
2023-05-15 00:00:00-04:00,AAPL,170.61887671576198,170.66814597161118,168.95367509817433,169.5448760986328,37266700
2023-05-16 00:00:00-04:00,AAPL,169.4660482962473,170.59916600644908,169.2788341449399,169.5448760986328,42110300
2023-05-17 00:00:00-04:00,AAPL,169.19014751327734,170.3922300756776,167.91906995533154,170.15576171875,57951600
2023-05-18 00:00:00-04:00,AAPL,170.46120584790356,172.66833901247392,170.04737119858373,172.4811248779297,65496700
2023-05-19 00:00:00-04:00,AAPL,173.80143807257875,173.80143807257875,172.3727201425523,172.58949279785156,55809500
2023-05-22 00:00:00-04:00,AAPL,171.42682777563832,172.14612580242743,170.9046067635048,171.6436004638672,43570900
2023-05-23 00:00:00-04:00,AAPL,170.58931050155752,170.83564173486545,168.7664533611328,169.04234313964844,50747300
2023-05-24 00:00:00-04:00,AAPL,168.57922839342694,169.8897122746601,168.0176010356781,169.31822204589844,45143500
2023-05-25 00:00:00-04:00,AAPL,169.87986475065702,171.34798918728478,169.17042964019168,170.45135498046875,56058300
2023-05-26 00:00:00-04:00,AAPL,170.77650880236848,173.19055165787438,170.56958397024448,172.85552978515625,54835000
2023-05-30 00:00:00-04:00,AAPL,174.36306754730614,176.36327550868927,173.97879151124883,174.6980743408203,55964400
2023-05-31 00:00:00-04:00,AAPL,174.72763149140792,176.7179916024166,174.16598919362923,174.6488037109375,99625300
2023-06-01 00:00:00-04:00,AAPL,175.09221783191245,177.47670209655325,174.33351350934285,177.4471435546875,68901800
2023-06-02 00:00:00-04:00,AAPL,178.37335293714096,179.11234656032465,176.62932377666553,178.29452514648438,61996900
2023-06-05 00:00:00-04:00,AAPL,179.94990047733975,182.23584654381537,175.42724752914353,176.9446563720703,121946500
2023-06-06 00:00:00-04:00,AAPL,177.3289349437502,177.47672767437876,174.82620111609043,176.58009338378906,64848400
2023-06-07 00:00:00-04:00,AAPL,175.8213457350109,178.55069942371495,174.71778685793004,175.21044921875,61944600
2023-06-08 00:00:00-04:00,AAPL,175.28930462040762,178.18616241252352,174.85577426667564,177.92013549804688,50214900
2023-06-09 00:00:00-04:00,AAPL,178.83645110058313,179.55573399442156,177.9792233362159,178.30438232421875,48900000
2023-06-12 00:00:00-04:00,AAPL,178.60984190485868,181.19138823156914,178.31424143935143,181.0928497314453,54274900
2023-06-13 00:00:00-04:00,AAPL,180.1173932820357,181.44757286544584,179.7626757194867,180.61990356445312,54929100
2023-06-14 00:00:00-04:00,AAPL,180.6790437429822,181.6840794711242,179.34886398957653,181.2505340576172,57462900
2023-06-15 00:00:00-04:00,AAPL,181.26033930305263,183.78276814166122,181.08297303806762,183.28024291992188,65433200
2023-06-16 00:00:00-04:00,AAPL,183.98970387223915,184.245897953939,181.56581317602513,182.20626831054688,101256200
2023-06-20 00:00:00-04:00,AAPL,181.70372085188743,183.3689219025579,181.70372085188743,182.29490661621094,49799100
2023-06-21 00:00:00-04:00,AAPL,182.18656875714527,182.68909408055805,179.91047063421516,181.2603759765625,49515700
2023-06-22 00:00:00-04:00,AAPL,181.0435838743865,184.3050065515812,180.97460392176268,184.2557373046875,51245300
2023-06-23 00:00:00-04:00,AAPL,182.82703803401998,184.80753566864925,182.29495416898448,183.94044494628906,53117000
2023-06-26 00:00:00-04:00,AAPL,184.08825189117624,185.29034946556595,182.51172604562308,182.5511474609375,48088700
2023-06-27 00:00:00-04:00,AAPL,183.1620179856705,185.6253298715582,182.94524533692336,185.3001708984375,50730800
2023-06-28 00:00:00-04:00,AAPL,185.17208134019785,187.11317238738192,184.84693738882143,186.47271728515625,51216800
2023-06-29 00:00:00-04:00,AAPL,186.3052137668684,187.2806907250245,186.16726889716722,186.80772399902344,46347300
2023-06-30 00:00:00-04:00,AAPL,188.8178174385461,191.6259844129726,188.4532369978983,191.12347412109375,85213200
2023-07-03 00:00:00-04:00,AAPL,190.93624105216273,191.0347795474039,188.9458807202263,189.6356201171875,31458200
2023-07-05 00:00:00-04:00,AAPL,188.75873074363878,190.14802766486068,187.8226598999044,188.52224731445312,46920300
2023-07-06 00:00:00-04:00,AAPL,187.0540415419299,189.20205725316632,186.42343432149448,188.99513244628906,45094300
2023-07-07 00:00:00-04:00,AAPL,188.6010117511895,189.8425155087971,187.44818361165477,187.8817138671875,46815000
2023-07-10 00:00:00-04:00,AAPL,186.4826030596721,187.20190113081154,184.2951803689385,185.84214782714844,59922200
2023-07-11 00:00:00-04:00,AAPL,186.3840531601648,186.52199803845542,183.86162393721375,185.3199005126953,46638100
2023-07-12 00:00:00-04:00,AAPL,186.8964167558296,188.88677723101014,185.70418206587038,186.985107421875,60750200
2023-07-13 00:00:00-04:00,AAPL,187.70438329432415,188.38425984411805,186.99494820191867,187.74378967285156,41342300
2023-07-14 00:00:00-04:00,AAPL,187.43834550769154,188.37440112570727,186.8471596075647,187.8916015625,41616200
2023-07-17 00:00:00-04:00,AAPL,189.08381775872684,191.46831693797242,188.9951421376018,191.14315795898438,50520200
2023-07-18 00:00:00-04:00,AAPL,190.5125801606121,191.47819437683242,189.5962201627232,190.88699340820312,48288200
2023-07-19 00:00:00-04:00,AAPL,190.26622781119138,195.32093388898534,189.82281961650222,192.23687744140625,80507300
2023-07-20 00:00:00-04:00,AAPL,192.22700448393437,193.58675746858663,189.6750169550875,190.2957763671875,59581200
2023-07-21 00:00:00-04:00,AAPL,191.25153499324207,192.10876269219432,188.42364281090323,189.12322998046875,71951700
2023-07-24 00:00:00-04:00,AAPL,190.57165886992988,192.04964595897565,189.42867857936756,189.9213409423828,45377800
2023-07-25 00:00:00-04:00,AAPL,190.49285737606127,191.58656857428397,190.08887057427083,190.77859497070312,37283200
2023-07-26 00:00:00-04:00,AAPL,190.82783906853456,192.76892999363082,190.4829844332044,191.64566040039062,47471900
2023-07-27 00:00:00-04:00,AAPL,193.14338839624878,194.30606454519102,189.72430983845956,190.3844757080078,47460200
2023-07-28 00:00:00-04:00,AAPL,191.8131810983056,193.74442436278966,191.29096014596897,192.95616149902344,48291400
2023-07-31 00:00:00-04:00,AAPL,193.1828015190956,193.60649905306556,192.39453857567588,193.56707763671875,38824100
2023-08-01 00:00:00-04:00,AAPL,193.36013930235927,193.8429388199064,192.41422090280528,192.7393798828125,35175100
2023-08-02 00:00:00-04:00,AAPL,192.17773571935334,192.3156805851802,189.03456234552243,189.75384521484375,50389300
2023-08-03 00:00:00-04:00,AAPL,188.75868668614032,189.54693452970886,187.8915960163783,188.3645477294922,61235200
2023-08-04 00:00:00-04:00,AAPL,182.79745486603875,184.6301595328746,179.25027969317492,179.3192596435547,115956800
2023-08-07 00:00:00-04:00,AAPL,179.4572524678221,180.44257749750784,174.74740002871357,176.2253875732422,97576100
2023-08-08 00:00:00-04:00,AAPL,177.05300588853657,177.62449604499406,174.97397007455905,177.16139221191406,67823000
2023-08-09 00:00:00-04:00,AAPL,178.21567520898486,178.27479228591488,174.41232123291388,175.57501220703125,60378500
2023-08-10 00:00:00-04:00,AAPL,176.84608080013524,178.0974474344709,174.99368050557445,175.35824584960938,54686900
2023-08-11 00:00:00-04:00,AAPL,174.95376621930987,176.2364063672045,174.19403724396824,175.41748046875,52036700
2023-08-14 00:00:00-04:00,AAPL,175.59506357405235,177.29211207450308,174.9438673937282,177.065185546875,43675600
2023-08-15 00:00:00-04:00,AAPL,176.4929258073929,177.08491002448199,174.68734458769583,175.08200073242188,43622600
2023-08-16 00:00:00-04:00,AAPL,174.7662850202376,176.15745776554937,174.14468726786023,174.21376037597656,46964900
2023-08-17 00:00:00-04:00,AAPL,174.7761369036864,175.1411945839284,171.1649745274817,171.67803955078125,66062900
2023-08-18 00:00:00-04:00,AAPL,170.0007364455324,172.76337470680727,169.6652772069575,172.16151428222656,61172200
2023-08-21 00:00:00-04:00,AAPL,172.73374028357344,173.77959243029935,171.4214870063081,173.4934539794922,46311900
2023-08-22 00:00:00-04:00,AAPL,174.69718434668556,175.30890581271296,173.89799596554266,174.8649139404297,42038900
2023-08-23 00:00:00-04:00,AAPL,176.13770818549477,179.12727253692543,175.95024126986627,178.7030029296875,52722800
2023-08-24 00:00:00-04:00,AAPL,178.25902046647073,178.68329009610582,173.6612029173666,174.02627563476562,54945800
2023-08-25 00:00:00-04:00,AAPL,175.01294998434398,176.7593193055493,173.47376987845638,176.22653198242188,51449600
2023-08-28 00:00:00-04:00,AAPL,177.6867593505913,178.1800870283186,176.1673167274641,177.78543090820312,43820700
2023-08-29 00:00:00-04:00,AAPL,177.30194937146643,182.4325537749521,177.1046213280948,181.6629638671875,53003900
2023-08-30 00:00:00-04:00,AAPL,182.47203136515444,185.34320186637345,182.27470331859433,185.14585876464844,60813900
2023-08-31 00:00:00-04:00,AAPL,185.33334709899387,186.59626480914432,184.97815055206615,185.36294555664062,60794500
2023-09-01 00:00:00-04:00,AAPL,186.96137641790236,187.38563110249353,185.76751650898134,186.93177795410156,45766500
2023-09-05 00:00:00-04:00,AAPL,185.7674844117445,187.44479564304942,185.1064270757959,187.1685333251953,45280000
2023-09-06 00:00:00-04:00,AAPL,185.88587535630464,186.32988234003622,179.04836051297525,180.46914672851562,81755800
2023-09-07 00:00:00-04:00,AAPL,172.84232185634463,175.83190219369152,171.2242072644891,175.19056701660156,112488800
2023-09-08 00:00:00-04:00,AAPL,175.97000602806156,177.83478423163749,175.41746632815568,175.80226135253906,65551300
2023-09-11 00:00:00-04:00,AAPL,177.6670388917848,177.89396541040293,174.97345890425444,176.9665069580078,58953100
2023-09-12 00:00:00-04:00,AAPL,177.09477490699047,177.72623373133553,172.487096210491,173.9473419189453,90370200
2023-09-13 00:00:00-04:00,AAPL,174.15456487501547,174.93403118667004,171.65832754990635,171.88526916503906,84267900
2023-09-14 00:00:00-04:00,AAPL,171.67803539320033,173.75001770449512,171.26364194197464,173.3948211669922,60895800
2023-09-15 00:00:00-04:00,AAPL,174.12494522635322,174.14468255030425,171.5004532372104,172.674560546875,109259500
2023-09-18 00:00:00-04:00,AAPL,174.12495542511192,176.98626535892447,173.81909463420754,175.59507751464844,67257600
2023-09-19 00:00:00-04:00,AAPL,175.1510553991506,177.23289871202428,174.7662604292434,176.6803741455078,51826900
2023-09-20 00:00:00-04:00,AAPL,176.8678428874874,177.3019736755132,173.0593524132158,173.14816284179688,58436200
2023-09-21 00:00:00-04:00,AAPL,172.22071489897561,173.9473619674597,171.53992021743218,171.60897827148438,63149100
2023-09-22 00:00:00-04:00,AAPL,172.33911043282527,174.71695374662696,171.7273888544839,172.45750427246094,56725400
2023-09-25 00:00:00-04:00,AAPL,171.87535356826675,174.6083930174941,171.82601779128095,173.7302703857422,46172700
2023-09-26 00:00:00-04:00,AAPL,172.48711848209095,172.86203732750283,169.36928354767613,169.665283203125,64588900
2023-09-27 00:00:00-04:00,AAPL,170.31643241476104,170.730825832551,166.79408083596385,168.15565490722656,66921800
2023-09-28 00:00:00-04:00,AAPL,167.08022534636603,169.7343308371659,165.38317681816312,168.41221618652344,56294400
2023-09-29 00:00:00-04:00,AAPL,169.72445084440017,170.7604419321708,168.06686209293406,168.92526245117188,51861100
2023-10-02 00:00:00-04:00,AAPL,168.93514418826848,171.97404472395215,168.64900568223578,171.43138122558594,52164500
2023-10-03 00:00:00-04:00,AAPL,169.96124934298015,171.31297744317223,168.54047825044546,170.09938049316406,49594600
2023-10-04 00:00:00-04:00,AAPL,168.80684851428336,171.8852232303615,168.68845469814508,171.34255981445312,53020300
2023-10-05 00:00:00-04:00,AAPL,171.47081778563683,173.10866919518492,170.3756298015613,172.5758819580078,48527900
2023-10-06 00:00:00-04:00,AAPL,171.48074420868846,175.61483353131405,170.8690075066016,175.1215057373047,57266700
2023-10-09 00:00:00-04:00,AAPL,174.45055415802327,176.66066786762835,173.45403753652568,176.60147094726562,42390800
2023-10-10 00:00:00-04:00,AAPL,175.7233217666065,177.3216985969386,175.5753144327677,176.0094451904297,43698000
2023-10-11 00:00:00-04:00,AAPL,175.8219650621156,177.4499552810768,175.22998093671887,177.40061950683594,47551100
2023-10-12 00:00:00-04:00,AAPL,177.6670488234186,179.90674578858014,176.6507798893927,178.2985076904297,56743100
2023-10-13 00:00:00-04:00,AAPL,178.99904528395493,179.5022341867499,175.76281633481818,176.46334838867188,51427100
2023-10-16 00:00:00-04:00,AAPL,174.3913552582801,176.6902643223361,174.15455252434904,176.33506774902344,52517000
2023-10-17 00:00:00-04:00,AAPL,174.29266779074965,176.03905203817294,172.467364361049,174.78599548339844,57549400
2023-10-18 00:00:00-04:00,AAPL,173.2369290366687,175.21023951884263,172.7731998689447,173.4934539794922,54764400
2023-10-19 00:00:00-04:00,AAPL,173.69082297603654,175.466805839834,172.85217485644313,173.1185760498047,59302900
2023-10-20 00:00:00-04:00,AAPL,172.970532603774,173.07906528544774,170.33616484514565,170.57296752929688,64244000
2023-10-23 00:00:00-04:00,AAPL,168.62928473640696,171.68790756499885,167.6623515662161,170.69139099121094,55980100
2023-10-24 00:00:00-04:00,AAPL,170.74069333750268,171.3524147723922,169.16203892177992,171.12548828125,43816600
2023-10-25 00:00:00-04:00,AAPL,169.58634726553433,170.7505934954682,168.37275019582236,168.81675720214844,57157000
2023-10-26 00:00:00-04:00,AAPL,168.09649022321696,169.09302189873856,163.45921245305613,164.66293334960938,70625300
2023-10-27 00:00:00-04:00,AAPL,164.68264263448572,166.70528904611524,164.60370840247674,165.97515869140625,58499100
2023-10-30 00:00:00-04:00,AAPL,166.76447575317525,168.88577853365425,166.61646843152695,168.01751708984375,51131000
2023-10-31 00:00:00-04:00,AAPL,167.09011614768582,168.61942013954004,165.65945361827133,168.4911651611328,44846000
2023-11-01 00:00:00-04:00,AAPL,168.71809981635425,171.9049930418825,167.84983811075637,171.64846801757812,56934900
2023-11-02 00:00:00-04:00,AAPL,173.17777741023195,175.4076134182441,173.11858048911532,175.20042419433594,77334800
2023-11-03 00:00:00-04:00,AAPL,171.91485064572058,174.46042350768224,171.0367278993792,174.2926788330078,79829200
2023-11-06 00:00:00-05:00,AAPL,174.02626772873157,177.03555436857033,173.858538133294,176.83822631835938,63841300
2023-11-07 00:00:00-05:00,AAPL,176.78889227095914,180.00539823599848,176.58170308551922,179.3936767578125,70530000
2023-11-08 00:00:00-05:00,AAPL,179.91664500198718,181.00195707049215,179.1667771510238,180.44943237304688,49340300
2023-11-09 00:00:00-05:00,AAPL,180.51849360423827,181.66300252138785,179.38383076688,179.975830078125,53763500
2023-11-10 00:00:00-05:00,AAPL,181.75412225306079,184.32281184408907,181.3194195461175,184.15484619140625,66133400
2023-11-13 00:00:00-05:00,AAPL,183.58186108306094,183.7893232540613,181.9912524470517,182.5741424560547,43627500
2023-11-14 00:00:00-05:00,AAPL,185.43922075842696,185.84428607992842,184.05608926427885,185.18235778808594,60108400
2023-11-15 00:00:00-05:00,AAPL,185.58742199648478,187.21754232445392,185.51825788469085,185.7454833984375,53790500
2023-11-16 00:00:00-05:00,AAPL,187.28668991537342,188.65994715340477,186.37775779056014,187.4250030517578,54412900
2023-11-17 00:00:00-05:00,AAPL,187.95851077872672,188.08694980194565,186.29875297867935,187.40525817871094,50922700
2023-11-20 00:00:00-05:00,AAPL,187.6028350817968,189.59850904887813,187.592960955599,189.14404296875,46505100
2023-11-21 00:00:00-05:00,AAPL,189.10451024981845,189.21318592585277,187.45462685911554,188.34378051757812,38134500
2023-11-22 00:00:00-05:00,AAPL,189.18356183514956,190.60620477415247,188.53150773289747,189.00572204589844,39617700
2023-11-24 00:00:00-05:00,AAPL,188.57099258448812,188.6006300326625,186.97051008307392,187.6818389892578,24048300
2023-11-27 00:00:00-05:00,AAPL,187.6324520630897,188.37341847212542,186.62473352580105,187.50401306152344,40552600
2023-11-28 00:00:00-05:00,AAPL,187.49414676130317,188.77849160556613,187.11871894105684,188.10667419433594,38415400
2023-11-29 00:00:00-05:00,AAPL,188.6006511365786,189.77632029571453,186.69390474066958,187.08908081054688,43014200
2023-11-30 00:00:00-05:00,AAPL,187.55346418707816,188.02769367017117,185.92334367958313,187.66213989257812,48794400
2023-12-01 00:00:00-05:00,AAPL,188.0375111237308,189.2526917735191,186.95075439627809,188.93655395507812,45704800
2023-12-04 00:00:00-05:00,AAPL,187.69172432124148,187.7608884211111,185.19219887595256,187.14834594726562,43389500
2023-12-05 00:00:00-05:00,AAPL,187.91897362196437,192.05849343193452,187.8893210956394,191.09030151367188,66628400
2023-12-06 00:00:00-05:00,AAPL,192.10788966712872,192.4141533735728,189.79607806848605,190.00355529785156,41089700
2023-12-07 00:00:00-05:00,AAPL,191.29779342674496,192.65128739108172,191.25826677194576,191.93008422851562,47477700
2023-12-08 00:00:00-05:00,AAPL,191.86093042429425,193.62937898399056,191.3373152825971,193.35275268554688,53406400
2023-12-11 00:00:00-05:00,AAPL,190.7840614125706,191.1594892758114,189.1144144313186,190.85321044921875,60943700
2023-12-12 00:00:00-05:00,AAPL,190.75438957156285,192.3746354774224,189.41076991243543,192.36476135253906,52696900
2023-12-13 00:00:00-05:00,AAPL,192.74019585543422,195.6151493963814,192.50309623143957,195.5756378173828,70404200
2023-12-14 00:00:00-05:00,AAPL,195.63490356313392,197.21562292408947,193.79730618821,195.72381591796875,66831600
2023-12-15 00:00:00-05:00,AAPL,195.1507962246044,196.01031245444227,194.62718115642724,195.19032287597656,128538400
2023-12-18 00:00:00-05:00,AAPL,193.7281513997374,194.26165570440122,192.04863040265064,193.5305633544922,55751900
2023-12-19 00:00:00-05:00,AAPL,193.79729775296602,194.57777573643529,193.5305456250714,194.56790161132812,40714100
2023-12-20 00:00:00-05:00,AAPL,194.5283970820936,195.2990010280865,192.48333740234375,192.48333740234375,52242800
2023-12-21 00:00:00-05:00,AAPL,193.73803856316968,194.70623052718972,191.16934877699248,192.3351287841797,46482500
2023-12-22 00:00:00-05:00,AAPL,192.8291141147171,193.05635469466722,190.64574127695036,191.26815795898438,37149600
2023-12-26 00:00:00-05:00,AAPL,191.27801448490152,191.55464074590694,190.5074106042434,190.72476196289062,28919300
2023-12-27 00:00:00-05:00,AAPL,190.17150836602553,191.16933772508392,188.78836199381533,190.82354736328125,48087700
2023-12-28 00:00:00-05:00,AAPL,191.80166571224197,192.31540675452615,190.84334774346337,191.2484130859375,34049900
2023-12-29 00:00:00-05:00,AAPL,191.5644768616592,192.05845438329834,189.42061622674504,190.2109832763672,42672100
2024-01-02 00:00:00-05:00,AAPL,184.89579853453512,186.1702691079172,181.6750702031571,183.40399169921875,82488700
2024-01-03 00:00:00-05:00,AAPL,182.0011090098209,183.64111826756874,181.22061595613366,182.03074645996094,58414500
2024-01-04 00:00:00-05:00,AAPL,179.956063262062,180.88474371487789,178.70137080560033,179.71896362304688,71983600
2024-01-05 00:00:00-05:00,AAPL,179.79796753554595,180.5586821654936,177.99988188294327,178.99771118164062,62379700
2024-01-08 00:00:00-05:00,AAPL,179.89677561800764,183.36450834315934,179.313885613353,183.32498168945312,59144500
2024-01-09 00:00:00-05:00,AAPL,181.7047275700206,182.9199083051763,180.52905841182087,182.9100341796875,42841800
2024-01-10 00:00:00-05:00,AAPL,182.12956878813148,184.15486512874935,181.7047401626592,183.94740295410156,46792900
2024-01-11 00:00:00-05:00,AAPL,184.29316874581366,184.7970355796361,181.4083411771675,183.3546142578125,49128400
2024-01-12 00:00:00-05:00,AAPL,183.8189772139212,184.49079471725477,182.95946084973255,183.6806640625,40477800
2024-01-16 00:00:00-05:00,AAPL,179.96594785640553,182.04064501968628,178.75075193755313,181.41824340820312,65603000
2024-01-17 00:00:00-05:00,AAPL,179.08665457169852,180.72664884969066,178.12833676151584,180.4796600341797,47317400
2024-01-18 00:00:00-05:00,AAPL,183.8485869578717,186.86185345428623,183.59172402252184,186.35800170898438,78005800
2024-01-19 00:00:00-05:00,AAPL,187.0495648712278,189.63800274105876,186.5457131326349,189.25270080566406,68903000
2024-01-22 00:00:00-05:00,AAPL,189.9838116367789,192.97731505960866,189.94428498185601,191.55465698242188,60133900
2024-01-23 00:00:00-05:00,AAPL,192.67102493067515,193.39222799671276,191.49535584528522,192.82908630371094,42355600
2024-01-24 00:00:00-05:00,AAPL,193.06623524024957,194.0146790217886,191.99924163914412,192.15731811523438,53631300
2024-01-25 00:00:00-05:00,AAPL,192.86862433386716,193.90598035718745,190.78403816176663,191.83126831054688,54822100
2024-01-26 00:00:00-05:00,AAPL,191.93007928184088,192.41416772814074,189.6281416366758,190.10235595703125,44594000
2024-01-29 00:00:00-05:00,AAPL,189.69724999644458,189.88496387415157,187.2965263815559,189.42062377929688,47145600
2024-01-30 00:00:00-05:00,AAPL,188.6401800108733,189.4898221386195,185.21197404804863,185.7751007080078,55859400
2024-01-31 00:00:00-05:00,AAPL,184.78712556686926,184.84641553917146,182.129538862794,182.17892456054688,55467800
2024-02-01 00:00:00-05:00,AAPL,181.77388729281213,184.6982263171025,181.6059367135455,184.60931396484375,64885400
2024-02-02 00:00:00-05:00,AAPL,177.6936236133024,185.07365019396582,177.09097033579843,183.61148071289062,102551700
2024-02-05 00:00:00-05:00,AAPL,185.88377376602236,186.97053056814926,183.60159955655655,185.41943359375,69668800
2024-02-06 00:00:00-05:00,AAPL,184.60929974417922,187.02978684421677,184.5203873987695,187.01991271972656,43490800
2024-02-07 00:00:00-05:00,AAPL,188.34382784248848,188.74889319812397,186.33827946946894,187.12864685058594,53439000
2024-02-08 00:00:00-05:00,AAPL,187.1088468471974,187.25703410679802,185.09342474162452,186.05174255371094,40962000
2024-02-09 00:00:00-05:00,AAPL,186.61559077121817,187.9411516715375,185.97260641439556,186.81344604492188,45155200
2024-02-12 00:00:00-05:00,AAPL,186.38803740610462,186.63534135369167,184.7756108376818,185.13172912597656,41781900
2024-02-13 00:00:00-05:00,AAPL,183.76661774979314,184.20187510350613,181.5309804501283,183.0444793701172,56529500
2024-02-14 00:00:00-05:00,AAPL,183.3215042025078,183.5292310959524,180.472557481369,182.1641082763672,54630500
2024-02-15 00:00:00-05:00,AAPL,181.57058851615943,182.50045391335385,179.39431647047905,181.8772430419922,65434500
2024-02-16 00:00:00-05:00,AAPL,181.44197861733377,182.8565652037317,179.7108507918506,180.3439483642578,49752500
2024-02-20 00:00:00-05:00,AAPL,179.82958150821406,180.46267918496486,178.05889139634897,179.60206604003906,53665600
2024-02-21 00:00:00-05:00,AAPL,179.9779444437335,180.91769653606136,178.71174929095213,180.35385131835938,41371400
2024-02-22 00:00:00-05:00,AAPL,181.50129721585435,182.96534735847135,180.4923080429841,182.38169860839844,52292200
2024-02-23 00:00:00-05:00,AAPL,183.0148347964746,183.04451006700117,180.2648157032703,180.55169677734375,45119700
2024-02-26 00:00:00-05:00,AAPL,180.27468416971237,180.78906549316406,178.7018196516175,179.20632934570312,40867400
2024-02-27 00:00:00-05:00,AAPL,179.1470080612827,181.93658908973126,177.62360710096542,180.66050720214844,54318900
2024-02-28 00:00:00-05:00,AAPL,180.54180381169616,181.145226165725,178.18748003378263,179.46356201171875,48953900
2024-02-29 00:00:00-05:00,AAPL,179.31517776545977,180.6011615069905,177.59393659501978,178.80078125,136682600
2024-03-01 00:00:00-05:00,AAPL,177.61370457626955,178.5831318593588,175.46710804516843,177.72251892089844,73563100
2024-03-04 00:00:00-05:00,AAPL,174.25041105183348,174.99232313140854,171.91586043766767,173.2117462158203,81510100
2024-03-05 00:00:00-05:00,AAPL,168.91852858137074,170.18472392770593,167.79082287934597,168.28543090820312,95132400
2024-03-06 00:00:00-05:00,AAPL,169.21526961759642,169.39333632878757,166.86093094295472,167.2961883544922,68587700
2024-03-07 00:00:00-05:00,AAPL,167.32588185679398,168.88884496206234,166.67301076258389,167.17750549316406,71765100
2024-03-08 00:00:00-05:00,AAPL,167.17750030588184,171.82681238429842,167.11814976227143,168.8888397216797,76267000
2024-03-11 00:00:00-04:00,AAPL,171.07499261235472,172.49946586057737,170.1945911039721,170.8870391845703,60139500
2024-03-12 00:00:00-04:00,AAPL,171.28272310113206,172.15323790323208,169.16580172767317,171.3618621826172,59825400
2024-03-13 00:00:00-04:00,AAPL,170.90682879160028,171.32229764254458,168.91849524765144,169.28451538085938,52488700
2024-03-14 00:00:00-04:00,AAPL,171.04531257693264,172.43020869953008,170.1945863604126,171.13433837890625,72913500
2024-03-15 00:00:00-04:00,AAPL,169.3241083834579,170.7584686279297,168.45359343487303,170.7584686279297,121752700
2024-03-18 00:00:00-04:00,AAPL,173.67665901704393,175.79358063684148,171.6487632139381,171.8466033935547,75604200
2024-03-19 00:00:00-04:00,AAPL,172.45989598897214,174.70542030322298,171.16402557801365,174.18113708496094,55215200
2024-03-20 00:00:00-04:00,AAPL,173.82502584048726,176.7432098388672,173.2018149693641,176.7432098388672,53423100
2024-03-21 00:00:00-04:00,AAPL,175.1406653733646,175.57592275278003,168.9976284397713,169.52191162109375,106181300
2024-03-22 00:00:00-04:00,AAPL,169.90772263085663,171.18381963278856,168.22605856941686,170.422119140625,71160100
2024-03-25 00:00:00-04:00,AAPL,168.7305586050563,170.08577952012527,167.6226265638577,169.00753784179688,54288300
2024-03-26 00:00:00-04:00,AAPL,168.16668772081567,169.5713723598813,167.7512188918725,167.87982177734375,57388400
2024-03-27 00:00:00-04:00,AAPL,168.5722893771007,171.72789059246503,168.27552158079686,171.44100952148438,60273300
2024-03-28 00:00:00-04:00,AAPL,169.89781453968297,170.37263389978352,168.67118150733492,169.63072204589844,65672700
2024-04-01 00:00:00-04:00,AAPL,169.34385933496506,169.40320986933065,167.65229363436822,168.1963653564453,46240500
2024-04-02 00:00:00-04:00,AAPL,167.25662806803024,167.51381877100314,166.41578850586058,167.0192108154297,49329500
2024-04-03 00:00:00-04:00,AAPL,166.96973884210524,168.83935621904524,166.76201196368757,167.82046508789062,47691700
2024-04-04 00:00:00-04:00,AAPL,168.4535689105981,170.06599565718972,166.9994354248047,166.9994354248047,53704400
2024-04-05 00:00:00-04:00,AAPL,167.7611226870966,168.5524984345705,167.12802510796487,167.75123596191406,42104800
2024-04-08 00:00:00-04:00,AAPL,167.20715459942008,167.37531948329715,166.425680716199,166.63340759277344,37425500
2024-04-09 00:00:00-04:00,AAPL,166.8806999592474,168.24582257310013,166.5344834909376,167.84024047851562,42373800
2024-04-10 00:00:00-04:00,AAPL,166.97966188332379,167.26652787853376,165.30788444762385,165.9706573486328,49709300
2024-04-11 00:00:00-04:00,AAPL,166.52458559261675,173.56781241373886,166.34653399230652,173.15232849121094,91070300
2024-04-12 00:00:00-04:00,AAPL,172.38075949507746,176.43655077441642,172.33131077483722,174.6460723876953,101670900
2024-04-15 00:00:00-04:00,AAPL,173.46891791454695,174.72522645768026,170.63975955810392,170.8277130126953,73531800
2024-04-16 00:00:00-04:00,AAPL,169.89784277952464,171.88616144450353,166.45537543168857,167.55340576171875,73711200
2024-04-17 00:00:00-04:00,AAPL,167.78091646807817,168.80969440593617,166.1882781982422,166.1882781982422,50901200
2024-04-18 00:00:00-04:00,AAPL,166.21794611620325,166.8213684176903,164.75391081370103,165.23861694335938,43122900
2024-04-19 00:00:00-04:00,AAPL,164.41756936525925,164.60550769336635,162.31053482208006,163.22061157226562,68149400
2024-04-22 00:00:00-04:00,AAPL,163.73503344203667,165.4562595890904,162.993121456103,164.05157470703125,48116400
2024-04-23 00:00:00-04:00,AAPL,163.56685559955991,165.24851961582092,163.14148491226467,165.10012817382812,49537800
2024-04-24 00:00:00-04:00,AAPL,164.74401450706145,167.47426013692973,164.41758653276062,167.19728088378906,48251800
2024-04-25 00:00:00-04:00,AAPL,167.70177351115603,168.77012851479734,166.33665071301928,168.05789184570312,50558300
2024-04-26 00:00:00-04:00,AAPL,168.04800546826704,169.49225225997063,167.35554224826544,167.47425842285156,44838400
2024-04-29 00:00:00-04:00,AAPL,171.5003643815301,174.13168243053624,171.2332869429431,171.62896728515625,68169400
2024-04-30 00:00:00-04:00,AAPL,171.46081207960546,173.1029142716877,168.1667209693098,168.4931640625,65934800
2024-05-01 00:00:00-04:00,AAPL,167.75123767315736,170.84748833564953,167.28630498280754,167.47425842285156,50383100
2024-05-02 00:00:00-04:00,AAPL,170.649650682897,171.54984088638673,169.04712555589578,171.16404724121094,94214900
2024-05-03 00:00:00-04:00,AAPL,184.63716076188317,184.98339240032777,180.69019857365393,181.40243530273438,163224100
2024-05-06 00:00:00-04:00,AAPL,180.383540128798,182.2135806366563,178.47434543693257,179.7504425048828,78569700
2024-05-07 00:00:00-04:00,AAPL,181.47164781905605,182.9060078076493,179.36462828599997,180.43296813964844,77305800
2024-05-08 00:00:00-04:00,AAPL,180.87813197889614,181.09576068278213,179.4932206728727,180.76931762695312,45057100
2024-05-09 00:00:00-04:00,AAPL,180.5912561815798,182.66861565405213,180.14611203583203,182.57958984375,48983000
2024-05-10 00:00:00-04:00,AAPL,183.15410154420678,183.34230991411323,180.4102677646858,181.3215789794922,50759500
2024-05-13 00:00:00-04:00,AAPL,183.68902280376187,185.33335221774516,182.8767582325011,184.52108764648438,72044800
2024-05-14 00:00:00-04:00,AAPL,185.73943318211036,186.52198207892377,184.5309518112327,185.66018676757812,52393600
2024-05-15 00:00:00-04:00,AAPL,186.13568203158255,188.849800179078,185.6007724639543,187.9285888671875,70400000
2024-05-16 00:00:00-04:00,AAPL,188.67151097089564,189.29556710780693,187.86916171755817,188.04745483398438,52845200
2024-05-17 00:00:00-04:00,AAPL,187.72059282106466,189.00832091255782,187.39370695143634,188.0771942138672,41282900
2024-05-20 00:00:00-04:00,AAPL,187.54226949481966,190.10781001398533,187.22528381236822,189.23611450195312,44361300
2024-05-21 00:00:00-04:00,AAPL,189.28564024416437,190.91015403566988,189.11724727296848,190.53375244140625,42309400
2024-05-22 00:00:00-04:00,AAPL,190.45451683728567,190.99932654838926,188.47340160760692,189.09744262695312,34648500
2024-05-23 00:00:00-04:00,AAPL,189.1766947549615,189.19651013997458,184.86777806929078,185.11541748046875,51005900
2024-05-24 00:00:00-04:00,AAPL,187.03710655742805,188.78048261582597,186.26445766907554,188.18614196777344,36327000
2024-05-28 00:00:00-04:00,AAPL,189.70169698060212,191.17763337385156,187.31446444482384,188.19606018066406,52280100
2024-05-29 00:00:00-04:00,AAPL,187.81962268312432,190.4346940804733,187.72056087959155,188.49319458007812,53068000
2024-05-30 00:00:00-04:00,AAPL,188.9587703074631,190.36536034504638,188.83000809203267,189.4837646484375,49889100
2024-05-31 00:00:00-04:00,AAPL,189.6323431713606,190.7516780595243,188.1167913020161,190.4346923828125,75158300
2024-06-03 00:00:00-04:00,AAPL,191.07855630297723,193.14883318833753,190.7021546904014,192.19789123535156,50080500
2024-06-04 00:00:00-04:00,AAPL,192.80213237542046,193.47571940906454,191.2073340206378,192.51487731933594,47471400
2024-06-05 00:00:00-04:00,AAPL,193.5549597642067,195.04079624688396,193.02996541617088,194.02052307128906,54156800
2024-06-06 00:00:00-04:00,AAPL,193.8422276391208,194.64457691185422,192.33657578915964,192.64364624023438,41181800
2024-06-07 00:00:00-04:00,AAPL,192.8120444256859,195.08042995429523,192.3068654552658,195.03089904785156,53103900
2024-06-10 00:00:00-04:00,AAPL,195.04081589339742,195.43704806418344,190.33566655763516,191.2965087890625,97010200
2024-06-11 00:00:00-04:00,AAPL,191.82145841561143,205.20390023400174,191.80165814772772,205.19398498535156,172373300
2024-06-12 00:00:00-04:00,AAPL,205.4119153142898,218.12077055688877,204.94635205432962,211.05810546875,198134300
2024-06-13 00:00:00-04:00,AAPL,212.71235034689784,214.70336573665497,209.60200000148347,212.21707153320312,97862700
2024-06-14 00:00:00-04:00,AAPL,211.83075578674166,213.13828400218216,209.3048308005582,210.4835968017578,70122700
2024-06-17 00:00:00-04:00,AAPL,211.35527186274084,216.88258512602053,210.71141546378874,214.62411499023438,93728300
2024-06-18 00:00:00-04:00,AAPL,215.5354139875743,216.56560230529576,210.9887584540523,212.26657104492188,79943300
2024-06-20 00:00:00-04:00,AAPL,211.90998899500866,212.2170745602359,206.87796947703916,207.7001190185547,86172500
2024-06-21 00:00:00-04:00,AAPL,208.40340309586463,209.88923942625428,205.15437552925596,205.53079223632812,241805100
2024-06-24 00:00:00-04:00,AAPL,205.75865018980198,210.69162338847192,204.63931513285507,206.1746826171875,80727000
2024-06-25 00:00:00-04:00,AAPL,207.1751328027417,209.3840873125504,206.64023830581658,207.0959014892578,55549700
2024-06-26 00:00:00-04:00,AAPL,209.5029286499739,212.8312027309874,208.65104852463386,211.2364044189453,66213200
2024-06-27 00:00:00-04:00,AAPL,212.66282504623206,213.70291360533915,210.34492376459474,212.07839965820312,49772700
2024-06-28 00:00:00-04:00,AAPL,213.7326216506115,214.0297919592074,208.31427026634478,208.63124084472656,82542700
2024-07-01 00:00:00-04:00,AAPL,210.0873668962765,215.4561875080808,209.91897391071575,214.703369140625,60402900
2024-07-02 00:00:00-04:00,AAPL,214.10903193760322,218.29910171758146,213.068958487467,218.1901397705078,58046200
2024-07-03 00:00:00-04:00,AAPL,217.92268618597842,219.4580535888672,216.9618440422543,219.4580535888672,37369800
2024-07-05 00:00:00-04:00,AAPL,219.55710192478037,224.3117817727132,219.55710192478037,224.20281982421875,60412400
2024-07-08 00:00:00-04:00,AAPL,224.9457357840812,225.69856928044194,221.14199799041046,225.66885375976562,59085900
2024-07-09 00:00:00-04:00,AAPL,225.77780318070188,227.23392416937492,224.23253562897796,226.52072143554688,48076100
2024-07-10 00:00:00-04:00,AAPL,227.13486087511765,230.8791673967792,227.0853299721382,230.7801055908203,62627700
2024-07-11 00:00:00-04:00,AAPL,229.2051413563895,230.19569903805672,223.63821202212716,225.4212188720703,64710600
2024-07-12 00:00:00-04:00,AAPL,226.7584454352943,230.44332094014862,226.5207061684713,228.36314392089844,53046500
2024-07-15 00:00:00-04:00,AAPL,234.2470836578572,234.99000194235262,230.88909361652622,232.1867218017578,62631300
2024-07-16 00:00:00-04:00,AAPL,232.781045805997,234.03905824310993,230.1362587163494,232.60275268554688,43234300
2024-07-17 00:00:00-04:00,AAPL,227.28346685481674,229.27449755440023,224.50000206743292,226.71885681152344,57345900
2024-07-18 00:00:00-04:00,AAPL,228.10560948409145,228.26410233218343,220.17124832102243,222.06320190429688,66034600
2024-07-19 00:00:00-04:00,AAPL,222.6971801635164,224.65848009632384,221.1717129043359,222.19198608398438,49151500
2024-07-22 00:00:00-04:00,AAPL,224.86647978572938,225.62921338494564,220.98349573063444,221.8452911376953,48201800
2024-07-23 00:00:00-04:00,AAPL,222.25141967209163,224.7971601400939,220.57737479075328,222.8853759765625,39960300
2024-07-24 00:00:00-04:00,AAPL,221.88492258576645,222.67737176080064,215.07979609138368,216.47647094726562,61777600
2024-07-25 00:00:00-04:00,AAPL,216.86279177043605,218.76467587085634,212.59349046705276,215.4364013671875,51391200
2024-07-26 00:00:00-04:00,AAPL,216.6349499920164,217.41749898154802,213.9703475571551,215.90194702148438,41601300
2024-07-29 00:00:00-04:00,AAPL,214.91139345300462,217.22929471632008,213.71281205128278,216.17930603027344,36311800
2024-07-30 00:00:00-04:00,AAPL,217.1203409396055,218.24957609355639,214.07932159795172,216.73402404785156,41643800
2024-07-31 00:00:00-04:00,AAPL,219.34907597117163,221.70660788092644,218.5467267386139,219.9830322265625,50036300
2024-08-01 00:00:00-04:00,AAPL,222.25141811315143,222.36038006072013,214.97082835556836,216.2981719970703,62501000
2024-08-02 00:00:00-04:00,AAPL,217.0807092384795,223.46981835778237,215.6543188775265,217.7840118408203,105568600
2024-08-05 00:00:00-04:00,AAPL,197.210135996183,211.48407659683002,194.14931622004067,207.2940216064453,119548600
2024-08-06 00:00:00-04:00,AAPL,203.3614702980554,208.00718767754023,199.1714160471065,205.2732391357422,69660500
2024-08-07 00:00:00-04:00,AAPL,204.94634956752103,211.62271284755147,204.4411706619682,207.8387908935547,63516400
2024-08-08 00:00:00-04:00,AAPL,211.097744151489,212.17744837655164,206.8581585633277,211.2958526611328,47161100
2024-08-09 00:00:00-04:00,AAPL,210.09728825409005,214.7330909034816,209.96851092003678,214.1981964111328,42201600
2024-08-12 00:00:00-04:00,AAPL,214.27753840147545,217.68898821235913,213.81143620679725,215.7254180908203,38028100
2024-08-13 00:00:00-04:00,AAPL,217.19312608520667,220.04923895369578,217.19312608520667,219.43438720703125,44155300
2024-08-14 00:00:00-04:00,AAPL,218.7402072098891,221.17979111862692,217.8774142480331,219.8806610107422,41960600
2024-08-15 00:00:00-04:00,AAPL,222.73677426147512,223.48055242779947,220.9120269929499,222.85577392578125,46414000
2024-08-16 00:00:00-04:00,AAPL,222.06239369045758,224.94825642777528,221.79462933024135,224.1747283935547,44340200
2024-08-19 00:00:00-04:00,AAPL,223.84746435464618,224.11522871504155,221.18968933533225,224.01605224609375,40687800
2024-08-20 00:00:00-04:00,AAPL,223.8970537532744,225.28543353253482,223.57970115675508,224.6309051513672,30299000
2024-08-21 00:00:00-04:00,AAPL,224.64083485973637,226.08871448701353,223.1830285060583,224.52182006835938,34765500
2024-08-22 00:00:00-04:00,AAPL,225.90030886909642,226.44574924370923,222.04257986640772,222.6673583984375,43695300
2024-08-23 00:00:00-04:00,AAPL,223.78795679469894,226.32671693712516,222.46898849072514,224.95816040039062,38677300
2024-08-26 00:00:00-04:00,AAPL,224.87885041051024,225.39454085782168,222.0326640536948,225.2953643798828,30602200
2024-08-27 00:00:00-04:00,AAPL,224.1251624880706,226.95152567852384,223.02437015551794,226.13832092285156,35934600
2024-08-28 00:00:00-04:00,AAPL,226.02921369079436,227.95312221094204,223.80779089178384,224.611083984375,38052200
2024-08-29 00:00:00-04:00,AAPL,228.19113851748892,230.98773644426686,226.98125820388418,227.88369750976562,51906300
2024-08-30 00:00:00-04:00,AAPL,228.28039594132485,228.4886453526855,225.59287085733376,227.1002655029297,52990800
2024-09-03 00:00:00-04:00,AAPL,226.65400042223428,227.10026429068756,219.335218503661,220.9219512939453,50190600
2024-09-04 00:00:00-04:00,AAPL,219.82116129878526,219.94016096302124,215.67582978550038,219.01788330078125,43840200
2024-09-05 00:00:00-04:00,AAPL,219.79139340374425,223.60944526365165,219.6823053430495,220.53517150878906,36615400
2024-09-06 00:00:00-04:00,AAPL,222.09216799264019,223.3714749735505,217.94685141211724,218.98814392089844,48423000
2024-09-09 00:00:00-04:00,AAPL,218.98812757352732,219.4343914347755,214.91222272734436,219.07737731933594,67180000
2024-09-10 00:00:00-04:00,AAPL,217.10389659918582,219.64265710486697,214.9320618304677,218.28402709960938,51591000
2024-09-11 00:00:00-04:00,AAPL,219.62280899168329,221.23927647566495,216.0824178921796,220.81285095214844,44587100
2024-09-12 00:00:00-04:00,AAPL,220.6541869199912,221.69547936785247,217.9964268983011,220.9219512939453,37455600
2024-09-13 00:00:00-04:00,AAPL,221.7252477752003,222.18142327621288,220.06910342078112,220.65420532226562,36766600
2024-09-16 00:00:00-04:00,AAPL,214.7436126542421,215.41797935337752,212.14535259122513,214.52545166015625,59357400
2024-09-17 00:00:00-04:00,AAPL,213.96016573653907,215.10061943149995,212.7205355758407,214.9915313720703,45519300
2024-09-18 00:00:00-04:00,AAPL,215.745241460142,220.86243852013078,215.7353147340035,218.85919189453125,59894900
2024-09-19 00:00:00-04:00,AAPL,223.12352684243388,227.91345980340301,222.7665127356472,226.97132873535156,66781300
2024-09-20 00:00:00-04:00,AAPL,228.0622053540531,231.1563174701668,225.73169454082358,226.306884765625,318679900
2024-09-23 00:00:00-04:00,AAPL,225.45404067299683,227.54653724680347,223.93673438033483,224.5912628173828,54146000
2024-09-24 00:00:00-04:00,AAPL,226.75316007712865,227.44736512534206,223.85738561877668,225.48377990722656,43556100
2024-09-25 00:00:00-04:00,AAPL,223.0639938591287,225.40441611848388,222.16155463706056,224.49205017089844,42308700
2024-09-26 00:00:00-04:00,AAPL,225.41434646896755,226.604388370512,223.54002631267903,225.6325225830078,36636700
2024-09-27 00:00:00-04:00,AAPL,226.56473891662026,227.61594290444046,225.41435845997736,225.90028381347656,34026000
2024-09-30 00:00:00-04:00,AAPL,228.13164162372897,231.0670928955078,227.7448775670891,231.0670928955078,54541900
2024-10-01 00:00:00-04:00,AAPL,227.6159583693189,227.74486962890148,221.88390914906273,224.3334197998047,63285000
2024-10-02 00:00:00-04:00,AAPL,224.0160654907427,225.48378349827837,221.16987922367838,224.898681640625,32880600
2024-10-03 00:00:00-04:00,AAPL,223.27228007150777,224.928424248049,221.46738631978812,223.79788208007812,34044200
2024-10-04 00:00:00-04:00,AAPL,226.00936828631617,226.1085447535635,222.27065455992025,224.9185028076172,37245100
2024-10-07 00:00:00-04:00,AAPL,222.63759275105315,223.81772316941647,219.49389225502094,219.8509063720703,39505400
2024-10-08 00:00:00-04:00,AAPL,222.43925780658088,224.10531361949606,221.3979653574062,223.89706420898438,31855700
2024-10-09 00:00:00-04:00,AAPL,223.36153007501719,227.84403724277382,222.96485445261254,227.63577270507812,33591100
2024-10-10 00:00:00-04:00,AAPL,225.8903660776275,227.59609839600836,225.2854259515482,227.13990783691406,28183500
2024-10-11 00:00:00-04:00,AAPL,227.39777482080956,227.5068628874906,225.4540279414576,225.66229248046875,31759200
2024-10-14 00:00:00-04:00,AAPL,226.80275797652766,229.80762063057296,226.70359663127624,229.38119506835938,39882100
2024-10-15 00:00:00-04:00,AAPL,231.67201972311165,235.51983687729248,230.44230106244424,231.9100341796875,64751400
2024-10-16 00:00:00-04:00,AAPL,229.67870875165642,230.19438406287304,227.9332995992129,229.85720825195312,34082200
2024-10-17 00:00:00-04:00,AAPL,231.49350124327563,231.91003031839952,228.60765355789445,230.22412109375,32993800
2024-10-18 00:00:00-04:00,AAPL,234.2206950473064,234.2206950473064,232.0686987091599,233.0504913330078,46431500
2024-10-21 00:00:00-04:00,AAPL,232.5050605584077,234.8851598599691,232.5050605584077,234.51821899414062,36254500
2024-10-22 00:00:00-04:00,AAPL,231.94969236544068,234.26036494372266,230.67040061866737,233.90335083007812,38846600
2024-10-23 00:00:00-04:00,AAPL,232.1381071008503,233.18931106897517,225.87052966736016,228.84564208984375,52287000
2024-10-24 00:00:00-04:00,AAPL,228.0721400698136,228.9051831435476,226.51517225997247,228.65725708007812,31109500
2024-10-25 00:00:00-04:00,AAPL,227.83412074973037,231.28524701350278,227.665532857223,229.49026489257812,38802300
2024-10-28 00:00:00-04:00,AAPL,231.38440684709022,232.78269812140084,230.620790456467,231.46372985839844,36087100
2024-10-29 00:00:00-04:00,AAPL,231.1662428522856,232.38603471678388,230.39271482775456,231.73150634765625,35417200
2024-10-30 00:00:00-04:00,AAPL,230.68031899274527,231.53318522639518,227.64570650368097,228.19114685058594,47070900
2024-10-31 00:00:00-04:00,AAPL,227.43742665071557,227.92336713292326,223.5003599556127,224.035888671875,64370100
2024-11-01 00:00:00-04:00,AAPL,219.1368672842602,223.4805363045207,218.44267740554844,221.06077575683594,65276700
2024-11-04 00:00:00-05:00,AAPL,219.1567312107691,220.94178678396568,217.88735096075072,220.1682586669922,44944500
2024-11-05 00:00:00-05:00,AAPL,219.9600075033543,222.0921656056809,219.30547906118858,221.5963134765625,28111300
2024-11-06 00:00:00-05:00,AAPL,220.76327216240406,224.19457534628128,219.35505401685137,220.8723602294922,54561100
2024-11-07 00:00:00-05:00,AAPL,222.7665171269793,225.9895557457087,222.7070172967094,225.59286499023438,42137700
2024-11-08 00:00:00-05:00,AAPL,225.53329235935942,227.01256271730918,224.77877343219782,225.32481384277344,38328800
2024-11-11 00:00:00-05:00,AAPL,223.3789433198207,224.07389700260043,219.90415975706793,222.61448669433594,42005600
2024-11-12 00:00:00-05:00,AAPL,222.93218846295187,223.96468891324545,221.75075962779928,222.61448669433594,40398300
2024-11-13 00:00:00-05:00,AAPL,222.39605879884869,225.01703765642938,221.15506473467502,223.49806213378906,48566200
2024-11-14 00:00:00-05:00,AAPL,223.3987876531247,227.2210402122622,223.3789275067786,226.5757293701172,44923900
2024-11-15 00:00:00-05:00,AAPL,224.76884409236825,225.28510187679902,222.65420045885568,223.37893676757812,47923700
2024-11-18 00:00:00-05:00,AAPL,223.62711979019133,228.08477571151616,223.54769435597734,226.37716674804688,44633700
2024-11-19 00:00:00-05:00,AAPL,225.34467799276683,228.501774994788,225.02699136706502,226.63531494140625,36211800
2024-11-20 00:00:00-05:00,AAPL,226.41689814964724,228.27342054954684,224.26253412411586,227.35012817382812,35169600
2024-11-21 00:00:00-05:00,AAPL,227.230987838277,228.50176458087773,224.0838286281757,226.8735809326172,42108300
2024-11-22 00:00:00-05:00,AAPL,226.4168797117104,229.05771868234922,226.4168797117104,228.21383666992188,38168300
2024-11-25 00:00:00-05:00,AAPL,229.79241557012372,231.56951255942457,228.08480637706975,231.19224548339844,90152800
2024-11-26 00:00:00-05:00,AAPL,231.64893863936055,233.87280565588551,231.64893863936055,233.36647033691406,45986200
2024-11-27 00:00:00-05:00,AAPL,232.78070364946953,233.99191506726265,232.12545514826604,233.2373809814453,33498400
2024-11-29 00:00:00-05:00,AAPL,233.1182385238603,236.0966241243161,232.28429419145726,235.62008666992188,28481400
2024-12-02 00:00:00-05:00,AAPL,235.5605532676808,239.0551819380818,235.45134517492735,237.86383056640625,48137100
2024-12-03 00:00:00-05:00,AAPL,238.08222901174219,241.01097200063165,237.17878168890522,240.90176391601562,38861000
2024-12-04 00:00:00-05:00,AAPL,241.12021030186204,242.35128203282213,239.51188662583215,241.2592010498047,44383900
2024-12-05 00:00:00-05:00,AAPL,242.2321233137982,242.77814859306412,240.38552350615552,241.28895568847656,40033900
2024-12-06 00:00:00-05:00,AAPL,241.15989600483465,242.86750503393802,240.33587413565135,241.09039306640625,36870600
2024-12-09 00:00:00-05:00,AAPL,240.08769312504634,245.4587194212017,240.00826768189094,244.9722442626953,44649200
2024-12-10 00:00:00-05:00,AAPL,245.11121388943334,246.4217108653419,243.57237825215392,245.98487854003906,36914800
2024-12-11 00:00:00-05:00,AAPL,246.17352158557497,248.9930565140259,244.48575750906295,244.714111328125,45205800
2024-12-12 00:00:00-05:00,AAPL,245.11120954102955,246.9478867446912,243.90992066775823,246.1735076904297,32777500
2024-12-13 00:00:00-05:00,AAPL,246.0345210589055,247.49391610940148,244.46590277835176,246.34228515625,33155300
2024-12-16 00:00:00-05:00,AAPL,246.2033097230519,249.56888515433104,245.86574781090837,249.2313232421875,51694800
2024-12-17 00:00:00-05:00,AAPL,248.2782345553336,252.0012166921119,247.98039295462073,251.6537322998047,51356400
2024-12-18 00:00:00-05:00,AAPL,250.34326772719038,252.4479889260113,245.95511429725673,246.26287841796875,56774100
2024-12-19 00:00:00-05:00,AAPL,245.71683140567848,250.184410158509,245.3097817058068,247.99032592773438,60882300
2024-12-20 00:00:00-05:00,AAPL,246.2529371403228,253.16279902630112,243.919877297432,252.65647888183594,147495300
2024-12-23 00:00:00-05:00,AAPL,252.93446477293034,253.80811434244586,251.6239676953758,253.4308624267578,40858800
2024-12-24 00:00:00-05:00,AAPL,253.64924013847912,256.34962902881983,253.45066898797964,256.3397216796875,23234700
2024-12-26 00:00:00-05:00,AAPL,256.32983230675023,258.2260750496306,255.77386933789322,257.1538391113281,27237100
2024-12-27 00:00:00-05:00,AAPL,255.9723714358678,256.8361287043752,251.2367492695516,253.74851989746094,42355300
2024-12-30 00:00:00-05:00,AAPL,250.4127477342041,251.67360197393796,248.9434149702759,250.38296508789062,35557500
2024-12-31 00:00:00-05:00,AAPL,250.6212497119267,251.4551941340452,247.63292614272083,248.6157989501953,39480700
2025-01-02 00:00:00-05:00,AAPL,247.13651085819407,247.30529937932678,240.07775127221439,242.09312438964844,55740700
2025-01-03 00:00:00-05:00,AAPL,241.60667419433594,242.42075849453866,240.147263834766,241.60667419433594,40244100
2025-01-06 00:00:00-05:00,AAPL,242.5498168429892,245.54806288478193,241.4478134561986,243.23484802246094,45045600
2025-01-07 00:00:00-05:00,AAPL,241.22937670987722,243.78086767976055,239.6111308132576,240.46493530273438,40856000
2025-01-08 00:00:00-05:00,AAPL,240.17700647488417,241.95411831821167,238.32048434869313,240.95138549804688,37628900
2025-01-10 00:00:00-05:00,AAPL,238.28079154222544,238.4297199246896,231.32130202918376,235.14356994628906,61710900
2025-01-13 00:00:00-05:00,AAPL,231.84748509521594,232.9792711307645,228.06493742769467,232.71121215820312,49630700
2025-01-14 00:00:00-05:00,AAPL,233.05868390458076,234.41880854341963,230.7951119565212,231.59927368164062,39435300
2025-01-15 00:00:00-05:00,AAPL,232.94947976770305,237.2383625727966,232.74098609709984,236.1562042236328,39832000
2025-01-16 00:00:00-05:00,AAPL,235.63995285298606,236.29518618874627,226.38709407905125,226.6154327392578,71759100
2025-01-17 00:00:00-05:00,AAPL,230.44762501944012,230.61639839146835,226.83385097126646,228.3230438232422,68488300
2025-01-21 00:00:00-05:00,AAPL,222.38615194982364,222.80312416686704,217.79944241349193,221.03594970703125,98070400
2025-01-22 00:00:00-05:00,AAPL,218.2064601780486,222.5052654056773,218.2064601780486,222.2173614501953,64126500
2025-01-23 00:00:00-05:00,AAPL,223.1208199792776,225.394314538592,220.69839703644928,222.04859924316406,60234800
2025-01-24 00:00:00-05:00,AAPL,223.160517277336,224.00439930767484,219.81480209957203,221.1749267578125,54697900
2025-01-27 00:00:00-05:00,AAPL,222.40601266103107,230.47742834163907,222.36629236472388,228.2039337158203,94863400
2025-01-28 00:00:00-05:00,AAPL,229.1867797612423,238.4594833656038,229.14705946957608,236.5433807373047,75707600
2025-01-29 00:00:00-05:00,AAPL,232.43324490532586,238.131895727024,232.32403680973889,237.635498046875,45486100
2025-01-30 00:00:00-05:00,AAPL,236.95045561956258,239.05517683623282,235.50098294542886,235.87823486328125,55658300
2025-01-31 00:00:00-05:00,AAPL,245.40904807772534,245.40904807772534,231.7581140684966,234.29966735839844,100959800
2025-02-03 00:00:00-05:00,AAPL,228.3330095070948,230.1597493274262,224.07390894412586,226.3672637939453,73063300
2025-02-04 00:00:00-05:00,AAPL,225.61273982041166,231.45038123633566,225.01705656002386,231.1227569580078,45067300
2025-02-05 00:00:00-05:00,AAPL,226.88350440739822,230.99367626573292,226.625383087866,230.7951202392578,39620300
2025-02-06 00:00:00-05:00,AAPL,229.62361584180033,232.11554171369926,228.7698112868805,231.5397186279297,29925300
2025-02-07 00:00:00-05:00,AAPL,230.9241838961893,232.31409120281862,225.62264568638093,225.989990234375,39707200
2025-02-10 00:00:00-05:00,AAPL,228.16662274990708,229.18037646801733,225.8111004860379,226.2583465576172,33115600
2025-02-11 00:00:00-05:00,AAPL,226.8049592810601,233.7919821040532,226.7353950927951,231.19793701171875,53718400
2025-02-12 00:00:00-05:00,AAPL,229.78661520122571,235.51141262786788,229.26978984120754,235.4219512939453,45243300
2025-02-13 00:00:00-05:00,AAPL,235.4617298072221,240.85852795215618,234.1299251101732,240.05348205566406,53614100
2025-02-14 00:00:00-05:00,AAPL,239.77519417214083,244.04891051069433,239.51678905976664,243.10472106933594,40896200
2025-02-18 00:00:00-05:00,AAPL,242.65744334610832,243.68114548283563,240.36156738576827,242.97549438476562,48822500
2025-02-19 00:00:00-05:00,AAPL,243.16436963880025,244.50610783818917,241.67353930691675,243.37307739257812,32204200
2025-02-20 00:00:00-05:00,AAPL,243.44265077076676,245.2713989598738,242.7966152101895,244.32720947265625,32316900
2025-02-21 00:00:00-05:00,AAPL,244.44645306890683,247.1697083342209,243.72091995824803,244.0489044189453,53197400
2025-02-24 00:00:00-05:00,AAPL,243.43268408373555,247.33866705271078,242.92580728065096,245.5894317626953,51326400
2025-02-25 00:00:00-05:00,AAPL,246.48392314447185,248.4716967182176,243.41281661275679,245.52978515625,48013300
2025-02-26 00:00:00-05:00,AAPL,242.83637220684057,243.48239258336395,237.66816369812489,238.89064025878906,44433600
2025-02-27 00:00:00-05:00,AAPL,237.94645181292123,240.9778097055873,235.61081167459415,235.84934997558594,41153600
2025-02-28 00:00:00-05:00,AAPL,235.5014815283524,240.61005923211764,228.7927454203557,240.36158752441406,56833400
2025-03-03 00:00:00-05:00,AAPL,240.31188380351972,242.5381957053339,234.66661403302143,236.5748748779297,47184000
2025-03-04 00:00:00-05:00,AAPL,236.25683384188991,238.60240725621293,233.24534293735957,234.48770141601562,53798100
2025-03-05 00:00:00-05:00,AAPL,233.98082285378285,235.1039197629907,227.82866128733946,234.2988739013672,47227600
2025-03-06 00:00:00-05:00,AAPL,233.00682927336524,236.4059203890797,231.73465535282332,233.89138793945312,45170400
2025-03-07 00:00:00-05:00,AAPL,233.67272217403436,239.8944479764648,233.3248557337566,237.6085205078125,46273600
2025-03-10 00:00:00-04:00,AAPL,234.10009611136832,234.71631625547707,222.84930513729455,226.08937072753906,72071200
2025-03-11 00:00:00-04:00,AAPL,222.4418047589131,224.4593937721428,216.1206840338927,219.48995971679688,76137400
2025-03-12 00:00:00-04:00,AAPL,218.7942660196618,220.39442456790263,213.5962416730392,215.65357971191406,62547500
2025-03-13 00:00:00-04:00,AAPL,214.6298526174969,215.5144112677834,207.14588618522245,208.39817810058594,61368300
2025-03-14 00:00:00-04:00,AAPL,209.95857893569573,212.64207016591416,208.29878985935505,212.1848907470703,60107600
2025-03-17 00:00:00-04:00,AAPL,212.00600336087763,213.9043309003415,208.68642489319868,212.69178771972656,48073400
2025-03-18 00:00:00-04:00,AAPL,212.85080057479257,213.83473880015984,210.19712464056028,211.38978576660156,42432400
2025-03-19 00:00:00-04:00,AAPL,212.91042558181826,217.42266485537363,212.44329758558237,213.9241943359375,54385400
2025-03-20 00:00:00-04:00,AAPL,212.6818553101102,216.16045933121794,210.92267131595005,212.7911834716797,48862900
2025-03-21 00:00:00-04:00,AAPL,210.26668206389348,217.50217651661012,209.98839498228966,216.9356689453125,94127800
2025-03-24 00:00:00-04:00,AAPL,219.64899945464327,220.1260609084734,217.24379503613238,219.38064575195312,44299500
2025-03-25 00:00:00-04:00,AAPL,219.42039321145907,222.7300380772677,218.73460889257407,222.38217163085938,34493600
2025-03-26 00:00:00-04:00,AAPL,222.1436424317859,223.64442126802376,219.12223310716143,220.17575073242188,34466100
2025-03-27 00:00:00-04:00,AAPL,220.03662935170198,223.61462840697533,219.21170137047196,222.48159790039062,37094800
2025-03-28 00:00:00-04:00,AAPL,220.3149207342541,222.44183822329748,216.34930630191351,216.56796264648438,39818600
2025-03-31 00:00:00-04:00,AAPL,215.6833836525119,224.24075018814546,214.90815310911736,220.7720947265625,65299300
2025-04-01 00:00:00-04:00,AAPL,218.46624988397502,222.31258685550372,217.56180927777046,221.82559204101562,36412700
2025-04-02 00:00:00-04:00,AAPL,219.9670353213626,223.8133724100327,219.66886624627372,222.5213165283203,35905900
2025-04-03 00:00:00-04:00,AAPL,204.2834701562562,206.22156139646,200.01970279192506,201.94784545898438,103419000
2025-04-04 00:00:00-04:00,AAPL,192.70471987275084,198.65810753704542,186.19475800144227,187.22840881347656,125910900
2025-04-07 00:00:00-04:00,AAPL,176.11672557211514,192.96310261722135,173.5524959881376,180.35069274902344,160466300
2025-04-08 00:00:00-04:00,AAPL,185.55866963100107,189.17641711488596,168.175598539417,171.365966796875,120859500
2025-04-09 00:00:00-04:00,AAPL,170.8988481608281,199.38365014436008,170.8392173737498,197.63441467285156,184395900
2025-04-10 00:00:00-04:00,AAPL,187.91416719463166,193.58925180564296,181.88126759654838,189.2559051513672,121880000
2025-04-11 00:00:00-04:00,AAPL,184.96235041538483,198.32017705332044,184.92258644836306,196.9386749267578,87435900
2025-04-14 00:00:00-04:00,AAPL,210.14743595954587,211.63826622013798,199.9302804535287,201.28196716308594,101352900
2025-04-15 00:00:00-04:00,AAPL,200.62597928160577,202.26588634734406,198.5785750100267,200.90426635742188,51343900
2025-04-16 00:00:00-04:00,AAPL,197.1474065096439,199.47309822086447,191.19401850640656,193.08241271972656,59732400
2025-04-17 00:00:00-04:00,AAPL,195.99447418061752,197.61451451967758,193.2314700862815,195.77581787109375,52164700
2025-04-21 00:00:00-04:00,AAPL,192.08851517151226,192.6152739871965,188.64966000796989,191.97918701171875,46742500
2025-04-22 00:00:00-04:00,AAPL,194.92107095045932,200.35763286451953,194.7719939992729,198.51895141601562,52976400
2025-04-23 00:00:00-04:00,AAPL,204.7406939661261,206.72846769395255,201.56025903470575,203.34925842285156,52929200
2025-04-24 00:00:00-04:00,AAPL,203.6374845300284,207.5534013078127,201.69940812530302,207.09620666503906,47311000
2025-04-25 00:00:00-04:00,AAPL,205.1083963732819,208.46773832051537,204.93943745171498,208.0006103515625,38222300
2025-04-28 00:00:00-04:00,AAPL,208.71623364812058,210.2070638884643,206.1917677806294,208.85537719726562,38743100
2025-04-29 00:00:00-04:00,AAPL,207.4142395090872,210.94254069563792,207.09618845243054,209.91883850097656,36827600
2025-04-30 00:00:00-04:00,AAPL,208.0205233254963,212.2743578831654,205.4065960245207,211.20095825195312,52286500
2025-05-01 00:00:00-04:00,AAPL,207.80185982414434,213.2483553954001,207.62295230903422,212.0159454345703,57365700
2025-05-02 00:00:00-04:00,AAPL,204.83013207172814,205.72463931330321,200.92416412992952,204.09466552734375,101010600
2025-05-05 00:00:00-04:00,AAPL,201.85841873478097,202.85230555244996,196.99831280299983,197.6741485595703,69018500
2025-05-06 00:00:00-04:00,AAPL,196.9983091053983,199.42338015596502,195.81558138809015,197.2964630126953,51216500
2025-05-07 00:00:00-04:00,AAPL,197.95245621671936,198.22080993170667,192.0686474648251,195.05030822753906,68536700
2025-05-08 00:00:00-04:00,AAPL,196.51130456752412,198.82706269335065,193.48988012199126,196.28271484375,50478900
2025-05-09 00:00:00-04:00,AAPL,197.78345792922866,199.3140368102294,196.33237664044202,197.3163299560547,36453900
2025-05-12 00:00:00-04:00,AAPL,209.95528044040137,210.25384054136518,205.75557652693038,209.77613830566406,63775800
2025-05-13 00:00:00-04:00,AAPL,209.41784747983854,212.37356332026266,207.99473291206186,211.90582275390625,51909300
2025-05-14 00:00:00-04:00,AAPL,211.40822571910564,212.9109724892217,209.56713314477625,211.3087158203125,49325800
2025-05-15 00:00:00-04:00,AAPL,209.93535780893234,211.93569971673273,208.53213606160298,210.43295288085938,45029500
2025-05-16 00:00:00-04:00,AAPL,211.33859654598928,211.54759317457453,208.76105751069144,210.24388122558594,54737900
2025-05-19 00:00:00-04:00,AAPL,206.90999202317107,208.47243269467637,203.2775387890809,207.7758026123047,46140500
2025-05-20 00:00:00-04:00,AAPL,206.67113760639387,207.46729276724128,204.04383620537516,205.8650360107422,42496600
2025-05-21 00:00:00-04:00,AAPL,204.1831685508297,206.04416933851562,199.74462882701684,201.11798095703125,59211800
2025-05-22 00:00:00-04:00,AAPL,199.74461200022,201.77479312617928,198.73946027881726,200.3914794921875,46742400
2025-05-23 00:00:00-04:00,AAPL,192.7384848883374,196.74910019358438,192.5295034494263,194.33079528808594,78432900
2025-05-27 00:00:00-04:00,AAPL,197.34622283817185,199.77448939448533,196.4803970243206,199.24703979492188,56288500
2025-05-28 00:00:00-04:00,AAPL,199.6252046868552,201.75491117265972,198.93852099816252,199.45602416992188,45339700
2025-05-29 00:00:00-04:00,AAPL,202.60081106845576,202.8297005493605,197.55518975609246,198.98826599121094,51396800
2025-05-30 00:00:00-04:00,AAPL,198.4110493394953,200.98860329086406,195.83351057352263,199.88394165039062,70819900
2025-06-02 00:00:00-04:00,AAPL,199.31667499872813,201.15778278546435,199.15744093584797,200.72984313964844,35423300
2025-06-03 00:00:00-04:00,AAPL,200.38153417950807,202.78989241693247,199.99341064507593,202.29229736328125,46381600
2025-06-04 00:00:00-04:00,AAPL,201.93404589483336,205.24803106286797,201.12794426741362,201.844482421875,43604000
2025-06-05 00:00:00-04:00,AAPL,202.52119947175674,203.76518718349973,199.18730633012683,199.66500854492188,55126100
2025-06-06 00:00:00-04:00,AAPL,202.0236053289331,204.7106157617459,201.07817770068002,202.93917846679688,46607700
2025-06-09 00:00:00-04:00,AAPL,203.40694095782152,205.00919791789673,199.0579642885024,200.4810791015625,72862600
2025-06-10 00:00:00-04:00,AAPL,199.63515466910712,203.36711781582227,199.60530017876516,201.6951904296875,54672600
2025-06-11 00:00:00-04:00,AAPL,202.5211970741936,203.51638723180633,197.45568281643992,197.8238983154297,60989900
2025-06-12 00:00:00-04:00,AAPL,198.12246436103902,198.71956936233477,196.4107360236097,198.24188232421875,43904600
2025-06-13 00:00:00-04:00,AAPL,198.7693188209708,199.4062398916536,194.758703844025,195.50509643554688,51447300
2025-06-16 00:00:00-04:00,AAPL,196.35101387226533,197.73432753277095,195.61456771612566,197.4656219482422,43020700
2025-06-17 00:00:00-04:00,AAPL,196.25149936947125,197.4357781067605,194.27108064091922,194.69900512695312,38856200
2025-06-18 00:00:00-04:00,AAPL,194.99756984742208,196.61973472966923,194.13175923439314,195.63449096679688,45394700
2025-06-20 00:00:00-04:00,AAPL,197.28649906078425,200.72984844555882,195.9131318065836,200.03321838378906,96813500
2025-06-23 00:00:00-04:00,AAPL,200.6602023375907,201.3269779408771,198.00304635957568,200.53082275390625,55814300
2025-06-24 00:00:00-04:00,AAPL,201.61557243039425,202.46149014710028,199.23706853700068,199.3365936279297,54064000
2025-06-25 00:00:00-04:00,AAPL,200.4810436177515,202.6903668657116,199.65503400834336,200.59051513671875,39525700
2025-06-26 00:00:00-04:00,AAPL,200.4611428555203,201.66532960796235,198.50063224789568,200.03321838378906,50799100
2025-06-27 00:00:00-04:00,AAPL,200.91892502298623,202.2425296541318,199.03801637565215,200.11282348632812,73188600
2025-06-30 00:00:00-04:00,AAPL,201.03834688076608,206.39247448465787,198.30157410241034,204.1831512451172,91912800
2025-07-01 00:00:00-04:00,AAPL,205.6759567295316,209.17903048404247,205.14850713857425,206.8204345703125,78788900
2025-07-02 00:00:00-04:00,AAPL,207.90519262679368,212.31387801499196,207.13889190503232,211.418212890625,67941800
2025-07-03 00:00:00-04:00,AAPL,211.12958235725722,213.61755770997246,210.7912213537831,212.52285766601562,34955800
2025-07-07 00:00:00-04:00,AAPL,211.65705062020388,215.18997897032483,207.7957228576545,208.940185546875,50229000
2025-07-08 00:00:00-04:00,AAPL,209.08945658408672,210.41304612040562,207.4473837253886,208.9998779296875,42848900
2025-07-09 00:00:00-04:00,AAPL,208.52217876921287,210.3135239719546,206.22329208627588,210.1244354248047,48749400
2025-07-10 00:00:00-04:00,AAPL,209.49748097232364,212.45319704499605,209.0197939340788,211.3883514404297,44443600
2025-07-11 00:00:00-04:00,AAPL,209.55720483784353,211.10969909895366,208.8506131239295,210.1443634033203,39765800
2025-07-14 00:00:00-04:00,AAPL,208.92025854176603,209.89555581124029,206.54175471753558,207.61656188964844,38840100
2025-07-15 00:00:00-04:00,AAPL,208.21368905566166,210.87084499335577,207.9151289669034,208.10421752929688,42296300
2025-07-16 00:00:00-04:00,AAPL,209.28849593835915,211.37838618562168,207.63647661047767,209.149169921875,47490500
2025-07-17 00:00:00-04:00,AAPL,209.5571995447156,210.78127919114968,208.58190225319882,209.0098419189453,48068100
2025-07-18 00:00:00-04:00,AAPL,209.85573909301036,210.77131219576944,208.69136845628208,210.16424560546875,48974600
2025-07-21 00:00:00-04:00,AAPL,211.07984586548804,214.74213848423943,210.61210526026528,211.4580078125,51377400
2025-07-22 00:00:00-04:00,AAPL,212.1148250502387,213.91611676733493,211.20919838168209,213.36875915527344,46404100
2025-07-23 00:00:00-04:00,AAPL,213.96588230147148,214.11515474984876,211.38834345684663,213.11996459960938,46989300
2025-07-24 00:00:00-04:00,AAPL,212.87116805528336,214.65256693634578,212.50295255730364,212.73184204101562,46022600
2025-07-25 00:00:00-04:00,AAPL,213.66733592091674,214.20474714033003,212.37358560556336,212.85128784179688,40268800
2025-07-28 00:00:00-04:00,AAPL,213.00053872316795,213.8166019050196,212.03520309848784,213.02044677734375,37858000
2025-07-29 00:00:00-04:00,AAPL,213.14982178903043,213.7767964509494,209.80599741985404,210.2538299560547,51411700
2025-07-30 00:00:00-04:00,AAPL,210.88077731884883,211.36842593737322,206.72088996610802,208.04449462890625,45512500
2025-07-31 00:00:00-04:00,AAPL,207.48718253646683,208.83068001568543,206.16357792510368,206.5716094970703,80698400
2025-08-01 00:00:00-04:00,AAPL,209.8557561748323,212.5527283441607,200.530828701964,201.40660095214844,104434500
2025-08-04 00:00:00-04:00,AAPL,203.5263267271778,206.88012777005082,200.70993685491413,202.37191772460938,75109300
2025-08-05 00:00:00-04:00,AAPL,202.42168730403617,204.35235878558626,201.18766113385618,201.94400024414062,44155100
2025-08-06 00:00:00-04:00,AAPL,204.6409599471833,214.3440641251077,204.60114383647723,212.22430419921875,108483100
2025-08-07 00:00:00-04:00,AAPL,217.82723230897543,219.78775818606874,215.53829184895108,218.97169494628906,90224800
2025-08-08 00:00:00-04:00,AAPL,219.76784743364436,229.88892965735022,218.19544514014734,228.2468719482422,113854000
2025-08-11 00:00:00-04:00,AAPL,227.08116933177635,228.71513292468896,223.9327956372812,226.34388732910156,61806100
2025-08-12 00:00:00-04:00,AAPL,227.17083074525974,229.95057099439725,226.23430307406312,228.80479431152344,55626200
2025-08-13 00:00:00-04:00,AAPL,230.21956052334866,234.1350889692748,229.5819014312059,232.4712371826172,69878500
2025-08-14 00:00:00-04:00,AAPL,233.1985666998313,234.25466305951576,230.0003892485326,231.92327880859375,51916300
2025-08-15 00:00:00-04:00,AAPL,233.1387895567921,233.417757832359,228.49593650929467,230.73765563964844,56038700
2025-08-18 00:00:00-04:00,AAPL,230.8472538899505,232.26202593201924,229.26310933608104,230.0402374267578,37476200
2025-08-19 00:00:00-04:00,AAPL,230.42880766374827,232.0129522601839,228.50591803460907,229.71145629882812,39402600
2025-08-20 00:00:00-04:00,AAPL,229.13358225147155,229.6217843388592,224.93908515924198,225.17819213867188,42263900
2025-08-21 00:00:00-04:00,AAPL,225.43724912794482,225.68632903786573,222.9564077521854,224.07228088378906,30621200
2025-08-22 00:00:00-04:00,AAPL,225.33760837029214,228.2468598588307,224.58041092619504,226.9217529296875,42477800
2025-08-25 00:00:00-04:00,AAPL,225.6464693442017,228.45609804536198,225.3973894325087,226.323974609375,30983100
2025-08-26 00:00:00-04:00,AAPL,226.03501179732243,228.64537936019502,223.8630424721864,228.46603393554688,54575100
2025-08-27 00:00:00-04:00,AAPL,227.76862267507164,230.05018785299507,227.41990473660533,229.64170837402344,31259500
2025-08-28 00:00:00-04:00,AAPL,229.9704999102399,232.55096405412047,228.4959359400532,231.70408630371094,38074700
2025-08-29 00:00:00-04:00,AAPL,231.65426265633033,232.52107103838586,230.51845893056873,231.28562927246094,39418400
2025-09-02 00:00:00-04:00,AAPL,228.4062708029861,230.00038826150748,226.1346633063032,228.87454223632812,44075600
2025-09-03 00:00:00-04:00,AAPL,236.33698891571112,237.9709525201245,233.49747185558658,237.59234619140625,66427800
2025-09-04 00:00:00-04:00,AAPL,237.57239985348932,239.0170601981439,235.8687018920251,238.8975067138672,47549400
2025-09-05 00:00:00-04:00,AAPL,239.1167027112504,240.43185187342493,237.61226559630578,238.80784606933594,54870400
2025-09-08 00:00:00-04:00,AAPL,238.41928864081726,239.2661511981365,235.47017586985078,237.0045166015625,48999500
2025-09-09 00:00:00-04:00,AAPL,236.12775932745953,237.90120710535396,232.5011563745861,233.48751831054688,66313900
2025-09-10 00:00:00-04:00,AAPL,231.33547301291114,231.56462228661692,225.11843262708078,225.95533752441406,83440800
2025-09-11 00:00:00-04:00,AAPL,226.04500979013486,229.60186307827533,225.81584532196928,229.18341064453125,50208600
2025-09-12 00:00:00-04:00,AAPL,228.37638560886936,233.6469097348115,228.17712472443904,233.2085418701172,55824200
2025-09-15 00:00:00-04:00,AAPL,236.12775635652346,237.31337916896246,234.16500543557729,235.828857421875,42699500
2025-09-16 00:00:00-04:00,AAPL,236.30706734003456,240.33220689969463,235.45024710789585,237.27349853515625,63421100
2025-09-17 00:00:00-04:00,AAPL,238.09051246512186,239.21635855568803,236.85507060288438,238.11044311523438,46508000
2025-09-18 00:00:00-04:00,AAPL,239.08682096339746,240.31228984200703,235.77903252032195,237.0045166015625,44249600
2025-09-19 00:00:00-04:00,AAPL,240.342162048153,245.3935094903633,239.32592704772566,244.59645080566406,163741300
2025-09-22 00:00:00-04:00,AAPL,247.38616206443075,255.69547916115815,247.2068166293636,255.13751220703125,105517400
2025-09-23 00:00:00-04:00,AAPL,254.93828225227924,256.3929004583055,252.64674396870498,253.4936065673828,60275200
2025-09-24 00:00:00-04:00,AAPL,254.28068708944184,254.7987775332095,250.11606329601622,251.3813934326172,42303700
2025-09-25 00:00:00-04:00,AAPL,252.27808820484515,256.22352044118514,250.7836088309123,255.9246063232422,55202100
2025-09-26 00:00:00-04:00,AAPL,253.16481067495934,256.6519291955366,252.84598111295833,254.51980590820312,46076300
2025-09-29 00:00:00-04:00,AAPL,253.6231329894407,254.06151607705354,252.07883445903423,253.4936065673828,40127700
2025-09-30 00:00:00-04:00,AAPL,253.9220050782957,254.97810138533342,252.1784458386236,253.69285583496094,37704300
2025-10-01 00:00:00-04:00,AAPL,254.10134722927504,257.83756097799323,253.9917514638179,254.5098419189453,48713900
2025-10-02 00:00:00-04:00,AAPL,255.63569123318152,257.22980880920034,253.21464169746508,256.1836853027344,42630200
2025-10-03 00:00:00-04:00,AAPL,253.73271197999827,258.2858846694617,253.01536064819075,257.07037353515625,49155600
2025-10-06 00:00:00-04:00,AAPL,257.0404883747525,258.1165305885388,254.1113214696764,255.7452850341797,44664100
2025-10-07 00:00:00-04:00,AAPL,255.86484387966763,256.45266881763376,254.48991791397023,255.53607177734375,31955800
2025-10-08 00:00:00-04:00,AAPL,255.5758888188916,257.56852798749276,255.16739414069707,257.1102294921875,36496900
2025-10-09 00:00:00-04:00,AAPL,256.8611554198282,257.0504585775582,252.2083446799687,253.1050262451172,38322000
2025-10-10 00:00:00-04:00,AAPL,254.00171816056968,255.436420799504,243.10197943699816,244.3673095703125,61999100
2025-10-13 00:00:00-04:00,AAPL,248.46219085423505,248.7710475029622,244.6562426215344,246.74851989746094,38142900
2025-10-14 00:00:00-04:00,AAPL,245.69243161385845,247.9341508249242,243.79941515849077,246.85812377929688,35478000
2025-10-15 00:00:00-04:00,AAPL,248.57177456170203,250.89320098009676,246.55920477705152,248.4223175048828,33893600
2025-10-16 00:00:00-04:00,AAPL,247.33635013275978,248.1234359576197,244.22783772705108,246.53929138183594,39777000
2025-10-17 00:00:00-04:00,AAPL,247.1072067041429,252.4474806979352,246.3599669580113,251.36148071289062,49147000
2025-10-20 00:00:00-04:00,AAPL,254.94822099113512,263.4069798400544,254.68918336894043,261.27484130859375,90483000
2025-10-21 00:00:00-04:00,AAPL,260.9161783410852,264.3136317818121,260.86634411857244,261.8028869628906,46695900
2025-10-22 00:00:00-04:00,AAPL,261.6833338430701,261.882609922878,254.4899051977633,257.4988098144531,45015300
2025-10-23 00:00:00-04:00,AAPL,258.98329410338334,259.66078406832133,257.06040475940137,258.6246032714844,32754900
2025-10-24 00:00:00-04:00,AAPL,260.2287466983284,263.1579290692685,258.2261343576155,261.8527526855469,38253700
2025-10-27 00:00:00-04:00,AAPL,263.90517991319996,268.12956591820625,263.67601542509226,267.8207092285156,44888200
2025-10-28 00:00:00-04:00,AAPL,268.00000632210845,268.89671830922975,267.1631014853557,268.0099792480469,41534800
2025-10-29 00:00:00-04:00,AAPL,268.28896033752676,270.41112610592455,266.126933268734,268.7074279785156,51086700
2025-10-30 00:00:00-04:00,AAPL,270.98897852374654,273.131090148023,267.49191714200913,270.4011535644531,69886500
2025-10-31 00:00:00-04:00,AAPL,275.9705701844509,276.29937269597025,268.16940070155243,269.37493896484375,86167100
2025-11-03 00:00:00-05:00,AAPL,269.424736694289,269.8531467885877,265.2700709373508,268.05975341796875,50194600
2025-11-04 00:00:00-05:00,AAPL,267.3424445625432,270.49081837885313,266.6350661079627,269.0461730957031,49274800
2025-11-05 00:00:00-05:00,AAPL,267.6214146886098,270.7000692568828,265.94760492323326,269.14581298828125,43683100
2025-11-06 00:00:00-05:00,AAPL,266.90407480138714,272.3937751745226,266.90407480138714,268.7771301269531,51204000
2025-11-07 00:00:00-05:00,AAPL,268.80702532983145,271.2878818962731,265.7881780523408,267.48193359375,48227400
2025-11-10 00:00:00-05:00,AAPL,268.22988302493957,272.9869540449525,266.7339548671466,268.6986083984375,41312400
2025-11-11 00:00:00-05:00,AAPL,269.0776024957972,275.1610502271484,269.06761990152603,274.5028381347656,46208300
2025-11-12 00:00:00-05:00,AAPL,274.25347600982695,274.9815052844664,270.9624464716027,272.7276306152344,48398000
2025-11-13 00:00:00-05:00,AAPL,273.36590026791555,275.9488963676571,271.3513946141157,272.2090759277344,49602800
2025-11-14 00:00:00-05:00,AAPL,270.31420819279356,275.21088338895913,268.8681625557137,271.6705322265625,47431300
2025-11-17 00:00:00-05:00,AAPL,268.09027174019775,269.7557213346742,265.00866346949266,266.73394775390625,45018300
2025-11-18 00:00:00-05:00,AAPL,269.2570854665072,269.9751321987233,264.59977951795884,266.7140197753906,45677300
2025-11-19 00:00:00-05:00,AAPL,264.80918960656476,271.47104873805114,264.77927226211665,267.8309631347656,40424500
2025-11-20 00:00:00-05:00,AAPL,270.09480618650156,274.68232536305425,265.1981613886433,265.5272521972656,45823600
2025-11-21 00:00:00-05:00,AAPL,265.22808167538,272.5880228442522,264.9488429624803,270.7530212402344,59030800
2025-11-24 00:00:00-05:00,AAPL,270.164627965921,276.24807542504453,270.164627965921,275.1710205078125,65585800
2025-11-25 00:00:00-05:00,AAPL,274.52274228722064,279.6188865292943,274.5028075356392,276.2181396484375,46914200
2025-11-26 00:00:00-05:00,AAPL,276.2081750495132,278.7712060098946,275.8790842359358,276.79656982421875,33431400
2025-11-28 00:00:00-05:00,AAPL,276.5073375714406,278.2426042891834,275.2407657367699,278.093017578125,20135600
2025-12-01 00:00:00-05:00,AAPL,277.255303275414,282.650620542313,275.390384584981,282.33148193359375,46587700
2025-12-02 00:00:00-05:00,AAPL,282.231773534172,286.619823290159,281.86278279875575,285.4131164550781,53669500
2025-12-03 00:00:00-05:00,AAPL,285.4231155973949,287.8365294074879,282.5309633672564,283.378662109375,43538700
2025-12-04 00:00:00-05:00,AAPL,283.32881389666403,283.9571086251454,277.8337611056945,279.93804931640625,43989100
2025-12-05 00:00:00-05:00,AAPL,279.77848663840757,280.37686403379615,277.29522501275557,278.02325439453125,47265800
2025-12-08 00:00:00-05:00,AAPL,277.374989388386,278.9108174051644,275.4003533668138,277.1356506347656,38211800
2025-12-09 00:00:00-05:00,AAPL,277.40493251311347,279.2698514894354,276.16830825817004,276.4275817871094,32193300
2025-12-10 00:00:00-05:00,AAPL,276.99605153243056,278.9906225605669,275.6896099437804,278.02325439453125,33038300
2025-12-11 00:00:00-05:00,AAPL,278.342340640522,278.83100071126506,273.06669274298736,277.2752380371094,33248000
2025-12-12 00:00:00-05:00,AAPL,277.14562382282355,278.4620479370953,276.0685689150702,277.52459716796875,39532900
2025-12-15 00:00:00-05:00,AAPL,279.3894873363706,279.3894873363706,272.0993337942639,273.3658752441406,50409100
2025-12-16 00:00:00-05:00,AAPL,272.07941349564567,274.752131096348,271.0522107383373,273.8645324707031,37648600
2025-12-17 00:00:00-05:00,AAPL,274.2634587890498,275.41033087528734,270.9026119684932,271.10205078125,50138700
2025-12-18 00:00:00-05:00,AAPL,272.86723904028526,272.8872042261758,266.22534517191764,271.45111083984375,51630700
2025-12-19 00:00:00-05:00,AAPL,271.4112306527045,273.8545921928022,269.1673383776201,272.9271240234375,144632000
2025-12-22 00:00:00-05:00,AAPL,272.1193204151364,273.1365711538121,269.775723721713,270.2344665527344,36571800
2025-12-23 00:00:00-05:00,AAPL,270.1048034873943,271.7603010837797,268.8282792538215,271.62066650390625,29642000
2025-12-24 00:00:00-05:00,AAPL,271.60073103225574,274.68233959340455,271.46112688748974,273.0667419433594,17910600
2025-12-26 00:00:00-05:00,AAPL,273.4157529954652,274.6224597374741,272.11926379011726,272.6578063964844,21521800
2025-12-29 00:00:00-05:00,AAPL,271.9497734782625,273.61522314661676,271.6107000753325,273.0168762207031,23715200
2025-12-30 00:00:00-05:00,AAPL,272.06942798009953,273.3359694836473,271.54086793463244,272.33868408203125,22139600
2023-01-03 00:00:00-05:00,MSFT,236.3513904454424,238.94748134129327,230.82860879757206,232.94827270507812,25740000
2023-01-04 00:00:00-05:00,MSFT,225.85031465735742,226.42397945527185,219.70526469993285,222.7583465576172,50623400
2023-01-05 00:00:00-05:00,MSFT,220.9109208459828,221.25123850297186,215.62150198648686,216.15628051757812,39585600
2023-01-06 00:00:00-05:00,MSFT,216.82719680304174,219.51079264209568,213.27823740876858,218.70376586914062,43613600
2023-01-09 00:00:00-05:00,MSFT,220.181677805299,224.8390950379593,220.1427915656861,220.8331298828125,27369800
2023-01-10 00:00:00-05:00,MSFT,221.45546512498274,224.90720202339816,221.03737489705813,222.5153045654297,27033900
2023-01-11 00:00:00-05:00,MSFT,224.88771246329648,229.41872372216184,224.7127021200409,229.24371337890625,28669300
2023-01-12 00:00:00-05:00,MSFT,228.74784480479596,233.25940599267489,227.09490487805533,231.9078826904297,27269500
2023-01-13 00:00:00-05:00,MSFT,230.4396576846913,232.7440495138857,228.41723190438844,232.60792541503906,21333300
2023-01-17 00:00:00-05:00,MSFT,231.38282055332843,234.24144161412062,230.52717483814848,233.6969451904297,29831300
2023-01-18 00:00:00-05:00,MSFT,234.883176604496,235.67075285086767,229.0006419678325,229.28260803222656,30028700
2023-01-19 00:00:00-05:00,MSFT,227.30882179875937,229.00066284863416,224.2946258083473,225.51002502441406,28623000
2023-01-20 00:00:00-05:00,MSFT,228.3588944678233,234.07613627577243,228.0185768034781,233.57052612304688,35389800
2023-01-23 00:00:00-05:00,MSFT,234.42620586269453,238.3835379806386,233.01633090813738,235.865234375,31934000
2023-01-24 00:00:00-05:00,MSFT,235.78743760454404,237.19729766623655,233.7844621578948,235.3401641845703,40234400
2023-01-25 00:00:00-05:00,MSFT,227.98941574229838,236.56527872989417,224.50851101400366,233.94973754882812,66526600
2023-01-26 00:00:00-05:00,MSFT,236.90559786802248,241.43660948835614,235.30127691453504,241.13519287109375,33454500
2023-01-27 00:00:00-05:00,MSFT,242.0977830088241,242.9145276437586,239.99756980206558,241.29075622558594,26498900
2023-01-30 00:00:00-05:00,MSFT,237.74178578895192,238.80162509755758,235.4957305884033,235.9916229248047,25867400
2023-01-31 00:00:00-05:00,MSFT,236.7111417707159,241.08657882687118,236.22498209780977,240.95045471191406,26541100
2023-02-01 00:00:00-05:00,MSFT,241.1351911203326,248.11643670951443,238.67522443009082,245.7537078857422,31259900
2023-02-02 00:00:00-05:00,MSFT,251.65572121722164,257.36323150604915,250.12917259535388,257.2757263183594,39940400
2023-02-03 00:00:00-05:00,MSFT,252.35574697610576,256.88675825123045,249.9832856273653,251.1986846923828,29077300
2023-02-06 00:00:00-05:00,MSFT,250.31389683270552,251.15007723406973,247.72752379068612,249.6624298095703,22518000
2023-02-07 00:00:00-05:00,MSFT,253.31834411841427,261.33024559426707,252.88078856760495,260.15374755859375,50841400
2023-02-08 00:00:00-05:00,MSFT,265.63764785701306,269.0991022332483,258.84111568990085,259.34674072265625,54686000
2023-02-09 00:00:00-05:00,MSFT,266.22098682274134,266.39602683122865,255.5254755531628,256.3227844238281,42375100
2023-02-10 00:00:00-05:00,MSFT,254.2906968716421,256.77983221444407,253.44478372341,255.81724548339844,25818500
2023-02-13 00:00:00-05:00,MSFT,260.23156430688056,266.9988986544617,259.7551076492649,263.8096923828125,44630900
2023-02-14 00:00:00-05:00,MSFT,265.12232910655104,267.3586517330217,261.8261522809417,264.63616943359375,37047900
2023-02-15 00:00:00-05:00,MSFT,261.54621079213484,263.8953733913227,259.46022127566107,262.5209655761719,28922400
2023-02-16 00:00:00-05:00,MSFT,257.354723160625,260.00605711365523,255.2882479724247,255.5319366455078,29603600
2023-02-17 00:00:00-05:00,MSFT,252.84160627305934,253.523916634786,249.53717394877788,251.545166015625,30000100
2023-02-21 00:00:00-05:00,MSFT,248.0555633319736,249.04007506409081,245.23852294112166,246.291259765625,28397400
2023-02-22 00:00:00-05:00,MSFT,247.67543734298337,247.9191260368641,244.02010693477206,245.1605682373047,22491100
2023-02-23 00:00:00-05:00,MSFT,249.1083064975943,250.35599131241563,244.15655088158258,248.3382568359375,29219100
2023-02-24 00:00:00-05:00,MSFT,243.64971440364852,244.6634528431663,241.83666989520626,242.9283905029297,24990900
2023-02-27 00:00:00-05:00,MSFT,246.08657375483682,246.4374860355747,243.09406973943646,243.84463500976562,21190000
2023-02-28 00:00:00-05:00,MSFT,242.78218154124548,245.141086337107,242.45075361028725,243.1233367919922,22491000
2023-03-01 00:00:00-05:00,MSFT,244.42944914272945,244.59515563379992,239.58491776919715,240.0528106689453,27565300
2023-03-02 00:00:00-05:00,MSFT,240.32576623774196,245.05331745079246,239.4094944705545,244.77064514160156,24808200
2023-03-03 00:00:00-05:00,MSFT,245.82337754163785,249.16677885152734,245.04357084699137,248.84510803222656,30760100
2023-03-06 00:00:00-05:00,MSFT,249.956359426143,253.55320692008516,249.517722752789,250.38525390625,24109800
2023-03-07 00:00:00-05:00,MSFT,249.82960325303648,251.18452648625785,246.99307854410944,247.73388671875,21473200
2023-03-08 00:00:00-05:00,MSFT,247.62667058752513,248.11404792403098,244.47821715829852,247.29525756835938,17340200
2023-03-09 00:00:00-05:00,MSFT,249.36176055143883,253.0073336989174,245.22879516854297,245.9501190185547,26653400
2023-03-10 00:00:00-05:00,MSFT,244.74139919259653,246.40822131411622,241.34925717678098,242.3142547607422,28333900
2023-03-13 00:00:00-04:00,MSFT,241.1543148292338,251.39899658512076,239.52647621107045,247.5097198486328,33339700
2023-03-14 00:00:00-04:00,MSFT,250.26819118614364,254.47913731639923,249.40066036860097,254.20620727539062,33620300
2023-03-15 00:00:00-04:00,MSFT,253.41670934490338,259.75261418809725,252.6661292714571,258.7388610839844,46028000
2023-03-16 00:00:00-04:00,MSFT,258.51463124296953,269.57810070864684,256.6333622072751,269.2272033691406,54768800
2023-03-17 00:00:00-04:00,MSFT,271.23525555020916,276.1772393298442,269.3442290300633,272.3757019042969,69527400
2023-03-20 00:00:00-04:00,MSFT,269.9875056388711,270.4748828771733,263.03750146113805,265.357421875,43466600
2023-03-21 00:00:00-04:00,MSFT,267.94049139330514,268.05745716052314,262.71579239613465,266.8682556152344,34558700
2023-03-22 00:00:00-04:00,MSFT,266.497948625342,273.9450893595406,265.30874661401754,265.4159851074219,34873300
2023-03-23 00:00:00-04:00,MSFT,270.9232901997897,273.9645197282161,268.2524721711086,270.6503601074219,36610900
2023-03-24 00:00:00-04:00,MSFT,270.2409584505626,273.54539085578926,268.33044774491924,273.4869079589844,28172000
2023-03-27 00:00:00-04:00,MSFT,273.41869458351096,274.35445077052975,268.56440544663616,269.4027099609375,26840200
2023-03-28 00:00:00-04:00,MSFT,268.8276596755071,269.16882983673474,265.18205615567683,268.28179931640625,21878600
2023-03-29 00:00:00-04:00,MSFT,271.91751837517444,274.0425058819728,271.38141527658803,273.42840576171875,25087000
2023-03-30 00:00:00-04:00,MSFT,277.05456782750633,277.2787423935812,274.3739921244632,276.87908935546875,25053400
2023-03-31 00:00:00-04:00,MSFT,276.56721287359744,281.9673334920584,275.8556311020604,281.0218200683594,32766000
2023-04-03 00:00:00-04:00,MSFT,279.2866930601582,280.99251370652144,276.781596204477,279.9787902832031,24883300
2023-04-04 00:00:00-04:00,MSFT,279.97874824950554,283.11745895747976,278.45813359566927,279.92999267578125,25824300
2023-04-05 00:00:00-04:00,MSFT,278.6336322553814,279.90080144519544,275.77760817176124,277.1617431640625,22064800
2023-04-06 00:00:00-04:00,MSFT,276.0603177714144,284.7063886889727,274.9101141667659,284.238525390625,29770300
2023-04-10 00:00:00-04:00,MSFT,281.90881108908263,282.2889797177499,277.5224147425445,282.08428955078125,23103000
2023-04-11 00:00:00-04:00,MSFT,278.5361465748028,278.7603508575734,274.5299191651681,275.6898498535156,27276600
2023-04-12 00:00:00-04:00,MSFT,277.6003898328518,279.7643463826104,274.8418174679427,276.33319091796875,27403400
2023-04-13 00:00:00-04:00,MSFT,276.4306715348985,282.58137108364906,276.02129123451107,282.52288818359375,24222700
2023-04-14 00:00:00-04:00,MSFT,279.75465677271774,281.19730473613265,276.5282204280386,278.9163818359375,20987900
2023-04-17 00:00:00-04:00,MSFT,282.61060224538903,284.238455563406,278.9357880056503,281.5091247558594,23836200
2023-04-18 00:00:00-04:00,MSFT,284.2092231464568,284.39442891149264,279.76434427989847,281.0899963378906,20161800
2023-04-19 00:00:00-04:00,MSFT,278.7700510801762,281.75279769664104,277.3566747962618,281.16796875,17150300
2023-04-20 00:00:00-04:00,MSFT,278.048779675469,281.7333512714664,277.88305828682746,278.8870544433594,23244400
2023-04-21 00:00:00-04:00,MSFT,277.8148324496472,279.04300308117706,275.91404898236954,278.5458984375,21676400
2023-04-24 00:00:00-04:00,MSFT,274.9685448486902,277.75635870948304,271.6836263278282,274.6566162109375,26611000
2023-04-25 00:00:00-04:00,MSFT,272.45366159943416,274.4908950976734,268.41816336812605,268.4669189453125,45772200
2023-04-26 00:00:00-04:00,MSFT,289.2097093535968,292.00725036990406,285.33993229955405,287.91326904296875,64599200
2023-04-27 00:00:00-04:00,MSFT,288.4981481341887,297.4951446738083,287.79632356423065,297.13446044921875,46462600
2023-04-28 00:00:00-04:00,MSFT,296.33509990180823,301.1308749761894,295.65275991088816,299.5030517578125,36469600
2023-05-01 00:00:00-04:00,MSFT,299.22038517544803,300.80923974408176,297.4463248750627,297.8459777832031,21294100
2023-05-02 00:00:00-04:00,MSFT,299.9905085390908,301.3746435203023,296.237697087883,297.6998291015625,26404400
2023-05-03 00:00:00-04:00,MSFT,298.8792887083803,300.819041090019,296.4131604465873,296.71533203125,22360800
2023-05-04 00:00:00-04:00,MSFT,298.5088623937183,299.9905085390908,295.74056268414336,297.6998291015625,22519900
2023-05-05 00:00:00-04:00,MSFT,298.00199235653776,304.0942089102195,296.58858621722317,302.8075256347656,28197100
2023-05-08 00:00:00-04:00,MSFT,302.3006492277248,302.36888918912433,298.36263230970064,300.8580017089844,21318600
2023-05-09 00:00:00-04:00,MSFT,300.22444953048654,302.2129574604757,298.5771116971217,299.24969482421875,21340800
2023-05-10 00:00:00-04:00,MSFT,300.8287815493971,305.09821176430125,299.9027824610233,304.4256286621094,30078000
2023-05-11 00:00:00-04:00,MSFT,302.27140061196803,303.26563957263573,298.52834660179957,302.2811279296875,31680200
2023-05-12 00:00:00-04:00,MSFT,302.71005168658775,302.8075331032812,298.8597885779878,301.1699523925781,19774700
2023-05-15 00:00:00-04:00,MSFT,301.2967160743426,302.07650801921994,299.8248268001941,301.6476135253906,16336500
2023-05-16 00:00:00-04:00,MSFT,302.0082405576207,305.790293615096,302.0082405576207,303.8700256347656,26730300
2023-05-17 00:00:00-04:00,MSFT,305.0716601745018,307.1621801837401,303.55746936992665,306.74212646484375,24315000
2023-05-18 00:00:00-04:00,MSFT,307.2598287418547,311.665592368816,306.4685537852504,311.1575927734375,27276000
2023-05-19 00:00:00-04:00,MSFT,309.4187579694345,311.38230770853096,309.05731504102437,310.9817810058594,27546700
2023-05-22 00:00:00-04:00,MSFT,311.23578210832846,315.13354641281757,310.6594231373723,313.7561340332031,24115700
2023-05-23 00:00:00-04:00,MSFT,312.63269496953484,315.26051959828607,307.9631830299581,307.97296142578125,30797200
2023-05-24 00:00:00-04:00,MSFT,307.4552452354423,309.18432218160666,305.3842225217215,306.5955810546875,23384900
2023-05-25 00:00:00-04:00,MSFT,315.7684901108892,319.3438949651791,312.6033903237595,318.3865661621094,43301700
2023-05-26 00:00:00-04:00,MSFT,316.53043497879963,325.69362591247574,316.3936865085404,325.1954345703125,36630600
2023-05-30 00:00:00-04:00,MSFT,327.4813902004807,327.9795816142876,322.8802372817965,323.5542907714844,29503100
2023-05-31 00:00:00-04:00,MSFT,324.6093167826368,328.1749431768424,319.76394285514135,320.7994689941406,45950600
2023-06-01 00:00:00-04:00,MSFT,318.3963251868189,325.82066191290807,317.2143019258067,324.8926086425781,26773900
2023-06-02 00:00:00-04:00,MSFT,326.5239570954144,329.6988347635074,324.8632399287716,327.6473693847656,25873800
2023-06-05 00:00:00-04:00,MSFT,327.4716288893014,330.7344235831456,326.924575276692,328.17498779296875,21307100
2023-06-06 00:00:00-04:00,MSFT,327.57898761210754,327.6180713778492,324.49205579861786,325.9671325683594,20396200
2023-06-07 00:00:00-04:00,MSFT,323.9841067025186,326.75845825838536,315.045609330463,315.9052734375,40717100
2023-06-08 00:00:00-04:00,MSFT,316.45232513607897,319.0899281933469,315.8759662068324,317.7418212890625,23277700
2023-06-09 00:00:00-04:00,MSFT,317.47800789711727,322.3624353785323,316.9114274266321,319.2364196777344,22529000
2023-06-12 00:00:00-04:00,MSFT,320.98500885005564,324.4236647224886,317.6440772974819,324.179443359375,24260300
2023-06-13 00:00:00-04:00,MSFT,326.7388815445772,329.19087359317086,322.75320197847674,326.56304931640625,22951300
2023-06-14 00:00:00-04:00,MSFT,326.61194558065387,331.2033200737011,325.1173117243528,329.5426025390625,26003800
2023-06-15 00:00:00-04:00,MSFT,329.679373413851,341.7536655006573,329.40584662971514,340.05389404296875,38899100
2023-06-16 00:00:00-04:00,MSFT,343.19942687785715,343.3459537429244,334.04601435643656,334.4172058105469,46552000
2023-06-20 00:00:00-04:00,MSFT,331.4670303403785,334.17299255500126,328.09676330100183,330.23614501953125,26375400
2023-06-21 00:00:00-04:00,MSFT,328.5949603328218,329.92354007257114,324.39436474233247,325.84991455078125,25117800
2023-06-22 00:00:00-04:00,MSFT,326.3969713207667,332.2582841920234,325.6350018399905,331.8577575683594,23556800
2023-06-23 00:00:00-04:00,MSFT,326.6314360457984,330.1482299651682,325.74249643584824,327.27618408203125,23146900
2023-06-26 00:00:00-04:00,MSFT,326.00625756335666,328.340998601614,320.8971352379601,321.0046081542969,21520600
2023-06-27 00:00:00-04:00,MSFT,324.1892275549751,328.3800749537934,321.6884029069419,326.83660888671875,24354100
2023-06-28 00:00:00-04:00,MSFT,326.92453987884056,330.1678072397065,326.0941811528345,328.0870361328125,20259500
2023-06-29 00:00:00-04:00,MSFT,326.97334345829574,328.3409772213773,324.93165630266327,327.30548095703125,16997000
2023-06-30 00:00:00-04:00,MSFT,329.94309061938924,334.80799133337183,329.40581549810116,332.6686096191406,26832800
2023-07-03 00:00:00-04:00,MSFT,331.3498259032752,333.02029191600536,328.7903904255227,330.17755126953125,12508700
2023-07-05 00:00:00-04:00,MSFT,327.34465521272364,333.7530235987761,326.9929906387982,330.33392333984375,18172400
2023-07-06 00:00:00-04:00,MSFT,329.5034771232006,335.0619581701481,327.7450950952517,333.3817138671875,28161200
2023-07-07 00:00:00-04:00,MSFT,331.4768196689225,333.8897282258727,329.2104379854344,329.42535400390625,21214800
2023-07-10 00:00:00-04:00,MSFT,326.86590410565805,327.4813467591402,320.017927004541,324.159912109375,32791400
2023-07-11 00:00:00-04:00,MSFT,323.40780475443273,325.1661872379757,319.44165086264223,324.78521728515625,26698200
2023-07-12 00:00:00-04:00,MSFT,328.8196854554752,333.75294560855826,327.91118903960694,329.40582275390625,29995300
2023-07-13 00:00:00-04:00,MSFT,331.711272694216,335.7946473564409,331.18374612162296,334.7396240234375,20567200
2023-07-14 00:00:00-04:00,MSFT,339.55566639937143,343.3069035731136,336.35148278353853,337.2599792480469,28352700
2023-07-17 00:00:00-04:00,MSFT,337.689815809939,338.9695335941496,334.29027291358,337.7386779785156,20363900
2023-07-18 00:00:00-04:00,MSFT,337.8363124834503,358.30207642907544,334.26093764915,351.1805725097656,64738600
2023-07-19 00:00:00-04:00,MSFT,353.38839928042864,354.08197977472815,344.293595867751,346.87255859375,39732900
2023-07-20 00:00:00-04:00,MSFT,345.3974402048797,349.6957307761419,337.3869665581141,338.852294921875,33778400
2023-07-21 00:00:00-04:00,MSFT,341.07956227112305,342.20297462021114,331.9749823654145,335.82391357421875,69405400
2023-07-24 00:00:00-04:00,MSFT,337.85591126570966,338.90118607619127,334.3977276840243,337.13299560546875,26678100
2023-07-25 00:00:00-04:00,MSFT,339.0867373558683,343.7562790203098,337.09391224924093,342.8673095703125,41637700
2023-07-26 00:00:00-04:00,MSFT,333.5477989926325,336.70314999869004,325.41032580255074,329.9626159667969,58383700
2023-07-27 00:00:00-04:00,MSFT,332.61000460063315,333.4403334728924,321.4441800463063,323.0755920410156,39635300
2023-07-28 00:00:00-04:00,MSFT,325.9573926830905,332.1508430764587,325.4689499409115,330.5487365722656,28484900
2023-07-31 00:00:00-04:00,MSFT,329.13231163180893,329.8942812123279,325.6545714457516,328.1554260253906,25446000
2023-08-01 00:00:00-04:00,MSFT,327.44229185029457,330.7148646247149,325.98674182307207,328.5657043457031,18311900
2023-08-02 00:00:00-04:00,MSFT,325.9183364890345,325.9183364890345,318.8163593371292,319.9300231933594,27761300
2023-08-03 00:00:00-04:00,MSFT,318.46465754141326,322.25497786737617,318.41582519365545,319.1094055175781,18253700
2023-08-04 00:00:00-04:00,MSFT,324.20875816253636,327.3934143700841,319.67599522143337,320.2035217285156,23741500
2023-08-07 00:00:00-04:00,MSFT,320.77990397221754,323.45656084506595,319.94954529049863,322.47967529296875,17741500
2023-08-08 00:00:00-04:00,MSFT,319.402427502964,321.1510606368061,315.5339698423981,318.5134582519531,22327600
2023-08-09 00:00:00-04:00,MSFT,318.92378395332815,319.5489751191951,313.6290518646597,314.78179931640625,22373300
2023-08-10 00:00:00-04:00,MSFT,318.4841791092021,320.67242275810133,313.75605717646994,315.4656066894531,20113700
2023-08-11 00:00:00-04:00,MSFT,312.8573931698293,314.9576912566164,311.8316453980151,313.5900573730469,24355500
2023-08-14 00:00:00-04:00,MSFT,313.9612774318456,316.56954529016974,312.6815298680751,316.5500183105469,18836100
2023-08-15 00:00:00-04:00,MSFT,315.53407413953244,317.57576163003193,313.4826082523493,314.42041015625,16966300
2023-08-16 00:00:00-04:00,MSFT,314.0484054267254,317.5922437105838,313.0694515072215,313.6568298339844,20698900
2023-08-17 00:00:00-04:00,MSFT,313.7938817302348,315.09587723168505,309.5549947446499,310.2109069824219,21257200
2023-08-18 00:00:00-04:00,MSFT,307.8711670676138,311.679311641093,304.9930405423695,309.8193054199219,24755000
2023-08-21 00:00:00-04:00,MSFT,311.23877242073405,315.9769051965937,310.3675190796091,315.10565185546875,24040000
2023-08-22 00:00:00-04:00,MSFT,318.6494900944686,319.2172702035748,314.69450802744353,315.6734619140625,16084600
2023-08-23 00:00:00-04:00,MSFT,317.00482352144604,322.2715996929162,316.6523846218089,320.1178894042969,21166400
2023-08-24 00:00:00-04:00,MSFT,325.8448009621162,325.97206974501347,313.22607126255105,313.2358703613281,23281400
2023-08-25 00:00:00-04:00,MSFT,314.70426538436715,318.5123799630537,312.09044570865603,316.1824951171875,21684100
2023-08-28 00:00:00-04:00,MSFT,318.80616212257627,319.2858400208198,314.94908098588996,316.8874206542969,14808500
2023-08-29 00:00:00-04:00,MSFT,315.1056925945481,322.056271402599,315.1056925945481,321.4982604980469,19284600
2023-08-30 00:00:00-04:00,MSFT,321.75276957784916,322.86876141280084,319.57949087262745,321.8702392578125,15222100
2023-08-31 00:00:00-04:00,MSFT,322.2716344766663,323.94563727355137,319.9025529034829,320.8619384765625,26411000
2023-09-01 00:00:00-04:00,MSFT,324.33717196139406,325.00285335659055,319.9025125671937,321.7429504394531,14942000
2023-09-05 00:00:00-04:00,MSFT,322.0758315411327,327.80271780347465,321.7429908017799,326.5300598144531,18553900
2023-09-06 00:00:00-04:00,MSFT,326.3636224074877,327.42087936565457,323.23095829944674,325.8741455078125,17535800
2023-09-07 00:00:00-04:00,MSFT,324.3176359252016,326.0699418421109,322.1051906191248,322.9666748046875,18381000
2023-09-08 00:00:00-04:00,MSFT,323.14287386196446,329.0851309217736,322.5261281543159,327.2348937988281,19530100
2023-09-11 00:00:00-04:00,MSFT,330.14241804396147,331.2976064014658,328.37051379787096,330.82769775390625,16583300
2023-09-12 00:00:00-04:00,MSFT,328.75231798743556,329.7019045004539,324.5036614898463,324.78753662109375,17565500
2023-09-13 00:00:00-04:00,MSFT,324.33715247737837,329.7605644160493,324.20011449262233,328.9871826171875,16544400
2023-09-14 00:00:00-04:00,MSFT,332.01219710477335,333.68619984765456,329.48650927999284,331.5716857910156,20267000
2023-09-15 00:00:00-04:00,MSFT,329.829144347891,330.29902307578516,322.71213073688756,323.2701416015625,37679800
2023-09-18 00:00:00-04:00,MSFT,320.90106058890035,323.4463465779978,319.4913646526402,322.1345520019531,16834200
2023-09-19 00:00:00-04:00,MSFT,319.3053983263758,322.45763099664185,317.6803313099975,321.7331848144531,16505900
2023-09-20 00:00:00-04:00,MSFT,322.5751520247809,322.65345520205574,313.7645657537052,314.0190734863281,21436500
2023-09-21 00:00:00-04:00,MSFT,312.54080796824985,318.50263318201627,308.37045511046944,312.80511474609375,35560400
2023-09-22 00:00:00-04:00,MSFT,314.5574539286877,314.68472270748657,309.49624944861836,310.3381652832031,21447900
2023-09-25 00:00:00-04:00,MSFT,309.9269765789233,310.9842634015669,308.3704436389246,310.85699462890625,17836000
2023-09-26 00:00:00-04:00,MSFT,308.4977720645104,309.23198754848005,303.4953016985724,305.5707092285156,26297600
2023-09-27 00:00:00-04:00,MSFT,305.7272320635668,307.68513948600474,303.17217721742753,306.2069396972656,19410100
2023-09-28 00:00:00-04:00,MSFT,304.4449019920562,308.84042586965904,302.9373343071566,307.0391540527344,19683600
2023-09-29 00:00:00-04:00,MSFT,311.06258297495117,312.746384776468,308.35089159051364,309.10467529296875,24147300
2023-10-02 00:00:00-04:00,MSFT,309.62352913697714,315.1154758886586,308.5466739037748,315.02734375,20570000
2023-10-03 00:00:00-04:00,MSFT,314.0777619824239,314.6260036436558,304.6602303826851,306.79437255859375,21033500
2023-10-04 00:00:00-04:00,MSFT,307.4208356407086,313.3043570607618,307.3914682241067,312.2470703125,20720100
2023-10-05 00:00:00-04:00,MSFT,312.3743346117822,313.24561775068076,308.2725161916583,312.6386413574219,16965600
2023-10-06 00:00:00-04:00,MSFT,309.8878196065806,322.2618102249638,309.6430811517103,320.3724365234375,25673600
2023-10-09 00:00:00-04:00,MSFT,317.9152672966711,323.3484492911128,316.37830256029935,322.8785705566406,19891200
2023-10-10 00:00:00-04:00,MSFT,323.9945568948938,324.13162477364205,320.7738202479149,321.4786682128906,20557100
2023-10-11 00:00:00-04:00,MSFT,324.2393029495446,325.8154342155564,322.21289114367397,325.4238586425781,20063200
2023-10-12 00:00:00-04:00,MSFT,323.6127894514465,326.6083859172805,321.8017188086289,324.19036865234375,19313100
2023-10-13 00:00:00-04:00,MSFT,325.3846793916084,326.8041445225291,319.49135820401887,320.8325500488281,21072400
2023-10-16 00:00:00-04:00,MSFT,324.08268866001004,329.0655904860134,323.6421773138597,325.6392517089844,22158000
2023-10-17 00:00:00-04:00,MSFT,322.65339394249423,326.4419405397074,320.51928173209353,325.0714111328125,18338500
2023-10-18 00:00:00-04:00,MSFT,325.4923600401383,328.5271229876209,321.3905409680336,323.1624450683594,23153600
2023-10-19 00:00:00-04:00,MSFT,325.15947278983907,329.7899346500429,323.94557973464435,324.3469543457031,25052100
2023-10-20 00:00:00-04:00,MSFT,324.73856573197526,324.934368448125,318.6005359720502,319.79486083984375,25027700
2023-10-23 00:00:00-04:00,MSFT,318.62015086662296,325.7273662724693,317.56289372065373,322.3891296386719,24374700
2023-10-24 00:00:00-04:00,MSFT,324.3273920928105,324.8560355263617,320.70528084515973,323.5736083984375,31153600
2023-10-25 00:00:00-04:00,MSFT,337.75860796598914,338.91379608217926,330.5143562790692,333.50018310546875,55053800
2023-10-26 00:00:00-04:00,MSFT,333.37295718073534,334.4400133073603,320.0591786565096,320.98919677734375,37828500
2023-10-27 00:00:00-04:00,MSFT,323.4757210351802,329.63334926048014,321.4884458683103,322.8687744140625,29856500
2023-10-30 00:00:00-04:00,MSFT,326.39299310170355,332.3058824741977,324.84622935304117,330.2109069824219,22828100
2023-10-31 00:00:00-04:00,MSFT,331.7185563552872,331.86539347468425,327.6461042839537,330.9941101074219,20265300
2023-11-01 00:00:00-04:00,MSFT,332.6387311841403,340.1081537078223,332.5016633074158,338.78656005859375,28158800
2023-11-02 00:00:00-04:00,MSFT,339.9319707829099,341.4885040275744,337.51395325496594,340.9892578125,24348100
2023-11-03 00:00:00-04:00,MSFT,342.27161121053757,346.9314407134558,340.01999961550734,345.3748779296875,23637700
2023-11-06 00:00:00-05:00,MSFT,346.0112331411466,350.01515060483416,345.9133317859224,349.0263977050781,23828300
2023-11-07 00:00:00-05:00,MSFT,351.83603801636735,354.83163466533523,350.10330030774577,352.9422607421875,25833900
2023-11-08 00:00:00-05:00,MSFT,354.0680317747925,356.2119431597548,352.9618091115113,355.5560607910156,26767800
2023-11-09 00:00:00-05:00,MSFT,354.67497835793193,357.1125938314782,352.77580544293505,353.098876953125,24847300
2023-11-10 00:00:00-05:00,MSFT,353.8820570074666,362.3108661279153,353.4709130749397,361.8899230957031,28042100
2023-11-13 00:00:00-05:00,MSFT,360.4703657564029,360.715104203908,358.19918579348337,358.9627685546875,19986500
2023-11-14 00:00:00-05:00,MSFT,363.20168005612413,364.1218990717547,359.61870535436486,362.47723388671875,27683900
2023-11-15 00:00:00-05:00,MSFT,364.20368992773217,366.0184363495822,360.1131537221127,362.6243896484375,26860100
2023-11-16 00:00:00-05:00,MSFT,363.88976551430744,369.17705042836303,363.12463294088235,369.00048828125,27182300
2023-11-17 00:00:00-05:00,MSFT,366.4893122703207,367.2348369276998,360.00530734381556,362.8009948730469,40157000
2023-11-20 00:00:00-05:00,MSFT,364.1448242296059,371.6490149349355,363.9290160684621,370.24627685546875,52465100
2023-11-21 00:00:00-05:00,MSFT,368.5100775469122,369.049583062371,364.0467785330769,365.9596252441406,28423100
2023-11-22 00:00:00-05:00,MSFT,370.79563367244174,372.5515261398846,367.82338415552084,370.64849853515625,23345300
2023-11-24 00:00:00-05:00,MSFT,370.1383501357465,370.7661665682208,367.9901174917075,370.2364501953125,10176600
2023-11-27 00:00:00-05:00,MSFT,369.59884307126106,373.3852898149662,369.02991062580026,371.3939514160156,22179200
2023-11-28 00:00:00-05:00,MSFT,371.1389683050371,375.7003371685908,370.95258715281994,375.40606689453125,20453100
2023-11-29 00:00:00-05:00,MSFT,376.44578610383263,376.9754724906616,370.24623413175374,371.6293640136719,28963400
2023-11-30 00:00:00-05:00,MSFT,371.27628513665223,372.8457964517108,368.3138546072338,371.68829345703125,30554400
2023-12-01 00:00:00-05:00,MSFT,369.5793094459282,370.95262074245636,364.2331694742271,367.3721923828125,33040500
2023-12-04 00:00:00-05:00,MSFT,362.0652461744231,362.47722453595185,355.9834013927852,362.1044921875,32063300
2023-12-05 00:00:00-05:00,MSFT,359.46578625799856,365.9693989437116,358.65158858882313,365.4200744628906,23065000
2023-12-06 00:00:00-05:00,MSFT,366.42064545969674,367.0484320232483,361.0156519151652,361.7709655761719,21182100
2023-12-07 00:00:00-05:00,MSFT,361.21181439248187,364.3704447283438,359.3382140130918,363.8799743652344,23118900
2023-12-08 00:00:00-05:00,MSFT,362.16331218821597,367.3230398250767,361.2117985281366,367.0974426269531,20154400
2023-12-11 00:00:00-05:00,MSFT,361.45700631839355,364.5175362281922,359.1223628796305,364.2232360839844,27708800
2023-12-12 00:00:00-05:00,MSFT,363.7818485501349,367.2838138794258,363.3992673247469,367.24456787109375,24838300
2023-12-13 00:00:00-05:00,MSFT,368.8533485777596,370.4424978188213,363.70340938140794,367.23480224609375,30955500
2023-12-14 00:00:00-05:00,MSFT,366.19494355032305,366.63637880742436,357.18991576728746,358.9555969238281,43277500
2023-12-15 00:00:00-05:00,MSFT,359.858129570657,365.30233890168853,359.29898614385536,363.6641845703125,78502300
2023-12-18 00:00:00-05:00,MSFT,362.4085843593443,365.89091216563435,361.65324079721444,365.5475769042969,21802900
2023-12-19 00:00:00-05:00,MSFT,364.4097116072821,366.14599609375,362.7911651705603,366.14599609375,20603700
2023-12-20 00:00:00-05:00,MSFT,367.852799906723,368.8631677330293,363.46799333439736,363.5562744140625,26316700
2023-12-21 00:00:00-05:00,MSFT,365.45929104730993,367.2740374598463,362.98733108269056,366.4206237792969,17708000
2023-12-22 00:00:00-05:00,MSFT,366.55795515551875,368.02936637236263,365.60644137118885,367.4407958984375,17107500
2023-12-26 00:00:00-05:00,MSFT,367.852803392138,369.7558309565617,366.38139217856946,367.519287109375,12673100
2023-12-27 00:00:00-05:00,MSFT,366.56778944423564,367.91167362196546,365.7045567045712,366.9405517578125,14905400
2023-12-28 00:00:00-05:00,MSFT,368.2157835307377,369.28500552722875,367.02885341513803,368.12750244140625,14327000
2023-12-29 00:00:00-05:00,MSFT,368.8337398258849,369.9716347431921,366.361779793351,368.87298583984375,18730800
2024-01-02 00:00:00-05:00,MSFT,366.73448635273246,368.7356138207432,359.779620180644,363.8014831542969,25258600
2024-01-03 00:00:00-05:00,MSFT,361.97695939537715,366.1459576250118,361.48648901542015,363.5366516113281,23083500
2024-01-04 00:00:00-05:00,MSFT,363.6053473830013,365.98902639400353,360.17205450864094,360.9273681640625,20901500
2024-01-05 00:00:00-05:00,MSFT,361.93774634798484,364.9688499798779,359.51482125288123,360.7409973144531,21004600
2024-01-08 00:00:00-05:00,MSFT,362.26142084093584,368.04899543580075,361.9769695664422,367.5487060546875,23134000
2024-01-09 00:00:00-05:00,MSFT,364.91982181669266,368.82394731160934,364.11544312045595,368.6277770996094,20830000
2024-01-10 00:00:00-05:00,MSFT,369.1966557593691,376.8480113734613,369.14762069750896,375.47467041015625,25514200
2024-01-11 00:00:00-05:00,MSFT,378.64313944413783,383.2339350900792,373.1302570741052,377.29925537109375,27850800
2024-01-12 00:00:00-05:00,MSFT,378.1428259369064,381.27202920676456,377.31883933016337,381.0660400390625,21661200
2024-01-16 00:00:00-05:00,MSFT,386.1571910674611,386.52013440392574,380.2322997601581,382.831787109375,27202300
2024-01-17 00:00:00-05:00,MSFT,380.5854353256014,382.6748141545887,377.4758397118604,382.0470275878906,22234100
2024-01-18 00:00:00-05:00,MSFT,384.2541423864291,386.4808672893111,382.68463107425833,386.3631591796875,23392100
2024-01-19 00:00:00-05:00,MSFT,388.2171444423586,391.0716857910156,386.00020863284516,391.0716857910156,29331100
2024-01-22 00:00:00-05:00,MSFT,392.39593223013395,392.9845027036078,386.0884900033909,388.9528503417969,27016900
2024-01-23 00:00:00-05:00,MSFT,388.2073445307626,391.7681646348443,386.42202498468174,391.29730224609375,20525900
2024-01-24 00:00:00-05:00,MSFT,393.88696340305137,397.89900754206303,392.8177415608544,394.88751220703125,24867000
2024-01-25 00:00:00-05:00,MSFT,396.6139674673759,399.25270045475327,394.858075159448,397.1534729003906,21021200
2024-01-26 00:00:00-05:00,MSFT,396.66300059602537,398.4287118822507,394.75997317345707,396.23138427734375,17803300
2024-01-29 00:00:00-05:00,MSFT,398.3207945584323,402.16609543170915,396.62375630100183,401.9110412597656,24510200
2024-01-30 00:00:00-05:00,MSFT,404.40264755037606,405.1775691973873,398.7033841260815,400.8025817871094,33477600
2024-01-31 00:00:00-05:00,MSFT,399.2036086917865,407.40428830097585,389.6394371111151,390.00238037109375,47871100
2024-02-01 00:00:00-05:00,MSFT,394.1714429462631,400.2238610760148,394.1420159186215,396.08428955078125,30657700
2024-02-02 00:00:00-05:00,MSFT,396.11370188933375,404.7852149654356,395.86846668943514,403.3824768066406,28256700
2024-02-05 00:00:00-05:00,MSFT,402.087638647816,403.3236336682533,396.29027477301287,397.91864013671875,25352300
2024-02-06 00:00:00-05:00,MSFT,398.14423897907153,400.1944015675409,395.23084373526007,397.76165771484375,18382600
2024-02-07 00:00:00-05:00,MSFT,399.67450426882596,406.4037434899342,399.63525825649936,406.15850830078125,22340500
2024-02-08 00:00:00-05:00,MSFT,406.1584616300691,407.639691581848,404.6674426282855,406.2173156738281,21225300
2024-02-09 00:00:00-05:00,MSFT,407.3356331031592,412.799480086422,407.17867899598485,412.53460693359375,22032800
2024-02-12 00:00:00-05:00,MSFT,412.54446380988065,412.7210259706923,406.8452001103824,407.3454895019531,21202900
2024-02-13 00:00:00-05:00,MSFT,397.2221636270064,402.2543946406928,395.70171738557195,398.57586669921875,27824900
2024-02-14 00:00:00-05:00,MSFT,401.03275815392834,402.77222335184723,397.59311635632974,402.4282531738281,20401200
2024-02-15 00:00:00-05:00,MSFT,401.1015670196542,402.07448469518283,397.3179549607251,399.5487976074219,21825500
2024-02-16 00:00:00-05:00,MSFT,400.92465682975353,401.2489827226472,396.48261574205486,397.0919189453125,22296500
2024-02-20 00:00:00-05:00,MSFT,396.2860326967427,397.51447618664315,391.1462443294289,395.84381103515625,24307900
2024-02-21 00:00:00-05:00,MSFT,393.269037314301,395.3524728813638,390.3698983938528,395.2443542480469,18518900
2024-02-22 00:00:00-05:00,MSFT,403.1162117164581,405.7106689082216,401.5241536683513,404.551025390625,27009900
2024-02-23 00:00:00-05:00,MSFT,408.5016799323737,408.6883757427927,401.9172111140197,403.2635803222656,16295900
2024-02-26 00:00:00-05:00,MSFT,404.36425308702184,405.05219339501383,400.33495269298504,400.5118713378906,16193500
2024-02-27 00:00:00-05:00,MSFT,400.9541264549498,401.27845233828214,396.88553712565647,400.45294189453125,14835800
2024-02-28 00:00:00-05:00,MSFT,401.1408710933735,402.24155173669396,398.3302065928444,400.6888122558594,13183100
2024-02-29 00:00:00-05:00,MSFT,401.5929096701564,407.05702360240457,398.91981558888216,406.5066833496094,31947300
2024-03-01 00:00:00-05:00,MSFT,404.1775917906704,408.6982702714908,403.7943329800158,408.33465576171875,17823400
2024-03-04 00:00:00-05:00,MSFT,406.3101300793095,410.1527047870807,405.2094495475142,407.7646179199219,17596000
2024-03-05 00:00:00-05:00,MSFT,406.8211614689715,407.1061687535314,393.7308905561475,395.7062072753906,26919200
2024-03-06 00:00:00-05:00,MSFT,396.0206822488724,398.1729175476419,391.51967869638725,395.1558532714844,22344100
2024-03-07 00:00:00-05:00,MSFT,399.11635103541613,402.71323699020854,395.30325783772497,402.08428955078125,18718500
2024-03-08 00:00:00-05:00,MSFT,400.9245831223799,403.3421811822811,397.3571789041796,399.214599609375,18002200
2024-03-11 00:00:00-04:00,MSFT,396.79713300835283,398.6840056449402,394.3402457274735,397.54400634765625,16120800
2024-03-12 00:00:00-04:00,MSFT,400.59056281820557,408.4034765677155,399.77488941626694,408.11846923828125,22457000
2024-03-13 00:00:00-04:00,MSFT,410.8897312790389,410.96833845604056,404.3544187575241,407.94146728515625,17115900
2024-03-14 00:00:00-04:00,MSFT,412.9928335922281,420.4421311587594,410.7816354740665,417.886962890625,34157300
2024-03-15 00:00:00-04:00,MSFT,412.0592095701896,415.31212509375916,405.67130428358104,409.23870849609375,45079900
2024-03-18 00:00:00-04:00,MSFT,407.10619591579865,413.4744581297676,406.6442999374372,410.1232604980469,20106000
2024-03-19 00:00:00-04:00,MSFT,410.62442124737834,414.39822603826195,408.38374152289526,414.1427001953125,19837900
2024-03-20 00:00:00-04:00,MSFT,414.72254166213037,418.61424242329224,413.4056537780831,417.8968505859375,17860100
2024-03-21 00:00:00-04:00,MSFT,422.41748239432127,423.3904300401875,419.7935438740281,421.9654235839844,21296200
2024-03-22 00:00:00-04:00,MSFT,422.2897491598315,422.446963535343,418.7223444405752,421.3462829589844,17648500
2024-03-25 00:00:00-04:00,MSFT,417.9066185646381,420.03920955948905,414.33921403828305,415.5676574707031,18060500
2024-03-26 00:00:00-04:00,MSFT,418.2702405050307,418.64369211377476,414.08372560652526,414.3785400390625,16725600
2024-03-27 00:00:00-04:00,MSFT,417.1204243635022,417.13026150811925,411.78407332169564,414.1623229980469,16705000
2024-03-28 00:00:00-04:00,MSFT,413.70045116356334,414.59476162825587,411.89218593509474,413.464599609375,21871200
2024-04-01 00:00:00-04:00,MSFT,416.63895725075884,420.5110140062409,414.9387804548584,417.2482604980469,16316000
2024-04-02 00:00:00-04:00,MSFT,412.8650995128624,415.0959720756304,410.6342569413904,414.17218017578125,17912000
2024-04-03 00:00:00-04:00,MSFT,412.49166464341647,415.96078773337547,411.8626872035861,413.1992492675781,16502300
2024-04-04 00:00:00-04:00,MSFT,417.66092523693425,421.27748545517426,410.36890189824567,410.6735534667969,19370900
2024-04-05 00:00:00-04:00,MSFT,412.76683489834704,419.1547408159618,411.10597696046364,418.1817932128906,16554800
2024-04-08 00:00:00-04:00,MSFT,417.83783679739304,419.91143485729225,416.0000602813901,417.267822265625,14272400
2024-04-09 00:00:00-04:00,MSFT,419.0859553029516,420.3635245342137,414.34907001434647,418.9287109375,12496900
2024-04-10 00:00:00-04:00,MSFT,414.90919969169937,416.7174646993385,412.46215014194587,415.96075439453125,16216600
2024-04-11 00:00:00-04:00,MSFT,418.4766945462349,421.96546240995326,415.07634103238024,420.55029296875,17966400
2024-04-12 00:00:00-04:00,MSFT,416.73718451939897,417.84770230483133,412.53099493709567,414.624267578125,19253800
2024-04-15 00:00:00-04:00,MSFT,419.24317632918917,419.45938357073686,406.3002832613404,406.5066833496094,20273500
2024-04-16 00:00:00-04:00,MSFT,407.42067380289205,411.1846115754289,406.59516335126955,407.43048095703125,16765600
2024-04-17 00:00:00-04:00,MSFT,410.0544389834795,411.65633410094387,403.25376259314334,404.73773193359375,15855500
2024-04-18 00:00:00-04:00,MSFT,403.54855304068116,404.78683351626455,396.98375907390033,397.2982177734375,21029900
2024-04-19 00:00:00-04:00,MSFT,397.0623898394721,398.4873961854359,390.9103356715456,392.237060546875,30565800
2024-04-22 00:00:00-04:00,MSFT,393.18055056464544,395.90280071692837,388.9252352238132,394.0453796386719,20286900
2024-04-23 00:00:00-04:00,MSFT,397.2688218184954,401.1605527245356,396.10917826173034,400.5414123535156,15734500
2024-04-24 00:00:00-04:00,MSFT,402.4970231148721,405.3568429660157,399.76496617669443,402.0056457519531,15065300
2024-04-25 00:00:00-04:00,MSFT,387.2348968478242,392.99385593125254,381.3383676792714,392.15850830078125,40586500
2024-04-26 00:00:00-04:00,MSFT,405.0620486762338,405.8777219430486,398.7625869715763,399.31292724609375,29694700
2024-04-29 00:00:00-04:00,MSFT,398.261343947103,399.31289867869236,392.3058528379069,395.3130798339844,19582100
2024-04-30 00:00:00-04:00,MSFT,394.5662074998568,395.2246663994194,382.4586913890698,382.61590576171875,28781400
2024-05-01 00:00:00-04:00,MSFT,385.83931510454033,394.79222617325195,383.5789912516123,388.129150390625,23562500
2024-05-02 00:00:00-04:00,MSFT,390.80226783236736,393.0331103770738,387.84416635932274,390.9791564941406,17709400
2024-05-03 00:00:00-04:00,MSFT,395.34262364373967,400.12863501045786,394.9298534066163,399.6470947265625,17446700
2024-05-06 00:00:00-04:00,MSFT,401.7108501382599,406.7916755135943,399.36205183771864,406.4084167480469,16996600
2024-05-07 00:00:00-04:00,MSFT,407.50911609687097,407.5189532422579,402.03516456718575,402.2808532714844,20018200
2024-05-08 00:00:00-04:00,MSFT,401.13105042212936,405.1210326153664,399.6962067828019,403.4601745605469,11792300
2024-05-09 00:00:00-04:00,MSFT,403.48962134136315,405.60253803694064,402.04497067197207,405.2094421386719,14689700
2024-05-10 00:00:00-04:00,MSFT,405.81873052839654,408.2166544093559,404.69837576819543,407.5876770019531,13402300
2024-05-13 00:00:00-04:00,MSFT,410.8013229086305,411.13545592488975,403.7353138522874,406.5852966308594,15440200
2024-05-14 00:00:00-04:00,MSFT,404.91462752191757,410.29029755221785,404.45273155985166,409.3763427734375,15109300
2024-05-15 00:00:00-04:00,MSFT,411.43396907005973,417.25252925056685,410.81371203905996,416.5338134765625,22239500
2024-05-16 00:00:00-04:00,MSFT,415.2736305334928,418.8376448328751,413.8460838814957,414.4761657714844,17530100
2024-05-17 00:00:00-04:00,MSFT,416.00221762948183,416.37634285020215,411.56198942365705,413.708251953125,15352200
2024-05-20 00:00:00-04:00,MSFT,413.7082803966284,420.1667782061981,413.49168315107727,418.7589111328125,16272100
2024-05-21 00:00:00-04:00,MSFT,420.22581467067795,426.27082729608003,418.2764696581723,422.4016418457031,21453300
2024-05-22 00:00:00-04:00,MSFT,423.43539455106486,425.71950537683756,420.5212017999642,423.8587341308594,18073700
2024-05-23 00:00:00-04:00,MSFT,426.27078715380964,426.8910441613392,418.83761804177703,420.3931579589844,17211700
2024-05-24 00:00:00-04:00,MSFT,420.58025544710625,424.39037161476875,417.84327052223153,423.5043029785156,11855300
2024-05-28 00:00:00-04:00,MSFT,422.98250841239616,424.1540984130066,419.99939161518114,423.6618347167969,15718000
2024-05-29 00:00:00-04:00,MSFT,419.1034664398289,424.27223522977,419.1034664398289,422.5296325683594,15517100
2024-05-30 00:00:00-04:00,MSFT,417.7349716036768,417.7349716036768,407.8306281783295,408.2539978027344,28394500
2024-05-31 00:00:00-04:00,MSFT,410.30183893529215,410.30183893529215,398.25123185259486,408.7069091796875,47995300
2024-06-03 00:00:00-04:00,MSFT,409.10064418608687,409.98671278257075,402.59293289369214,407.1217346191406,17484700
2024-06-04 00:00:00-04:00,MSFT,406.0486602967713,409.9966250957063,403.3412097338974,409.6323547363281,14348900
2024-06-05 00:00:00-04:00,MSFT,411.3453811328119,417.5183569725432,409.8587351784671,417.449462890625,16988000
2024-06-06 00:00:00-04:00,MSFT,417.44948005128595,418.7293536763162,414.0725281736093,417.9515686035156,14861300
2024-06-07 00:00:00-04:00,MSFT,419.60557647742206,419.6843254469309,416.45507688003147,417.29193115234375,13621700
2024-06-10 00:00:00-04:00,MSFT,418.1288206635897,421.45649821147657,417.3313558315188,421.249755859375,13982900
2024-06-11 00:00:00-04:00,MSFT,418.8966815592582,426.12310825195254,418.6702294665461,425.9852600097656,14551100
2024-06-12 00:00:00-04:00,MSFT,428.5844790234761,436.53944727057524,426.54650007534946,434.23565673828125,22366200
2024-06-13 00:00:00-04:00,MSFT,434.0289338170149,436.52964196122593,432.57182236972,434.74761962890625,15960600
2024-06-14 00:00:00-04:00,MSFT,431.49865916361745,436.2834778568933,429.96279885352675,435.7222900390625,13582000
2024-06-17 00:00:00-04:00,MSFT,435.7419888452348,443.96279884211964,433.90092737019853,441.43255615234375,20790000
2024-06-18 00:00:00-04:00,MSFT,442.75181252074634,443.1751821409538,438.00641324566425,439.4339599609375,17112500
2024-06-20 00:00:00-04:00,MSFT,439.3945864733692,439.62103860195157,434.442414629224,438.80389404296875,19877400
2024-06-21 00:00:00-04:00,MSFT,440.4577888937336,443.60825794477256,439.6012550265906,442.8206481933594,34187100
2024-06-24 00:00:00-04:00,MSFT,442.84039572999666,445.74476346815527,439.50286359400394,440.7433776855469,15913700
2024-06-25 00:00:00-04:00,MSFT,441.31435950308355,444.4353242448053,439.837568562192,443.97259521484375,16413400
2024-06-26 00:00:00-04:00,MSFT,442.05283004707155,446.58166237734525,441.2553652071883,445.1639404296875,16507000
2024-06-27 00:00:00-04:00,MSFT,445.18358463488477,449.1118693221635,444.7799248025884,445.8432312011719,14806300
2024-06-28 00:00:00-04:00,MSFT,446.05981801420484,448.33407381119525,439.5028621939787,440.0345153808594,28362300
2024-07-01 00:00:00-04:00,MSFT,441.71809469633655,450.2933204774516,438.76451231040363,449.6632385253906,17662800
2024-07-02 00:00:00-04:00,MSFT,446.18782328625804,452.4789376582484,446.09918938158694,452.1737365722656,13979800
2024-07-03 00:00:00-04:00,MSFT,451.1005881786126,453.88678735468443,450.79538710423196,453.6406555175781,9932800
2024-07-05 00:00:00-04:00,MSFT,452.4986178155469,461.10340760685847,451.8685359116121,460.32562255859375,16000300
2024-07-08 00:00:00-04:00,MSFT,459.33123257528905,460.46346308739743,457.2735739768986,459.0260314941406,12962300
2024-07-09 00:00:00-04:00,MSFT,459.77428381745585,460.09916463101644,450.91353744838284,452.4297180175781,17207200
2024-07-10 00:00:00-04:00,MSFT,454.0837171765978,459.24263100795065,451.76021694759896,459.035888671875,18196100
2024-07-11 00:00:00-04:00,MSFT,455.81652839633193,457.58866578342753,444.5633568384772,447.6646423339844,23111200
2024-07-12 00:00:00-04:00,MSFT,447.3003093014831,449.29889867197954,443.67725577045155,446.5323791503906,16324300
2024-07-15 00:00:00-04:00,MSFT,446.28627396172595,450.185024234339,444.44521246679955,446.9360656738281,14429400
2024-07-16 00:00:00-04:00,MSFT,447.19204922721934,447.27079820143007,439.7490242805094,442.56475830078125,17175700
2024-07-17 00:00:00-04:00,MSFT,435.74195902538145,437.9670004651751,432.38471713490526,436.6575622558594,21778000
2024-07-18 00:00:00-04:00,MSFT,437.46491051123894,437.7701116080265,427.6787055457858,433.55633544921875,20794800
2024-07-19 00:00:00-04:00,MSFT,426.39880643244663,434.31441483454387,425.3158203253179,430.34674072265625,20940400
2024-07-22 00:00:00-04:00,MSFT,434.95440828213543,437.72092812580024,432.118964303266,436.08660888671875,15808800
2024-07-23 00:00:00-04:00,MSFT,437.0317583747776,441.45230735280467,436.2441483800791,437.9670715332031,13107100
2024-07-24 00:00:00-04:00,MSFT,433.6351347306288,434.6491968195245,420.9740958851319,422.2638244628906,26805800
2024-07-25 00:00:00-04:00,MSFT,422.1653174889069,423.1498448431678,411.0500252919827,411.9262390136719,29943800
2024-07-26 00:00:00-04:00,MSFT,411.7293557750341,422.28349032231534,410.8137224917234,418.68994140625,23583800
2024-07-29 00:00:00-04:00,MSFT,424.90231413559286,425.46350195400487,418.1287909882396,420.12738037109375,15125800
2024-07-30 00:00:00-04:00,MSFT,421.1020622928212,422.4114705197089,410.90234276735913,416.3763427734375,32687600
2024-07-31 00:00:00-04:00,MSFT,413.9937419087569,415.2539356882569,405.83200193737093,411.87701416015625,42891400
2024-08-01 00:00:00-04:00,MSFT,414.2792724511176,420.84605305704525,406.69839983005807,410.65618896484375,30296400
2024-08-02 00:00:00-04:00,MSFT,406.10766494731143,408.57883813707474,398.08377329176966,402.1695556640625,29437900
2024-08-05 00:00:00-04:00,MSFT,383.1485558976655,394.83489176821496,379.6140759587015,389.0360107421875,40709200
2024-08-06 00:00:00-04:00,MSFT,393.81095153508136,399.39323499306323,392.3341604668248,393.4269714355469,24946500
2024-08-07 00:00:00-04:00,MSFT,402.3173055349637,403.7349973998657,391.32012086399686,392.2652587890625,20650900
2024-08-08 00:00:00-04:00,MSFT,396.2132187300544,399.58028569311574,393.7519001712231,396.4593505859375,20203000
2024-08-09 00:00:00-04:00,MSFT,397.77859311198716,401.73638233312255,396.03599047899144,399.73779296875,19276700
2024-08-12 00:00:00-04:00,MSFT,400.76172633567404,402.43543495594565,397.98535182009545,400.5155944824219,16762900
2024-08-13 00:00:00-04:00,MSFT,403.2525628062739,408.5296451452922,403.23288307516907,407.60418701171875,19414300
2024-08-14 00:00:00-04:00,MSFT,408.3820014539116,411.25683501944593,406.06838582856113,410.4101257324219,18267000
2024-08-15 00:00:00-04:00,MSFT,414.0495026891561,415.3415556987604,411.9388323916096,415.2626647949219,20752100
2024-08-16 00:00:00-04:00,MSFT,414.8386210132459,415.56847485047064,411.58380640221424,412.73779296875,22775600
2024-08-19 00:00:00-04:00,MSFT,413.22105614207504,415.9728470077707,410.75530126947416,415.755859375,15234000
2024-08-20 00:00:00-04:00,MSFT,415.92353667507666,420.0265262237166,415.86436096713305,418.9810485839844,16387600
2024-08-21 00:00:00-04:00,MSFT,418.2709333493598,420.55916118279697,415.9432751081222,418.33013916015625,16067300
2024-08-22 00:00:00-04:00,MSFT,418.5470440541718,420.94378045645306,408.9306008917766,409.85772705078125,19361900
2024-08-23 00:00:00-04:00,MSFT,411.26821033098173,413.51697764071497,406.4451792024677,411.080810546875,18493800
2024-08-26 00:00:00-04:00,MSFT,410.6665125068156,411.5640508373135,405.7054152115458,407.8259582519531,13152800
2024-08-27 00:00:00-04:00,MSFT,407.2046168469379,408.68406980179446,404.6303831532702,408.17120361328125,13492900
2024-08-28 00:00:00-04:00,MSFT,409.1969879073614,409.3153393341326,401.7306743732061,404.9756164550781,14882700
2024-08-29 00:00:00-04:00,MSFT,409.2561670075729,416.26875999773983,404.97561980648004,407.4610900878906,17045200
2024-08-30 00:00:00-04:00,MSFT,409.90708149754283,411.7711764633265,406.4846126518204,411.4259948730469,24308300
2024-09-03 00:00:00-04:00,MSFT,412.1854608426902,414.1284769320411,401.4544905684809,403.83148193359375,20313600
2024-09-04 00:00:00-04:00,MSFT,400.3498254636215,405.6068015782242,398.830912042889,403.2988586425781,15135800
2024-09-05 00:00:00-04:00,MSFT,402.0363656944642,407.44131080829675,400.56678553175374,402.79583740234375,14195500
2024-09-06 00:00:00-04:00,MSFT,403.4566777506577,405.0248942566708,395.30981392110493,396.197509765625,19609500
2024-09-09 00:00:00-04:00,MSFT,401.6616132591262,403.0523026786457,396.64133973593033,400.1624450683594,15295100
2024-09-10 00:00:00-04:00,MSFT,402.6084339185776,410.62704280907684,402.1152829853601,408.5262451171875,19594300
2024-09-11 00:00:00-04:00,MSFT,409.8083932716186,418.1820858271925,403.96947343776486,417.2451171875,19266900
2024-09-12 00:00:00-04:00,MSFT,417.51145302107784,421.5158363092752,414.0002206806835,421.1509094238281,17395700
2024-09-13 00:00:00-04:00,MSFT,419.9969351521576,425.914746697553,419.6320082561189,424.6917419433594,15874600
2024-09-16 00:00:00-04:00,MSFT,424.7016342113202,427.5914917589124,422.3542307072933,425.4314880371094,13834700
2024-09-17 00:00:00-04:00,MSFT,434.1997005769437,435.79750485485505,426.3487157034463,429.18927001953125,18874200
2024-09-18 00:00:00-04:00,MSFT,429.04136013434226,430.05724996700025,424.5142376703877,424.90875244140625,18898000
2024-09-19 00:00:00-04:00,MSFT,435.1860014052933,435.452292084435,430.91529729082623,432.6807861328125,21706600
2024-09-20 00:00:00-04:00,MSFT,431.2309485866615,433.22326773049826,428.2720426762547,429.3076477050781,55167100
2024-09-23 00:00:00-04:00,MSFT,428.3311884542686,430.48131937501944,424.4944897103184,427.5717468261719,15128900
2024-09-24 00:00:00-04:00,MSFT,427.0687217553129,427.4139334394583,420.2632446802758,423.29119873046875,17015800
2024-09-25 00:00:00-04:00,MSFT,423.94215074360574,427.1870925626301,422.69943076362244,426.19091796875,13396400
2024-09-26 00:00:00-04:00,MSFT,429.1301061037402,429.3372210826113,423.251754987828,425.4018859863281,14492000
2024-09-27 00:00:00-04:00,MSFT,425.6089779793521,425.93447445668835,421.6144673905514,422.15692138671875,14896100
2024-09-30 00:00:00-04:00,MSFT,422.3443332995087,424.52408219664926,419.54323948144145,424.40570068359375,16807300
2024-10-01 00:00:00-04:00,MSFT,422.58108089859957,422.61066875300435,413.07311568923785,414.9273681640625,19092900
2024-10-02 00:00:00-04:00,MSFT,416.7914961856054,417.02822913913116,411.00190811888234,411.4161682128906,16582300
2024-10-03 00:00:00-04:00,MSFT,411.90926344701154,413.8029462214933,408.61501874387466,410.8341979980469,13686400
2024-10-04 00:00:00-04:00,MSFT,412.51087911578094,414.00020455197927,409.28568287863294,410.3607482910156,19169700
2024-10-07 00:00:00-04:00,MSFT,410.3016170053712,411.39639773757887,403.3975032576847,403.93011474609375,20919800
2024-10-08 00:00:00-04:00,MSFT,405.27145839926953,409.966265233936,402.57887338489604,409.0292663574219,19229300
2024-10-09 00:00:00-04:00,MSFT,410.16348810998284,414.6215919010832,408.62485957486433,411.7415771484375,14974300
2024-10-10 00:00:00-04:00,MSFT,409.5421386142519,411.63309377445904,407.49061385739407,410.1437683105469,13848400
2024-10-11 00:00:00-04:00,MSFT,410.4396908978323,411.41612015597997,407.589263932771,410.6172180175781,14144900
2024-10-14 00:00:00-04:00,MSFT,412.0473312101826,418.2314633461143,411.80075573680847,413.3985900878906,16653100
2024-10-15 00:00:00-04:00,MSFT,416.3969398711013,416.69284850861214,409.57174739931537,413.0040588378906,18900200
2024-10-16 00:00:00-04:00,MSFT,409.4830140710585,410.6566857580044,404.8572552888869,410.41998291015625,15508900
2024-10-17 00:00:00-04:00,MSFT,416.57447660649984,416.7125733271007,409.89722324961605,411.0117492675781,14820000
2024-10-18 00:00:00-04:00,MSFT,411.42598973201757,413.9015870376485,410.55803924257515,412.4320068359375,17145300
2024-10-21 00:00:00-04:00,MSFT,410.4199513395574,413.22104518863654,408.08242059822123,413.04351806640625,14206100
2024-10-22 00:00:00-04:00,MSFT,412.7574384780567,424.6818238542566,412.3136207193651,421.6539001464844,25482200
2024-10-23 00:00:00-04:00,MSFT,424.95807417580835,425.1750618243365,416.742191587473,418.7838439941406,19654400
2024-10-24 00:00:00-04:00,MSFT,419.5037748840412,420.144895200207,416.6139175340375,418.9120178222656,13581600
2024-10-25 00:00:00-04:00,MSFT,420.9142122484759,426.5952907757042,420.72681247783265,422.28515625,16899100
2024-10-28 00:00:00-04:00,MSFT,425.7470788183642,426.02324214447043,420.46048501920137,420.74652099609375,14882400
2024-10-29 00:00:00-04:00,MSFT,422.1372373224,427.2364316805858,419.9673609785876,426.03314208984375,17644100
2024-10-30 00:00:00-04:00,MSFT,431.4478786962363,432.4933562372157,426.18103048992214,426.6051330566406,29749100
2024-10-31 00:00:00-04:00,MSFT,409.6703738017444,410.4594334413064,400.73448031809437,400.7838134765625,53971000
2024-11-01 00:00:00-04:00,MSFT,403.40736208449033,409.80845197934053,401.9180365381017,404.74871826171875,24230400
2024-11-04 00:00:00-05:00,MSFT,404.18650910637746,404.7980415718176,400.01447130701087,402.8648681640625,19672300
2024-11-05 00:00:00-05:00,MSFT,402.7760918050739,409.2166418436789,402.4900558335031,405.8237609863281,17626000
2024-11-06 00:00:00-05:00,MSFT,406.77066424480597,414.69066771455005,404.8966664565658,414.4243469238281,26681800
2024-11-07 00:00:00-05:00,MSFT,415.5092700597973,421.0029789570154,414.12845339700306,419.6024169921875,19901800
2024-11-08 00:00:00-05:00,MSFT,419.4939629624982,420.65779206836214,416.00244554535874,416.7520446777344,16891400
2024-11-11 00:00:00-05:00,MSFT,416.7322586188732,418.9908983471605,410.3015812107333,412.2840576171875,24503300
2024-11-12 00:00:00-05:00,MSFT,412.5207686609151,418.6259798148705,411.485163708279,417.23529052734375,19401200
2024-11-13 00:00:00-05:00,MSFT,415.8643474786666,423.4489813965326,412.4813090867046,419.3755798339844,21502200
2024-11-14 00:00:00-05:00,MSFT,419.17832483529844,422.30491523139983,414.24681513135374,421.0424499511719,30246900
2024-11-15 00:00:00-05:00,MSFT,414.0692593490907,417.00841966551917,407.97392100075103,409.3152770996094,28247600
2024-11-18 00:00:00-05:00,MSFT,409.18708769998454,412.6687324009395,406.4550421174999,410.0649108886719,24727000
2024-11-19 00:00:00-05:00,MSFT,407.45119206262405,412.2150474297726,405.9125633985823,412.0671081542969,18133500
2024-11-20 00:00:00-05:00,MSFT,411.1596548604422,411.57391488876465,404.9558076834049,409.7985534667969,19191700
2024-11-21 00:00:00-05:00,MSFT,414.5818472703372,414.85856338751086,405.47983232208855,408.0295715332031,20780200
2024-11-22 00:00:00-05:00,MSFT,406.54717570369087,412.50647998528166,406.2408124943726,412.1111755371094,24814600
2024-11-25 00:00:00-05:00,MSFT,413.474991137145,416.1433187151558,409.9863774439722,413.88018798828125,27691100
2024-11-26 00:00:00-05:00,MSFT,414.6707466837262,424.009967476074,413.9394320534797,422.9722595214844,23458900
2024-11-27 00:00:00-05:00,MSFT,420.12608556589345,422.22125646736464,417.07231569319254,418.03094482421875,18332400
2024-11-29 00:00:00-05:00,MSFT,415.16493646523105,419.8987878079345,412.90177557031507,418.49542236328125,16271900
2024-12-02 00:00:00-05:00,MSFT,416.6275643373692,427.9235529659965,416.370602899235,425.92724609375,20207200
2024-12-03 00:00:00-05:00,MSFT,424.8006430250728,427.3998142862311,422.72525694948587,426.14471435546875,18302000
2024-12-04 00:00:00-05:00,MSFT,427.95323167121506,434.5153999624501,427.55792723241916,432.2917785644531,26009400
2024-12-05 00:00:00-05:00,MSFT,432.7859063083414,439.44687793021666,431.0564230401268,437.4307861328125,21697800
2024-12-06 00:00:00-05:00,MSFT,437.1145294101148,440.8699968788184,436.5907442566123,438.3696594238281,18821000
2024-12-09 00:00:00-05:00,MSFT,437.41103647885797,443.0738395996816,435.33565050126293,440.7909240722656,19144400
2024-12-10 00:00:00-05:00,MSFT,439.1800773312265,444.3487425824553,436.42277827381423,438.1324768066406,18469500
2024-12-11 00:00:00-05:00,MSFT,438.84398789693245,445.0701453909691,438.84398789693245,443.72607421875,19200200
2024-12-12 00:00:00-05:00,MSFT,443.8446923743848,450.81205740820604,443.8446923743848,444.2894287109375,20834800
2024-12-13 00:00:00-05:00,MSFT,443.1825414368637,446.13747735633456,440.3560560775405,442.0262451171875,20177800
2024-12-16 00:00:00-05:00,MSFT,442.02629379074256,446.87873364714176,440.0596337652838,446.295654296875,23598800
2024-12-17 00:00:00-05:00,MSFT,445.72242348242105,449.95224407864544,444.2993034538041,449.1319580078125,22733500
2024-12-18 00:00:00-05:00,MSFT,446.02882636391814,447.3432204529913,431.89645846414146,432.26214599609375,24444500
2024-12-19 00:00:00-05:00,MSFT,436.44249480171817,437.9842031344139,431.2046434354816,431.90631103515625,22963700
2024-12-20 00:00:00-05:00,MSFT,428.03227991601136,438.5376604876813,423.6048219518138,431.48138427734375,64263700
2024-12-23 00:00:00-05:00,MSFT,431.61967744219925,432.5190122773264,427.7555144226145,430.14715576171875,19152500
2024-12-24 00:00:00-05:00,MSFT,429.55422661934296,434.44620567192754,429.0996280307953,434.1793518066406,7164500
2024-12-26 00:00:00-05:00,MSFT,433.9322924323696,435.7705018127553,431.5110338839644,432.9736633300781,8194200
2024-12-27 00:00:00-05:00,MSFT,429.5048352492743,430.117561657289,421.351556737901,425.4825439453125,18117700
2024-12-30 00:00:00-05:00,MSFT,421.0649252132939,422.53744699473475,416.95369289645987,419.8493347167969,13158700
2024-12-31 00:00:00-05:00,MSFT,421.1044871129431,421.72710593306806,415.72826227096317,416.55841064453125,13246500
2025-01-02 00:00:00-05:00,MSFT,420.54113855935236,421.0748161119684,409.98635677531166,413.672607421875,16896500
2025-01-03 00:00:00-05:00,MSFT,416.1432822085411,419.05870873446685,414.62135874681445,418.3866882324219,16662900
2025-01-06 00:00:00-05:00,MSFT,422.98218924692804,429.2281017096726,420.4917442238413,422.8339538574219,20573600
2025-01-07 00:00:00-05:00,MSFT,423.9704579117962,425.6011074871905,415.8665816173968,417.4181823730469,18139100
2025-01-08 00:00:00-05:00,MSFT,418.4954097350683,421.9642686702226,416.5979364179098,419.58251953125,15054600
2025-01-10 00:00:00-05:00,MSFT,419.65173171033285,419.73078053679086,410.1543816529302,414.038330078125,20201100
2025-01-13 00:00:00-05:00,MSFT,410.3717691669062,413.5935589908242,407.456372689251,412.2989196777344,17604800
2025-01-14 00:00:00-05:00,MSFT,412.91161749371906,414.81898304783346,405.9047438597477,410.7967224121094,16935900
2025-01-15 00:00:00-05:00,MSFT,414.2161660512409,423.1304056035061,413.3662329233126,421.3119812011719,19637800
2025-01-16 00:00:00-05:00,MSFT,423.67398737859014,424.45470380326,419.4145196873236,419.6022644042969,15300000
2025-01-17 00:00:00-05:00,MSFT,429.0007970548674,429.386239236107,423.1502190446997,424.0001220703125,26197500
2025-01-21 00:00:00-05:00,MSFT,425.1563998310193,425.8481750206776,420.61032363697626,423.476318359375,26085700
2025-01-22 00:00:00-05:00,MSFT,432.4300909934364,442.0262435482701,430.88838267920255,440.96881103515625,27803800
2025-01-23 00:00:00-05:00,MSFT,436.81806704057095,441.5123788470024,436.3239289556834,441.47283935546875,18389300
2025-01-24 00:00:00-05:00,MSFT,439.9409915761193,441.41351331157875,436.22506379505893,438.8538818359375,15549500
2025-01-27 00:00:00-05:00,MSFT,419.0389699284215,430.0977821935737,418.53493945291683,429.46527099609375,35647800
2025-01-28 00:00:00-05:00,MSFT,429.50483681704293,443.1232814648123,426.3225862891417,441.9571228027344,23491700
2025-01-29 00:00:00-05:00,MSFT,441.45306462654537,441.6408395030523,435.23679935643304,437.1441650390625,23581400
2025-01-30 00:00:00-05:00,MSFT,413.86043891918166,417.90248520708315,408.3162235722408,410.124755859375,54586300
2025-01-31 00:00:00-05:00,MSFT,414.06793377994285,415.7578774765854,410.04564278987584,410.1938781738281,34161900
2025-02-03 00:00:00-05:00,MSFT,406.774468051233,410.53979775772405,403.8689337668832,406.1024475097656,25679100
2025-02-04 00:00:00-05:00,MSFT,407.85171705562664,409.067307667959,404.9362901326214,407.53546142578125,20532100
2025-02-05 00:00:00-05:00,MSFT,407.515689607161,408.97831905399164,405.5885389886856,408.4446716308594,16316700
2025-02-06 00:00:00-05:00,MSFT,409.1463070589971,413.29707875974475,409.1463070589971,410.9449768066406,16309800
2025-02-07 00:00:00-05:00,MSFT,411.5972455590395,413.74178783038474,403.3154869234488,404.9461364746094,22886800
2025-02-10 00:00:00-05:00,MSFT,408.85969825647294,410.58918143726896,406.10242964328353,407.3871765136719,20817900
2025-02-11 00:00:00-05:00,MSFT,404.83747842325164,407.65404147500567,404.50143797348676,406.6163635253906,18140600
2025-02-12 00:00:00-05:00,MSFT,402.435914112503,405.93442005448907,399.6292135248499,404.2444763183594,19121700
2025-02-13 00:00:00-05:00,MSFT,402.22836193070845,406.18146622486773,401.59585076694265,405.72686767578125,23891700
2025-02-14 00:00:00-05:00,MSFT,403.0091510093491,404.1160155029715,401.1215398904841,403.6416320800781,22758500
2025-02-18 00:00:00-05:00,MSFT,403.2166455935164,405.78616946504144,401.7342314553049,404.8374328613281,21423100
2025-02-19 00:00:00-05:00,MSFT,403.09808061190597,410.61884763156144,402.8707662400353,409.90728759765625,24114200
2025-02-20 00:00:00-05:00,MSFT,411.24414537664296,415.2249706128277,408.520936591177,412.0759582519531,23508700
2025-02-21 00:00:00-05:00,MSFT,413.27418223243296,413.97725680128366,403.91626425407014,404.2331237792969,27524800
2025-02-24 00:00:00-05:00,MSFT,404.5301894031576,405.38179653354615,395.4297185716828,400.0641174316406,26443700
2025-02-25 00:00:00-05:00,MSFT,397.1923965138258,398.00441513588805,392.8352683816966,394.0235595703125,29387400
2025-02-26 00:00:00-05:00,MSFT,394.13250979931917,399.66804717869115,390.40913086553707,395.83575439453125,19619000
2025-02-27 00:00:00-05:00,MSFT,397.3607146060961,401.78716793671936,388.3493932994261,388.70587158203125,21127400
2025-02-28 00:00:00-05:00,MSFT,388.83460333794534,393.7561854578909,382.80393739721217,393.1224060058594,32845700
2025-03-03 00:00:00-05:00,MSFT,394.93461038215554,394.93461038215554,382.39794340981075,384.7052307128906,23007700
2025-03-04 00:00:00-05:00,MSFT,379.6648014174362,388.75535997703025,377.2881889484286,384.82403564453125,29342900
2025-03-05 00:00:00-05:00,MSFT,385.5469260754551,397.7568203379533,385.02209070764377,397.1131286621094,23433100
2025-03-06 00:00:00-05:00,MSFT,390.438848896208,398.23217304119834,388.8544303529959,393.0234375,23304600
2025-03-07 00:00:00-05:00,MSFT,388.497925986767,390.9537458547577,381.7839796807534,389.478271484375,22034100
2025-03-10 00:00:00-04:00,MSFT,382.08104715568106,382.6355890788174,373.5450301742595,376.4563903808594,32840100
2025-03-11 00:00:00-04:00,MSFT,375.30770541349494,382.23950999896846,373.2380702422645,376.74359130859375,30380200
2025-03-12 00:00:00-04:00,MSFT,379.21921226907705,381.4670864515663,375.2581813231993,379.53607177734375,24253600
2025-03-13 00:00:00-04:00,MSFT,379.42714079198,381.5661010325616,373.7727778338423,375.07989501953125,20473000
2025-03-14 00:00:00-04:00,MSFT,376.0801044136148,386.42831046600287,375.8127456880931,384.7745666503906,19952800
2025-03-17 00:00:00-04:00,MSFT,382.9326924641042,388.88412112316473,381.813696346666,384.9132080078125,22474300
2025-03-18 00:00:00-04:00,MSFT,383.29909421372145,383.59615946585757,377.38725393405446,379.7836608886719,19486900
2025-03-19 00:00:00-04:00,MSFT,381.7740797920575,385.8836435250732,380.2589866011294,384.0417785644531,19185500
2025-03-20 00:00:00-04:00,MSFT,381.98206039861145,387.97313863322194,379.5460345045817,383.07135009765625,18470500
2025-03-21 00:00:00-04:00,MSFT,379.4865916093534,387.92357710345186,379.07067004050685,387.4482727050781,39675900
2025-03-24 00:00:00-04:00,MSFT,391.54789342681113,391.54789342681113,386.0123564410982,389.25048828125,21004500
2025-03-25 00:00:00-04:00,MSFT,390.082331804945,392.49853282327706,388.8148031404558,391.31024169921875,15775000
2025-03-26 00:00:00-04:00,MSFT,391.15183295239507,391.45881045430576,384.7844825194778,386.17083740234375,16108400
2025-03-27 00:00:00-04:00,MSFT,386.3292434732889,388.4186727261189,383.62582905803845,386.77484130859375,13766800
2025-03-28 00:00:00-04:00,MSFT,384.2992410074857,385.339029849346,373.2578723723651,375.1096496582031,21632000
2025-03-31 00:00:00-04:00,MSFT,368.91063894364476,373.3965054432232,363.6622546184452,371.7328796386719,35184700
2025-04-01 00:00:00-04:00,MSFT,371.00006183577835,379.120187514209,369.59391274714585,378.46661376953125,19689500
2025-04-02 00:00:00-04:00,MSFT,374.2877261088344,381.32844426453147,372.95087209109226,378.4171142578125,16092600
2025-04-03 00:00:00-04:00,MSFT,371.1386925275575,373.80248816308017,365.75168821202425,369.47503662109375,30198000
2025-04-04 00:00:00-04:00,MSFT,360.5825648601157,370.94065262193254,355.97787229621173,356.3343505859375,49209900
2025-04-07 00:00:00-04:00,MSFT,347.4616768226877,367.38565979064595,341.43101018463227,354.3736572265625,50425000
2025-04-08 00:00:00-04:00,MSFT,364.6723801381887,370.00985444922924,346.83782587387293,351.1058349609375,35868900
2025-04-09 00:00:00-04:00,MSFT,350.0957251156184,389.39905670107095,349.66000929830324,386.68572998046875,50199700
2025-04-10 00:00:00-04:00,MSFT,378.33787067807094,380.1599412978202,364.21678559967916,377.6347961425781,38024400
2025-04-11 00:00:00-04:00,MSFT,376.93176841990726,386.2500683401823,375.1988171553271,384.6656799316406,23839200
2025-04-14 00:00:00-04:00,MSFT,389.38918941494444,390.80525087459347,380.46695659777833,384.0318908691406,19251200
2025-04-15 00:00:00-04:00,MSFT,384.7250528209778,388.07212889209285,380.41742551182244,381.9721374511719,17199900
2025-04-16 00:00:00-04:00,MSFT,376.9614172312142,377.8922316795949,364.41483869971677,367.9896545410156,21967800
2025-04-17 00:00:00-04:00,MSFT,370.10883089247193,370.6732850580017,363.31567729138493,364.1969909667969,21120200
2025-04-21 00:00:00-04:00,MSFT,359.2853342749941,360.9291658129438,352.20499720618693,355.6213684082031,20807300
2025-04-22 00:00:00-04:00,MSFT,359.83987920585236,364.18709517298703,356.3541524572501,363.2463684082031,19485000
2025-04-23 00:00:00-04:00,MSFT,372.3963282706759,376.68416126561135,369.38593623911186,370.74261474609375,20545500
2025-04-24 00:00:00-04:00,MSFT,372.0398589139721,384.6656455709585,371.53481777720657,383.5268249511719,22232300
2025-04-25 00:00:00-04:00,MSFT,383.2297752805051,388.33950924401097,380.8531625631297,388.03253173828125,18973200
2025-04-28 00:00:00-04:00,MSFT,388.1414067328739,388.9138065441973,382.87325863987553,387.3492126464844,16579400
2025-04-29 00:00:00-04:00,MSFT,387.4878753983452,391.2508732709842,386.5768551213708,390.2012023925781,14974000
2025-04-30 00:00:00-04:00,MSFT,386.49757125114587,392.79562598704683,380.69467558939255,391.4092712402344,36461100
2025-05-01 00:00:00-04:00,MSFT,426.91004003637113,432.7327609318022,420.7605473528486,421.25567626953125,58938100
2025-05-02 00:00:00-04:00,MSFT,427.533877248033,435.1588741169636,425.80092616148227,431.0393981933594,30757400
2025-05-05 00:00:00-04:00,MSFT,428.6528467821077,435.21826018394785,427.9002412578344,431.92071533203125,20136100
2025-05-06 00:00:00-04:00,MSFT,427.98945134811964,433.46557600489854,426.96948697979536,429.088623046875,15104200
2025-05-07 00:00:00-04:00,MSFT,429.61342097536215,433.8517229596541,426.9100064238295,429.1282043457031,23295300
2025-05-08 00:00:00-04:00,MSFT,433.66359321182534,439.34769356127396,431.4157188741818,433.9012756347656,23491300
2025-05-09 00:00:00-04:00,MSFT,435.7133964534002,436.4461774951318,431.6335394854884,434.4557800292969,15324200
2025-05-12 00:00:00-04:00,MSFT,441.5955462250109,444.9921230759706,435.4955548202822,444.8832092285156,22821900
2025-05-13 00:00:00-04:00,MSFT,443.41763796979524,446.2794975271711,441.021200788799,444.764404296875,23618800
2025-05-14 00:00:00-04:00,MSFT,443.77414887416586,449.47801330220653,443.77414887416586,448.5273742675781,19902800
2025-05-15 00:00:00-04:00,MSFT,447.1979616790238,452.57502540604634,446.860659567107,449.5392761230469,21992300
2025-05-16 00:00:00-04:00,MSFT,448.46778736985397,450.75947970899136,445.1741192074842,450.6701965332031,23849800
2025-05-19 00:00:00-04:00,MSFT,447.3071495873714,455.9481214834615,447.2277665675242,455.23382568359375,21336500
2025-05-20 00:00:00-04:00,MSFT,451.9797952414424,454.7080036018212,450.719869916101,454.53936767578125,15441800
2025-05-21 00:00:00-04:00,MSFT,450.967885651573,454.1524403651085,448.22974686474834,448.9837341308594,19216900
2025-05-22 00:00:00-04:00,MSFT,451.3448676580097,456.6028569421555,450.30316997101943,451.25555419921875,18025600
2025-05-23 00:00:00-04:00,MSFT,446.4142434023006,450.0948358464348,445.3527151156796,446.6126403808594,16883500
2025-05-27 00:00:00-04:00,MSFT,452.86273735527834,457.29731705224054,452.5055743512772,457.03936767578125,20974300
2025-05-28 00:00:00-04:00,MSFT,457.56517641086623,458.8548627693229,453.3091629867606,453.7357482910156,17086300
2025-05-29 00:00:00-04:00,MSFT,457.8925405838875,458.0612067791374,451.7019977235154,455.0452880859375,13974800
2025-05-30 00:00:00-04:00,MSFT,456.07706236471586,458.0215223462663,451.9301930198663,456.71197509765625,34770500
2025-06-02 00:00:00-04:00,MSFT,453.51752207653715,458.44810948050275,453.2695031394806,458.3092346191406,16626500
2025-06-03 00:00:00-04:00,MSFT,457.81315604121755,460.46201137480375,457.20797414521616,459.30126953125,15743800
2025-06-04 00:00:00-04:00,MSFT,460.32309699178137,461.9997072455568,459.35085196524574,460.1941223144531,14162700
2025-06-05 00:00:00-04:00,MSFT,461.2755516588244,465.9283895442318,460.35292843866904,463.9739990234375,20131700
2025-06-06 00:00:00-04:00,MSFT,466.3648469522318,469.5890928719542,465.06523024972654,466.6525573730469,15285600
2025-06-09 00:00:00-04:00,MSFT,465.9779957450024,469.67841894667356,464.90653697170796,469.0038146972656,16469900
2025-06-10 00:00:00-04:00,MSFT,467.45617352695865,469.0534009468453,463.25968221899245,467.1883239746094,15375900
2025-06-11 00:00:00-04:00,MSFT,466.29544434484353,471.7022694228479,465.9383115986028,468.8748474121094,16399200
2025-06-12 00:00:00-04:00,MSFT,471.2557893550323,476.6130223697302,469.7676758011157,475.0752868652344,18950600
2025-06-13 00:00:00-04:00,MSFT,472.6348110082228,475.3828499324856,469.0137405811006,471.1962890625,16814500
2025-06-16 00:00:00-04:00,MSFT,471.44428961660435,476.8808754060361,471.23596219473825,475.3431701660156,15626100
2025-06-17 00:00:00-04:00,MSFT,471.63279762120845,474.9463269378011,470.3232503868908,474.25189208984375,15414100
2025-06-18 00:00:00-04:00,MSFT,474.21220825159133,477.1884355000323,470.70025162122124,476.4344482421875,17526500
2025-06-20 00:00:00-04:00,MSFT,478.4086860483398,479.62891980922967,473.09114443804276,473.616943359375,37576200
2025-06-23 00:00:00-04:00,MSFT,474.42052531416374,483.884936234588,468.76571183115124,482.1488037109375,24864000
2025-06-24 00:00:00-04:00,MSFT,485.07541514458467,487.9524285572733,482.9424282150726,486.2261962890625,22305600
2025-06-25 00:00:00-04:00,MSFT,488.1409520653471,490.64097201284227,485.5119574284625,488.3691101074219,17495100
2025-06-26 00:00:00-04:00,MSFT,489.0735074056833,494.09340820956044,488.9048412091741,493.5080871582031,21578900
2025-06-27 00:00:00-04:00,MSFT,493.60726767719865,495.3434002058453,489.12309627390664,492.0100402832031,34539200
2025-06-30 00:00:00-04:00,MSFT,493.1013206195562,496.79184348109624,491.404849352638,493.4683837890625,28369000
2025-07-01 00:00:00-04:00,MSFT,492.53583641461546,494.10330273882704,487.08935037246306,488.1508483886719,19945400
2025-07-02 00:00:00-04:00,MSFT,486.107196925814,489.5893925672679,484.82744098086494,487.198486328125,16319600
2025-07-03 00:00:00-04:00,MSFT,489.8969147231798,496.1668406146565,489.5298515465148,494.8870544433594,13984800
2025-07-07 00:00:00-04:00,MSFT,493.4386073251964,494.79774616477766,491.3056506650491,493.7759094238281,13981600
2025-07-08 00:00:00-04:00,MSFT,493.2997134401056,494.25212791462184,490.1945116420166,492.68463134765625,11846600
2025-07-09 00:00:00-04:00,MSFT,496.3354652236218,502.76412671878114,495.77990524850594,499.5200500488281,18659500
2025-07-10 00:00:00-04:00,MSFT,499.06366987607214,500.4426696344743,493.8056807647675,497.5061340332031,16492100
2025-07-11 00:00:00-04:00,MSFT,494.5200000462786,501.0280145407016,493.85529597280816,499.3315734863281,16459500
2025-07-14 00:00:00-04:00,MSFT,497.5457914873048,499.9763890495242,497.0596840851599,499.0339050292969,12058800
2025-07-15 00:00:00-04:00,MSFT,499.03396763670395,504.2721267506509,498.80580957478617,501.8117980957031,14927200
2025-07-16 00:00:00-04:00,MSFT,501.1768265275145,502.70463167926073,497.9129190668174,501.61334228515625,15154400
2025-07-17 00:00:00-04:00,MSFT,501.6728265840105,509.30189104591364,501.6133044647972,507.6451416015625,17503100
2025-07-18 00:00:00-04:00,MSFT,510.4030974050004,510.5618634291492,503.40897568442307,506.0082092285156,21209700
2025-07-21 00:00:00-04:00,MSFT,502.69466780228106,508.0320701704435,501.54385636100875,506.01812744140625,14066800
2025-07-22 00:00:00-04:00,MSFT,506.92095727911294,507.1491456054249,501.26611328125,501.26611328125,13868600
2025-07-23 00:00:00-04:00,MSFT,502.73439015336794,502.77408166088094,496.73234393031225,501.8613586425781,16396600
2025-07-24 00:00:00-04:00,MSFT,504.73833906736274,509.5995039044367,503.27998658866585,506.8316345214844,16107000
2025-07-25 00:00:00-04:00,MSFT,508.409026924469,514.1829150146133,506.3157616392057,509.6392517089844,19125700
2025-07-28 00:00:00-04:00,MSFT,510.0063088656235,510.91900158393673,506.07766717141,508.4388122558594,14308000
2025-07-29 00:00:00-04:00,MSFT,511.4448362580723,513.5182406496896,507.50626407616875,508.5082702636719,16469200
2025-07-30 00:00:00-04:00,MSFT,511.08764202727673,511.86149016920456,505.4030674134904,509.1729431152344,26380400
2025-07-31 00:00:00-04:00,MSFT,550.8301860551579,551.0484742016899,527.6851029610986,529.2723999023438,51617300
2025-08-01 00:00:00-04:00,MSFT,530.7605061500977,531.5541546097426,516.7325410439772,519.956787109375,28977600
2025-08-04 00:00:00-04:00,MSFT,524.0837934579807,533.9846885103634,523.944888342453,531.3953857421875,25349000
2025-08-05 00:00:00-04:00,MSFT,532.9232605080902,533.0423047576313,523.0620248277625,523.5679931640625,19171600
2025-08-06 00:00:00-04:00,MSFT,526.6930052823053,527.4866537198485,519.8774501718309,520.7802124023438,21355700
2025-08-07 00:00:00-04:00,MSFT,522.6254396329194,523.9052559727172,513.4487398823029,516.7127075195312,16079100
2025-08-08 00:00:00-04:00,MSFT,518.4587582353118,520.502431840537,515.2940341981842,517.9031982421875,15531000
2025-08-11 00:00:00-04:00,MSFT,518.1612057268388,523.4093257403006,515.6016330725902,517.6354370117188,20194400
2025-08-12 00:00:00-04:00,MSFT,519.5995961800784,526.7722834009899,518.5579289090128,525.0460815429688,18667000
2025-08-13 00:00:00-04:00,MSFT,527.8934364066101,528.4787877679453,515.2544004746543,516.454833984375,19619200
2025-08-14 00:00:00-04:00,MSFT,518.4190436500928,521.7821945996749,516.0182375574066,518.3396606445312,20269100
2025-08-15 00:00:00-04:00,MSFT,518.6274679925785,521.9310366989816,514.9667059909838,516.0480346679688,25213300
2025-08-18 00:00:00-04:00,MSFT,517.4567900842618,518.6770238166106,509.9467697824549,513.0023193359375,23760600
2025-08-19 00:00:00-04:00,MSFT,510.91900524319027,511.0777107186651,504.5201046206217,505.7304382324219,21481000
2025-08-20 00:00:00-04:00,MSFT,505.829663283555,506.9507137373093,500.4426991689255,501.7125549316406,27723000
2025-08-21 00:00:00-04:00,MSFT,500.5200933584279,504.43529989468334,499.55619671725805,501.0666198730469,18443300
2025-08-22 00:00:00-04:00,MSFT,501.0765850227361,507.5158151187978,499.2481684011306,504.037841796875,24324200
2025-08-25 00:00:00-04:00,MSFT,503.44159720621536,504.9917771303553,500.9473838488724,501.0865173339844,21638600
2025-08-26 00:00:00-04:00,MSFT,501.18583887731603,501.8019624337255,495.37267961289456,498.8804626464844,30835700
2025-08-27 00:00:00-04:00,MSFT,498.8407434548062,504.09746017877256,496.75395340313815,503.5509033203125,17277900
2025-08-28 00:00:00-04:00,MSFT,503.89867767213724,507.87350408410515,502.3186878124423,506.4326477050781,18015600
2025-08-29 00:00:00-04:00,MSFT,505.4588240002719,506.39291066950057,501.3150539612025,503.501220703125,20961600
2025-09-02 00:00:00-04:00,MSFT,497.32034095368414,502.81553721257154,493.68337117589067,501.9410705566406,18128000
2025-09-03 00:00:00-04:00,MSFT,500.6194673133705,504.5942937991858,499.1587173668126,502.1696472167969,16345100
2025-09-04 00:00:00-04:00,MSFT,501.1262461318779,504.95202275876863,499.983489561643,504.7731628417969,15509500
2025-09-05 00:00:00-04:00,MSFT,505.86622472604114,508.74796779288187,489.27131242222254,491.884765625,31994800
2025-09-08 00:00:00-04:00,MSFT,494.97517595073856,498.04575600626316,491.91457299081776,495.06463623046875,16771000
2025-09-09 00:00:00-04:00,MSFT,498.27426777402997,499.08911442264,494.5677617531993,495.2732849121094,14410500
2025-09-10 00:00:00-04:00,MSFT,499.81459851362206,500.06302518446205,493.59398497162135,497.22100830078125,21611800
2025-09-11 00:00:00-04:00,MSFT,499.08915061774627,500.00337405269875,494.7466575341409,497.8569641113281,18881600
2025-09-12 00:00:00-04:00,MSFT,503.4614629424367,509.32432605160386,500.67909648146514,506.6910095214844,23624900
2025-09-15 00:00:00-04:00,MSFT,505.58800862213144,512.2259313574772,503.80926524972944,512.1166381835938,17143800
2025-09-16 00:00:00-04:00,MSFT,513.6270820344445,513.9748550906477,505.3991924428879,505.83642578125,19711900
2025-09-17 00:00:00-04:00,MSFT,507.4064717390096,508.07226852063866,502.74598524416496,506.81024169921875,15816600
2025-09-18 00:00:00-04:00,MSFT,508.270968235188,509.84104161182444,504.4650853819943,505.2501220703125,18913700
2025-09-19 00:00:00-04:00,MSFT,507.34691829589656,516.0319056285313,507.09849160720086,514.6705322265625,52474100
2025-09-22 00:00:00-04:00,MSFT,512.3452424901319,514.48167541423,509.3143886623668,511.21240234375,20009300
2025-09-23 00:00:00-04:00,MSFT,510.56645428814153,511.35152134239047,504.1173079645634,506.0252380371094,19799600
2025-09-24 00:00:00-04:00,MSFT,507.16798604562155,509.2547456727144,503.72976965544393,506.9394226074219,13533700
2025-09-25 00:00:00-04:00,MSFT,505.10107733704126,506.8003375404676,501.8616142840625,503.8390808105469,15786500
2025-09-26 00:00:00-04:00,MSFT,506.849997214163,510.70558375978015,503.4316440082871,508.2411804199219,16213100
2025-09-29 00:00:00-04:00,MSFT,508.28089264453985,513.5971983462931,505.6773863749633,511.3613586425781,17617800
2025-09-30 00:00:00-04:00,MSFT,510.0099885223437,514.8990082310244,506.45253207823936,514.6903686523438,19728200
2025-10-01 00:00:00-04:00,MSFT,511.56013673304216,517.2342231556227,508.4697238165545,516.4392700195312,22632300
2025-10-02 00:00:00-04:00,MSFT,514.3823296081488,518.3173691617891,507.4661094259624,512.4942626953125,21222900
2025-10-03 00:00:00-04:00,MSFT,513.8456285403139,517.2143082734997,511.75886906280147,514.0940551757812,15112300
2025-10-06 00:00:00-04:00,MSFT,515.3461902238155,527.6880704621805,514.9387971845453,525.2435302734375,21388600
2025-10-07 00:00:00-04:00,MSFT,524.9651845969764,526.4656911148447,518.1583193382712,520.6823120117188,14615200
2025-10-08 00:00:00-04:00,MSFT,519.9868090400763,523.6336952116123,519.7980023635643,521.546875,13363400
2025-10-09 00:00:00-04:00,MSFT,519.0527457511332,521.0302122328587,514.1438325922749,519.1123657226562,18343600
2025-10-10 00:00:00-04:00,MSFT,516.3697201998212,520.2849266906686,506.42270727517143,507.74432373046875,24133800
2025-10-13 00:00:00-04:00,MSFT,513.1600134586593,513.1600134586593,508.45980051307464,510.81488037109375,14284200
2025-10-14 00:00:00-04:00,MSFT,507.01894463812107,512.0371813139038,502.8155546768959,510.3379211425781,14684300
2025-10-15 00:00:00-04:00,MSFT,511.71919177145384,513.93513816427,506.7903850161382,510.19879150390625,14694700
2025-10-16 00:00:00-04:00,MSFT,509.35418580491137,513.5972720757079,504.93217895922305,508.3902587890625,15559600
2025-10-17 00:00:00-04:00,MSFT,505.8364635131052,512.2359067167633,504.1173400169688,510.347900390625,19867800
2025-10-20 00:00:00-04:00,MSFT,511.3713853844849,515.4356724346321,510.1988187679518,513.5376586914062,14665600
2025-10-21 00:00:00-04:00,MSFT,514.2431942660954,515.4257076122852,509.81124074780416,514.4021606445312,15586200
2025-10-22 00:00:00-04:00,MSFT,517.870184130928,521.9244631183706,514.4518312300626,517.2639770507812,18962700
2025-10-23 00:00:00-04:00,MSFT,519.1720024577996,520.6526156742948,515.3461954332505,517.283935546875,14023500
2025-10-24 00:00:00-04:00,MSFT,519.499850577073,522.0437370421222,517.4329845218087,520.314697265625,15532400
2025-10-27 00:00:00-04:00,MSFT,528.4333612309177,531.2157277722118,525.6807743511338,528.1749877929688,18734700
2025-10-28 00:00:00-04:00,MSFT,546.5386557673307,550.2352153811122,537.366762825241,538.6585693359375,29986700
2025-10-29 00:00:00-04:00,MSFT,541.5104645203966,542.8321112501552,533.3521116884923,538.1417846679688,36023000
2025-10-30 00:00:00-04:00,MSFT,527.1414377363435,531.6031704966998,518.8340654321457,522.451171875,41023100
2025-10-31 00:00:00-04:00,MSFT,525.5515477587454,525.9887810857076,511.85824179468614,514.5512084960938,34006400
2025-11-03 00:00:00-05:00,MSFT,516.5385956979154,521.6562086548496,511.3514766558802,513.776123046875,22374700
2025-11-04 00:00:00-05:00,MSFT,508.53933673798264,512.3054631947169,504.64399323613884,511.0931701660156,20958700
2025-11-05 00:00:00-05:00,MSFT,510.06960470137113,511.5900049686576,503.39189488693165,503.96826171875,23024300
2025-11-06 00:00:00-05:00,MSFT,502.47768369906356,502.51744045426454,492.6896676102462,493.9715576171875,27406500
2025-11-07 00:00:00-05:00,MSFT,493.8225155697467,496.2372153715257,490.1457889557352,493.6933288574219,24019800
2025-11-10 00:00:00-05:00,MSFT,496.8930687697553,503.66020845333964,495.66085193460816,502.8155517578125,26101500
2025-11-11 00:00:00-05:00,MSFT,501.6230817360039,506.39289163210333,499.18851875070465,505.4786682128906,17980000
2025-11-12 00:00:00-05:00,MSFT,506.1543908722183,508.4498810705414,495.9788447581273,507.9232177734375,26574900
2025-11-13 00:00:00-05:00,MSFT,507.09842927280135,510.2683558569415,498.13520636364063,500.12261962890625,25273100
2025-11-14 00:00:00-05:00,MSFT,495.0944623167857,508.38031503091224,494.30942559248354,506.96923828125,28505700
2025-11-17 00:00:00-05:00,MSFT,505.2501227292945,508.8970088955905,501.7323929449627,504.296142578125,19092800
2025-11-18 00:00:00-05:00,MSFT,492.2524466910109,499.8145698875434,483.71651040889276,490.6824035644531,33815100
2025-11-19 00:00:00-05:00,MSFT,487.0156083775533,492.0735713081103,479.79134202204426,484.0543518066406,23245300
2025-11-20 00:00:00-05:00,MSFT,490.525525238351,491.38172816347884,473.39183555424523,476.308837890625,26802500
2025-11-21 00:00:00-05:00,MSFT,476.3785437287191,476.796695003642,466.19388806310616,470.0268249511719,31769200
2025-11-24 00:00:00-05:00,MSFT,472.8940649877621,474.7856351712577,465.94500021095376,471.89849853515625,34421000
2025-11-25 00:00:00-05:00,MSFT,471.9681767111092,477.0256407210385,462.82888433135173,474.8752136230469,28019800
2025-11-26 00:00:00-05:00,MSFT,484.1539406114854,486.14507360501653,479.06661039650686,483.3475341796875,25709100
2025-11-28 00:00:00-05:00,MSFT,485.4382224868377,490.44592067381114,484.49242217644115,489.82867431640625,14386700
2025-12-01 00:00:00-05:00,MSFT,486.27447583839387,487.68816317334665,482.5012705124726,484.5820007324219,23964000
2025-12-02 00:00:00-05:00,MSFT,484.56211884124775,491.312058367048,484.16389832530854,487.82757568359375,19562700
2025-12-03 00:00:00-05:00,MSFT,474.2082166599713,482.09308589504883,473.0931871020635,475.6119689941406,34615100
2025-12-04 00:00:00-05:00,MSFT,477.6329924690825,479.1860737742951,474.377470578239,478.70819091796875,22318200
2025-12-05 00:00:00-05:00,MSFT,480.3807061976695,481.2568095233099,476.7568601661199,481.01788330078125,22608700
2025-12-08 00:00:00-05:00,MSFT,482.74025101921535,490.11737199051475,482.2325023858298,488.8430480957031,21965900
2025-12-09 00:00:00-05:00,MSFT,486.93155551686203,489.93815525049575,486.33420957194573,489.8385925292969,14696100
2025-12-10 00:00:00-05:00,MSFT,481.88404333185355,482.10306917330496,472.9737111601482,476.43829345703125,35756200
2025-12-11 00:00:00-05:00,MSFT,474.51683677020293,483.8751552220924,473.750231167373,481.3265075683594,24669200
2025-12-12 00:00:00-05:00,MSFT,477.69270598810584,480.31105063829824,474.22812377070755,476.4084167480469,21248100
2025-12-15 00:00:00-05:00,MSFT,477.97146396596463,478.588710310573,470.42505317808707,472.7148742675781,23727700
2025-12-16 00:00:00-05:00,MSFT,469.8177748762136,475.7712732838117,468.79234263095657,474.2779235839844,20705600
2025-12-17 00:00:00-05:00,MSFT,474.79560024235434,477.8718969329872,472.8940646732686,474.00909423828125,24527200
2025-12-18 00:00:00-05:00,MSFT,476.06992080908344,487.4293375934554,475.7712630284666,481.8342590332031,28573500
2025-12-19 00:00:00-05:00,MSFT,485.1992432324443,485.68709144559693,480.35083955461556,483.7656555175781,70836100
2025-12-22 00:00:00-05:00,MSFT,483.9647726311972,486.5632169440421,480.5499868948874,482.7701110839844,16963000
2025-12-23 00:00:00-05:00,MSFT,482.8298239351052,485.66716398872717,482.59086732909867,484.6915283203125,14683600
2025-12-24 00:00:00-05:00,MSFT,483.5267014178325,486.99128356758627,482.680463867149,485.8563232421875,5855900
2025-12-26 00:00:00-05:00,MSFT,484.5521325365998,485.9558848600665,483.8054577080926,485.5476989746094,8842200
2025-12-29 00:00:00-05:00,MSFT,482.71034015280554,486.1848877649252,482.0333622504328,484.9404296875,10893400
2025-12-30 00:00:00-05:00,MSFT,483.77557941756965,487.5089534635432,483.3474931520442,485.3187255859375,13944500
2023-01-03 00:00:00-05:00,GOOGL,88.80256311679109,90.24973739582715,87.74196796868762,88.33670043945312,28131200
2023-01-04 00:00:00-05:00,GOOGL,89.55588448127065,89.85325071371112,86.50295373591993,87.30583953857422,34854800
2023-01-05 00:00:00-05:00,GOOGL,86.7011940154015,86.8003135647901,85.14499364675605,85.44235229492188,27194400
2023-01-06 00:00:00-05:00,GOOGL,86.02717297103696,86.9192640659125,84.11413611960162,86.57233428955078,41381500
2023-01-09 00:00:00-05:00,GOOGL,87.58338400149272,89.2585326181373,87.08777861785474,87.24636840820312,29003900
2023-01-10 00:00:00-05:00,GOOGL,85.2242962744404,87.89064781997227,85.07561316227476,87.6428451538086,30467800
2023-01-11 00:00:00-05:00,GOOGL,88.3961696743914,90.7948977302534,88.22766567198052,90.7155990600586,26862000
2023-01-12 00:00:00-05:00,GOOGL,90.67595505151839,91.06252660626463,88.96115727194007,90.32902526855469,30258100
2023-01-13 00:00:00-05:00,GOOGL,90.051483892175,91.3797100639102,89.3378110312232,91.3103256225586,26329200
2023-01-17 00:00:00-05:00,GOOGL,91.2508540286788,91.43918648040213,89.25852597951722,90.48762512207031,32602400
2023-01-18 00:00:00-05:00,GOOGL,91.3301539078307,91.98435660415667,89.84333784782173,90.31912231445312,29116700
2023-01-19 00:00:00-05:00,GOOGL,89.92263963407981,92.78723807060146,89.83342673497357,92.23216247558594,37000400
2023-01-20 00:00:00-05:00,GOOGL,94.26413670489272,97.43601550407813,94.18483803338714,97.1584701538086,63191100
2023-01-23 00:00:00-05:00,GOOGL,97.08907895531317,99.16071312089554,96.64303719320243,98.91291046142578,40005100
2023-01-24 00:00:00-05:00,GOOGL,97.23777151171052,98.73450183779414,96.3456803384707,96.8412857055664,33078500
2023-01-25 00:00:00-05:00,GOOGL,94.73000174467127,95.31481996198589,92.93591288382635,94.3830795288086,42330000
2023-01-26 00:00:00-05:00,GOOGL,95.65183309275027,96.71242824527482,94.54167438000948,96.6628646850586,30114000
2023-01-27 00:00:00-05:00,GOOGL,96.45471331121503,99.43825971343786,96.45471331121503,98.49661254882812,33879800
2023-01-30 00:00:00-05:00,GOOGL,96.62322927209162,97.42610757655028,95.55271982458807,96.08797454833984,27226200
2023-01-31 00:00:00-05:00,GOOGL,96.01858885911187,98.01091703799966,95.96902529627194,97.97126770019531,29870700
2023-02-01 00:00:00-05:00,GOOGL,97.84240344040079,100.3006092071235,96.72233811590564,99.54728698730469,35531100
2023-02-02 00:00:00-05:00,GOOGL,104.87010880613151,106.90208646959282,104.68177632854211,106.79305267333984,69883800
2023-02-03 00:00:00-05:00,GOOGL,102.0253238017862,106.86242958684039,101.67840154834732,103.85906219482422,65309300
2023-02-06 00:00:00-05:00,GOOGL,101.49996963805863,103.4427415579821,100.98453587751219,101.99557495117188,31999600
2023-02-07 00:00:00-05:00,GOOGL,102.31278158987035,107.2291863274613,102.21366202078417,106.69393157958984,49010200
2023-02-08 00:00:00-05:00,GOOGL,101.15305759656383,102.23347365780366,97.17830046850436,98.49661254882812,94743500
2023-02-09 00:00:00-05:00,GOOGL,99.12107385512309,99.15080896730558,92.80705872811015,94.17493438720703,119455000
2023-02-10 00:00:00-05:00,GOOGL,94.61107048420452,95.89964758522038,93.42162051583485,93.73880767822266,54980700
2023-02-13 00:00:00-05:00,GOOGL,93.90730468774592,94.36326072696573,93.01521349695155,93.77845001220703,50076100
2023-02-14 00:00:00-05:00,GOOGL,93.6000290448755,94.01633573432831,91.44910358703162,93.84783172607422,54726100
2023-02-15 00:00:00-05:00,GOOGL,93.65950362229911,96.26639278959044,93.32249559012467,96.08797454833984,50169000
2023-02-16 00:00:00-05:00,GOOGL,94.53177095740106,96.8214653459122,93.90730335156145,94.67053985595703,42462600
2023-02-17 00:00:00-05:00,GOOGL,94.0163267505867,94.72008539046281,92.39074192224304,93.52072143554688,34284100
2023-02-21 00:00:00-05:00,GOOGL,92.18260235411577,92.28172191944829,90.91385376824827,90.98323822021484,33629300
2023-02-22 00:00:00-05:00,GOOGL,90.89401552985218,91.30041553499177,89.81359952809775,90.8444595336914,30884000
2023-02-23 00:00:00-05:00,GOOGL,91.11209428334512,91.13192273411576,88.97108290274596,90.09114837646484,41206400
2023-02-24 00:00:00-05:00,GOOGL,88.6538914964404,89.09993330697509,87.80144965033324,88.34661102294922,36585100
2023-02-27 00:00:00-05:00,GOOGL,89.0801010131836,89.36755300004886,88.55475303297936,89.0801010131836,27502300
2023-02-28 00:00:00-05:00,GOOGL,88.54485304599933,90.42815487570596,88.534938821612,89.2684326171875,30142000
2023-03-01 00:00:00-05:00,GOOGL,89.18914616715412,90.22991291205538,88.88186569379845,89.56580352783203,31111200
2023-03-02 00:00:00-05:00,GOOGL,88.8719465448015,91.46891349206841,88.80255454255308,91.19137573242188,32204400
2023-03-03 00:00:00-05:00,GOOGL,91.66716673162266,92.90618007780824,91.63742405895086,92.8268814086914,35160100
2023-03-06 00:00:00-05:00,GOOGL,93.19363210202732,95.12649761674808,93.17381121430402,94.29387664794922,32639300
2023-03-07 00:00:00-05:00,GOOGL,94.14519285358496,94.82912307414622,92.70793284331539,93.0350341796875,27835500
2023-03-08 00:00:00-05:00,GOOGL,93.2927533033278,95.11657735157019,93.17380529752776,93.4216079711914,34103300
2023-03-09 00:00:00-05:00,GOOGL,93.22338112366414,94.69036890987229,91.09227633727548,91.50858306884766,28813500
2023-03-10 00:00:00-05:00,GOOGL,91.35988513059155,91.97443846501345,89.60544558188205,89.83341979980469,35941000
2023-03-13 00:00:00-04:00,GOOGL,89.29817253447952,91.75637851356447,88.63406314919474,90.30921173095703,37335600
2023-03-14 00:00:00-04:00,GOOGL,91.74646272743232,93.53064506595086,91.62752227975622,93.14407348632812,36050200
2023-03-15 00:00:00-04:00,GOOGL,92.40066053699009,96.07805124185921,91.82575652926289,95.2652587890625,50622100
2023-03-16 00:00:00-04:00,GOOGL,95.35447921014257,100.30062671690821,94.66063465124685,99.43827056884766,65492000
2023-03-17 00:00:00-04:00,GOOGL,99.37878995970463,101.93610789707766,99.22019261289883,100.72683715820312,61028500
2023-03-20 00:00:00-04:00,GOOGL,99.24002247655834,100.85569326789229,98.99221979039645,100.33035278320312,32960400
2023-03-21 00:00:00-04:00,GOOGL,100.36009150328888,104.17625149489693,100.3303563898546,103.99783325195312,42110300
2023-03-22 00:00:00-04:00,GOOGL,103.35353990958235,105.65314851003183,102.4218069619865,102.46145629882812,43427400
2023-03-23 00:00:00-04:00,GOOGL,104.13659740739351,105.36570416377398,103.541872478814,104.6718521118164,40797800
2023-03-24 00:00:00-04:00,GOOGL,104.06721052991638,104.56281588589015,102.9273166987092,104.51325988769531,30393300
2023-03-27 00:00:00-04:00,GOOGL,103.70047479179102,103.8392436963596,101.03411536680986,101.55945587158203,31120900
2023-03-28 00:00:00-04:00,GOOGL,101.53963197104099,101.54953863368904,98.86335840017524,100.14202117919922,32057900
2023-03-29 00:00:00-04:00,GOOGL,101.38103253800085,101.58918588440255,99.7653617660232,100.49885559082031,28779600
2023-03-30 00:00:00-04:00,GOOGL,100.02307094070733,100.27087360474158,98.90299805937673,100.00324249267578,33086200
2023-03-31 00:00:00-04:00,GOOGL,100.40965582313862,102.97688813346652,100.15193890087117,102.81829833984375,36863400
2023-04-03 00:00:00-04:00,GOOGL,101.49007022424684,103.61126066891856,101.03411417712786,103.44275665283203,25035400
2023-04-04 00:00:00-04:00,GOOGL,103.41302707749486,104.65204060743034,103.12557503106923,103.79959869384766,24420100
2023-04-05 00:00:00-04:00,GOOGL,104.85027971854075,105.16746687962373,102.74891761224288,103.55179595947266,28290500
2023-04-06 00:00:00-04:00,GOOGL,104.33484197686876,108.21047194004801,103.41301570943838,107.4670639038086,48711500
2023-04-10 00:00:00-04:00,GOOGL,106.03972551827178,106.6443570965018,104.19607298512094,105.50447082519531,27067400
2023-04-11 00:00:00-04:00,GOOGL,105.61351451266003,105.79193276041674,103.75994758109535,104.42405700683594,26311800
2023-04-12 00:00:00-04:00,GOOGL,105.64324239155782,105.81174640224904,103.42292489102086,103.72029113769531,24370300
2023-04-13 00:00:00-04:00,GOOGL,104.90974215422128,106.54524140425345,104.90974215422128,106.48577117919922,24843600
2023-04-14 00:00:00-04:00,GOOGL,105.95050836328302,107.98249327038609,105.90094480463668,107.9131088256836,26578000
2023-04-17 00:00:00-04:00,GOOGL,103.7401059993033,105.22692191325392,103.60132955665138,105.03858947753906,37571200
2023-04-18 00:00:00-04:00,GOOGL,105.55403506755718,105.6035986320666,103.15530676712977,103.58152770996094,26596400
2023-04-19 00:00:00-04:00,GOOGL,102.66961828373206,104.05731494059326,102.16409864939112,103.26434326171875,20905700
2023-04-20 00:00:00-04:00,GOOGL,102.99669510884661,105.31612423862752,102.95704577812343,104.36456298828125,27820800
2023-04-21 00:00:00-04:00,GOOGL,104.54299072815176,105.06833117404804,103.85905294490108,104.4835205078125,25800100
2023-04-24 00:00:00-04:00,GOOGL,104.56280505764667,105.69278454726219,103.77974776881892,105.03858947753906,23542800
2023-04-25 00:00:00-04:00,GOOGL,104.89983354732145,105.75227538154243,102.92731874642017,102.9372329711914,46664100
2023-04-26 00:00:00-04:00,GOOGL,103.99782596670221,105.41525758570141,101.72795253139088,102.7984619140625,53347600
2023-04-27 00:00:00-04:00,GOOGL,103.53195477534291,107.41750647367289,102.62995696914422,106.64435577392578,50089200
2023-04-28 00:00:00-04:00,GOOGL,106.09920197465762,106.40647489412298,104.16633643126642,106.39656066894531,36139800
2023-05-01 00:00:00-04:00,GOOGL,105.90095313603432,107.04084701354168,105.88113224841882,106.2577896118164,26681700
2023-05-02 00:00:00-04:00,GOOGL,106.19832091951841,106.2577911455612,102.79846768787561,104.39431762695312,30997200
2023-05-03 00:00:00-04:00,GOOGL,104.60246094849104,106.545232957059,104.03747116825616,104.4835205078125,21795400
2023-05-04 00:00:00-04:00,GOOGL,104.5628157154331,104.67184949855658,103.05617876315749,103.76985168457031,23419500
2023-05-05 00:00:00-04:00,GOOGL,103.89870471094449,104.94938562732777,103.19494602522195,104.6421127319336,26639300
2023-05-08 00:00:00-04:00,GOOGL,104.25552974758932,107.01109396694962,104.23570886329561,106.82276153564453,26511400
2023-05-09 00:00:00-04:00,GOOGL,107.43732362452766,109.18185651644418,106.24787384869296,106.40646362304688,36360100
2023-05-10 00:00:00-04:00,GOOGL,107.02101664654327,111.94733485864512,106.98136731248631,110.76779174804688,63153400
2023-05-11 00:00:00-04:00,GOOGL,114.38571831983981,116.88356600068316,113.40442182690181,115.5454330444336,78900000
2023-05-12 00:00:00-04:00,GOOGL,115.65446614587465,116.99259909422787,115.08947634268829,116.4771728515625,41102300
2023-05-15 00:00:00-04:00,GOOGL,115.08948372088383,117.4386559807011,114.99036415582506,115.48596954345703,36266800
2023-05-16 00:00:00-04:00,GOOGL,115.46613413085095,119.68869389632489,115.40666390786913,118.4595947265625,45035600
2023-05-17 00:00:00-04:00,GOOGL,118.55871573573606,120.60060741468727,117.8450428018749,119.77790069580078,33323600
2023-05-18 00:00:00-04:00,GOOGL,119.88693103307176,122.22618888797108,119.7679905890739,121.75041198730469,35234200
2023-05-19 00:00:00-04:00,GOOGL,122.46408765080419,124.8628157815704,121.07639112841179,121.6810302734375,41353400
2023-05-22 00:00:00-04:00,GOOGL,121.85944960031794,125.31877293153339,121.66120291685972,123.9509048461914,35253000
2023-05-23 00:00:00-04:00,GOOGL,123.06873134867843,123.53459405259528,121.13586583308965,121.4827880859375,34046300
2023-05-24 00:00:00-04:00,GOOGL,120.05544702738894,120.83850441605266,118.80651938298395,119.8373794555664,34182600
2023-05-25 00:00:00-04:00,GOOGL,123.42555925112126,124.21853087598284,120.88806215130478,122.39470672607422,42317000
2023-05-26 00:00:00-04:00,GOOGL,122.08741708575724,124.15905132995717,121.37374418942687,123.51476287841797,35635900
2023-05-30 00:00:00-04:00,GOOGL,124.53570932230704,124.55553777083063,120.92770304942592,122.58302307128906,35076700
2023-05-31 00:00:00-04:00,GOOGL,121.67112156567815,122.96960524960811,121.42331887409836,121.79006958007812,37325800
2023-06-01 00:00:00-04:00,GOOGL,121.7404925149484,123.32642805270005,121.54225340860589,122.63258361816406,30772700
2023-06-02 00:00:00-04:00,GOOGL,122.90021802977736,125.04123686671639,122.67224379356901,123.5742416381836,26980100
2023-06-05 00:00:00-04:00,GOOGL,122.92003685811163,126.30997552224953,122.75152529744679,124.90245819091797,32305500
2023-06-06 00:00:00-04:00,GOOGL,124.90246303081489,127.16241466547471,124.25817456021957,126.19103240966797,26638300
2023-06-07 00:00:00-04:00,GOOGL,125.85402231319067,127.90582057329998,121.04665198703012,121.42330932617188,52539000
2023-06-08 00:00:00-04:00,GOOGL,121.15569544544086,122.14690621299393,120.17439134067995,121.06648254394531,29389200
2023-06-09 00:00:00-04:00,GOOGL,121.17549868044499,122.67222883886024,120.83849069849471,121.15567779541016,23778300
2023-06-12 00:00:00-04:00,GOOGL,121.71077130849028,122.95969899565966,120.59070586126717,122.55329895019531,28306400
2023-06-13 00:00:00-04:00,GOOGL,123.88151674346875,124.05993497214953,122.09733445666087,122.74162292480469,22278300
2023-06-14 00:00:00-04:00,GOOGL,122.01803328576474,122.95968796986351,120.38253415008784,122.58302307128906,30592300
2023-06-15 00:00:00-04:00,GOOGL,122.05768927234496,124.35729787447553,121.32419544608322,123.99054718017578,35246300
2023-06-16 00:00:00-04:00,GOOGL,124.82315911828891,125.001577340157,122.1964493483621,122.44425201416016,45535600
2023-06-20 00:00:00-04:00,GOOGL,121.8495395031722,123.47512455090713,121.06648209224629,122.0180435180664,26097500
2023-06-21 00:00:00-04:00,GOOGL,121.32420169815525,121.58191861992594,119.0444138658092,119.49046325683594,30306300
2023-06-22 00:00:00-04:00,GOOGL,118.94528128923695,122.1568017665919,117.78556661162784,122.06759643554688,26952200
2023-06-23 00:00:00-04:00,GOOGL,120.31316327807161,121.71077412549867,119.99597612694704,121.26472473144531,34913600
2023-06-26 00:00:00-04:00,GOOGL,119.69860904954042,120.927708228838,117.23048890392118,117.29987335205078,33969900
2023-06-27 00:00:00-04:00,GOOGL,116.05094940599243,118.03337078609204,115.07955960231514,117.28996276855469,39535900
2023-06-28 00:00:00-04:00,GOOGL,116.0608579876023,119.33185634380241,115.82296953551025,119.12370300292969,27091400
2023-06-29 00:00:00-04:00,GOOGL,118.19196866920258,119.00476118828789,117.26023569905081,118.0531997680664,24090900
2023-06-30 00:00:00-04:00,GOOGL,119.1137889438215,120.01579431786013,118.63801203897671,118.64791870117188,29532200
2023-07-03 00:00:00-04:00,GOOGL,118.19195821631217,119.13361289055685,117.77565154972177,118.84616088867188,14467900
2023-07-05 00:00:00-04:00,GOOGL,118.1919601816183,121.53234291871821,118.18205351963279,120.67990112304688,27584800
2023-07-06 00:00:00-04:00,GOOGL,118.74704838295892,119.24265374755836,117.35935184961298,119.0543212890625,24745200
2023-07-07 00:00:00-04:00,GOOGL,119.04440879722722,119.98606354107629,118.35056430162291,118.42986297607422,21709500
2023-07-10 00:00:00-04:00,GOOGL,117.2602367523764,117.27014341516231,115.11921786589225,115.4264907836914,35315200
2023-07-11 00:00:00-04:00,GOOGL,115.2679002226587,116.67541768732227,114.33615968802944,116.11042785644531,23078800
2023-07-12 00:00:00-04:00,GOOGL,117.75583466197419,119.27238582914387,117.36926309239514,117.88468933105469,30404400
2023-07-13 00:00:00-04:00,GOOGL,119.86711735011022,123.73284082144414,119.39133285851337,123.44538879394531,44297900
2023-07-14 00:00:00-04:00,GOOGL,123.70309642753425,125.6656893475704,122.40460528869126,124.31764221191406,33283100
2023-07-17 00:00:00-04:00,GOOGL,124.83307552717416,125.9828759841853,123.1083634981514,123.55441284179688,25716200
2023-07-18 00:00:00-04:00,GOOGL,123.50485458843724,123.58415326124799,121.87926960750545,122.6722412109375,26193600
2023-07-19 00:00:00-04:00,GOOGL,123.50485449122769,124.07975852514653,120.72946900607533,120.95744323730469,37224000
2023-07-20 00:00:00-04:00,GOOGL,120.35280221161847,122.9993329839657,117.18093097461103,118.15231323242188,37906800
2023-07-21 00:00:00-04:00,GOOGL,119.55983561059963,119.92657872434836,117.68644801994229,118.96510314941406,72937900
2023-07-24 00:00:00-04:00,GOOGL,120.59069236468409,121.91891101739073,119.91666881428958,120.46183013916016,29686100
2023-07-25 00:00:00-04:00,GOOGL,120.2933214842383,122.06758940205047,119.95630594092214,121.13584899902344,52509600
2023-07-26 00:00:00-04:00,GOOGL,128.92679121548855,129.82878151515044,127.19217238007396,128.13381958007812,61682100
2023-07-27 00:00:00-04:00,GOOGL,130.5127174287312,132.0689255635858,127.6580256334022,128.26266479492188,44952100
2023-07-28 00:00:00-04:00,GOOGL,129.63053631303129,132.56452668916148,129.4223905323537,131.4147186279297,36591200
2023-07-31 00:00:00-04:00,GOOGL,131.5633887175357,132.35636028283042,130.62174160079337,131.55348205566406,28055500
2023-08-01 00:00:00-04:00,GOOGL,129.63054701957142,131.4642930466913,129.5314198898495,130.39378356933594,23166800
2023-08-02 00:00:00-04:00,GOOGL,128.3122279524498,128.9466022244464,126.43884024884467,127.25164031982422,26273300
2023-08-03 00:00:00-04:00,GOOGL,126.8452374919422,128.25275490430315,126.30006856910073,127.32101440429688,20089500
2023-08-04 00:00:00-04:00,GOOGL,128.14372354248303,130.35411926269438,126.78576966555633,126.9840087890625,26147200
2023-08-07 00:00:00-04:00,GOOGL,128.02478253467217,130.45324581754625,127.8860136363558,130.3739471435547,22746300
2023-08-08 00:00:00-04:00,GOOGL,129.47192832567612,130.35410518598817,128.4014190247344,130.2450714111328,23535200
2023-08-09 00:00:00-04:00,GOOGL,130.50279169045498,130.87944143501775,127.86616785514812,128.52037048339844,24912900
2023-08-10 00:00:00-04:00,GOOGL,130.16581894175462,130.88939864324297,128.31224432674867,128.55014038085938,20857800
2023-08-11 00:00:00-04:00,GOOGL,127.52918100734196,128.78800779260496,127.04348228626603,128.4212646484375,19591100
2023-08-14 00:00:00-04:00,GOOGL,128.2527687832776,130.2153619932151,127.82655538590826,130.17572021484375,24695600
2023-08-15 00:00:00-04:00,GOOGL,129.9477334332242,130.26491300365356,128.14372263533488,128.6393280029297,19770700
2023-08-16 00:00:00-04:00,GOOGL,127.56880950927734,129.13492417430865,126.7461104050344,127.56880950927734,25216100
2023-08-17 00:00:00-04:00,GOOGL,128.65916623208574,130.82992032710072,128.15363903892097,128.77810668945312,33446300
2023-08-18 00:00:00-04:00,GOOGL,127.38048843301539,128.11398983517552,125.26921225140346,126.3397216796875,30504800
2023-08-21 00:00:00-04:00,GOOGL,126.06217131195805,127.59854328866702,125.44761798387218,127.24170684814453,25248700
2023-08-22 00:00:00-04:00,GOOGL,127.3804677903532,129.13491477389115,127.19215048251407,127.94546508789062,22054900
2023-08-23 00:00:00-04:00,GOOGL,129.03580432978123,132.23742584663677,128.72853142638633,131.20655822753906,27819700
2023-08-24 00:00:00-04:00,GOOGL,132.77267495370916,133.07004119920114,128.43118221835817,128.6393280029297,28500700
2023-08-25 00:00:00-04:00,GOOGL,128.40142596774677,129.61070421801392,126.13156014533209,128.7384490966797,26762900
2023-08-28 00:00:00-04:00,GOOGL,130.15587147682967,131.3750563736932,128.99615680059247,129.85850524902344,20543300
2023-08-29 00:00:00-04:00,GOOGL,131.0776996976363,135.36964355822954,131.0776996976363,133.38722229003906,43075600
2023-08-30 00:00:00-04:00,GOOGL,133.5953920373494,135.08220825541576,132.89164083061692,134.68572998046875,28315800
2023-08-31 00:00:00-04:00,GOOGL,134.81457768828804,136.78709265772878,134.59651009871462,134.97317504882812,30053800
2023-09-01 00:00:00-04:00,GOOGL,136.25181824627185,136.25181824627185,133.66475792752385,134.46763610839844,21543700
2023-09-05 00:00:00-04:00,GOOGL,134.24958930429057,135.22097162539615,133.39714743586188,134.57669067382812,19403100
2023-09-06 00:00:00-04:00,GOOGL,134.824484524279,135.32999653967815,132.4951333142853,133.2781982421875,18684500
2023-09-07 00:00:00-04:00,GOOGL,132.4158467757284,134.38836170715467,131.78147247047056,134.0711669921875,18844300
2023-09-08 00:00:00-04:00,GOOGL,133.7242392505445,135.45885797662925,133.66476902845534,135.1813201904297,23558300
2023-09-11 00:00:00-04:00,GOOGL,135.33990308514734,136.27164356834132,134.59649505596173,135.71656799316406,20763400
2023-09-12 00:00:00-04:00,GOOGL,135.06236368343136,135.66700281159663,134.00177610596597,134.15045166015625,18405500
2023-09-13 00:00:00-04:00,GOOGL,133.90263613822427,135.69672490178635,132.97089575556973,135.50840759277344,20749500
2023-09-14 00:00:00-04:00,GOOGL,136.39062502190396,137.4809479301585,135.0425776014956,136.88623046875,24751000
2023-09-15 00:00:00-04:00,GOOGL,136.7672716735491,137.30253401342628,135.28045536783313,136.19236755371094,38919600
2023-09-18 00:00:00-04:00,GOOGL,135.40929606761446,137.9368864099472,135.40929606761446,136.9952392578125,21861300
2023-09-19 00:00:00-04:00,GOOGL,136.21216019438876,137.19346414304988,135.41918868155213,136.8267059326172,20353700
2023-09-20 00:00:00-04:00,GOOGL,136.8663646339005,136.8663646339005,132.44555860062232,132.56451416015625,29927500
2023-09-21 00:00:00-04:00,GOOGL,130.284744080372,131.06779392210422,128.9267901856762,129.2935333251953,31503900
2023-09-22 00:00:00-04:00,GOOGL,129.61070610554586,130.86954793351885,128.4609131845869,129.10519409179688,26397300
2023-09-25 00:00:00-04:00,GOOGL,128.6888930557924,130.0171118264149,127.82654454608127,129.9576416015625,20094600
2023-09-26 00:00:00-04:00,GOOGL,128.62942178523338,129.21423249109523,126.10183137682498,127.43997192382812,25718700
2023-09-27 00:00:00-04:00,GOOGL,127.43996798020761,129.7494756200031,127.43996798020761,129.39263916015625,22746500
2023-09-28 00:00:00-04:00,GOOGL,128.69881788548926,132.128414207964,128.649254316224,131.14710998535156,22513100
2023-09-29 00:00:00-04:00,GOOGL,132.10856705829798,132.87180356786632,129.21423349403221,129.7098388671875,30859800
2023-10-02 00:00:00-04:00,GOOGL,130.0567925547228,133.23857116468764,130.01713564777157,132.9907684326172,22288000
2023-10-03 00:00:00-04:00,GOOGL,132.76277495232893,133.0799545386721,130.68122625412332,131.2660369873047,22989400
2023-10-04 00:00:00-04:00,GOOGL,131.62285243185696,134.37843188809666,131.3651431138617,134.05133056640625,26752300
2023-10-05 00:00:00-04:00,GOOGL,133.88282775878906,134.2991344106199,132.27705624495698,133.88282775878906,19832600
2023-10-06 00:00:00-04:00,GOOGL,132.83212890565903,136.94566202758472,132.83212890565903,136.37075805664062,27597600
2023-10-09 00:00:00-04:00,GOOGL,135.73639678634393,137.718818202532,134.41808472961787,137.20338439941406,19278100
2023-10-10 00:00:00-04:00,GOOGL,137.28269277954,138.4919711389079,136.12297798401696,136.8465576171875,27786600
2023-10-11 00:00:00-04:00,GOOGL,137.36196541642576,139.86972699986873,137.36196541642576,139.3146514892578,25884300
2023-10-12 00:00:00-04:00,GOOGL,139.81030143379212,139.9788054729924,137.04481453390707,137.7485809326172,24765500
2023-10-13 00:00:00-04:00,GOOGL,138.15497540485302,138.76952130215145,135.41922373367413,136.15272521972656,23420500
2023-10-16 00:00:00-04:00,GOOGL,136.95559225322052,138.4027666531714,136.77718157188923,137.87742614746094,28501900
2023-10-17 00:00:00-04:00,GOOGL,137.41154259753543,138.6703692822643,135.97427499935674,138.49195861816406,23515800
2023-10-18 00:00:00-04:00,GOOGL,138.2243153813824,139.48315708044316,136.17251730070473,136.74742126464844,23375000
2023-10-19 00:00:00-04:00,GOOGL,137.28268416001447,138.4324922204464,136.17253299803895,136.53927612304688,26066000
2023-10-20 00:00:00-04:00,GOOGL,136.12297828131832,136.6582254478533,133.8927540255162,134.40818786621094,26335700
2023-10-23 00:00:00-04:00,GOOGL,133.85307305839916,136.45005512078916,132.77265713198602,135.3002471923828,26317900
2023-10-24 00:00:00-04:00,GOOGL,136.61859864281283,138.1351500929751,136.2121985484091,137.58998107910156,44814300
2023-10-25 00:00:00-04:00,GOOGL,127.03357185296261,127.18224741384032,123.97072673913938,124.5059814453125,84366200
2023-10-26 00:00:00-04:00,GOOGL,122.18654246977827,123.23723097831568,120.20412102421639,121.20524597167969,57061100
2023-10-27 00:00:00-04:00,GOOGL,121.79995766490741,122.2261785319074,119.15342713746738,121.09619903564453,44566500
2023-10-30 00:00:00-04:00,GOOGL,122.12707543139821,124.29782939084916,121.6711193945083,123.3660888671875,28940100
2023-10-31 00:00:00-04:00,GOOGL,123.96080791175726,124.268088371617,121.61164338905817,122.98942565917969,26292300
2023-11-01 00:00:00-04:00,GOOGL,122.97952122374261,125.37824949738864,122.63259896306457,125.3386001586914,30082400
2023-11-02 00:00:00-04:00,GOOGL,127.29127970850502,127.8463552955118,125.81437784316901,126.36945343017578,27124600
2023-11-03 00:00:00-04:00,GOOGL,126.8948300199694,128.3915531091847,126.73623263808891,127.96533966064453,26393100
2023-11-06 00:00:00-05:00,GOOGL,127.91574427289191,129.19439942516289,127.53907936577991,129.10519409179688,19052700
2023-11-07 00:00:00-05:00,GOOGL,129.56115358521535,130.75060336661838,128.73844691253734,129.81886291503906,29757300
2023-11-08 00:00:00-05:00,GOOGL,129.81886492088287,131.04797161797262,129.63053247035484,130.68121337890625,26425800
2023-11-09 00:00:00-05:00,GOOGL,130.80017480614322,131.38498550790692,128.92678712827234,129.0952911376953,23747800
2023-11-10 00:00:00-05:00,GOOGL,128.95653161924707,131.63279776446794,128.27259374470339,131.4246368408203,26913300
2023-11-13 00:00:00-05:00,GOOGL,130.62174322003068,131.42462145714984,130.09640276550397,130.92901611328125,18324800
2023-11-14 00:00:00-05:00,GOOGL,133.01056927107837,134.50729201715737,132.1482207824069,132.44557189941406,32395200
2023-11-15 00:00:00-05:00,GOOGL,133.68458551793623,133.84318286371249,132.3960236763613,133.43678283691406,23861500
2023-11-16 00:00:00-05:00,GOOGL,134.00177404646607,136.01393051384863,133.1394255960663,135.72647094726562,28013200
2023-11-17 00:00:00-05:00,GOOGL,134.8046347205288,134.86410493354612,132.47528387953295,134.12069702148438,37240600
2023-11-20 00:00:00-05:00,GOOGL,132.5149627101394,135.45885973926121,132.44557070034907,135.05245971679688,27815500
2023-11-21 00:00:00-05:00,GOOGL,135.09211259340776,135.9742895959558,134.76502634077858,135.76614379882812,22635300
2023-11-22 00:00:00-05:00,GOOGL,136.26175732475545,138.19461546533844,136.26175732475545,137.27279663085938,17813900
2023-11-24 00:00:00-05:00,GOOGL,136.8168204777558,136.91594760397751,134.79475717504624,135.4886016845703,12514300
2023-11-27 00:00:00-05:00,GOOGL,134.83437943600723,137.20337221294994,134.8046443273795,135.21104431152344,23436500
2023-11-28 00:00:00-05:00,GOOGL,134.8839589217478,136.0436736692128,134.2297562053289,135.99411010742188,18730000
2023-11-29 00:00:00-05:00,GOOGL,136.36086861217828,137.07452642949448,133.65485240517793,133.8035430908203,23967200
2023-11-30 00:00:00-05:00,GOOGL,133.8630133792204,134.35861874891418,130.1261446568203,131.3651580810547,38988300
2023-12-01 00:00:00-05:00,GOOGL,130.70101928710938,130.9488219161897,129.5214763527395,130.70101928710938,31442300
2023-12-04 00:00:00-05:00,GOOGL,128.73845875055255,128.88713431514626,126.7758581121976,128.13381958007812,36669900
2023-12-05 00:00:00-05:00,GOOGL,127.81662097598935,130.97858563372688,127.1227764879299,129.8386993408203,27384800
2023-12-06 00:00:00-05:00,GOOGL,130.28474525326413,130.68122350903377,128.73845888121613,128.87722778320312,23576200
2023-12-07 00:00:00-05:00,GOOGL,133.85308336988615,137.34214919311776,133.51607536911783,135.72647094726562,56767100
2023-12-08 00:00:00-05:00,GOOGL,133.0204781372603,135.20113873793494,132.85197412660608,133.8035430908203,32260100
2023-12-11 00:00:00-05:00,GOOGL,131.21647898449544,132.16803279885028,130.20543982265264,132.11846923828125,31138000
2023-12-12 00:00:00-05:00,GOOGL,130.6514736502255,131.8310167463247,130.10630476656524,131.35523986816406,29032800
2023-12-13 00:00:00-05:00,GOOGL,132.20767860500078,132.3266190406473,130.4135897855211,131.40480041503906,30104800
2023-12-14 00:00:00-05:00,GOOGL,132.20768021650815,132.5446882047304,128.55011052905618,130.78033447265625,38722400
2023-12-15 00:00:00-05:00,GOOGL,130.4631576026789,132.33654536584615,130.0270224409382,131.43455505371094,50847100
2023-12-18 00:00:00-05:00,GOOGL,131.46427872099582,135.94454015229283,131.26602448315583,134.60641479492188,32258000
2023-12-19 00:00:00-05:00,GOOGL,135.63729183585517,136.26175952392094,134.8839770194559,135.44895935058594,25476800
2023-12-20 00:00:00-05:00,GOOGL,137.74855205293554,140.45455302635412,136.85646847368653,137.12408447265625,49107200
2023-12-21 00:00:00-05:00,GOOGL,138.26398757269197,139.4534374013907,137.9566995474428,139.18580627441406,27488300
2023-12-22 00:00:00-05:00,GOOGL,139.53274123600997,140.74201955858857,139.4732710110759,140.2464141845703,26532200
2023-12-26 00:00:00-05:00,GOOGL,140.3455151877592,141.42593118854055,139.94903696948103,140.27613830566406,16780300
2023-12-27 00:00:00-05:00,GOOGL,140.34555481438278,140.83125362488414,138.66049922391264,139.1362762451172,19628600
2023-12-28 00:00:00-05:00,GOOGL,139.5426512492503,139.8994877320987,138.5217053642322,138.9974822998047,16045700
2023-12-29 00:00:00-05:00,GOOGL,138.40276427098348,139.12634389616656,137.56022906895078,138.4622344970703,18733000
2024-01-02 00:00:00-05:00,GOOGL,137.33223127309824,138.2243147607485,135.2804180769598,136.95556640625,23711200
2024-01-03 00:00:00-05:00,GOOGL,136.0436547238705,138.40274078957884,135.87515073698754,137.698974609375,24212100
2024-01-04 00:00:00-05:00,GOOGL,137.20337960162615,137.93688094484938,135.15158137245075,135.19122314453125,27137700
2024-01-05 00:00:00-05:00,GOOGL,135.54805692417742,135.9544569222083,133.9621138280285,134.53701782226562,22513900
2024-01-08 00:00:00-05:00,GOOGL,135.09206967470004,137.78816339048043,135.0623345702715,137.61965942382812,21404000
2024-01-09 00:00:00-05:00,GOOGL,137.2826878289855,140.24641339378692,136.9357580192586,139.71115112304688,24759600
2024-01-10 00:00:00-05:00,GOOGL,139.7606859248287,141.74310700177662,139.67148060628745,141.02943420410156,21320200
2024-01-11 00:00:00-05:00,GOOGL,142.2288024749598,143.94359243380748,139.40384645271845,140.83119201660156,24008700
2024-01-12 00:00:00-05:00,GOOGL,141.41602290609686,141.94136334539857,140.57350292074238,141.3961944580078,18785500
2024-01-16 00:00:00-05:00,GOOGL,140.75192640999762,143.08127772087843,140.20675747291105,141.2376251220703,22670500
2024-01-17 00:00:00-05:00,GOOGL,140.1076373156861,140.59332087480647,137.67915902138483,140.22657775878906,20968600
2024-01-18 00:00:00-05:00,GOOGL,140.80147859071877,142.94249726620274,140.7420083705122,142.21890258789062,25746400
2024-01-19 00:00:00-05:00,GOOGL,143.4678445948608,145.16280645077472,143.11100813182492,145.0934295654297,34271900
2024-01-22 00:00:00-05:00,GOOGL,145.80709257030463,147.0857476531187,144.55815747232313,144.70684814453125,32200400
2024-01-23 00:00:00-05:00,GOOGL,144.60771819556675,145.8863732533205,144.2211466548808,145.7476043701172,21636100
2024-01-24 00:00:00-05:00,GOOGL,147.2344232959612,148.53292195218594,146.79830331468807,147.3930206298828,25233500
2024-01-25 00:00:00-05:00,GOOGL,148.75097410565905,151.70477730195304,148.22561860084704,150.53514099121094,29149100
2024-01-26 00:00:00-05:00,GOOGL,149.77193994469403,151.19927062056652,149.68271948865382,150.85235595703125,26115500
2024-01-29 00:00:00-05:00,GOOGL,150.72348371697814,152.42836718497855,150.0990161895496,152.16073608398438,27784300
2024-01-30 00:00:00-05:00,GOOGL,151.45698753735525,152.26977239045794,149.86113781545077,150.12876892089844,36331800
2024-01-31 00:00:00-05:00,GOOGL,142.35768815981584,142.73435309816574,138.6406477145511,138.86863708496094,71910000
2024-02-01 00:00:00-05:00,GOOGL,140.8708500003378,141.8025904131777,139.55253804649774,139.91929626464844,40466500
2024-02-02 00:00:00-05:00,GOOGL,138.0360130379911,141.3664819906908,135.3002766258251,141.12860107421875,62499600
2024-02-05 00:00:00-05:00,GOOGL,141.56471810110367,144.19142038150497,141.52506120365902,142.41714477539062,38505400
2024-02-06 00:00:00-05:00,GOOGL,143.3786346695141,144.08240098500607,141.93147538647906,142.83348083496094,29128200
2024-02-07 00:00:00-05:00,GOOGL,143.48767523899187,144.34011716332222,142.6649684297807,144.2608184814453,25208900
2024-02-08 00:00:00-05:00,GOOGL,144.54824955155473,145.0438548719161,143.8246700187359,144.62754821777344,22563800
2024-02-09 00:00:00-05:00,GOOGL,145.3907830102507,148.12653431225093,144.89517764390865,147.69039916992188,26829500
2024-02-12 00:00:00-05:00,GOOGL,147.1154837637095,148.0273957523625,146.07470954986746,146.23330688476562,21564100
2024-02-13 00:00:00-05:00,GOOGL,143.64623605036468,145.38085457275164,142.4270512666812,143.8643035888672,27837700
2024-02-14 00:00:00-05:00,GOOGL,144.79605648646725,145.23219160120888,142.82354180831294,144.65728759765625,22704200
2024-02-15 00:00:00-05:00,GOOGL,141.88191038487835,142.25857532101722,139.22547275543386,141.51516723632812,37590700
2024-02-16 00:00:00-05:00,GOOGL,141.73323445625792,141.93147358673406,138.9082776917751,139.28494262695312,31468900
2024-02-20 00:00:00-05:00,GOOGL,138.432479628036,140.83120752749184,138.26397563661223,139.879638671875,25144700
2024-02-21 00:00:00-05:00,GOOGL,140.20675080076072,141.43585751636738,139.44351432516038,141.29708862304688,23223300
2024-02-22 00:00:00-05:00,GOOGL,143.65616072853092,143.7255527379726,141.5448922041246,142.82354736328125,27191900
2024-02-23 00:00:00-05:00,GOOGL,142.40722734128093,143.40834461824574,142.1693313486327,142.69468688964844,19493800
2024-02-26 00:00:00-05:00,GOOGL,140.8907113971141,141.188077680813,136.18245980002686,136.3608856201172,53641800
2024-02-27 00:00:00-05:00,GOOGL,136.80689055869198,138.0260753556502,135.88505684049912,137.65933227539062,33099200
2024-02-28 00:00:00-05:00,GOOGL,136.68794956560583,136.796983347661,134.21984460085443,135.1813201904297,37328600
2024-02-29 00:00:00-05:00,GOOGL,136.0734054858856,137.63952022756177,135.20113521845195,137.2430419921875,42133000
2024-03-01 00:00:00-05:00,GOOGL,137.21330186571015,137.64943703156058,135.7165790235201,135.9346466064453,31151100
2024-03-04 00:00:00-05:00,GOOGL,134.46765773338637,134.46765773338637,130.7506173169925,132.17796325683594,55999400
2024-03-05 00:00:00-05:00,GOOGL,130.7208868800359,132.06893419092674,129.52151514124904,131.50393676757812,40194800
2024-03-06 00:00:00-05:00,GOOGL,131.94995491359472,132.40591846062833,129.69991766152992,130.2450714111328,35318600
2024-03-07 00:00:00-05:00,GOOGL,131.62286181229678,133.75397388585452,130.45324044956945,133.1988983154297,37738200
2024-03-08 00:00:00-05:00,GOOGL,133.03041390483907,136.8763016912152,132.822252972934,134.21986389160156,39370400
2024-03-11 00:00:00-04:00,GOOGL,134.93350327450352,137.877399954622,134.93350327450352,136.4599609375,32437800
2024-03-12 00:00:00-04:00,GOOGL,135.8255882651414,138.1549392414249,135.8255882651414,137.2826690673828,27563400
2024-03-13 00:00:00-04:00,GOOGL,137.7782905156126,139.84991729704038,137.7683838532644,138.56134033203125,23347200
2024-03-14 00:00:00-04:00,GOOGL,139.9490687164518,142.32796881511524,139.225488997849,141.84228515625,42753400
2024-03-15 00:00:00-04:00,GOOGL,141.24753819885322,141.92155427918553,138.79924632676565,139.9391326904297,49475400
2024-03-18 00:00:00-04:00,GOOGL,147.30379162899962,150.8126701112479,145.87644610243362,146.3819580078125,69273700
2024-03-19 00:00:00-04:00,GOOGL,146.8578204244087,147.48227304851275,144.79609979915745,145.7377471923828,24070400
2024-03-20 00:00:00-04:00,GOOGL,146.6991920761811,147.55163393242162,145.45027196690233,147.4326934814453,21311500
2024-03-21 00:00:00-04:00,GOOGL,148.15624755525624,149.0483310331233,145.6088290884326,146.3026885986328,24755600
2024-03-22 00:00:00-04:00,GOOGL,147.8093478613808,150.24773305463123,147.6705789560528,149.44485473632812,29211800
2024-03-25 00:00:00-04:00,GOOGL,148.622129594887,149.0582647076252,146.52076782406607,148.75099182128906,19229300
2024-03-26 00:00:00-04:00,GOOGL,148.8996613684721,150.92172438957977,148.66176537347607,149.345703125,22149100
2024-03-27 00:00:00-04:00,GOOGL,149.85121819279237,150.30718174477965,147.59125913003174,149.5439453125,22879200
2024-03-28 00:00:00-04:00,GOOGL,149.5241252750751,150.09901411418988,148.8500942012748,149.60340881347656,24485400
2024-04-01 00:00:00-04:00,GOOGL,149.36556739992474,154.37118528416661,149.28626871590512,154.12338256835938,31730800
2024-04-02 00:00:00-04:00,GOOGL,152.15082675469168,153.3402764470575,150.8126863978592,153.20150756835938,24586000
2024-04-03 00:00:00-04:00,GOOGL,152.2499594372824,153.716946940742,151.3875959008957,153.558349609375,24705000
2024-04-04 00:00:00-04:00,GOOGL,152.15086769221787,153.40970972497198,149.1276715307269,149.20697021484375,34724700
2024-04-05 00:00:00-04:00,GOOGL,148.71131569656436,152.07151881292094,148.2851024253813,151.15960693359375,23459200
2024-04-08 00:00:00-04:00,GOOGL,151.43719985227787,153.90532043425455,151.268695814506,153.489013671875,20702000
2024-04-09 00:00:00-04:00,GOOGL,154.71807515609422,157.16636680492698,153.825991572372,155.22360229492188,31079500
2024-04-10 00:00:00-04:00,GOOGL,154.8370159038482,155.23349409762253,153.32044975721098,154.7676239013672,22838600
2024-04-11 00:00:00-04:00,GOOGL,155.53088422887154,158.27652714867145,155.08484241109738,158.0089111328125,27166400
2024-04-12 00:00:00-04:00,GOOGL,156.57167835861193,158.81180951825112,155.7588781714617,156.34368896484375,25353700
2024-04-15 00:00:00-04:00,GOOGL,157.46372881803066,157.8403937153416,153.23125499058935,153.49888610839844,27136500
2024-04-16 00:00:00-04:00,GOOGL,152.83476196257143,154.28192094156586,152.08143224093357,153.04290771484375,20779500
2024-04-17 00:00:00-04:00,GOOGL,154.25217589396755,155.69934990437812,153.2213236106199,154.10350036621094,21763100
2024-04-18 00:00:00-04:00,GOOGL,153.97469970687257,155.56064321869104,153.2610266390221,154.63880920410156,19883000
2024-04-19 00:00:00-04:00,GOOGL,154.82711196963538,154.98570931530094,150.96139619825826,152.73565673828125,32615600
2024-04-22 00:00:00-04:00,GOOGL,152.95370128791464,156.25443431502745,152.70589864435968,154.90638732910156,26446200
2024-04-23 00:00:00-04:00,GOOGL,155.58045659149803,157.57278489006907,154.90642537067149,156.8690185546875,21151600
2024-04-24 00:00:00-04:00,GOOGL,156.10578401898567,158.16750416167633,155.7885893241061,157.7313690185547,22779100
2024-04-25 00:00:00-04:00,GOOGL,149.99990858082532,155.11455913410575,149.5439450297003,154.6288604736328,57109700
2024-04-26 00:00:00-04:00,GOOGL,172.83740297886922,173.17442610783888,168.1588873174152,170.4386749267578,64665300
2024-04-29 00:00:00-04:00,GOOGL,167.57404719945058,168.05974579654776,163.75789579256286,164.6896209716797,45610000
2024-04-30 00:00:00-04:00,GOOGL,164.15438620390708,166.62250601471732,161.17084777672406,161.34925842285156,33562900
2024-05-01 00:00:00-04:00,GOOGL,162.85591967019158,165.65112595593658,161.6565480783854,162.41978454589844,33493200
2024-05-02 00:00:00-04:00,GOOGL,163.34160023066508,165.26455135719664,162.4495166743879,165.155517578125,24294500
2024-05-03 00:00:00-04:00,GOOGL,166.08727540907034,166.48376879475936,161.61692024874446,165.7700958251953,34662400
2024-05-06 00:00:00-04:00,GOOGL,165.98816902107558,166.66218511253274,164.57072969688807,166.62254333496094,21871300
2024-05-07 00:00:00-04:00,GOOGL,167.01899792747776,170.25033926742327,166.90996414876957,169.7448272705078,28039700
2024-05-08 00:00:00-04:00,GOOGL,167.51461620426056,168.65450251317668,167.2569068549834,167.8912811279297,19569100
2024-05-09 00:00:00-04:00,GOOGL,167.90118913341487,169.18976613945827,166.70181746537216,168.4661865234375,15346700
2024-05-10 00:00:00-04:00,GOOGL,166.55313303769844,168.35714377508077,164.72930897604326,167.1676788330078,29799900
2024-05-13 00:00:00-04:00,GOOGL,162.81628299043555,167.79216551552707,162.55857362347706,167.6533966064453,31327600
2024-05-14 00:00:00-04:00,GOOGL,168.2778370057792,169.74482453915033,167.31636146118933,168.8428192138672,25127100
2024-05-15 00:00:00-04:00,GOOGL,169.13027815806552,171.13251278258656,169.01132259521063,170.99374389648438,26948400
2024-05-16 00:00:00-04:00,GOOGL,171.7669014209654,173.58081887894542,171.17218405543662,172.64907836914062,27867900
2024-05-17 00:00:00-04:00,GOOGL,172.64906188294287,174.72070361370632,172.16337834950676,174.51254272460938,24479300
2024-05-20 00:00:00-04:00,GOOGL,174.6413954830634,177.19872060867087,174.53236171366905,175.36497497558594,22554400
2024-05-21 00:00:00-04:00,GOOGL,175.34518759904142,176.58420112115073,174.26477143768452,176.28684997558594,16989400
2024-05-22 00:00:00-04:00,GOOGL,175.08748232295628,175.5929944069066,173.6700580803842,174.82977294921875,17880000
2024-05-23 00:00:00-04:00,GOOGL,175.51367817186207,176.6832994864589,171.42987998310477,172.0246124267578,21024900
2024-05-24 00:00:00-04:00,GOOGL,173.44205880318444,174.22512379260593,172.12374664509454,173.4519805908203,16579400
2024-05-28 00:00:00-04:00,GOOGL,172.9167057345963,175.7119272031069,172.83740706265183,174.8495635986328,20572200
2024-05-29 00:00:00-04:00,GOOGL,173.88808788543193,175.2856986187846,173.1843367499764,174.3539581298828,23388700
2024-05-30 00:00:00-04:00,GOOGL,173.6601277568323,173.67995620758435,170.28009532573515,170.5972900390625,22931500
2024-05-31 00:00:00-04:00,GOOGL,170.34949712156035,171.53894711547682,167.95076868183696,170.98387145996094,37638900
2024-06-03 00:00:00-04:00,GOOGL,171.0235120658181,172.99602708676622,169.65565138830266,171.64797973632812,27459100
2024-06-04 00:00:00-04:00,GOOGL,171.75698494771635,172.3219822936052,170.37920271129525,172.2624969482422,26879600
2024-06-05 00:00:00-04:00,GOOGL,173.66010997413338,175.09736245061762,172.4012681621193,173.86827087402344,22068500
2024-06-06 00:00:00-04:00,GOOGL,174.3539443603167,175.59295765203206,174.20526881518043,175.17665100097656,23251000
2024-06-07 00:00:00-04:00,GOOGL,175.493867979147,176.30665293703487,172.76803839075907,172.9266357421875,19661400
2024-06-10 00:00:00-04:00,GOOGL,173.63119590631558,175.70520037025813,171.43809934111798,173.67088317871094,23726700
2024-06-11 00:00:00-04:00,GOOGL,174.8716518664662,175.48690308392554,172.44040109788673,175.26858520507812,21540600
2024-06-12 00:00:00-04:00,GOOGL,176.8860828234983,179.0295587655737,174.76245808700693,176.42959594726562,27864700
2024-06-13 00:00:00-04:00,GOOGL,174.76246052696914,175.38764480431132,173.5418763520932,173.81973266601562,20913300
2024-06-14 00:00:00-04:00,GOOGL,172.8869134698266,175.7051788680774,172.8174418240933,175.43724060058594,18063600
2024-06-17 00:00:00-04:00,GOOGL,174.11742569746272,176.99522948449695,173.47239026793287,175.88380432128906,19618500
2024-06-18 00:00:00-04:00,GOOGL,175.78459187073935,176.03267896636487,172.76785945042823,173.75027465820312,21869900
2024-06-20 00:00:00-04:00,GOOGL,174.02812743639052,175.93343447480135,173.65104535533175,174.95101928710938,20160100
2024-06-21 00:00:00-04:00,GOOGL,175.64564289932446,179.46618977626414,175.25862768166826,178.25552368164062,57759000
2024-06-24 00:00:00-04:00,GOOGL,178.78147315371626,179.5058831721026,177.30286873730756,177.84866333007812,18298000
2024-06-25 00:00:00-04:00,GOOGL,178.24558215319573,182.87984651633045,178.04711553791142,182.62184143066406,23130200
2024-06-26 00:00:00-04:00,GOOGL,181.2325870029249,183.09819163519248,181.08372566274275,182.4730224609375,19839000
2024-06-27 00:00:00-04:00,GOOGL,182.77071833286294,184.62642010992184,182.61195409916436,183.99131774902344,18848900
2024-06-28 00:00:00-04:00,GOOGL,182.90965002904287,183.71344974735644,180.56770738280355,180.75624084472656,29156600
2024-07-01 00:00:00-04:00,GOOGL,181.6295157623823,182.4730179096056,179.91275737108273,181.58982849121094,16006100
2024-07-02 00:00:00-04:00,GOOGL,180.65702287018632,184.15009335463083,180.17076672022137,183.82261657714844,17372500
2024-07-03 00:00:00-04:00,GOOGL,183.43556862917737,184.66607069153503,182.59206661247012,184.3981475830078,10242100
2024-07-05 00:00:00-04:00,GOOGL,184.43785005315465,189.3995914027585,184.37831157968466,189.14158630371094,20967500
2024-07-08 00:00:00-04:00,GOOGL,188.4469411036859,188.71487939155085,186.34316749742393,187.58360290527344,21035900
2024-07-09 00:00:00-04:00,GOOGL,188.85379104005673,189.89575971995774,187.27596097330996,187.53396606445312,15121400
2024-07-10 00:00:00-04:00,GOOGL,187.7026819141074,190.28279364749721,187.5836049591009,189.71714782714844,15952500
2024-07-11 00:00:00-04:00,GOOGL,188.39735066829172,189.39961710579536,183.66384453862594,184.1501007080078,25625800
2024-07-12 00:00:00-04:00,GOOGL,183.66383343758727,185.67829936578423,183.07835154835516,183.65391540527344,22898400
2024-07-15 00:00:00-04:00,GOOGL,183.50505596969933,186.79965977611926,183.50505596969933,185.1027374267578,16474000
2024-07-16 00:00:00-04:00,GOOGL,185.92637584595624,187.23626771226316,181.9669007256916,182.5126953125,18290700
2024-07-17 00:00:00-04:00,GOOGL,181.56994836615308,182.14551212968965,178.52343217430078,179.63487243652344,20734100
2024-07-18 00:00:00-04:00,GOOGL,180.53793067512186,181.10357651103143,175.11971708479683,176.33038330078125,25315700
2024-07-19 00:00:00-04:00,GOOGL,177.51126425121495,178.91046381081307,175.77465477022162,176.30059814453125,18881900
2024-07-22 00:00:00-04:00,GOOGL,179.2081844529357,181.30204007198228,178.85093844213043,180.27992248535156,24100300
2024-07-23 00:00:00-04:00,GOOGL,180.65700705961783,182.20506795075516,180.15089974687697,180.39898681640625,36352700
2024-07-24 00:00:00-04:00,GOOGL,172.2716763828317,174.84185492699467,170.5052975643539,171.30909729003906,49585200
2024-07-25 00:00:00-04:00,GOOGL,171.19994131459546,172.09304877138803,165.9107228003057,166.00003051757812,44852000
2024-07-26 00:00:00-04:00,GOOGL,165.8710141586151,166.80382399385917,162.8046615111257,165.72216796875,41336900
2024-07-29 00:00:00-04:00,GOOGL,167.53816257445885,169.12591074335177,166.70459365013758,168.23280334472656,20293800
2024-07-30 00:00:00-04:00,GOOGL,168.9373636975669,169.9197787286118,167.1511339019872,168.98696899414062,18959700
2024-07-31 00:00:00-04:00,GOOGL,171.9144211788754,172.91668748879763,168.70912533779483,170.2274169921875,25729100
2024-08-01 00:00:00-04:00,GOOGL,168.94730744825696,172.718234225876,167.58779504728142,169.45339965820312,24531400
2024-08-02 00:00:00-04:00,GOOGL,165.16644779514462,167.22060083165107,163.40998712477472,165.384765625,29130100
2024-08-05 00:00:00-04:00,GOOGL,154.3101575722687,163.17182044634595,153.74451178437454,158.03146362304688,53630700
2024-08-06 00:00:00-04:00,GOOGL,158.11086239581772,159.34137978517677,155.2132070680051,157.0788116455078,49004600
2024-08-07 00:00:00-04:00,GOOGL,160.0161531809976,161.73291139086032,157.25742629410797,157.7238311767578,25138600
2024-08-08 00:00:00-04:00,GOOGL,159.28181801513983,162.4374934400702,158.9841256428161,160.79019165039062,25578800
2024-08-09 00:00:00-04:00,GOOGL,158.7856348991968,162.5367099988413,157.84290710869936,162.41763305664062,28602300
2024-08-12 00:00:00-04:00,GOOGL,163.09245277727376,163.638232240746,160.60164879815585,161.04820251464844,15895300
2024-08-13 00:00:00-04:00,GOOGL,162.1596085452311,163.4695001786435,161.7229729534168,162.90386962890625,18551700
2024-08-14 00:00:00-04:00,GOOGL,161.1573644799167,161.97109738750262,156.50326348113867,159.1428985595703,40591100
2024-08-15 00:00:00-04:00,GOOGL,159.27191417011724,160.40319071181239,158.388724722145,160.0657958984375,31524300
2024-08-16 00:00:00-04:00,GOOGL,160.23446942114322,163.79699592189854,159.89707465805918,161.71307373046875,24208600
2024-08-19 00:00:00-04:00,GOOGL,164.01533548402497,165.4145503036196,163.0031359185699,165.3946990966797,22416200
2024-08-20 00:00:00-04:00,GOOGL,165.62294626435101,167.34963797695062,165.54357171525163,165.9008026123047,18341500
2024-08-21 00:00:00-04:00,GOOGL,163.88630724691845,165.57331138365288,163.40998432722168,164.58096313476562,22902000
2024-08-22 00:00:00-04:00,GOOGL,165.9801625781286,166.30763931714822,162.06039002531082,162.54664611816406,22493300
2024-08-23 00:00:00-04:00,GOOGL,163.45964509800748,164.90846541930796,162.57645554427228,164.35275268554688,13955700
2024-08-26 00:00:00-04:00,GOOGL,165.106913416324,166.26795909914733,163.20160651563705,164.8885955810547,14190400
2024-08-27 00:00:00-04:00,GOOGL,164.5710342489987,165.16644927065664,163.20160392643822,163.41990661621094,11821900
2024-08-28 00:00:00-04:00,GOOGL,163.77715768210635,164.33288545251102,160.2940205808296,161.6039276123047,16407400
2024-08-29 00:00:00-04:00,GOOGL,163.05275436266322,164.70005625165825,159.02382249929119,160.5421142578125,19699800
2024-08-30 00:00:00-04:00,GOOGL,161.37570354226852,162.40775443186422,160.4528267322231,162.12989807128906,22123800
2024-09-03 00:00:00-04:00,GOOGL,160.48258445374879,160.61159459119546,155.28267338679814,156.15594482421875,38945300
2024-09-04 00:00:00-04:00,GOOGL,155.4612837104589,157.78337502963737,154.76664294942685,155.2528839111328,19353800
2024-09-05 00:00:00-04:00,GOOGL,155.1040553313884,158.22994668183233,154.78649658056972,156.036865234375,18688700
2024-09-06 00:00:00-04:00,GOOGL,156.09638450541732,156.62232787245784,149.39803374273566,149.76519775390625,37912100
2024-09-09 00:00:00-04:00,GOOGL,151.54385960268255,152.4282209390493,146.2873778721235,147.7679443359375,39260500
2024-09-10 00:00:00-04:00,GOOGL,149.49690018583888,150.3117127852872,147.40026637370062,147.71824645996094,31118800
2024-09-11 00:00:00-04:00,GOOGL,148.97027288921362,150.54026559740743,146.5854826673726,150.20242309570312,29607700
2024-09-12 00:00:00-04:00,GOOGL,152.82570635319718,153.83924907315188,151.682982309114,153.71006774902344,29621500
2024-09-13 00:00:00-04:00,GOOGL,154.44537016884462,157.37669455144265,154.22677778049754,156.4625244140625,29591200
2024-09-16 00:00:00-04:00,GOOGL,156.31346693580858,157.2475146303272,155.60797314926953,157.0587158203125,18379800
2024-09-17 00:00:00-04:00,GOOGL,158.0126274199818,159.53293380012653,157.3766823666018,158.31072998046875,20715600
2024-09-18 00:00:00-04:00,GOOGL,158.84730896980255,159.48325404924594,157.59529635899653,158.79762268066406,23677300
2024-09-19 00:00:00-04:00,GOOGL,162.67294625626252,162.752426134326,160.31794928169234,161.11288452148438,26587700
2024-09-20 00:00:00-04:00,GOOGL,162.46425419413836,162.69279293629415,161.03337393309369,162.55368041992188,40896400
2024-09-23 00:00:00-04:00,GOOGL,163.30888534572622,164.44166309263446,160.64585466572302,160.82472229003906,24150900
2024-09-24 00:00:00-04:00,GOOGL,161.99723481368196,162.18603362584003,159.67206190654358,161.2619171142578,23332100
2024-09-25 00:00:00-04:00,GOOGL,160.44711769027916,161.77862539142924,160.27819642927898,160.4669952392578,18869200
2024-09-26 00:00:00-04:00,GOOGL,162.60335078741144,163.0405658423745,161.25196569121914,161.69911193847656,20319300
2024-09-27 00:00:00-04:00,GOOGL,161.7786297424913,164.65032158098356,161.5997772832552,162.91140747070312,21101300
2024-09-30 00:00:00-04:00,GOOGL,162.28537567750828,165.09743429522993,162.22574304110324,164.79934692382812,20413900
2024-10-01 00:00:00-04:00,GOOGL,166.62770671794624,168.08839566011457,163.53740758234116,165.93214416503906,28338100
2024-10-02 00:00:00-04:00,GOOGL,165.3657609999376,166.45879878634457,163.68646438360673,164.80931091308594,17760200
2024-10-03 00:00:00-04:00,GOOGL,163.36849940346053,165.584368557219,162.88159799640147,164.80931091308594,15073100
2024-10-04 00:00:00-04:00,GOOGL,166.9953742029211,167.1642954706186,164.43171611961677,166.001708984375,19047400
2024-10-07 00:00:00-04:00,GOOGL,166.65751850550026,167.4126985535878,161.71900154638254,161.94754028320312,22463100
2024-10-08 00:00:00-04:00,GOOGL,162.90145376713176,163.68644249996592,161.83822486594266,163.3386688232422,23072700
2024-10-09 00:00:00-04:00,GOOGL,162.41457984860077,163.79577392063888,158.72809031254272,160.83465576171875,31181800
2024-10-10 00:00:00-04:00,GOOGL,159.85088135255765,162.03695645018013,159.38385759644052,161.05322265625,14144100
2024-10-11 00:00:00-04:00,GOOGL,161.10293319324816,162.86170956550862,160.21857182956228,162.20590209960938,15344300
2024-10-14 00:00:00-04:00,GOOGL,162.60336327926677,165.17695235890986,162.36487818674945,163.91500854492188,19016100
2024-10-15 00:00:00-04:00,GOOGL,164.73971556910084,166.61774183416674,163.58707567908868,164.4118194580078,20247200
2024-10-16 00:00:00-04:00,GOOGL,163.48772512033995,164.74968410008972,162.70273632699872,164.11373901367188,16406000
2024-10-17 00:00:00-04:00,GOOGL,164.6801076327293,165.31605267037628,161.72892116495908,161.89784240722656,21453400
2024-10-18 00:00:00-04:00,GOOGL,162.1562268737477,163.66660222742627,162.04692309495266,162.384765625,19757700
2024-10-21 00:00:00-04:00,GOOGL,161.9177244301946,163.45790836208016,161.58981312891888,163.0306396484375,20946500
2024-10-22 00:00:00-04:00,GOOGL,161.9475365199372,164.71987068710104,161.9475365199372,164.09385681152344,16568100
2024-10-23 00:00:00-04:00,GOOGL,163.71624709624942,164.7695447784646,160.90417320390316,161.74879455566406,18280500
2024-10-24 00:00:00-04:00,GOOGL,161.79849749810091,162.29533007096418,159.9900196550578,161.68919372558594,22412500
2024-10-25 00:00:00-04:00,GOOGL,162.63316747166715,164.54100267206263,162.38475119304076,164.22303771972656,19828900
2024-10-28 00:00:00-04:00,GOOGL,167.68098784367282,167.68098784367282,162.91139226813863,165.66384887695312,32138600
2024-10-29 00:00:00-04:00,GOOGL,166.66744336321563,169.30066498158368,166.03149830422933,168.60508728027344,42169000
2024-10-30 00:00:00-04:00,GOOGL,179.53541113405987,180.86693395167478,172.95735272555387,173.35482788085938,68890800
2024-10-31 00:00:00-04:00,GOOGL,172.03322375098372,175.6998499725552,169.91671248048732,170.02601623535156,44769000
2024-11-01 00:00:00-04:00,GOOGL,168.9926374988831,171.22838406204764,167.8101735573136,170.20489501953125,31796500
2024-11-04 00:00:00-05:00,GOOGL,168.8535086611848,169.64844379948434,166.9456734265419,168.1678924560547,21492700
2024-11-05 00:00:00-05:00,GOOGL,168.3566697123956,169.44970738138483,167.77041094544956,168.6647186279297,18242100
2024-11-06 00:00:00-05:00,GOOGL,172.6989763253505,175.81908375189076,172.40087379932447,175.3917999267578,33695500
2024-11-07 00:00:00-05:00,GOOGL,176.28614242154367,179.93289179611503,176.067534869967,179.60498046875,25352900
2024-11-08 00:00:00-05:00,GOOGL,179.50560202546419,179.7540183112244,176.95189049215537,177.22018432617188,22006200
2024-11-11 00:00:00-05:00,GOOGL,177.44871282536081,179.40623425717754,177.3394090594478,179.20750427246094,17450400
2024-11-12 00:00:00-05:00,GOOGL,178.6808819487348,181.33396618962504,178.25359803223796,180.46946716308594,25134900
2024-11-13 00:00:00-05:00,GOOGL,179.31680352847516,179.81363605883408,177.40895326922643,177.74681091308594,23184000
2024-11-14 00:00:00-05:00,GOOGL,177.15062051532624,177.68720818344102,173.21571503907634,174.4677276611328,31007500
2024-11-15 00:00:00-05:00,GOOGL,172.62944344024277,173.03684979342893,170.135349355116,171.39730834960938,32504600
2024-11-18 00:00:00-05:00,GOOGL,172.32140362031606,174.32861141194803,171.80469351153303,174.1894989013672,20135300
2024-11-19 00:00:00-05:00,GOOGL,172.6194876637269,177.7368564274597,172.46049762237553,176.99160766601562,23434900
2024-11-20 00:00:00-05:00,GOOGL,176.21655843045156,176.5544009125721,172.67911323618793,174.86517333984375,18997100
2024-11-21 00:00:00-05:00,GOOGL,172.79836977486937,173.02692368437366,162.662987910428,166.56809997558594,59734400
2024-11-22 00:00:00-05:00,GOOGL,164.79936934193785,165.40550568311707,162.8617101914929,163.7162628173828,38604600
2024-11-25 00:00:00-05:00,GOOGL,165.03785161237923,167.5617697445597,164.56089655546532,166.5879669189453,33135300
2024-11-26 00:00:00-05:00,GOOGL,166.5680936524055,168.74422275300518,166.5184073625678,168.04864501953125,20486700
2024-11-27 00:00:00-05:00,GOOGL,167.92938975571963,168.40634472383195,166.9556022735371,168.15792846679688,19266500
2024-11-29 00:00:00-05:00,GOOGL,167.43256870496816,168.35666996658753,166.10106111500806,167.8797149658203,14257200
2024-12-02 00:00:00-05:00,GOOGL,167.7008703464783,170.98989954223964,167.50214035040204,170.4036407470703,23789100
2024-12-03 00:00:00-05:00,GOOGL,170.40362122950918,171.58606987747282,169.7676762176285,170.2545623779297,22248700
2024-12-04 00:00:00-05:00,GOOGL,170.0657630063179,173.8019532050098,169.9763367929556,173.26536560058594,31615100
2024-12-05 00:00:00-05:00,GOOGL,174.24911120663256,174.9446737388749,171.2383071896845,171.5463409423828,21356200
2024-12-06 00:00:00-05:00,GOOGL,170.94022556750923,173.97090750291954,170.77130430056872,173.60325622558594,21462400
2024-12-09 00:00:00-05:00,GOOGL,173.05610866341627,175.34414569527965,172.74770667593938,174.45877075195312,25389600
2024-12-10 00:00:00-05:00,GOOGL,181.89990276575224,185.39165905883286,180.10925267461994,184.2078399658203,54813000
2024-12-11 00:00:00-05:00,GOOGL,184.34712093414166,194.59360484337623,183.88951960925283,194.3846893310547,67894100
2024-12-12 00:00:00-05:00,GOOGL,193.98676747620544,194.16582489848338,190.71386920648584,190.9625701904297,34817500
2024-12-13 00:00:00-05:00,GOOGL,190.01749841639386,191.72856243728444,188.65462185235455,188.8336944580078,25143500
2024-12-16 00:00:00-05:00,GOOGL,191.8678225512729,197.96597529078676,191.6191215772895,195.6381378173828,44934900
2024-12-17 00:00:00-05:00,GOOGL,196.2250798486302,200.37341051362353,193.9668706236853,194.4045867919922,43504000
2024-12-18 00:00:00-05:00,GOOGL,194.2056368053088,195.976386699195,186.764507184961,187.4210662841797,34166100
2024-12-19 00:00:00-05:00,GOOGL,190.63425468245924,192.0269739133516,187.40114237263663,187.53045654296875,32265200
2024-12-20 00:00:00-05:00,GOOGL,184.8146696474835,191.88772607244653,184.25758188521124,190.41542053222656,63462900
2024-12-23 00:00:00-05:00,GOOGL,191.61914756204428,194.0862724877592,189.16198039152084,193.61871337890625,25675000
2024-12-24 00:00:00-05:00,GOOGL,193.82759815006608,195.09100341796875,192.7731083908338,195.09100341796875,10403300
2024-12-26 00:00:00-05:00,GOOGL,194.13597478356786,195.72766709348628,193.36998671071595,194.58364868164062,12046600
2024-12-27 00:00:00-05:00,GOOGL,193.9370152813754,194.3051030426647,189.65935551931798,191.75839233398438,18891400
2024-12-30 00:00:00-05:00,GOOGL,188.81380244155494,191.54951344453465,188.13732782747584,190.24632263183594,14264700
2024-12-31 00:00:00-05:00,GOOGL,190.0871254076539,190.96255767118524,187.53047217416017,188.31637573242188,17466900
2025-01-02 00:00:00-05:00,GOOGL,189.65937128935172,191.00236272405684,186.52574484771176,188.44570922851562,20370800
2025-01-03 00:00:00-05:00,GOOGL,190.37562593745199,192.20607673113864,188.9928490622425,190.79344177246094,18596200
2025-01-06 00:00:00-05:00,GOOGL,192.97207816719848,197.1900526464094,192.84276396758787,195.84706115722656,29563600
2025-01-07 00:00:00-05:00,GOOGL,196.085805432373,199.95559215597262,193.5888530048973,194.47422790527344,26487200
2025-01-08 00:00:00-05:00,GOOGL,191.56941104474132,195.2700679108895,191.3803958585084,192.94223022460938,24864800
2025-01-10 00:00:00-05:00,GOOGL,193.29039598946073,195.49886180679007,189.32112306274666,191.04212951660156,26665200
2025-01-13 00:00:00-05:00,GOOGL,189.08238366148746,190.1866014129224,186.38645842630518,190.01748657226562,21823700
2025-01-14 00:00:00-05:00,GOOGL,190.24630678281764,190.98245196740993,187.33152340912505,188.6745147705078,17174900
2025-01-15 00:00:00-05:00,GOOGL,192.08668076451275,195.33969375687735,190.8630762218721,194.53390502929688,21776000
2025-01-16 00:00:00-05:00,GOOGL,193.13124318936406,194.4642768734046,191.8081520804567,191.9076385498047,17815400
2025-01-17 00:00:00-05:00,GOOGL,195.50881224351804,196.2051719482703,192.74325857357104,194.9815673828125,27735100
2025-01-21 00:00:00-05:00,GOOGL,198.03562405056638,201.23887871445535,196.84184720049228,197.0209197998047,29971300
2025-01-22 00:00:00-05:00,GOOGL,198.02568110227872,199.43830095568052,196.50363220208854,197.33926391601562,26200600
2025-01-23 00:00:00-05:00,GOOGL,197.11045095911172,199.25923110054313,194.18572496319172,196.95127868652344,26951400
2025-01-24 00:00:00-05:00,GOOGL,197.07067128135972,199.85611023612495,196.97118481318788,199.16970825195312,23877500
2025-01-27 00:00:00-05:00,GOOGL,191.41021235620636,195.85698677854776,189.73893399543607,190.81332397460938,41728900
2025-01-28 00:00:00-05:00,GOOGL,191.7484641400102,194.46427471258818,189.68921264751984,194.28521728515625,24157900
2025-01-29 00:00:00-05:00,GOOGL,194.54383730753634,195.76744178541853,192.4249002623363,194.39462280273438,18218300
2025-01-30 00:00:00-05:00,GOOGL,196.97118096512546,200.3535083038363,196.6428938419765,199.82626342773438,24354700
2025-01-31 00:00:00-05:00,GOOGL,200.95039173473552,204.41230512426117,200.75143398674038,202.95989990234375,32001100
2025-02-03 00:00:00-05:00,GOOGL,199.64718455503106,202.69128186873195,199.0602539340499,200.1843719482422,27838300
2025-02-04 00:00:00-05:00,GOOGL,202.33317837712485,205.97416454187623,201.75619025433605,205.30764770507812,43856400
2025-02-05 00:00:00-05:00,GOOGL,190.0771871408914,191.74845039513906,187.05297480534406,190.33583068847656,70373900
2025-02-06 00:00:00-05:00,GOOGL,188.5153520057582,191.10184839531686,187.73940612479137,190.6044464111328,29297400
2025-02-07 00:00:00-05:00,GOOGL,190.05730586169955,190.18662005870158,182.2878891065967,184.37696838378906,49315000
2025-02-10 00:00:00-05:00,GOOGL,186.37653098919859,187.22210526115876,184.8942676002274,185.5010986328125,23105600
2025-02-11 00:00:00-05:00,GOOGL,184.0685692836796,185.96864842614565,183.3224663388948,184.35707092285156,21239500
2025-02-12 00:00:00-05:00,GOOGL,182.26797191010567,184.14815067534644,180.88519509524076,182.65594482421875,22072600
2025-02-13 00:00:00-05:00,GOOGL,183.36225538928474,185.3120624610406,182.18837893712364,185.17279052734375,21402500
2025-02-14 00:00:00-05:00,GOOGL,184.09840225302517,185.43143579936174,183.3622571021092,184.26751708984375,20448400
2025-02-18 00:00:00-05:00,GOOGL,184.6356329562648,184.9937630121433,180.79568881581937,182.8151397705078,29916700
2025-02-19 00:00:00-05:00,GOOGL,183.11356559747395,184.4963424448096,182.63604878465782,184.3073272705078,19549400
2025-02-20 00:00:00-05:00,GOOGL,183.83977159439488,184.34711614040583,181.77057757262898,183.60101318359375,20441500
2025-02-21 00:00:00-05:00,GOOGL,184.1879660516495,184.37698125219566,178.1495132872048,178.72650146484375,35199200
2025-02-24 00:00:00-05:00,GOOGL,181.04437173412518,182.16848984705686,177.96047349552646,178.318603515625,29854200
2025-02-25 00:00:00-05:00,GOOGL,177.11488051844918,177.81125539535978,173.7822965453186,174.5084991455078,41913400
2025-02-26 00:00:00-05:00,GOOGL,174.1603418876601,175.16508845335508,170.68847049649932,171.83248901367188,35431300
2025-02-27 00:00:00-05:00,GOOGL,173.0859608604194,173.65299127143683,167.06739336596,167.62448120117188,39991000
2025-02-28 00:00:00-05:00,GOOGL,167.80352548017922,169.72350502540073,165.9034614440167,169.3952178955078,48130600
2025-03-03 00:00:00-05:00,GOOGL,171.0366301036563,172.46915017235435,165.06780660374991,166.14219665527344,40770500
2025-03-04 00:00:00-05:00,GOOGL,165.37621562667857,172.38957139478455,164.93849945595062,170.03189086914062,45388000
2025-03-05 00:00:00-05:00,GOOGL,169.6339770163835,172.87703249017144,168.18155654289944,172.12098693847656,30954900
2025-03-06 00:00:00-05:00,GOOGL,169.64391728856972,173.9016770030345,169.61407438427003,171.4544677734375,28302000
2025-03-07 00:00:00-05:00,GOOGL,170.3701228624436,174.06085227932917,169.38527664457013,172.9566192626953,27385800
2025-03-10 00:00:00-04:00,GOOGL,167.57848498247546,167.77768707285077,163.02700292073365,165.1981658935547,43604000
2025-03-11 00:00:00-04:00,GOOGL,164.24205105519363,166.0745946593306,160.71638098509786,163.3755645751953,39587400
2025-03-12 00:00:00-04:00,GOOGL,165.90529913170525,166.96100335852913,162.86764957538162,166.4331512451172,28372400
2025-03-13 00:00:00-04:00,GOOGL,165.36746730396223,165.45711431897539,161.4533926135524,162.1007537841797,31756200
2025-03-14 00:00:00-04:00,GOOGL,162.60869285591215,165.8156517325666,161.79200690237369,164.8197021484375,31995900
2025-03-17 00:00:00-04:00,GOOGL,164.36156568984055,165.6264259709924,163.00707358955603,163.6245574951172,31184300
2025-03-18 00:00:00-04:00,GOOGL,163.01704455009593,163.58474319088282,156.08524293798212,160.0192413330078,42074800
2025-03-19 00:00:00-04:00,GOOGL,161.10481855769754,165.19817244671944,160.34790225399752,163.2261962890625,34275600
2025-03-20 00:00:00-04:00,GOOGL,160.91559589904986,164.22214090970084,160.30806599087495,162.14060974121094,28138500
2025-03-21 00:00:00-04:00,GOOGL,160.5570365628768,163.57476253851374,160.23832540652674,163.32577514648438,36625800
2025-03-24 00:00:00-04:00,GOOGL,166.3933245024789,167.63826163368083,164.47113366947016,167.00083923339844,30879100
2025-03-25 00:00:00-04:00,GOOGL,168.2955839776117,169.93891017820465,167.63826869436164,169.8691864013672,24174400
2025-03-26 00:00:00-04:00,GOOGL,168.31549307909538,168.92302298152063,164.17233883294872,164.39144897460938,28901600
2025-03-27 00:00:00-04:00,GOOGL,163.96318944763343,164.74998295425303,161.3438371056606,161.58287048339844,24508300
2025-03-28 00:00:00-04:00,GOOGL,159.8399478606563,161.16456257842086,153.00773337780885,153.70489501953125,48669300
2025-03-31 00:00:00-04:00,GOOGL,152.489854834344,154.91000524190235,150.04978117819655,154.01365661621094,54603500
2025-04-01 00:00:00-04:00,GOOGL,152.99778409802235,157.45964958057314,152.99778409802235,156.43382263183594,30672900
2025-04-02 00:00:00-04:00,GOOGL,154.52157130636616,157.7683766642482,154.07339703462338,156.40391540527344,25041700
2025-04-03 00:00:00-04:00,GOOGL,150.49794733089453,152.16118136873095,149.78086239042807,150.10952758789062,46883400
2025-04-04 00:00:00-04:00,GOOGL,147.41051168463707,150.4581305746649,144.7911742710094,145.01028442382812,62259500
2025-04-07 00:00:00-04:00,GOOGL,140.9766740613606,152.23090799124293,139.96080117715204,146.15560913085938,76794100
2025-04-08 00:00:00-04:00,GOOGL,150.60750263275938,151.62337549950988,142.45067281990836,144.11390686035156,52200200
2025-04-09 00:00:00-04:00,GOOGL,143.83505464618503,158.90377855359424,143.3271257672898,158.0671844482422,70406200
2025-04-10 00:00:00-04:00,GOOGL,155.9059376747643,157.081166059798,149.32271046519142,152.20101928710938,48022000
2025-04-11 00:00:00-04:00,GOOGL,152.2806780167882,157.0313615599484,152.20101542723245,156.50350952148438,33636200
2025-04-14 00:00:00-04:00,GOOGL,159.3519307590391,161.06496523045752,156.92181138344625,158.4257049560547,30333000
2025-04-15 00:00:00-04:00,GOOGL,158.48548058954378,159.00336349160088,154.58135959003184,155.67689514160156,27551500
2025-04-16 00:00:00-04:00,GOOGL,152.47990494067977,155.2585979132132,150.8963333701315,152.70896911621094,28187400
2025-04-17 00:00:00-04:00,GOOGL,153.66507223082013,154.0534920051937,147.89853016558348,150.54776000976562,33046600
2025-04-21 00:00:00-04:00,GOOGL,148.2769899279801,148.346698501599,145.50825109483685,147.07188415527344,26049100
2025-04-22 00:00:00-04:00,GOOGL,148.28695422864388,151.57359136677536,147.93836574543795,150.85650634765625,26971800
2025-04-23 00:00:00-04:00,GOOGL,154.97972084901838,156.89194229421238,153.1870084950911,154.7207794189453,31128800
2025-04-24 00:00:00-04:00,GOOGL,155.51754490565963,158.94361442258594,155.1590023934932,158.63487243652344,45894000
2025-04-25 00:00:00-04:00,GOOGL,164.40138910804703,165.42721586386347,160.38769869434915,161.30398559570312,56034000
2025-04-28 00:00:00-04:00,GOOGL,161.77207767108948,162.48916256089402,157.95760427833062,159.95945739746094,29745800
2025-04-29 00:00:00-04:00,GOOGL,159.6706623611363,160.0889594093041,156.88200017636458,159.5113067626953,26809000
2025-04-30 00:00:00-04:00,GOOGL,157.34012853089786,158.62491214751483,154.7705764946502,158.1568145751953,34981100
2025-05-01 00:00:00-04:00,GOOGL,159.80011945187778,161.29404393761732,158.26636366652554,160.6466827392578,30203200
2025-05-02 00:00:00-04:00,GOOGL,162.7481471411051,164.3018262703875,161.21437606436152,163.36563110351562,25715000
2025-05-05 00:00:00-04:00,GOOGL,162.3397856484502,164.72010459701127,162.06092097475153,163.54489135742188,21341800
2025-05-06 00:00:00-04:00,GOOGL,161.51315867988768,164.13251121588542,160.5371322432176,162.56886291503906,21277200
2025-05-07 00:00:00-04:00,GOOGL,163.4154348555188,164.3317067909572,147.2412056374208,150.76687622070312,127490100
2025-05-08 00:00:00-04:00,GOOGL,154.37219053033292,155.29841637896206,152.28069025725696,153.6551055908203,57498700
2025-05-09 00:00:00-04:00,GOOGL,153.5455792939821,154.42201998359607,151.5835569664522,152.13133239746094,32435300
2025-05-12 00:00:00-04:00,GOOGL,156.85211913184455,158.45559870977985,155.61713606908535,157.8181915283203,44138800
2025-05-13 00:00:00-04:00,GOOGL,158.14684186881533,159.9196462677562,155.52750456311006,158.88385009765625,42382100
2025-05-14 00:00:00-04:00,GOOGL,159.31210428165852,166.3235827604559,158.96351584378579,164.70018005371094,48755900
2025-05-15 00:00:00-04:00,GOOGL,165.1682887318073,165.53680044166376,161.71234217984835,163.29591369628906,33146700
2025-05-16 00:00:00-04:00,GOOGL,167.05061660833445,168.66406524073284,164.94916241420358,165.51686096191406,42846900
2025-05-19 00:00:00-04:00,GOOGL,163.84367142462605,165.96504904182535,163.55485271284547,165.86544799804688,30426100
2025-05-20 00:00:00-04:00,GOOGL,165.75590012466307,167.817523283891,162.24019892385144,163.31582641601562,46607700
2025-05-21 00:00:00-04:00,GOOGL,163.02700354080346,172.43872486137178,162.89752522096424,167.8772735595703,73416000
2025-05-22 00:00:00-04:00,GOOGL,171.15394376538748,176.05401394301808,170.0185618363875,170.1779022216797,74864400
2025-05-23 00:00:00-04:00,GOOGL,168.3752347830085,169.2715985296926,167.2099755896054,167.78762817382812,35211400
2025-05-27 00:00:00-04:00,GOOGL,169.470814421165,172.46861772099123,169.3114588126526,172.19970703125,37995700
2025-05-28 00:00:00-04:00,GOOGL,172.45865857387113,174.56011310814884,171.21372141368263,171.66189575195312,34784000
2025-05-29 00:00:00-04:00,GOOGL,173.29524158580244,173.71353862116436,169.93889608019336,171.16390991210938,29317300
2025-05-30 00:00:00-04:00,GOOGL,170.6559680857075,171.5124853397844,166.76180154699824,171.0443878173828,52639900
2025-06-02 00:00:00-04:00,GOOGL,167.1602000728598,169.18197682154243,166.71202573097702,168.3453826904297,38612300
2025-06-03 00:00:00-04:00,GOOGL,166.81161909114326,167.79759955842107,164.61056358901342,165.5069122314453,45084900
2025-06-04 00:00:00-04:00,GOOGL,166.06466254041968,167.53866387757995,165.6861967820594,167.36935424804688,26900800
2025-06-05 00:00:00-04:00,GOOGL,169.65006425936653,170.23767092126516,166.9112026488037,167.52870178222656,36379100
2025-06-06 00:00:00-04:00,GOOGL,170.1380845314093,173.79321800916722,170.1380845314093,172.97653198242188,35731800
2025-06-09 00:00:00-04:00,GOOGL,174.04348698482235,175.96800471005412,173.87397240224888,175.58908081054688,28935900
2025-06-10 00:00:00-04:00,GOOGL,175.69878257607027,180.59481935710423,174.41245877453574,178.0919647216797,61766100
2025-06-11 00:00:00-04:00,GOOGL,179.2586188457646,179.8569029175766,176.24720547354727,176.8455047607422,31646800
2025-06-12 00:00:00-04:00,GOOGL,175.6788256293735,176.2172980493167,174.25290075490625,175.2001953125,20941900
2025-06-13 00:00:00-04:00,GOOGL,171.9494740114175,176.6261351195968,171.8996131999643,174.17312622070312,27663100
2025-06-16 00:00:00-04:00,GOOGL,174.23294549738824,176.43666545813562,174.15317124562452,176.26715087890625,27389200
2025-06-17 00:00:00-04:00,GOOGL,175.20018931566514,176.85547082344988,174.08338020939252,175.44947814941406,24973000
2025-06-18 00:00:00-04:00,GOOGL,175.50931582595604,176.0577543370001,172.70731159680278,172.8269805908203,28707500
2025-06-20 00:00:00-04:00,GOOGL,173.45517315134433,173.8440631360939,164.98933381824614,166.1659698486328,75659900
2025-06-23 00:00:00-04:00,GOOGL,165.7970377232315,166.86398612208345,161.53917977382372,164.72010803222656,57671000
2025-06-24 00:00:00-04:00,GOOGL,166.4451757427373,167.74148079179992,165.65742968002243,166.2956085205078,40524300
2025-06-25 00:00:00-04:00,GOOGL,167.15316152434053,171.86970222006798,167.07338726794845,170.19447326660156,35479000
2025-06-26 00:00:00-04:00,GOOGL,171.93948268163984,173.19590810922037,169.45657569929264,173.04632568359375,31796700
2025-06-27 00:00:00-04:00,GOOGL,173.04634474267505,178.17172298843596,171.24149586849427,178.02215576171875,108140200
2025-06-30 00:00:00-04:00,GOOGL,180.26574336762212,180.7144602330707,174.08338322657394,175.7286834716797,63378900
2025-07-01 00:00:00-04:00,GOOGL,175.24009156508697,175.58908681807281,173.0363714854685,175.3397979736328,35904500
2025-07-02 00:00:00-04:00,GOOGL,175.04063318866915,178.35119606008848,174.5719841997796,178.13182067871094,29128900
2025-07-03 00:00:00-04:00,GOOGL,177.99221838299502,179.15888824066795,176.5463462627362,179.019287109375,21689700
2025-07-07 00:00:00-04:00,GOOGL,178.550625649566,178.78994839919216,175.1802358653973,176.28707885742188,34175600
2025-07-08 00:00:00-04:00,GOOGL,177.34407588154812,177.44378228214464,172.31840465770773,173.86399841308594,40442500
2025-07-09 00:00:00-04:00,GOOGL,174.75147104078385,178.92955429499338,172.27853009035698,176.11756896972656,43025600
2025-07-10 00:00:00-04:00,GOOGL,175.1304013990042,177.92242424511252,173.88395719435462,177.11473083496094,29252400
2025-07-11 00:00:00-04:00,GOOGL,176.28710677069904,180.91390748840172,175.97799101310056,179.6774444580078,34282900
2025-07-14 00:00:00-04:00,GOOGL,180.49507959550706,183.14751640721383,179.16886118965368,181.04351806640625,32536600
2025-07-15 00:00:00-04:00,GOOGL,182.28996266650833,183.69595532751242,181.08341324296114,181.48226928710938,33448300
2025-07-16 00:00:00-04:00,GOOGL,182.71876014286474,183.80565587223137,181.5121954195811,182.44952392578125,33104200
2025-07-17 00:00:00-04:00,GOOGL,181.6218637248093,183.53640005379035,179.96658229342344,183.05776977539062,31992600
2025-07-18 00:00:00-04:00,GOOGL,184.8725832213821,185.88968586946515,183.1874035754976,184.53355407714844,34014500
2025-07-21 00:00:00-04:00,GOOGL,185.720180506412,189.74868135121883,185.62045888710102,189.55923461914062,45803100
2025-07-22 00:00:00-04:00,GOOGL,190.9552485801447,191.10481579575136,186.9267476808465,190.7957000732422,44660200
2025-07-23 00:00:00-04:00,GOOGL,190.95526494810704,191.98233382433085,188.6418570458734,189.68887329101562,58681900
2025-07-24 00:00:00-04:00,GOOGL,196.46952792005337,197.3869090653604,190.45668205461735,191.62335205078125,74881700
2025-07-25 00:00:00-04:00,GOOGL,191.43387927305906,193.77720042486192,190.71592620592727,192.63046264648438,39785900
2025-07-28 00:00:00-04:00,GOOGL,193.0991291078416,193.49800038051387,190.29712498462092,192.0321807861328,38139500
2025-07-29 00:00:00-04:00,GOOGL,191.88259792418754,195.36267559548023,191.53360267868564,195.1931610107422,41389200
2025-07-30 00:00:00-04:00,GOOGL,195.04358487121084,197.03789549273495,194.13616988672555,195.97093200683594,32445400
2025-07-31 00:00:00-04:00,GOOGL,195.1532699224849,195.43247218848848,190.54640210266098,191.35409545898438,51329200
2025-08-01 00:00:00-04:00,GOOGL,188.4922583678995,190.28714088647305,187.28570901887355,188.59197998046875,34832200
2025-08-04 00:00:00-04:00,GOOGL,189.7486955367273,194.7145404143055,189.57918094353215,194.4851837158203,31547400
2025-08-05 00:00:00-04:00,GOOGL,194.15613619201434,197.29716964115076,193.33846145404655,194.11624145507812,31602300
2025-08-06 00:00:00-04:00,GOOGL,193.94670749735778,196.07065317332066,193.11906676548202,195.5321807861328,21562900
2025-08-07 00:00:00-04:00,GOOGL,196.49944049707085,196.97807082829456,193.77721051804474,195.9609832763672,26321800
2025-08-08 00:00:00-04:00,GOOGL,196.65896623314958,202.03363260270996,196.60910542589713,200.84701538085938,39161800
2025-08-11 00:00:00-04:00,GOOGL,200.36839577051538,200.90685295750995,198.50372015999918,200.42822265625,25832400
2025-08-12 00:00:00-04:00,GOOGL,200.7971688962253,203.9182700251912,200.01938893683175,202.76156616210938,30397900
2025-08-13 00:00:00-04:00,GOOGL,203.5493232968563,203.94817934449617,196.94814463612107,201.385498046875,28342900
2025-08-14 00:00:00-04:00,GOOGL,200.92679533252792,203.85843438375156,200.65755913802832,202.36270141601562,25230400
2025-08-15 00:00:00-04:00,GOOGL,203.2701312097242,205.85276000380134,200.7074345682602,203.31997680664062,34931400
2025-08-18 00:00:00-04:00,GOOGL,203.61911775674488,204.68608127587706,201.91399064284568,202.92111206054688,18526600
2025-08-19 00:00:00-04:00,GOOGL,202.45245084896237,202.86128819689205,199.39119181596234,200.99661254882812,24240200
2025-08-20 00:00:00-04:00,GOOGL,200.15898342104597,200.70742189093835,196.04074228977996,198.7530059814453,28955500
2025-08-21 00:00:00-04:00,GOOGL,199.18177795410156,201.9040077554449,198.86268094385764,199.18177795410156,19774600
2025-08-22 00:00:00-04:00,GOOGL,202.15329588435108,207.9467659198768,200.7273710651735,205.5037384033203,42827000
2025-08-25 00:00:00-04:00,GOOGL,205.84275894542606,209.92113563994843,204.69603644956018,207.89691162109375,29928900
2025-08-26 00:00:00-04:00,GOOGL,206.91969332896332,207.258737698756,205.11484464858782,206.55075073242188,28464100
2025-08-27 00:00:00-04:00,GOOGL,205.11485047791405,208.31572581537765,205.0649896678173,206.88978576660156,23022900
2025-08-28 00:00:00-04:00,GOOGL,206.66043741838072,211.61630051242363,206.31142697470574,211.03794860839844,32339300
2025-08-29 00:00:00-04:00,GOOGL,209.91116980825524,214.03939239893296,209.60205408045064,212.30435180664062,39728400
2025-09-02 00:00:00-04:00,GOOGL,207.84706876322787,211.0778424398192,205.61343524607918,210.74879455566406,47523000
2025-09-03 00:00:00-04:00,GOOGL,225.5665071716633,230.6519900738744,224.1505332557257,230.00384521484375,103336100
2025-09-04 00:00:00-04:00,GOOGL,228.996719869086,231.70898363627637,225.46679662750995,231.63919067382812,51684200
2025-09-05 00:00:00-04:00,GOOGL,231.53947436612376,235.08934505645462,231.24032471140728,234.33151245117188,46588900
2025-09-08 00:00:00-04:00,GOOGL,235.01017746372742,237.66498669397225,233.21368944217105,233.5829620361328,32474700
2025-09-09 00:00:00-04:00,GOOGL,233.71270408816554,240.00040430810463,232.7745373112583,239.16204833984375,38061000
2025-09-10 00:00:00-04:00,GOOGL,238.4334801337364,241.18810026950004,237.38554271234008,238.7029571533203,35141100
2025-09-11 00:00:00-04:00,GOOGL,239.41157085914617,241.77693788592924,235.78865459463688,239.90060424804688,30599300
2025-09-12 00:00:00-04:00,GOOGL,239.90060472674395,241.60727216892423,237.53523769524105,240.32977294921875,26771600
2025-09-15 00:00:00-04:00,GOOGL,244.18222746714693,251.91709313601174,244.18222746714693,251.11865234375,58383800
2025-09-16 00:00:00-04:00,GOOGL,251.58774200911427,252.54585880051692,248.98283818718852,250.66954040527344,34109700
2025-09-17 00:00:00-04:00,GOOGL,250.7294115061419,251.10867430438276,245.7990560449756,249.04270935058594,34108000
2025-09-18 00:00:00-04:00,GOOGL,251.18851917528045,253.49402106561863,249.31220074129322,251.537841796875,31239500
2025-09-19 00:00:00-04:00,GOOGL,252.7554645478164,255.5000944688687,251.31827407979023,254.22259521484375,55571400
2025-09-22 00:00:00-04:00,GOOGL,253.93314887572123,255.28051872493555,249.81122418035432,252.036865234375,32290500
2025-09-23 00:00:00-04:00,GOOGL,252.54585863312587,253.8632882566711,249.9908602190898,251.16856384277344,26628000
2025-09-24 00:00:00-04:00,GOOGL,251.16857220037895,251.85722723296598,245.95876438662486,246.6573944091797,28201000
2025-09-25 00:00:00-04:00,GOOGL,243.92272782855147,246.0086580355356,240.26988667693965,245.3100128173828,31020400
2025-09-26 00:00:00-04:00,GOOGL,246.58751170438376,248.9329133223502,245.48965376985265,246.05853271484375,18503200
2025-09-29 00:00:00-04:00,GOOGL,247.36600774683615,250.6595513653868,242.2959260790964,243.57342529296875,32505800
2025-09-30 00:00:00-04:00,GOOGL,242.33584768941728,242.8149061000678,238.78280195485732,242.6252899169922,34724300
2025-10-01 00:00:00-04:00,GOOGL,240.27987814588698,245.81904349162184,238.14405761597214,244.42176818847656,31658200
2025-10-02 00:00:00-04:00,GOOGL,244.67126631775048,246.32802833371,241.82684091969116,245.21022033691406,25483300
2025-10-03 00:00:00-04:00,GOOGL,244.01255894852343,245.8190218960462,241.18808361984188,244.87088012695312,30249600
2025-10-06 00:00:00-04:00,GOOGL,244.30198799944458,250.82922509816828,244.10238160883648,249.94094848632812,28894700
2025-10-07 00:00:00-04:00,GOOGL,247.78518329877946,249.95094390133718,245.04055349112926,245.2800750732422,23181300
2025-10-08 00:00:00-04:00,GOOGL,244.4816510919942,245.52958847857047,243.3438778825467,244.14230346679688,21307100
2025-10-09 00:00:00-04:00,GOOGL,243.99259549865826,244.28202248032238,238.68297718710045,241.05833435058594,27892100
2025-10-10 00:00:00-04:00,GOOGL,240.9585114020794,243.61332042411627,235.37943159764913,236.10801696777344,33180300
2025-10-13 00:00:00-04:00,GOOGL,239.74092459803205,244.02254038501275,239.2419009980627,243.6732177734375,24995000
2025-10-14 00:00:00-04:00,GOOGL,240.75892736637323,246.63742490132327,240.04033214741565,244.97068786621094,22111600
2025-10-15 00:00:00-04:00,GOOGL,246.76717761089535,251.6176877577252,245.50964358356617,250.539794921875,27007700
2025-10-16 00:00:00-04:00,GOOGL,251.27834055068328,256.4581925767255,249.61160360230107,250.9689483642578,27997200
2025-10-17 00:00:00-04:00,GOOGL,250.27031046967195,253.72356048353365,247.32607427452788,252.80535888671875,29671600
2025-10-20 00:00:00-04:00,GOOGL,254.19265795496185,256.82748687148535,253.73354951664797,256.04901123046875,22350200
2025-10-21 00:00:00-04:00,GOOGL,254.24254216862593,254.38226816359625,243.6732110393333,249.9709014892578,47312100
2025-10-22 00:00:00-04:00,GOOGL,253.87326076642051,255.85936494298178,248.8031791754094,251.19850158691406,35029400
2025-10-23 00:00:00-04:00,GOOGL,252.48597410141812,254.54194887812838,251.35819113136333,252.58578491210938,19901400
2025-10-24 00:00:00-04:00,GOOGL,256.07894057309267,261.16898745224296,254.82142179583195,259.4124450683594,28655100
2025-10-27 00:00:00-04:00,GOOGL,264.3028491565017,269.61246721569535,263.76389517627246,268.744140625,35235200
2025-10-28 00:00:00-04:00,GOOGL,269.1633589320839,270.20133657580493,265.9795858431389,266.94769287109375,29738600
2025-10-29 00:00:00-04:00,GOOGL,267.2271543584551,274.802329420885,267.14732397902117,274.0338439941406,43580300
2025-10-30 00:00:00-04:00,GOOGL,291.02060225143094,291.02060225143094,279.51311834988803,280.93035888671875,74876000
2025-10-31 00:00:00-04:00,GOOGL,282.65691333682474,285.44147330040244,276.48898951038876,280.640869140625,39267900
2025-11-03 00:00:00-05:00,GOOGL,281.62895336390585,284.97241759660864,279.25359613963377,283.16595458984375,29786000
2025-11-04 00:00:00-05:00,GOOGL,276.20955057551157,280.7207127582489,275.72051721535576,276.9980163574219,30078400
2025-11-05 00:00:00-05:00,GOOGL,278.32541216487215,285.86068664735006,276.79840119805726,283.7547912597656,31010300
2025-11-06 00:00:00-05:00,GOOGL,284.77279318145315,287.78691520805194,280.59100344938025,284.1939392089844,37173600
2025-11-07 00:00:00-05:00,GOOGL,282.656912627443,283.22580678831247,274.6525857946798,278.28546142578125,34479600
2025-11-10 00:00:00-05:00,GOOGL,283.8645774088431,290.2320924976737,282.30759586857965,289.5334777832031,29557300
2025-11-11 00:00:00-05:00,GOOGL,287.18807388729897,291.34994399814246,286.75892091303916,290.7411193847656,19842100
2025-11-12 00:00:00-05:00,GOOGL,291.11038092678234,291.43975353768866,283.1359940674285,286.15008544921875,24829900
2025-11-13 00:00:00-05:00,GOOGL,281.7886586854728,282.2876823136169,276.69861158680555,278.0260314941406,29494000
2025-11-14 00:00:00-05:00,GOOGL,270.8799731285475,278.01600396166356,270.1713681999226,275.8702087402344,31647200
2025-11-17 00:00:00-05:00,GOOGL,285.22190446328057,293.3759628274161,283.01622885841863,284.46337890625,52670200
2025-11-18 00:00:00-05:00,GOOGL,287.3577599014325,288.236015842567,277.65674001133203,283.724853515625,49158700
2025-11-19 00:00:00-05:00,GOOGL,286.5992292728396,303.21670857801746,286.07026549054086,292.2381896972656,68198900
2025-11-20 00:00:00-05:00,GOOGL,303.94529376978943,305.8216273232207,288.1062900504894,288.884765625,62025200
2025-11-21 00:00:00-05:00,GOOGL,295.84113571634185,303.32648898994427,293.2761473513388,299.0747985839844,74137700
2025-11-24 00:00:00-05:00,GOOGL,310.52242205466104,318.85612204740676,308.9954110970811,317.9578552246094,85165100
2025-11-25 00:00:00-05:00,GOOGL,325.5729598317621,328.187838552192,317.0296784660599,322.8083801269531,88632100
2025-11-26 00:00:00-05:00,GOOGL,320.053780820363,323.86632857763385,316.1713929045335,319.3252258300781,51373400
2025-11-28 00:00:00-05:00,GOOGL,322.73852157316225,326.2117368304371,316.1713843298485,319.55474853515625,26018600
2025-12-01 00:00:00-05:00,GOOGL,317.0796263275952,319.2254218425781,313.27706870792247,314.2751159667969,41183000
2025-12-02 00:00:00-05:00,GOOGL,316.1214443613123,317.75825630619534,313.29698432996054,315.1932678222656,35854700
2025-12-03 00:00:00-05:00,GOOGL,315.2731421058358,320.9520026070636,313.4866291038915,319.0058288574219,41838300
2025-12-04 00:00:00-05:00,GOOGL,321.6007694211511,321.73048997615604,314.0854750084747,316.999755859375,31240900
2025-12-05 00:00:00-05:00,GOOGL,318.86608586892413,322.52893244489843,318.5467339173106,320.6426086425781,28851700
2025-12-08 00:00:00-05:00,GOOGL,319.63392187795114,320.02342950621124,310.8154143139121,313.3121643066406,33909400
2025-12-09 00:00:00-05:00,GOOGL,311.96391713296777,317.57660631064704,311.4945269093235,316.66778564453125,30194000
2025-12-10 00:00:00-05:00,GOOGL,315.4194206321133,320.8923078304596,314.27092168020465,319.7937316894531,33428900
2025-12-11 00:00:00-05:00,GOOGL,319.66391441105065,320.70257104825845,308.19885677560706,312.02386474609375,42353700
2025-12-12 00:00:00-05:00,GOOGL,313.29221022339095,314.46067218572114,305.1627773855729,308.887939453125,35940200
2025-12-15 00:00:00-05:00,GOOGL,310.91531224146183,311.0151883437652,304.4836813703359,307.8193359375,29151900
2025-12-16 00:00:00-05:00,GOOGL,304.55358908476643,310.3660001485481,302.1966411442108,306.1714782714844,30585000
2025-12-17 00:00:00-05:00,GOOGL,307.60959033164653,307.6894729197007,295.7350329501308,296.3342590332031,43930400
2025-12-18 00:00:00-05:00,GOOGL,301.32777470817274,303.56485302569047,298.8410213827925,302.0668029785156,33518000
2025-12-19 00:00:00-05:00,GOOGL,301.33777770154796,306.85059101726483,300.5787559089981,306.7607116699219,59943200
2025-12-22 00:00:00-05:00,GOOGL,309.4771954426739,309.7268704705607,304.90313186415943,309.3773193359375,26429900
2025-12-23 00:00:00-05:00,GOOGL,309.2274800840275,314.5305745464577,308.91788552805923,313.94134521484375,25478700
2025-12-24 00:00:00-05:00,GOOGL,314.360779810128,314.67037436380235,311.5145092668577,313.6816711425781,10097400
2025-12-26 00:00:00-05:00,GOOGL,314.0712183432231,314.6804107746781,311.8740659325972,313.10247802734375,10899000
2025-12-29 00:00:00-05:00,GOOGL,310.9652491009125,313.6117983030154,310.2162240166622,313.15240478515625,19621800
2025-12-30 00:00:00-05:00,GOOGL,312.09376543928346,316.5379928503015,312.0538089034933,313.4420166015625,17380900
2023-01-03 00:00:00-05:00,AMZN,85.45999908447266,86.95999908447266,84.20999908447266,85.81999969482422,76706000
2023-01-04 00:00:00-05:00,AMZN,86.55000305175781,86.9800033569336,83.36000061035156,85.13999938964844,68885100
2023-01-05 00:00:00-05:00,AMZN,85.33000183105469,85.41999816894531,83.06999969482422,83.12000274658203,67930800
2023-01-06 00:00:00-05:00,AMZN,83.02999877929688,86.4000015258789,81.43000030517578,86.08000183105469,83303400
2023-01-09 00:00:00-05:00,AMZN,87.45999908447266,89.4800033569336,87.08000183105469,87.36000061035156,65266100
2023-01-10 00:00:00-05:00,AMZN,87.56999969482422,90.19000244140625,87.29000091552734,89.87000274658203,67756600
2023-01-11 00:00:00-05:00,AMZN,90.93000030517578,95.26000213623047,90.93000030517578,95.08999633789062,103126200
2023-01-12 00:00:00-05:00,AMZN,96.93000030517578,97.19000244140625,93.5,95.2699966430664,85254800
2023-01-13 00:00:00-05:00,AMZN,94.18000030517578,98.37000274658203,94.12000274658203,98.12000274658203,85549400
2023-01-17 00:00:00-05:00,AMZN,98.68000030517578,98.88999938964844,95.7300033569336,96.05000305175781,72755000
2023-01-18 00:00:00-05:00,AMZN,97.25,99.31999969482422,95.37999725341797,95.45999908447266,79570400
2023-01-19 00:00:00-05:00,AMZN,94.73999786376953,95.44000244140625,92.86000061035156,93.68000030517578,69002700
2023-01-20 00:00:00-05:00,AMZN,93.86000061035156,97.3499984741211,93.19999694824219,97.25,67481500
2023-01-23 00:00:00-05:00,AMZN,97.55999755859375,97.77999877929688,95.86000061035156,97.5199966430664,76501100
2023-01-24 00:00:00-05:00,AMZN,96.93000030517578,98.08999633789062,96.0,96.31999969482422,66929500
2023-01-25 00:00:00-05:00,AMZN,92.55999755859375,97.23999786376953,91.5199966430664,97.18000030517578,94261600
2023-01-26 00:00:00-05:00,AMZN,98.23999786376953,99.48999786376953,96.91999816894531,99.22000122070312,68523600
2023-01-27 00:00:00-05:00,AMZN,99.52999877929688,103.48999786376953,99.52999877929688,102.23999786376953,87775600
2023-01-30 00:00:00-05:00,AMZN,101.08999633789062,101.73999786376953,99.01000213623047,100.55000305175781,70691900
2023-01-31 00:00:00-05:00,AMZN,101.16000366210938,103.3499984741211,101.13999938964844,103.12999725341797,66527300
2023-02-01 00:00:00-05:00,AMZN,102.52999877929688,106.23999786376953,101.23999786376953,105.1500015258789,80450100
2023-02-02 00:00:00-05:00,AMZN,110.25,114.0,108.87999725341797,112.91000366210938,158154200
2023-02-03 00:00:00-05:00,AMZN,105.26000213623047,108.77999877929688,102.5199966430664,103.38999938964844,144374800
2023-02-06 00:00:00-05:00,AMZN,102.93000030517578,103.94999694824219,100.6500015258789,102.18000030517578,81945200
2023-02-07 00:00:00-05:00,AMZN,101.16999816894531,102.41000366210938,98.08000183105469,102.11000061035156,119501300
2023-02-08 00:00:00-05:00,AMZN,102.04000091552734,102.66999816894531,98.77999877929688,100.05000305175781,75878300
2023-02-09 00:00:00-05:00,AMZN,101.31999969482422,101.77999877929688,97.56999969482422,98.23999786376953,64622500
2023-02-10 00:00:00-05:00,AMZN,97.55999755859375,98.81999969482422,96.2300033569336,97.61000061035156,52740100
2023-02-13 00:00:00-05:00,AMZN,97.8499984741211,99.68000030517578,96.91000366210938,99.54000091552734,52841500
2023-02-14 00:00:00-05:00,AMZN,98.41000366210938,100.91999816894531,97.5199966430664,99.69999694824219,56202900
2023-02-15 00:00:00-05:00,AMZN,99.08999633789062,101.16999816894531,98.44999694824219,101.16000366210938,47957600
2023-02-16 00:00:00-05:00,AMZN,99.20999908447266,100.62999725341797,98.0999984741211,98.1500015258789,56339200
2023-02-17 00:00:00-05:00,AMZN,97.80000305175781,97.94000244140625,95.6500015258789,97.19999694824219,60029400
2023-02-21 00:00:00-05:00,AMZN,95.33999633789062,95.61000061035156,94.2699966430664,94.58000183105469,56580400
2023-02-22 00:00:00-05:00,AMZN,95.0999984741211,97.01000213623047,94.80000305175781,95.79000091552734,59534100
2023-02-23 00:00:00-05:00,AMZN,96.12000274658203,96.43000030517578,93.66999816894531,95.81999969482422,48467000
2023-02-24 00:00:00-05:00,AMZN,93.52999877929688,94.13999938964844,92.31999969482422,93.5,57053800
2023-02-27 00:00:00-05:00,AMZN,94.27999877929688,94.77999877929688,93.13999938964844,93.76000213623047,47470300
2023-02-28 00:00:00-05:00,AMZN,93.13999938964844,94.69000244140625,92.91999816894531,94.2300033569336,43959300
2023-03-01 00:00:00-05:00,AMZN,93.87000274658203,94.68000030517578,91.58999633789062,92.16999816894531,52299500
2023-03-02 00:00:00-05:00,AMZN,91.41000366210938,92.2300033569336,90.38999938964844,92.12999725341797,55509400
2023-03-03 00:00:00-05:00,AMZN,92.73999786376953,94.94000244140625,92.66000366210938,94.9000015258789,55759600
2023-03-06 00:00:00-05:00,AMZN,95.19000244140625,96.55000305175781,93.73999786376953,93.75,52112400
2023-03-07 00:00:00-05:00,AMZN,94.05999755859375,95.08999633789062,92.77999877929688,93.55000305175781,49100700
2023-03-08 00:00:00-05:00,AMZN,93.5999984741211,94.16999816894531,92.18000030517578,93.91999816894531,44899100
2023-03-09 00:00:00-05:00,AMZN,93.68000030517578,96.20999908447266,92.18000030517578,92.25,56218700
2023-03-10 00:00:00-05:00,AMZN,92.66999816894531,93.56999969482422,90.25,90.7300033569336,69827500
2023-03-13 00:00:00-04:00,AMZN,89.97000122070312,94.0199966430664,88.12000274658203,92.43000030517578,72397100
2023-03-14 00:00:00-04:00,AMZN,93.83000183105469,95.06999969482422,92.70999908447266,94.87999725341797,60912700
2023-03-15 00:00:00-04:00,AMZN,93.22000122070312,96.66999816894531,93.06999969482422,96.19999694824219,70731800
2023-03-16 00:00:00-04:00,AMZN,95.75,100.98999786376953,95.61000061035156,100.04000091552734,84446900
2023-03-17 00:00:00-04:00,AMZN,99.79000091552734,100.66000366210938,97.45999908447266,98.94999694824219,87300200
2023-03-20 00:00:00-04:00,AMZN,98.41000366210938,98.4800033569336,95.69999694824219,97.70999908447266,62388900
2023-03-21 00:00:00-04:00,AMZN,98.13999938964844,100.8499984741211,98.0,100.61000061035156,58597300
2023-03-22 00:00:00-04:00,AMZN,100.44999694824219,102.0999984741211,98.61000061035156,98.69999694824219,57475400
2023-03-23 00:00:00-04:00,AMZN,100.43000030517578,101.05999755859375,97.62000274658203,98.70999908447266,57559300
2023-03-24 00:00:00-04:00,AMZN,98.06999969482422,98.30000305175781,96.4000015258789,98.12999725341797,56095400
2023-03-27 00:00:00-04:00,AMZN,99.06999969482422,99.33999633789062,97.08000183105469,98.04000091552734,46721300
2023-03-28 00:00:00-04:00,AMZN,98.11000061035156,98.44000244140625,96.29000091552734,97.23999786376953,38720100
2023-03-29 00:00:00-04:00,AMZN,98.69000244140625,100.41999816894531,98.55999755859375,100.25,49783300
2023-03-30 00:00:00-04:00,AMZN,101.55000305175781,103.04000091552734,101.01000213623047,102.0,53633400
2023-03-31 00:00:00-04:00,AMZN,102.16000366210938,103.48999786376953,101.94999694824219,103.29000091552734,56750300
2023-04-03 00:00:00-04:00,AMZN,102.30000305175781,103.29000091552734,101.43000030517578,102.41000366210938,41135700
2023-04-04 00:00:00-04:00,AMZN,102.75,104.19999694824219,102.11000061035156,103.94999694824219,48662500
2023-04-05 00:00:00-04:00,AMZN,103.91000366210938,103.91000366210938,100.75,101.0999984741211,45175400
2023-04-06 00:00:00-04:00,AMZN,100.75,102.37999725341797,99.80000305175781,102.05999755859375,43808000
2023-04-10 00:00:00-04:00,AMZN,100.95999908447266,102.19999694824219,99.56999969482422,102.16999816894531,37261200
2023-04-11 00:00:00-04:00,AMZN,100.80000305175781,101.0,99.01000213623047,99.91999816894531,60417800
2023-04-12 00:00:00-04:00,AMZN,100.4000015258789,100.51000213623047,97.70999908447266,97.83000183105469,56735000
2023-04-13 00:00:00-04:00,AMZN,98.94999694824219,102.56999969482422,98.70999908447266,102.4000015258789,67925100
2023-04-14 00:00:00-04:00,AMZN,102.06999969482422,103.19999694824219,101.11000061035156,102.51000213623047,51450500
2023-04-17 00:00:00-04:00,AMZN,103.16000366210938,103.7300033569336,101.58999633789062,102.73999786376953,39919500
2023-04-18 00:00:00-04:00,AMZN,103.94999694824219,104.19999694824219,101.5199966430664,102.30000305175781,39790500
2023-04-19 00:00:00-04:00,AMZN,101.58000183105469,105.12000274658203,101.38999938964844,104.30000305175781,58398900
2023-04-20 00:00:00-04:00,AMZN,103.52999877929688,105.25,103.20999908447266,103.80999755859375,57696900
2023-04-21 00:00:00-04:00,AMZN,106.0999984741211,108.1500015258789,105.08000183105469,106.95999908447266,86774200
2023-04-24 00:00:00-04:00,AMZN,107.66000366210938,109.2300033569336,105.06999969482422,106.20999908447266,69575600
2023-04-25 00:00:00-04:00,AMZN,104.91000366210938,105.44999694824219,102.44999694824219,102.56999969482422,65026800
2023-04-26 00:00:00-04:00,AMZN,105.04000091552734,106.62000274658203,104.0999984741211,104.9800033569336,73803800
2023-04-27 00:00:00-04:00,AMZN,108.16000366210938,110.86000061035156,106.80000305175781,109.81999969482422,149961200
2023-04-28 00:00:00-04:00,AMZN,107.7300033569336,109.4800033569336,104.33000183105469,105.44999694824219,130715900
2023-05-01 00:00:00-04:00,AMZN,104.94999694824219,105.2300033569336,101.81999969482422,102.05000305175781,74728100
2023-05-02 00:00:00-04:00,AMZN,101.47000122070312,103.9000015258789,101.1500015258789,103.62999725341797,73469400
2023-05-03 00:00:00-04:00,AMZN,103.73999786376953,105.95999908447266,103.27999877929688,103.6500015258789,65051900
2023-05-04 00:00:00-04:00,AMZN,104.04000091552734,105.38999938964844,103.30999755859375,104.0,45345500
2023-05-05 00:00:00-04:00,AMZN,104.2699966430664,105.76000213623047,103.55000305175781,105.66000366210938,56951700
2023-05-08 00:00:00-04:00,AMZN,105.04000091552734,106.0999984741211,104.69999694824219,105.83000183105469,49430900
2023-05-09 00:00:00-04:00,AMZN,105.4800033569336,106.79000091552734,105.16000366210938,106.62000274658203,44089400
2023-05-10 00:00:00-04:00,AMZN,108.0999984741211,110.66999816894531,108.05000305175781,110.19000244140625,78627600
2023-05-11 00:00:00-04:00,AMZN,111.02999877929688,113.27999877929688,110.48999786376953,112.18000030517578,74924800
2023-05-12 00:00:00-04:00,AMZN,112.16000366210938,112.63999938964844,109.31999969482422,110.26000213623047,49852700
2023-05-15 00:00:00-04:00,AMZN,111.1500015258789,112.29000091552734,109.25,111.19999694824219,53011100
2023-05-16 00:00:00-04:00,AMZN,111.05000305175781,114.79000091552734,111.05000305175781,113.4000015258789,71472900
2023-05-17 00:00:00-04:00,AMZN,114.88999938964844,115.83000183105469,114.22000122070312,115.5,65655200
2023-05-18 00:00:00-04:00,AMZN,116.69000244140625,118.5999984741211,116.33999633789062,118.1500015258789,73174100
2023-05-19 00:00:00-04:00,AMZN,118.16000366210938,118.30999755859375,115.69999694824219,116.25,55056300
2023-05-22 00:00:00-04:00,AMZN,116.7699966430664,116.7699966430664,114.25,115.01000213623047,70741100
2023-05-23 00:00:00-04:00,AMZN,114.2699966430664,117.13999938964844,113.77999877929688,114.98999786376953,67576300
2023-05-24 00:00:00-04:00,AMZN,115.3499984741211,117.33999633789062,115.0199966430664,116.75,63487900
2023-05-25 00:00:00-04:00,AMZN,116.62999725341797,116.87000274658203,114.30999755859375,115.0,66496700
2023-05-26 00:00:00-04:00,AMZN,116.04000091552734,121.5,116.0199966430664,120.11000061035156,96779900
2023-05-30 00:00:00-04:00,AMZN,122.37000274658203,122.91999816894531,119.86000061035156,121.66000366210938,64314800
2023-05-31 00:00:00-04:00,AMZN,121.44999694824219,122.04000091552734,119.16999816894531,120.58000183105469,72800800
2023-06-01 00:00:00-04:00,AMZN,120.69000244140625,123.48999786376953,119.93000030517578,122.7699966430664,54375100
2023-06-02 00:00:00-04:00,AMZN,124.91999816894531,126.38999938964844,124.0199966430664,124.25,61264400
2023-06-05 00:00:00-04:00,AMZN,123.36000061035156,125.80000305175781,123.02999877929688,125.30000305175781,47950100
2023-06-06 00:00:00-04:00,AMZN,125.06999969482422,127.4000015258789,125.0,126.61000061035156,45695200
2023-06-07 00:00:00-04:00,AMZN,127.01000213623047,127.37000274658203,120.62999725341797,121.2300033569336,95663300
2023-06-08 00:00:00-04:00,AMZN,123.01000213623047,125.62999725341797,122.26000213623047,124.25,62159300
2023-06-09 00:00:00-04:00,AMZN,124.08000183105469,125.80000305175781,123.19000244140625,123.43000030517578,51396000
2023-06-12 00:00:00-04:00,AMZN,124.0199966430664,126.77999877929688,123.52999877929688,126.56999969482422,51338000
2023-06-13 00:00:00-04:00,AMZN,128.1199951171875,128.41000366210938,125.18000030517578,126.66000366210938,50564800
2023-06-14 00:00:00-04:00,AMZN,126.69999694824219,126.94999694824219,124.12000274658203,126.41999816894531,52422500
2023-06-15 00:00:00-04:00,AMZN,125.20999908447266,127.69000244140625,124.31999969482422,127.11000061035156,60458500
2023-06-16 00:00:00-04:00,AMZN,127.70999908447266,127.9000015258789,125.30000305175781,125.48999786376953,84247100
2023-06-20 00:00:00-04:00,AMZN,124.97000122070312,127.25,124.5,125.77999877929688,56930100
2023-06-21 00:00:00-04:00,AMZN,125.63999938964844,126.7300033569336,123.8499984741211,124.83000183105469,52137700
2023-06-22 00:00:00-04:00,AMZN,125.30999755859375,130.3300018310547,125.13999938964844,130.14999389648438,90354600
2023-06-23 00:00:00-04:00,AMZN,129.11000061035156,130.83999633789062,128.27999877929688,129.3300018310547,71927800
2023-06-26 00:00:00-04:00,AMZN,129.3300018310547,131.49000549316406,127.0999984741211,127.33000183105469,59989300
2023-06-27 00:00:00-04:00,AMZN,128.6300048828125,130.08999633789062,127.55000305175781,129.17999267578125,46801000
2023-06-28 00:00:00-04:00,AMZN,128.94000244140625,131.47999572753906,128.44000244140625,129.0399932861328,52149500
2023-06-29 00:00:00-04:00,AMZN,128.77000427246094,129.25999450683594,127.26000213623047,127.9000015258789,40761000
2023-06-30 00:00:00-04:00,AMZN,129.47000122070312,131.25,128.9499969482422,130.36000061035156,54350700
2023-07-03 00:00:00-04:00,AMZN,130.82000732421875,131.85000610351562,130.07000732421875,130.22000122070312,28264800
2023-07-05 00:00:00-04:00,AMZN,130.24000549316406,131.39999389648438,129.63999938964844,130.3800048828125,35895400
2023-07-06 00:00:00-04:00,AMZN,128.25,128.72999572753906,127.37000274658203,128.36000061035156,40639900
2023-07-07 00:00:00-04:00,AMZN,128.58999633789062,130.97000122070312,128.1300048828125,129.77999877929688,41992300
2023-07-10 00:00:00-04:00,AMZN,129.07000732421875,129.27999877929688,125.91999816894531,127.12999725341797,61889300
2023-07-11 00:00:00-04:00,AMZN,127.75,129.77000427246094,127.3499984741211,128.77999877929688,49951500
2023-07-12 00:00:00-04:00,AMZN,130.30999755859375,131.25999450683594,128.8300018310547,130.8000030517578,54022800
2023-07-13 00:00:00-04:00,AMZN,134.0399932861328,134.6699981689453,132.7100067138672,134.3000030517578,61170900
2023-07-14 00:00:00-04:00,AMZN,134.05999755859375,136.64999389648438,134.05999755859375,134.67999267578125,54487100
2023-07-17 00:00:00-04:00,AMZN,134.55999755859375,135.6199951171875,133.2100067138672,133.55999755859375,48450200
2023-07-18 00:00:00-04:00,AMZN,132.7100067138672,133.86000061035156,131.35000610351562,132.8300018310547,54882900
2023-07-19 00:00:00-04:00,AMZN,133.38999938964844,135.99000549316406,132.52999877929688,135.36000061035156,54531000
2023-07-20 00:00:00-04:00,AMZN,134.07000732421875,134.7899932861328,129.3300018310547,129.9600067138672,59820600
2023-07-21 00:00:00-04:00,AMZN,131.33999633789062,131.3699951171875,128.4199981689453,130.0,133307300
2023-07-24 00:00:00-04:00,AMZN,130.30999755859375,131.66000366210938,128.35000610351562,128.8000030517578,45591100
2023-07-25 00:00:00-04:00,AMZN,129.30999755859375,129.5800018310547,128.52999877929688,129.1300048828125,39236700
2023-07-26 00:00:00-04:00,AMZN,126.51000213623047,129.0800018310547,126.11000061035156,128.14999389648438,53910100
2023-07-27 00:00:00-04:00,AMZN,131.0,132.6300048828125,127.79000091552734,128.25,52610700
2023-07-28 00:00:00-04:00,AMZN,129.69000244140625,133.00999450683594,129.3300018310547,132.2100067138672,46317400
2023-07-31 00:00:00-04:00,AMZN,133.1999969482422,133.8699951171875,132.3800048828125,133.67999267578125,41901500
2023-08-01 00:00:00-04:00,AMZN,133.5500030517578,133.69000244140625,131.6199951171875,131.69000244140625,42098500
2023-08-02 00:00:00-04:00,AMZN,130.14999389648438,130.22999572753906,126.81999969482422,128.2100067138672,51027600
2023-08-03 00:00:00-04:00,AMZN,127.4800033569336,129.83999633789062,126.41000366210938,128.91000366210938,88585200
2023-08-04 00:00:00-04:00,AMZN,141.05999755859375,143.6300048828125,139.32000732421875,139.57000732421875,153128500
2023-08-07 00:00:00-04:00,AMZN,140.99000549316406,142.5399932861328,138.9499969482422,142.22000122070312,71213100
2023-08-08 00:00:00-04:00,AMZN,140.6199951171875,140.83999633789062,138.4199981689453,139.94000244140625,51710500
2023-08-09 00:00:00-04:00,AMZN,139.97000122070312,140.32000732421875,137.10000610351562,137.85000610351562,50017300
2023-08-10 00:00:00-04:00,AMZN,139.07000732421875,140.41000366210938,137.49000549316406,138.55999755859375,58928400
2023-08-11 00:00:00-04:00,AMZN,137.39999389648438,139.3300018310547,137.0,138.41000366210938,42905800
2023-08-14 00:00:00-04:00,AMZN,138.3000030517578,140.58999633789062,137.75,140.57000732421875,47148700
2023-08-15 00:00:00-04:00,AMZN,140.0500030517578,141.27999877929688,137.22999572753906,137.6699981689453,42781500
2023-08-16 00:00:00-04:00,AMZN,137.19000244140625,137.27000427246094,135.00999450683594,135.07000732421875,41675900
2023-08-17 00:00:00-04:00,AMZN,135.4600067138672,136.08999633789062,133.52999877929688,133.97999572753906,48354100
2023-08-18 00:00:00-04:00,AMZN,131.6199951171875,134.07000732421875,131.14999389648438,133.22000122070312,48497700
2023-08-21 00:00:00-04:00,AMZN,133.74000549316406,135.19000244140625,132.7100067138672,134.67999267578125,41442500
2023-08-22 00:00:00-04:00,AMZN,135.0800018310547,135.64999389648438,133.72999572753906,134.25,32905400
2023-08-23 00:00:00-04:00,AMZN,134.5,135.9499969482422,133.22000122070312,135.52000427246094,42801000
2023-08-24 00:00:00-04:00,AMZN,136.39999389648438,136.77999877929688,131.8300018310547,131.83999633789062,43646300
2023-08-25 00:00:00-04:00,AMZN,132.47000122070312,133.8699951171875,130.5800018310547,133.25999450683594,44147500
2023-08-28 00:00:00-04:00,AMZN,133.77999877929688,133.9499969482422,131.85000610351562,133.13999938964844,34108400
2023-08-29 00:00:00-04:00,AMZN,133.3800048828125,135.13999938964844,133.25,134.91000366210938,38646100
2023-08-30 00:00:00-04:00,AMZN,134.92999267578125,135.67999267578125,133.9199981689453,135.07000732421875,36137000
2023-08-31 00:00:00-04:00,AMZN,135.05999755859375,138.7899932861328,135.0,138.00999450683594,58781300
2023-09-01 00:00:00-04:00,AMZN,139.4600067138672,139.9600067138672,136.8800048828125,138.1199951171875,40991500
2023-09-05 00:00:00-04:00,AMZN,137.72999572753906,137.8000030517578,135.82000732421875,137.27000427246094,40636700
2023-09-06 00:00:00-04:00,AMZN,136.32000732421875,137.4499969482422,134.61000061035156,135.36000061035156,41785500
2023-09-07 00:00:00-04:00,AMZN,133.89999389648438,138.02999877929688,133.16000366210938,137.85000610351562,48498900
2023-09-08 00:00:00-04:00,AMZN,136.86000061035156,138.85000610351562,136.75,138.22999572753906,38348200
2023-09-11 00:00:00-04:00,AMZN,138.75,143.6199951171875,138.63999938964844,143.10000610351562,56764500
2023-09-12 00:00:00-04:00,AMZN,142.32000732421875,143.0,140.61000061035156,141.22999572753906,42668500
2023-09-13 00:00:00-04:00,AMZN,140.9499969482422,144.97999572753906,140.8699951171875,144.85000610351562,60465200
2023-09-14 00:00:00-04:00,AMZN,145.0800018310547,145.86000061035156,142.9499969482422,144.72000122070312,64033600
2023-09-15 00:00:00-04:00,AMZN,142.69000244140625,143.57000732421875,140.08999633789062,140.38999938964844,102909300
2023-09-18 00:00:00-04:00,AMZN,140.47999572753906,141.75,139.22000122070312,139.97999572753906,42823500
2023-09-19 00:00:00-04:00,AMZN,138.6999969482422,138.83999633789062,135.55999755859375,137.6300048828125,61482500
2023-09-20 00:00:00-04:00,AMZN,138.5500030517578,139.3699951171875,135.1999969482422,135.2899932861328,46263700
2023-09-21 00:00:00-04:00,AMZN,131.94000244140625,132.24000549316406,129.30999755859375,129.3300018310547,70343300
2023-09-22 00:00:00-04:00,AMZN,131.11000061035156,132.02999877929688,128.52000427246094,129.1199951171875,59904300
2023-09-25 00:00:00-04:00,AMZN,129.36000061035156,131.77999877929688,128.77000427246094,131.27000427246094,46017800
2023-09-26 00:00:00-04:00,AMZN,130.1199951171875,130.38999938964844,125.27999877929688,125.9800033569336,73048200
2023-09-27 00:00:00-04:00,AMZN,125.76000213623047,127.4800033569336,124.12999725341797,125.9800033569336,66553400
2023-09-28 00:00:00-04:00,AMZN,124.04000091552734,126.58000183105469,123.04000091552734,125.9800033569336,54555000
2023-09-29 00:00:00-04:00,AMZN,128.1999969482422,129.14999389648438,126.31999969482422,127.12000274658203,62411700
2023-10-02 00:00:00-04:00,AMZN,127.27999877929688,130.47000122070312,126.54000091552734,129.4600067138672,48029700
2023-10-03 00:00:00-04:00,AMZN,128.05999755859375,128.52000427246094,124.25,124.72000122070312,51565000
2023-10-04 00:00:00-04:00,AMZN,126.05999755859375,127.36000061035156,125.68000030517578,127.0,44203900
2023-10-05 00:00:00-04:00,AMZN,126.70999908447266,126.7300033569336,124.33000183105469,125.95999908447266,39660600
2023-10-06 00:00:00-04:00,AMZN,124.16000366210938,128.4499969482422,124.12999725341797,127.95999908447266,46836700
2023-10-09 00:00:00-04:00,AMZN,126.22000122070312,128.7899932861328,124.76000213623047,128.25999450683594,38773700
2023-10-10 00:00:00-04:00,AMZN,128.82000732421875,130.74000549316406,128.0500030517578,129.47999572753906,42178600
2023-10-11 00:00:00-04:00,AMZN,129.74000549316406,132.0500030517578,129.61000061035156,131.8300018310547,40741800
2023-10-12 00:00:00-04:00,AMZN,132.1699981689453,134.47999572753906,131.22999572753906,132.3300018310547,55528600
2023-10-13 00:00:00-04:00,AMZN,132.97999572753906,133.30999755859375,128.9499969482422,129.7899932861328,45786600
2023-10-16 00:00:00-04:00,AMZN,130.69000244140625,133.07000732421875,130.42999267578125,132.5500030517578,42832900
2023-10-17 00:00:00-04:00,AMZN,130.38999938964844,132.5800018310547,128.7100067138672,131.47000122070312,49344600
2023-10-18 00:00:00-04:00,AMZN,129.89999389648438,130.6699981689453,127.51000213623047,128.1300048828125,42699500
2023-10-19 00:00:00-04:00,AMZN,130.57000732421875,132.24000549316406,127.47000122070312,128.39999389648438,60961400
2023-10-20 00:00:00-04:00,AMZN,128.0500030517578,128.1699981689453,124.97000122070312,125.16999816894531,56406400
2023-10-23 00:00:00-04:00,AMZN,124.62999725341797,127.87999725341797,123.9800033569336,126.55999755859375,48260000
2023-10-24 00:00:00-04:00,AMZN,127.73999786376953,128.8000030517578,126.33999633789062,128.55999755859375,46477400
2023-10-25 00:00:00-04:00,AMZN,126.04000091552734,126.33999633789062,120.79000091552734,121.38999938964844,74577500
2023-10-26 00:00:00-04:00,AMZN,120.62999725341797,121.63999938964844,118.3499984741211,119.56999969482422,100419500
2023-10-27 00:00:00-04:00,AMZN,126.19999694824219,130.02000427246094,125.5199966430664,127.73999786376953,125309300
2023-10-30 00:00:00-04:00,AMZN,129.72000122070312,133.0,128.55999755859375,132.7100067138672,72485500
2023-10-31 00:00:00-04:00,AMZN,132.75,133.57000732421875,131.7100067138672,133.08999633789062,51589400
2023-11-01 00:00:00-04:00,AMZN,133.9600067138672,137.35000610351562,133.7100067138672,137.0,61529400
2023-11-02 00:00:00-04:00,AMZN,138.72999572753906,138.80999755859375,136.47000122070312,138.07000732421875,52236700
2023-11-03 00:00:00-04:00,AMZN,138.99000549316406,139.49000549316406,137.4499969482422,138.60000610351562,44059800
2023-11-06 00:00:00-05:00,AMZN,138.75999450683594,140.72999572753906,138.36000061035156,139.74000549316406,44970400
2023-11-07 00:00:00-05:00,AMZN,140.5500030517578,143.3699951171875,140.5,142.7100067138672,53553500
2023-11-08 00:00:00-05:00,AMZN,142.97000122070312,143.1199951171875,141.22000122070312,142.0800018310547,44521700
2023-11-09 00:00:00-05:00,AMZN,142.02000427246094,142.64999389648438,139.83999633789062,140.60000610351562,36235400
2023-11-10 00:00:00-05:00,AMZN,140.4600067138672,143.64999389648438,139.91000366210938,143.55999755859375,49287800
2023-11-13 00:00:00-05:00,AMZN,142.0800018310547,143.22999572753906,140.6699981689453,142.58999633789062,35680600
2023-11-14 00:00:00-05:00,AMZN,145.0,147.25999450683594,144.67999267578125,145.8000030517578,56674600
2023-11-15 00:00:00-05:00,AMZN,147.05999755859375,147.2899932861328,142.58999633789062,143.1999969482422,63875700
2023-11-16 00:00:00-05:00,AMZN,140.91000366210938,143.32000732421875,139.52000427246094,142.8300018310547,49653500
2023-11-17 00:00:00-05:00,AMZN,142.66000366210938,145.22999572753906,142.5399932861328,145.17999267578125,49636700
2023-11-20 00:00:00-05:00,AMZN,145.1300048828125,146.6300048828125,144.72999572753906,146.1300048828125,41951200
2023-11-21 00:00:00-05:00,AMZN,143.91000366210938,144.0500030517578,141.5,143.89999389648438,71226000
2023-11-22 00:00:00-05:00,AMZN,144.57000732421875,147.74000549316406,144.57000732421875,146.7100067138672,45669100
2023-11-24 00:00:00-05:00,AMZN,146.6999969482422,147.1999969482422,145.32000732421875,146.74000549316406,22378400
2023-11-27 00:00:00-05:00,AMZN,147.52999877929688,149.25999450683594,146.8800048828125,147.72999572753906,53762400
2023-11-28 00:00:00-05:00,AMZN,146.97999572753906,147.60000610351562,145.52999877929688,147.02999877929688,42711700
2023-11-29 00:00:00-05:00,AMZN,147.85000610351562,148.5399932861328,145.97000122070312,146.32000732421875,40610900
2023-11-30 00:00:00-05:00,AMZN,144.75999450683594,146.92999267578125,144.3300018310547,146.08999633789062,65814000
2023-12-01 00:00:00-05:00,AMZN,146.0,147.25,145.5500030517578,147.02999877929688,39951800
2023-12-04 00:00:00-05:00,AMZN,145.25,145.35000610351562,142.80999755859375,144.83999633789062,48294200
2023-12-05 00:00:00-05:00,AMZN,143.5500030517578,148.57000732421875,143.1300048828125,146.8800048828125,46822400
2023-12-06 00:00:00-05:00,AMZN,147.5800018310547,147.85000610351562,144.27999877929688,144.52000427246094,39679000
2023-12-07 00:00:00-05:00,AMZN,146.14999389648438,147.9199981689453,145.33999633789062,146.8800048828125,52352800
2023-12-08 00:00:00-05:00,AMZN,145.47999572753906,147.83999633789062,145.39999389648438,147.4199981689453,41906000
2023-12-11 00:00:00-05:00,AMZN,145.66000366210938,146.19000244140625,143.63999938964844,145.88999938964844,50907300
2023-12-12 00:00:00-05:00,AMZN,145.52000427246094,147.5,145.3000030517578,147.47999572753906,44944300
2023-12-13 00:00:00-05:00,AMZN,148.1199951171875,149.4600067138672,146.82000732421875,148.83999633789062,52766200
2023-12-14 00:00:00-05:00,AMZN,149.92999267578125,150.5399932861328,145.52000427246094,147.4199981689453,58400800
2023-12-15 00:00:00-05:00,AMZN,148.3800048828125,150.57000732421875,147.8800048828125,149.97000122070312,110089300
2023-12-18 00:00:00-05:00,AMZN,150.55999755859375,154.85000610351562,150.0500030517578,154.07000732421875,62512800
2023-12-19 00:00:00-05:00,AMZN,154.39999389648438,155.1199951171875,152.69000244140625,153.7899932861328,43171300
2023-12-20 00:00:00-05:00,AMZN,152.89999389648438,155.6300048828125,151.55999755859375,152.1199951171875,50322100
2023-12-21 00:00:00-05:00,AMZN,153.3000030517578,153.97000122070312,152.10000610351562,153.83999633789062,36305700
2023-12-22 00:00:00-05:00,AMZN,153.77000427246094,154.35000610351562,152.7100067138672,153.4199981689453,29514100
2023-12-26 00:00:00-05:00,AMZN,153.55999755859375,153.97999572753906,153.02999877929688,153.41000366210938,25067200
2023-12-27 00:00:00-05:00,AMZN,153.55999755859375,154.77999877929688,153.1199951171875,153.33999633789062,31434700
2023-12-28 00:00:00-05:00,AMZN,153.72000122070312,154.0800018310547,152.9499969482422,153.3800048828125,27057000
2023-12-29 00:00:00-05:00,AMZN,153.10000610351562,153.88999938964844,151.02999877929688,151.94000244140625,39823200
2024-01-02 00:00:00-05:00,AMZN,151.5399932861328,152.3800048828125,148.38999938964844,149.92999267578125,47339400
2024-01-03 00:00:00-05:00,AMZN,149.1999969482422,151.0500030517578,148.3300018310547,148.47000122070312,49425500
2024-01-04 00:00:00-05:00,AMZN,145.58999633789062,147.3800048828125,144.0500030517578,144.57000732421875,56039800
2024-01-05 00:00:00-05:00,AMZN,144.69000244140625,146.58999633789062,144.52999877929688,145.24000549316406,45153100
2024-01-08 00:00:00-05:00,AMZN,146.74000549316406,149.39999389648438,146.14999389648438,149.10000610351562,46757100
2024-01-09 00:00:00-05:00,AMZN,148.3300018310547,151.7100067138672,148.2100067138672,151.3699951171875,43812600
2024-01-10 00:00:00-05:00,AMZN,152.05999755859375,154.4199981689453,151.8800048828125,153.72999572753906,44421800
2024-01-11 00:00:00-05:00,AMZN,155.0399932861328,157.1699981689453,153.1199951171875,155.17999267578125,49072700
2024-01-12 00:00:00-05:00,AMZN,155.38999938964844,156.1999969482422,154.00999450683594,154.6199951171875,40484200
2024-01-16 00:00:00-05:00,AMZN,153.52999877929688,154.99000549316406,152.14999389648438,153.16000366210938,41384600
2024-01-17 00:00:00-05:00,AMZN,151.49000549316406,152.14999389648438,149.91000366210938,151.7100067138672,34953400
2024-01-18 00:00:00-05:00,AMZN,152.77000427246094,153.77999877929688,151.82000732421875,153.5,37850200
2024-01-19 00:00:00-05:00,AMZN,153.8300018310547,155.75999450683594,152.74000549316406,155.33999633789062,51651600
2024-01-22 00:00:00-05:00,AMZN,156.88999938964844,157.0500030517578,153.89999389648438,154.77999877929688,43687500
2024-01-23 00:00:00-05:00,AMZN,154.85000610351562,156.2100067138672,153.92999267578125,156.02000427246094,37986000
2024-01-24 00:00:00-05:00,AMZN,157.8000030517578,158.50999450683594,156.47999572753906,156.8699951171875,48547300
2024-01-25 00:00:00-05:00,AMZN,156.9499969482422,158.50999450683594,154.5500030517578,157.75,43638600
2024-01-26 00:00:00-05:00,AMZN,158.4199981689453,160.72000122070312,157.91000366210938,159.1199951171875,51047400
2024-01-29 00:00:00-05:00,AMZN,159.33999633789062,161.2899932861328,158.89999389648438,161.25999450683594,45270400
2024-01-30 00:00:00-05:00,AMZN,160.6999969482422,161.72999572753906,158.49000549316406,159.0,45207400
2024-01-31 00:00:00-05:00,AMZN,157.0,159.00999450683594,154.80999755859375,155.1999969482422,50284400
2024-02-01 00:00:00-05:00,AMZN,155.8699951171875,159.75999450683594,155.6199951171875,159.27999877929688,76542400
2024-02-02 00:00:00-05:00,AMZN,169.19000244140625,172.5,167.3300018310547,171.80999755859375,117218300
2024-02-05 00:00:00-05:00,AMZN,170.1999969482422,170.5500030517578,167.6999969482422,170.30999755859375,55081300
2024-02-06 00:00:00-05:00,AMZN,169.38999938964844,170.7100067138672,167.64999389648438,169.14999389648438,42505500
2024-02-07 00:00:00-05:00,AMZN,169.47999572753906,170.8800048828125,168.94000244140625,170.52999877929688,47174100
2024-02-08 00:00:00-05:00,AMZN,169.64999389648438,171.42999267578125,168.8800048828125,169.83999633789062,42316500
2024-02-09 00:00:00-05:00,AMZN,170.89999389648438,175.0,170.5800018310547,174.4499969482422,56986000
2024-02-12 00:00:00-05:00,AMZN,174.8000030517578,175.38999938964844,171.5399932861328,172.33999633789062,51050400
2024-02-13 00:00:00-05:00,AMZN,167.72999572753906,170.9499969482422,165.75,168.63999938964844,56345100
2024-02-14 00:00:00-05:00,AMZN,169.2100067138672,171.2100067138672,168.27999877929688,170.97999572753906,42815500
2024-02-15 00:00:00-05:00,AMZN,170.5800018310547,171.1699981689453,167.58999633789062,169.8000030517578,49855200
2024-02-16 00:00:00-05:00,AMZN,168.74000549316406,170.4199981689453,167.1699981689453,169.50999450683594,48107700
2024-02-20 00:00:00-05:00,AMZN,167.8300018310547,168.7100067138672,165.74000549316406,167.0800018310547,41980300
2024-02-21 00:00:00-05:00,AMZN,168.94000244140625,170.22999572753906,167.13999938964844,168.58999633789062,44420100
2024-02-22 00:00:00-05:00,AMZN,173.10000610351562,174.8000030517578,171.77000427246094,174.5800018310547,55392400
2024-02-23 00:00:00-05:00,AMZN,174.27999877929688,175.75,173.6999969482422,174.99000549316406,59715200
2024-02-26 00:00:00-05:00,AMZN,175.6999969482422,176.3699951171875,174.25999450683594,174.72999572753906,44368600
2024-02-27 00:00:00-05:00,AMZN,174.0800018310547,174.6199951171875,172.86000061035156,173.5399932861328,31141700
2024-02-28 00:00:00-05:00,AMZN,172.44000244140625,174.0500030517578,172.27000427246094,173.16000366210938,28180500
2024-02-29 00:00:00-05:00,AMZN,173.00999450683594,177.22000122070312,172.85000610351562,176.75999450683594,53805400
2024-03-01 00:00:00-05:00,AMZN,176.75,178.72999572753906,176.07000732421875,178.22000122070312,31981200
2024-03-04 00:00:00-05:00,AMZN,177.52999877929688,180.13999938964844,177.49000549316406,177.5800018310547,37381500
2024-03-05 00:00:00-05:00,AMZN,176.92999267578125,176.92999267578125,173.3000030517578,174.1199951171875,37228300
2024-03-06 00:00:00-05:00,AMZN,175.5399932861328,176.4600067138672,173.25999450683594,173.50999450683594,32090900
2024-03-07 00:00:00-05:00,AMZN,174.8300018310547,177.99000549316406,173.72000122070312,176.82000732421875,34063300
2024-03-08 00:00:00-05:00,AMZN,176.44000244140625,178.7899932861328,174.3300018310547,175.35000610351562,37893200
2024-03-11 00:00:00-04:00,AMZN,174.30999755859375,174.47000122070312,171.47000122070312,171.9600067138672,28484800
2024-03-12 00:00:00-04:00,AMZN,173.5,176.75999450683594,171.97999572753906,175.38999938964844,36610600
2024-03-13 00:00:00-04:00,AMZN,175.89999389648438,177.6199951171875,175.5500030517578,176.55999755859375,30772600
2024-03-14 00:00:00-04:00,AMZN,177.69000244140625,179.52999877929688,176.47000122070312,178.75,43705800
2024-03-15 00:00:00-04:00,AMZN,176.63999938964844,177.92999267578125,173.89999389648438,174.4199981689453,72147400
2024-03-18 00:00:00-04:00,AMZN,175.8000030517578,176.69000244140625,174.27999877929688,174.47999572753906,31250700
2024-03-19 00:00:00-04:00,AMZN,174.22000122070312,176.08999633789062,173.52000427246094,175.89999389648438,26880900
2024-03-20 00:00:00-04:00,AMZN,176.13999938964844,178.52999877929688,174.63999938964844,178.14999389648438,29947200
2024-03-21 00:00:00-04:00,AMZN,179.99000549316406,181.4199981689453,178.14999389648438,178.14999389648438,32824300
2024-03-22 00:00:00-04:00,AMZN,177.75,179.25999450683594,176.75,178.8699951171875,27995400
2024-03-25 00:00:00-04:00,AMZN,178.00999450683594,180.99000549316406,177.24000549316406,179.7100067138672,29815500
2024-03-26 00:00:00-04:00,AMZN,180.14999389648438,180.4499969482422,177.9499969482422,178.3000030517578,29659000
2024-03-27 00:00:00-04:00,AMZN,179.8800048828125,180.0,177.30999755859375,179.8300018310547,33272600
2024-03-28 00:00:00-04:00,AMZN,180.1699981689453,181.6999969482422,179.25999450683594,180.3800048828125,38051600
2024-04-01 00:00:00-04:00,AMZN,180.7899932861328,183.0,179.9499969482422,180.97000122070312,29174500
2024-04-02 00:00:00-04:00,AMZN,179.07000732421875,180.7899932861328,178.3800048828125,180.69000244140625,32611500
2024-04-03 00:00:00-04:00,AMZN,179.89999389648438,182.8699951171875,179.8000030517578,182.41000366210938,31046600
2024-04-04 00:00:00-04:00,AMZN,184.0,185.10000610351562,180.0,180.0,41624300
2024-04-05 00:00:00-04:00,AMZN,182.3800048828125,186.27000427246094,181.97000122070312,185.07000732421875,42374000
2024-04-08 00:00:00-04:00,AMZN,186.89999389648438,187.2899932861328,184.80999755859375,185.19000244140625,39221300
2024-04-09 00:00:00-04:00,AMZN,187.24000549316406,187.33999633789062,184.1999969482422,185.6699981689453,36520100
2024-04-10 00:00:00-04:00,AMZN,182.77000427246094,186.27000427246094,182.6699981689453,185.9499969482422,35879200
2024-04-11 00:00:00-04:00,AMZN,186.74000549316406,189.77000427246094,185.50999450683594,189.0500030517578,40020700
2024-04-12 00:00:00-04:00,AMZN,187.72000122070312,188.3800048828125,185.0800018310547,186.1300048828125,38608800
2024-04-15 00:00:00-04:00,AMZN,187.42999267578125,188.69000244140625,183.0,183.6199951171875,48052400
2024-04-16 00:00:00-04:00,AMZN,183.27000427246094,184.8300018310547,182.25999450683594,183.32000732421875,32891300
2024-04-17 00:00:00-04:00,AMZN,184.30999755859375,184.57000732421875,179.82000732421875,181.27999877929688,31359700
2024-04-18 00:00:00-04:00,AMZN,181.47000122070312,182.38999938964844,178.64999389648438,179.22000122070312,30723800
2024-04-19 00:00:00-04:00,AMZN,178.74000549316406,179.0,173.44000244140625,174.6300048828125,56000700
2024-04-22 00:00:00-04:00,AMZN,176.94000244140625,178.8699951171875,174.55999755859375,177.22999572753906,37924900
2024-04-23 00:00:00-04:00,AMZN,178.0800018310547,179.92999267578125,175.97999572753906,179.5399932861328,37046500
2024-04-24 00:00:00-04:00,AMZN,179.94000244140625,180.32000732421875,176.17999267578125,176.58999633789062,34185100
2024-04-25 00:00:00-04:00,AMZN,169.67999267578125,173.9199981689453,166.32000732421875,173.6699981689453,49249400
2024-04-26 00:00:00-04:00,AMZN,177.8000030517578,180.82000732421875,176.1300048828125,179.6199951171875,43919800
2024-04-29 00:00:00-04:00,AMZN,182.75,183.52999877929688,179.38999938964844,180.9600067138672,54063900
2024-04-30 00:00:00-04:00,AMZN,181.08999633789062,182.99000549316406,174.8000030517578,175.0,94639800
2024-05-01 00:00:00-04:00,AMZN,181.63999938964844,185.14999389648438,176.55999755859375,179.0,94645100
2024-05-02 00:00:00-04:00,AMZN,180.85000610351562,185.10000610351562,179.91000366210938,184.72000122070312,54303500
2024-05-03 00:00:00-04:00,AMZN,186.99000549316406,187.8699951171875,185.4199981689453,186.2100067138672,39172000
2024-05-06 00:00:00-04:00,AMZN,186.27999877929688,188.75,184.8000030517578,188.6999969482422,34725300
2024-05-07 00:00:00-04:00,AMZN,188.9199981689453,189.94000244140625,187.30999755859375,188.75999450683594,34048900
2024-05-08 00:00:00-04:00,AMZN,187.44000244140625,188.42999267578125,186.38999938964844,188.0,26136400
2024-05-09 00:00:00-04:00,AMZN,188.8800048828125,191.6999969482422,187.44000244140625,189.5,43368400
2024-05-10 00:00:00-04:00,AMZN,189.16000366210938,189.88999938964844,186.92999267578125,187.47999572753906,34141800
2024-05-13 00:00:00-04:00,AMZN,188.0,188.30999755859375,185.36000061035156,186.57000732421875,24898600
2024-05-14 00:00:00-04:00,AMZN,183.82000732421875,187.72000122070312,183.4499969482422,187.07000732421875,38698200
2024-05-15 00:00:00-04:00,AMZN,185.97000122070312,186.72000122070312,182.72999572753906,185.99000549316406,75459900
2024-05-16 00:00:00-04:00,AMZN,185.60000610351562,187.30999755859375,183.4600067138672,183.6300048828125,38834500
2024-05-17 00:00:00-04:00,AMZN,183.75999450683594,185.3000030517578,183.35000610351562,184.6999969482422,33175700
2024-05-20 00:00:00-04:00,AMZN,184.33999633789062,186.6699981689453,183.27999877929688,183.5399932861328,30511800
2024-05-21 00:00:00-04:00,AMZN,182.3000030517578,183.25999450683594,180.75,183.14999389648438,50839100
2024-05-22 00:00:00-04:00,AMZN,183.8800048828125,185.22000122070312,181.97000122070312,183.1300048828125,28148800
2024-05-23 00:00:00-04:00,AMZN,183.66000366210938,184.75999450683594,180.0800018310547,181.0500030517578,33670200
2024-05-24 00:00:00-04:00,AMZN,181.64999389648438,182.44000244140625,180.3000030517578,180.75,27471600
2024-05-28 00:00:00-04:00,AMZN,179.92999267578125,182.24000549316406,179.49000549316406,182.14999389648438,29927000
2024-05-29 00:00:00-04:00,AMZN,181.6999969482422,184.0800018310547,181.5500030517578,182.02000427246094,32009300
2024-05-30 00:00:00-04:00,AMZN,181.30999755859375,181.33999633789062,178.36000061035156,179.32000732421875,29184700
2024-05-31 00:00:00-04:00,AMZN,178.3000030517578,179.2100067138672,173.8699951171875,176.44000244140625,58903900
2024-06-03 00:00:00-04:00,AMZN,177.6999969482422,178.6999969482422,175.9199981689453,178.33999633789062,30786600
2024-06-04 00:00:00-04:00,AMZN,177.63999938964844,179.82000732421875,176.44000244140625,179.33999633789062,27198400
2024-06-05 00:00:00-04:00,AMZN,180.10000610351562,181.5,178.75,181.27999877929688,32116400
2024-06-06 00:00:00-04:00,AMZN,181.75,185.0,181.49000549316406,185.0,31371200
2024-06-07 00:00:00-04:00,AMZN,184.89999389648438,186.2899932861328,183.36000061035156,184.3000030517578,28021500
2024-06-10 00:00:00-04:00,AMZN,184.07000732421875,187.22999572753906,183.7899932861328,187.05999755859375,34445600
2024-06-11 00:00:00-04:00,AMZN,187.05999755859375,187.77000427246094,184.5399932861328,187.22999572753906,27265100
2024-06-12 00:00:00-04:00,AMZN,188.02000427246094,188.35000610351562,185.42999267578125,186.88999938964844,33984200
2024-06-13 00:00:00-04:00,AMZN,186.08999633789062,187.6699981689453,182.6699981689453,183.8300018310547,39721500
2024-06-14 00:00:00-04:00,AMZN,183.0800018310547,183.72000122070312,182.22999572753906,183.66000366210938,25456400
2024-06-17 00:00:00-04:00,AMZN,182.52000427246094,185.0,181.22000122070312,184.05999755859375,35601900
2024-06-18 00:00:00-04:00,AMZN,183.74000549316406,184.2899932861328,181.42999267578125,182.80999755859375,36659200
2024-06-20 00:00:00-04:00,AMZN,182.91000366210938,186.50999450683594,182.72000122070312,186.10000610351562,44726800
2024-06-21 00:00:00-04:00,AMZN,187.8000030517578,189.27999877929688,185.86000061035156,189.0800018310547,70792500
2024-06-24 00:00:00-04:00,AMZN,189.3300018310547,191.0,185.3300018310547,185.57000732421875,50610400
2024-06-25 00:00:00-04:00,AMZN,186.80999755859375,188.83999633789062,185.4199981689453,186.33999633789062,45366400
2024-06-26 00:00:00-04:00,AMZN,186.9199981689453,194.8000030517578,186.25999450683594,193.61000061035156,65103900
2024-06-27 00:00:00-04:00,AMZN,195.00999450683594,199.83999633789062,194.1999969482422,197.85000610351562,74397500
2024-06-28 00:00:00-04:00,AMZN,197.72999572753906,198.85000610351562,192.5,193.25,76930200
2024-07-01 00:00:00-04:00,AMZN,193.49000549316406,198.3000030517578,192.82000732421875,197.1999969482422,41192000
2024-07-02 00:00:00-04:00,AMZN,197.27999877929688,200.42999267578125,195.92999267578125,200.0,45600000
2024-07-03 00:00:00-04:00,AMZN,199.94000244140625,200.02999877929688,196.75999450683594,197.58999633789062,31597900
2024-07-05 00:00:00-04:00,AMZN,198.64999389648438,200.5500030517578,198.1699981689453,200.0,39858900
2024-07-08 00:00:00-04:00,AMZN,200.0399932861328,201.1999969482422,197.9600067138672,199.2899932861328,34767300
2024-07-09 00:00:00-04:00,AMZN,199.39999389648438,200.57000732421875,199.0500030517578,199.33999633789062,32700100
2024-07-10 00:00:00-04:00,AMZN,200.0,200.11000061035156,197.69000244140625,199.7899932861328,32883800
2024-07-11 00:00:00-04:00,AMZN,200.08999633789062,200.27000427246094,192.86000061035156,195.0500030517578,44565000
2024-07-12 00:00:00-04:00,AMZN,194.8000030517578,196.47000122070312,193.8300018310547,194.49000549316406,30598500
2024-07-15 00:00:00-04:00,AMZN,194.55999755859375,196.19000244140625,190.8300018310547,192.72000122070312,40683200
2024-07-16 00:00:00-04:00,AMZN,195.58999633789062,196.6199951171875,192.24000549316406,193.02000427246094,33994700
2024-07-17 00:00:00-04:00,AMZN,191.35000610351562,191.5800018310547,185.99000549316406,187.92999267578125,48076100
2024-07-18 00:00:00-04:00,AMZN,189.58999633789062,189.67999267578125,181.4499969482422,183.75,51043600
2024-07-19 00:00:00-04:00,AMZN,181.13999938964844,184.92999267578125,180.11000061035156,183.1300048828125,43081800
2024-07-22 00:00:00-04:00,AMZN,185.0,185.05999755859375,182.47999572753906,182.5500030517578,39931900
2024-07-23 00:00:00-04:00,AMZN,184.10000610351562,189.38999938964844,183.55999755859375,186.41000366210938,47537700
2024-07-24 00:00:00-04:00,AMZN,183.1999969482422,185.4499969482422,180.41000366210938,180.8300018310547,41532400
2024-07-25 00:00:00-04:00,AMZN,182.91000366210938,183.89999389648438,176.8000030517578,179.85000610351562,44464200
2024-07-26 00:00:00-04:00,AMZN,180.38999938964844,183.19000244140625,180.24000549316406,182.5,29506000
2024-07-29 00:00:00-04:00,AMZN,183.83999633789062,184.75,182.3800048828125,183.1999969482422,33270100
2024-07-30 00:00:00-04:00,AMZN,184.72000122070312,185.86000061035156,179.3800048828125,181.7100067138672,39508600
2024-07-31 00:00:00-04:00,AMZN,185.0500030517578,187.94000244140625,184.4600067138672,186.97999572753906,41667300
2024-08-01 00:00:00-04:00,AMZN,189.2899932861328,190.60000610351562,181.8699951171875,184.07000732421875,70435600
2024-08-02 00:00:00-04:00,AMZN,166.75,168.77000427246094,160.5500030517578,167.89999389648438,141448400
2024-08-05 00:00:00-04:00,AMZN,154.2100067138672,162.9600067138672,151.61000061035156,161.02000427246094,83149400
2024-08-06 00:00:00-04:00,AMZN,161.7100067138672,165.0800018310547,158.5399932861328,161.92999267578125,59950800
2024-08-07 00:00:00-04:00,AMZN,166.5500030517578,167.5800018310547,161.42999267578125,162.77000427246094,48408200
2024-08-08 00:00:00-04:00,AMZN,165.1699981689453,166.69000244140625,162.5500030517578,165.8000030517578,44616200
2024-08-09 00:00:00-04:00,AMZN,166.39999389648438,168.5500030517578,165.85000610351562,166.94000244140625,36401000
2024-08-12 00:00:00-04:00,AMZN,168.13999938964844,168.5500030517578,166.11000061035156,166.8000030517578,30072800
2024-08-13 00:00:00-04:00,AMZN,167.80999755859375,171.0399932861328,167.10000610351562,170.22999572753906,39237900
2024-08-14 00:00:00-04:00,AMZN,172.11000061035156,172.27999877929688,168.86000061035156,170.10000610351562,28843800
2024-08-15 00:00:00-04:00,AMZN,174.86000061035156,177.91000366210938,173.99000549316406,177.58999633789062,51698500
2024-08-16 00:00:00-04:00,AMZN,177.0399932861328,178.33999633789062,176.25999450683594,177.05999755859375,31489200
2024-08-19 00:00:00-04:00,AMZN,177.63999938964844,178.3000030517578,176.16000366210938,178.22000122070312,31129800
2024-08-20 00:00:00-04:00,AMZN,177.9199981689453,179.00999450683594,177.42999267578125,178.8800048828125,26255200
2024-08-21 00:00:00-04:00,AMZN,179.9199981689453,182.38999938964844,178.88999938964844,180.11000061035156,35599100
2024-08-22 00:00:00-04:00,AMZN,181.3800048828125,181.47000122070312,175.67999267578125,176.1300048828125,32047500
2024-08-23 00:00:00-04:00,AMZN,177.33999633789062,178.97000122070312,175.24000549316406,177.0399932861328,29150100
2024-08-26 00:00:00-04:00,AMZN,176.6999969482422,177.47000122070312,174.3000030517578,175.5,22366200
2024-08-27 00:00:00-04:00,AMZN,174.14999389648438,174.88999938964844,172.25,173.1199951171875,29842000
2024-08-28 00:00:00-04:00,AMZN,173.69000244140625,173.69000244140625,168.9199981689453,170.8000030517578,29045000
2024-08-29 00:00:00-04:00,AMZN,173.22000122070312,174.2899932861328,170.80999755859375,172.1199951171875,26407800
2024-08-30 00:00:00-04:00,AMZN,172.77999877929688,178.89999389648438,172.60000610351562,178.5,43429400
2024-09-03 00:00:00-04:00,AMZN,177.5500030517578,178.25999450683594,175.25999450683594,176.25,37817500
2024-09-04 00:00:00-04:00,AMZN,174.47999572753906,175.97999572753906,172.5399932861328,173.3300018310547,30309200
2024-09-05 00:00:00-04:00,AMZN,175.0,179.8800048828125,175.0,177.88999938964844,40170500
2024-09-06 00:00:00-04:00,AMZN,177.24000549316406,178.3800048828125,171.16000366210938,171.38999938964844,41466500
2024-09-09 00:00:00-04:00,AMZN,174.52999877929688,175.85000610351562,173.50999450683594,175.39999389648438,29037400
2024-09-10 00:00:00-04:00,AMZN,177.49000549316406,180.5,176.7899932861328,179.5500030517578,36233800
2024-09-11 00:00:00-04:00,AMZN,180.10000610351562,184.99000549316406,175.72999572753906,184.52000427246094,42564700
2024-09-12 00:00:00-04:00,AMZN,184.8000030517578,187.41000366210938,183.5399932861328,187.0,33544200
2024-09-13 00:00:00-04:00,AMZN,187.0,188.5,185.91000366210938,186.49000549316406,26495400
2024-09-16 00:00:00-04:00,AMZN,185.2899932861328,185.80999755859375,183.36000061035156,184.88999938964844,26065500
2024-09-17 00:00:00-04:00,AMZN,186.85000610351562,189.4499969482422,186.13999938964844,186.8800048828125,26091700
2024-09-18 00:00:00-04:00,AMZN,186.4499969482422,188.8000030517578,185.05999755859375,186.42999267578125,34448100
2024-09-19 00:00:00-04:00,AMZN,190.0399932861328,190.99000549316406,188.47000122070312,189.8699951171875,39543200
2024-09-20 00:00:00-04:00,AMZN,190.22999572753906,191.83999633789062,187.41000366210938,191.60000610351562,100378600
2024-09-23 00:00:00-04:00,AMZN,191.63999938964844,194.4499969482422,190.57000732421875,193.8800048828125,36993100
2024-09-24 00:00:00-04:00,AMZN,194.27000427246094,195.3699951171875,190.1300048828125,193.9600067138672,43478900
2024-09-25 00:00:00-04:00,AMZN,193.75,193.9499969482422,192.16000366210938,192.52999877929688,26391100
2024-09-26 00:00:00-04:00,AMZN,194.30999755859375,194.52999877929688,189.5399932861328,191.16000366210938,36334900
2024-09-27 00:00:00-04:00,AMZN,190.67999267578125,190.89999389648438,187.33999633789062,187.97000122070312,36002300
2024-09-30 00:00:00-04:00,AMZN,187.13999938964844,188.49000549316406,184.64999389648438,186.3300018310547,41583900
2024-10-01 00:00:00-04:00,AMZN,184.89999389648438,186.19000244140625,183.4499969482422,185.1300048828125,36044900
2024-10-02 00:00:00-04:00,AMZN,184.44000244140625,186.60000610351562,184.0399932861328,184.75999450683594,23704100
2024-10-03 00:00:00-04:00,AMZN,183.0500030517578,183.44000244140625,180.8800048828125,181.9600067138672,30204300
2024-10-04 00:00:00-04:00,AMZN,185.75,187.60000610351562,183.60000610351562,186.50999450683594,40890300
2024-10-07 00:00:00-04:00,AMZN,182.9499969482422,183.60000610351562,180.25,180.8000030517578,42364200
2024-10-08 00:00:00-04:00,AMZN,181.9199981689453,183.08999633789062,180.9199981689453,182.72000122070312,26372100
2024-10-09 00:00:00-04:00,AMZN,182.82000732421875,185.85000610351562,182.0500030517578,185.1699981689453,26343100
2024-10-10 00:00:00-04:00,AMZN,187.1300048828125,188.1300048828125,185.8300018310547,186.64999389648438,27785000
2024-10-11 00:00:00-04:00,AMZN,186.6300048828125,189.92999267578125,186.3000030517578,188.82000732421875,25751600
2024-10-14 00:00:00-04:00,AMZN,189.77999877929688,189.8300018310547,187.36000061035156,187.5399932861328,22614400
2024-10-15 00:00:00-04:00,AMZN,187.6300048828125,188.41000366210938,184.5800018310547,187.69000244140625,32178900
2024-10-16 00:00:00-04:00,AMZN,187.0500030517578,187.77999877929688,185.61000061035156,186.88999938964844,23456800
2024-10-17 00:00:00-04:00,AMZN,188.22000122070312,188.94000244140625,186.0,187.52999877929688,25039400
2024-10-18 00:00:00-04:00,AMZN,187.14999389648438,190.74000549316406,186.27999877929688,188.99000549316406,37417700
2024-10-21 00:00:00-04:00,AMZN,188.0500030517578,189.4600067138672,186.39999389648438,189.07000732421875,24639400
2024-10-22 00:00:00-04:00,AMZN,188.35000610351562,191.52000427246094,186.97999572753906,189.6999969482422,29650600
2024-10-23 00:00:00-04:00,AMZN,188.85000610351562,189.16000366210938,183.69000244140625,184.7100067138672,31937100
2024-10-24 00:00:00-04:00,AMZN,185.25,187.11000061035156,183.86000061035156,186.3800048828125,21647400
2024-10-25 00:00:00-04:00,AMZN,187.85000610351562,190.4499969482422,187.52999877929688,187.8300018310547,29362100
2024-10-28 00:00:00-04:00,AMZN,189.57000732421875,190.2100067138672,188.2100067138672,188.38999938964844,27930800
2024-10-29 00:00:00-04:00,AMZN,188.5800018310547,191.4600067138672,187.82000732421875,190.8300018310547,35690200
2024-10-30 00:00:00-04:00,AMZN,194.6999969482422,195.61000061035156,192.4199981689453,192.72999572753906,37707600
2024-10-31 00:00:00-04:00,AMZN,190.50999450683594,190.60000610351562,185.22999572753906,186.39999389648438,75146800
2024-11-01 00:00:00-04:00,AMZN,199.0,200.5,197.02000427246094,197.92999267578125,99687800
2024-11-04 00:00:00-05:00,AMZN,196.4499969482422,197.3300018310547,194.30999755859375,195.77999877929688,38492100
2024-11-05 00:00:00-05:00,AMZN,196.0399932861328,199.82000732421875,195.99000549316406,199.5,30564800
2024-11-06 00:00:00-05:00,AMZN,200.00999450683594,207.5500030517578,199.13999938964844,207.08999633789062,72292200
2024-11-07 00:00:00-05:00,AMZN,207.44000244140625,212.25,207.19000244140625,210.0500030517578,52878400
2024-11-08 00:00:00-05:00,AMZN,209.72000122070312,209.9600067138672,207.44000244140625,208.17999267578125,36075800
2024-11-11 00:00:00-05:00,AMZN,208.5,209.64999389648438,205.58999633789062,206.83999633789062,35456000
2024-11-12 00:00:00-05:00,AMZN,208.3699951171875,209.5399932861328,206.00999450683594,208.91000366210938,38942900
2024-11-13 00:00:00-05:00,AMZN,209.39999389648438,215.08999633789062,209.13999938964844,214.10000610351562,46212900
2024-11-14 00:00:00-05:00,AMZN,214.16000366210938,215.89999389648438,210.8800048828125,211.47999572753906,42620300
2024-11-15 00:00:00-05:00,AMZN,206.75999450683594,207.33999633789062,199.61000061035156,202.61000061035156,86591100
2024-11-18 00:00:00-05:00,AMZN,204.14999389648438,204.6699981689453,200.9499969482422,201.6999969482422,36409900
2024-11-19 00:00:00-05:00,AMZN,199.3300018310547,205.3000030517578,198.77999877929688,204.61000061035156,31197900
2024-11-20 00:00:00-05:00,AMZN,202.97999572753906,203.1300048828125,199.4499969482422,202.8800048828125,32769000
2024-11-21 00:00:00-05:00,AMZN,203.49000549316406,203.49000549316406,195.75,198.3800048828125,58800000
2024-11-22 00:00:00-05:00,AMZN,198.25,199.25999450683594,196.75,197.1199951171875,31530800
2024-11-25 00:00:00-05:00,AMZN,199.27999877929688,201.9499969482422,199.0,201.4499969482422,40685700
2024-11-26 00:00:00-05:00,AMZN,201.89999389648438,208.0,201.7899932861328,207.86000061035156,41673700
2024-11-27 00:00:00-05:00,AMZN,206.97999572753906,207.63999938964844,205.0500030517578,205.74000549316406,28061600
2024-11-29 00:00:00-05:00,AMZN,205.8300018310547,208.1999969482422,204.58999633789062,207.88999938964844,24892400
2024-12-02 00:00:00-05:00,AMZN,209.9600067138672,212.99000549316406,209.50999450683594,210.7100067138672,39523200
2024-12-03 00:00:00-05:00,AMZN,210.30999755859375,214.02000427246094,209.64999389648438,213.44000244140625,32214800
2024-12-04 00:00:00-05:00,AMZN,215.9600067138672,220.0,215.75,218.16000366210938,48745700
2024-12-05 00:00:00-05:00,AMZN,218.02999877929688,222.14999389648438,217.3000030517578,220.5500030517578,41140200
2024-12-06 00:00:00-05:00,AMZN,220.75,227.14999389648438,220.60000610351562,227.02999877929688,44178100
2024-12-09 00:00:00-05:00,AMZN,227.2100067138672,230.0800018310547,225.6699981689453,226.08999633789062,46819400
2024-12-10 00:00:00-05:00,AMZN,226.08999633789062,229.05999755859375,224.1999969482422,225.0399932861328,31199900
2024-12-11 00:00:00-05:00,AMZN,226.41000366210938,231.1999969482422,226.25999450683594,230.25999450683594,35385800
2024-12-12 00:00:00-05:00,AMZN,229.8300018310547,231.08999633789062,227.6300048828125,228.97000122070312,28204100
2024-12-13 00:00:00-05:00,AMZN,228.39999389648438,230.1999969482422,225.86000061035156,227.4600067138672,28768100
2024-12-16 00:00:00-05:00,AMZN,230.22999572753906,233.0,228.00999450683594,232.92999267578125,37552100
2024-12-17 00:00:00-05:00,AMZN,232.38999938964844,232.72999572753906,227.85000610351562,231.14999389648438,35948100
2024-12-18 00:00:00-05:00,AMZN,230.77000427246094,231.39999389648438,220.11000061035156,220.52000427246094,43281400
2024-12-19 00:00:00-05:00,AMZN,224.91000366210938,226.08999633789062,222.9199981689453,223.2899932861328,39918700
2024-12-20 00:00:00-05:00,AMZN,219.83999633789062,226.2100067138672,218.72999572753906,224.9199981689453,88279200
2024-12-23 00:00:00-05:00,AMZN,225.00999450683594,226.8800048828125,223.89999389648438,225.05999755859375,28070000
2024-12-24 00:00:00-05:00,AMZN,226.94000244140625,229.13999938964844,226.1300048828125,229.0500030517578,15007500
2024-12-26 00:00:00-05:00,AMZN,228.5,228.5,226.6699981689453,227.0500030517578,16146700
2024-12-27 00:00:00-05:00,AMZN,225.60000610351562,226.02999877929688,220.89999389648438,223.75,27367100
2024-12-30 00:00:00-05:00,AMZN,220.05999755859375,223.0,218.42999267578125,221.3000030517578,28321200
2024-12-31 00:00:00-05:00,AMZN,222.97000122070312,223.22999572753906,218.94000244140625,219.38999938964844,24819700
2025-01-02 00:00:00-05:00,AMZN,222.02999877929688,225.14999389648438,218.19000244140625,220.22000122070312,33956600
2025-01-03 00:00:00-05:00,AMZN,222.50999450683594,225.36000061035156,221.6199951171875,224.19000244140625,27515600
2025-01-06 00:00:00-05:00,AMZN,226.77999877929688,228.83999633789062,224.83999633789062,227.61000061035156,31849800
2025-01-07 00:00:00-05:00,AMZN,227.89999389648438,228.3800048828125,221.4600067138672,222.11000061035156,28084200
2025-01-08 00:00:00-05:00,AMZN,223.19000244140625,223.52000427246094,220.1999969482422,222.1300048828125,25033300
2025-01-10 00:00:00-05:00,AMZN,221.4600067138672,221.7100067138672,216.5,218.94000244140625,36811500
2025-01-13 00:00:00-05:00,AMZN,218.05999755859375,219.39999389648438,216.47000122070312,218.4600067138672,27262700
2025-01-14 00:00:00-05:00,AMZN,220.44000244140625,221.82000732421875,216.1999969482422,217.75999450683594,24711700
2025-01-15 00:00:00-05:00,AMZN,222.8300018310547,223.57000732421875,220.75,223.35000610351562,31291300
2025-01-16 00:00:00-05:00,AMZN,224.4199981689453,224.64999389648438,220.30999755859375,220.66000366210938,24757300
2025-01-17 00:00:00-05:00,AMZN,225.83999633789062,226.50999450683594,223.0800018310547,225.94000244140625,42370100
2025-01-21 00:00:00-05:00,AMZN,228.89999389648438,231.77999877929688,226.94000244140625,230.7100067138672,39951500
2025-01-22 00:00:00-05:00,AMZN,232.02000427246094,235.44000244140625,231.19000244140625,235.00999450683594,41448200
2025-01-23 00:00:00-05:00,AMZN,234.10000610351562,235.52000427246094,231.50999450683594,235.4199981689453,26404400
2025-01-24 00:00:00-05:00,AMZN,234.5,236.39999389648438,232.92999267578125,234.85000610351562,25890700
2025-01-27 00:00:00-05:00,AMZN,226.2100067138672,235.61000061035156,225.86000061035156,235.4199981689453,49428300
2025-01-28 00:00:00-05:00,AMZN,234.2899932861328,241.77000427246094,233.97999572753906,238.14999389648438,41587200
2025-01-29 00:00:00-05:00,AMZN,239.02000427246094,240.38999938964844,236.14999389648438,237.07000732421875,26091700
2025-01-30 00:00:00-05:00,AMZN,237.13999938964844,237.9499969482422,232.22000122070312,234.63999938964844,32020700
2025-01-31 00:00:00-05:00,AMZN,236.5,240.2899932861328,236.41000366210938,237.67999267578125,36110200
2025-02-03 00:00:00-05:00,AMZN,234.05999755859375,239.25,232.89999389648438,237.4199981689453,37285900
2025-02-04 00:00:00-05:00,AMZN,239.00999450683594,242.52000427246094,238.02999877929688,242.05999755859375,29713800
2025-02-05 00:00:00-05:00,AMZN,237.02000427246094,238.32000732421875,235.1999969482422,236.1699981689453,38727300
2025-02-06 00:00:00-05:00,AMZN,238.00999450683594,239.66000366210938,236.00999450683594,238.8300018310547,60897100
2025-02-07 00:00:00-05:00,AMZN,232.5,234.80999755859375,228.05999755859375,229.14999389648438,77539300
2025-02-10 00:00:00-05:00,AMZN,230.5500030517578,233.9199981689453,229.1999969482422,233.13999938964844,35419900
2025-02-11 00:00:00-05:00,AMZN,231.9199981689453,233.44000244140625,230.1300048828125,232.75999450683594,23713700
2025-02-12 00:00:00-05:00,AMZN,230.4600067138672,231.17999267578125,228.16000366210938,228.92999267578125,32285200
2025-02-13 00:00:00-05:00,AMZN,228.85000610351562,230.4199981689453,227.52000427246094,230.3699951171875,31346500
2025-02-14 00:00:00-05:00,AMZN,229.1999969482422,229.88999938964844,227.22999572753906,228.67999267578125,27031100
2025-02-18 00:00:00-05:00,AMZN,228.82000732421875,229.3000030517578,223.72000122070312,226.64999389648438,42975100
2025-02-19 00:00:00-05:00,AMZN,225.52000427246094,226.8300018310547,223.7100067138672,226.6300048828125,28566700
2025-02-20 00:00:00-05:00,AMZN,224.77999877929688,225.1300048828125,221.80999755859375,222.8800048828125,30001700
2025-02-21 00:00:00-05:00,AMZN,223.27999877929688,223.30999755859375,214.74000549316406,216.5800018310547,55323900
2025-02-24 00:00:00-05:00,AMZN,217.4499969482422,217.72000122070312,212.4199981689453,212.7100067138672,42387600
2025-02-25 00:00:00-05:00,AMZN,211.6300048828125,213.33999633789062,204.16000366210938,212.8000030517578,58958000
2025-02-26 00:00:00-05:00,AMZN,214.94000244140625,218.16000366210938,213.08999633789062,214.35000610351562,39120600
2025-02-27 00:00:00-05:00,AMZN,218.35000610351562,219.97000122070312,208.3699951171875,208.74000549316406,40548600
2025-02-28 00:00:00-05:00,AMZN,208.64999389648438,212.6199951171875,206.99000549316406,212.27999877929688,51771700
2025-03-03 00:00:00-05:00,AMZN,213.35000610351562,214.00999450683594,202.5500030517578,205.02000427246094,42948400
2025-03-04 00:00:00-05:00,AMZN,200.11000061035156,206.8000030517578,197.42999267578125,203.8000030517578,60853100
2025-03-05 00:00:00-05:00,AMZN,204.8000030517578,209.97999572753906,203.25999450683594,208.36000061035156,38610100
2025-03-06 00:00:00-05:00,AMZN,204.39999389648438,205.77000427246094,198.3000030517578,200.6999969482422,49863800
2025-03-07 00:00:00-05:00,AMZN,199.49000549316406,202.27000427246094,192.52999877929688,199.25,59802800
2025-03-10 00:00:00-04:00,AMZN,195.60000610351562,196.72999572753906,190.85000610351562,194.5399932861328,62350900
2025-03-11 00:00:00-04:00,AMZN,193.89999389648438,200.17999267578125,193.39999389648438,196.58999633789062,54002900
2025-03-12 00:00:00-04:00,AMZN,200.72000122070312,201.52000427246094,195.2899932861328,198.88999938964844,43679300
2025-03-13 00:00:00-04:00,AMZN,198.1699981689453,198.8800048828125,191.82000732421875,193.88999938964844,41270800
2025-03-14 00:00:00-04:00,AMZN,197.41000366210938,198.64999389648438,195.32000732421875,197.9499969482422,38096700
2025-03-17 00:00:00-04:00,AMZN,198.77000427246094,199.0,194.32000732421875,195.74000549316406,47341800
2025-03-18 00:00:00-04:00,AMZN,192.52000427246094,194.0,189.3800048828125,192.82000732421875,40414900
2025-03-19 00:00:00-04:00,AMZN,193.3800048828125,195.97000122070312,191.9600067138672,195.5399932861328,39442900
2025-03-20 00:00:00-04:00,AMZN,193.07000732421875,199.32000732421875,192.3000030517578,194.9499969482422,38921100
2025-03-21 00:00:00-04:00,AMZN,192.89999389648438,196.99000549316406,192.52000427246094,196.2100067138672,60056900
2025-03-24 00:00:00-04:00,AMZN,200.0,203.63999938964844,199.9499969482422,203.25999450683594,41625400
2025-03-25 00:00:00-04:00,AMZN,203.60000610351562,206.2100067138672,203.22000122070312,205.7100067138672,31171200
2025-03-26 00:00:00-04:00,AMZN,205.83999633789062,206.00999450683594,199.92999267578125,201.1300048828125,32855300
2025-03-27 00:00:00-04:00,AMZN,200.88999938964844,203.7899932861328,199.27999877929688,201.36000061035156,27317700
2025-03-28 00:00:00-04:00,AMZN,198.4199981689453,199.25999450683594,191.8800048828125,192.72000122070312,52548200
2025-03-31 00:00:00-04:00,AMZN,188.19000244140625,191.3300018310547,184.39999389648438,190.25999450683594,63547600
2025-04-01 00:00:00-04:00,AMZN,187.86000061035156,193.92999267578125,187.1999969482422,192.1699981689453,41267300
2025-04-02 00:00:00-04:00,AMZN,187.66000366210938,198.33999633789062,187.66000366210938,196.00999450683594,53679200
2025-04-03 00:00:00-04:00,AMZN,183.0,184.1300048828125,176.9199981689453,178.41000366210938,95553600
2025-04-04 00:00:00-04:00,AMZN,167.14999389648438,178.13999938964844,166.0,171.0,123159400
2025-04-07 00:00:00-04:00,AMZN,162.0,183.41000366210938,161.3800048828125,175.25999450683594,109327100
2025-04-08 00:00:00-04:00,AMZN,185.22999572753906,185.89999389648438,168.57000732421875,170.66000366210938,87710400
2025-04-09 00:00:00-04:00,AMZN,172.1199951171875,192.64999389648438,169.92999267578125,191.10000610351562,116804300
2025-04-10 00:00:00-04:00,AMZN,185.44000244140625,186.8699951171875,175.85000610351562,181.22000122070312,68302000
2025-04-11 00:00:00-04:00,AMZN,179.92999267578125,185.86000061035156,178.0,184.8699951171875,50594300
2025-04-14 00:00:00-04:00,AMZN,186.83999633789062,187.44000244140625,179.22999572753906,182.1199951171875,48002500
2025-04-15 00:00:00-04:00,AMZN,181.41000366210938,182.35000610351562,177.92999267578125,179.58999633789062,43642000
2025-04-16 00:00:00-04:00,AMZN,176.2899932861328,179.10000610351562,171.41000366210938,174.3300018310547,51875300
2025-04-17 00:00:00-04:00,AMZN,176.0,176.2100067138672,172.0,172.61000061035156,44726500
2025-04-21 00:00:00-04:00,AMZN,169.60000610351562,169.60000610351562,165.2899932861328,167.32000732421875,48126100
2025-04-22 00:00:00-04:00,AMZN,169.85000610351562,176.77999877929688,169.35000610351562,173.17999267578125,56607200
2025-04-23 00:00:00-04:00,AMZN,183.4499969482422,187.3800048828125,180.19000244140625,180.60000610351562,63470100
2025-04-24 00:00:00-04:00,AMZN,180.9199981689453,186.74000549316406,180.17999267578125,186.5399932861328,43763200
2025-04-25 00:00:00-04:00,AMZN,187.6199951171875,189.94000244140625,185.49000549316406,188.99000549316406,36414300
2025-04-28 00:00:00-04:00,AMZN,190.11000061035156,190.22000122070312,184.88999938964844,187.6999969482422,33224700
2025-04-29 00:00:00-04:00,AMZN,183.99000549316406,188.02000427246094,183.67999267578125,187.38999938964844,41667300
2025-04-30 00:00:00-04:00,AMZN,182.1699981689453,185.0500030517578,178.85000610351562,184.4199981689453,55176500
2025-05-01 00:00:00-04:00,AMZN,190.6300048828125,191.80999755859375,187.5,190.1999969482422,74266000
2025-05-02 00:00:00-04:00,AMZN,191.44000244140625,192.8800048828125,186.39999389648438,189.97999572753906,77903500
2025-05-05 00:00:00-04:00,AMZN,186.50999450683594,188.17999267578125,185.52999877929688,186.35000610351562,35217500
2025-05-06 00:00:00-04:00,AMZN,184.57000732421875,187.92999267578125,183.85000610351562,185.00999450683594,29314100
2025-05-07 00:00:00-04:00,AMZN,185.55999755859375,190.99000549316406,185.00999450683594,188.7100067138672,43948600
2025-05-08 00:00:00-04:00,AMZN,191.42999267578125,194.3300018310547,188.82000732421875,192.0800018310547,41043600
2025-05-09 00:00:00-04:00,AMZN,193.3800048828125,194.69000244140625,191.16000366210938,193.05999755859375,29663100
2025-05-12 00:00:00-04:00,AMZN,210.7100067138672,211.66000366210938,205.75,208.63999938964844,75205000
2025-05-13 00:00:00-04:00,AMZN,211.0800018310547,214.83999633789062,210.10000610351562,211.3699951171875,56193700
2025-05-14 00:00:00-04:00,AMZN,211.4499969482422,211.92999267578125,208.85000610351562,210.25,38492100
2025-05-15 00:00:00-04:00,AMZN,206.4499969482422,206.8800048828125,202.6699981689453,205.1699981689453,64347300
2025-05-16 00:00:00-04:00,AMZN,206.85000610351562,206.85000610351562,204.3699951171875,205.58999633789062,43318500
2025-05-19 00:00:00-04:00,AMZN,201.64999389648438,206.6199951171875,201.25999450683594,206.16000366210938,34314800
2025-05-20 00:00:00-04:00,AMZN,204.6300048828125,205.58999633789062,202.64999389648438,204.07000732421875,29470400
2025-05-21 00:00:00-04:00,AMZN,201.61000061035156,203.4600067138672,200.05999755859375,201.1199951171875,42460900
2025-05-22 00:00:00-04:00,AMZN,201.3800048828125,205.75999450683594,200.16000366210938,203.10000610351562,38938900
2025-05-23 00:00:00-04:00,AMZN,198.89999389648438,202.3699951171875,197.85000610351562,200.99000549316406,33393500
2025-05-27 00:00:00-04:00,AMZN,203.08999633789062,206.69000244140625,202.19000244140625,206.02000427246094,34892000
2025-05-28 00:00:00-04:00,AMZN,205.9199981689453,207.66000366210938,204.41000366210938,204.72000122070312,28549800
2025-05-29 00:00:00-04:00,AMZN,208.02999877929688,208.80999755859375,204.22999572753906,205.6999969482422,34650000
2025-05-30 00:00:00-04:00,AMZN,204.83999633789062,205.99000549316406,201.6999969482422,205.00999450683594,51679400
2025-06-02 00:00:00-04:00,AMZN,204.97999572753906,207.0,202.67999267578125,206.64999389648438,29113300
2025-06-03 00:00:00-04:00,AMZN,207.11000061035156,208.9499969482422,205.02999877929688,205.7100067138672,33139100
2025-06-04 00:00:00-04:00,AMZN,206.5500030517578,208.17999267578125,205.17999267578125,207.22999572753906,29915600
2025-06-05 00:00:00-04:00,AMZN,209.5500030517578,212.80999755859375,207.55999755859375,207.91000366210938,51864200
2025-06-06 00:00:00-04:00,AMZN,212.39999389648438,213.8699951171875,210.5,213.57000732421875,39832500
2025-06-09 00:00:00-04:00,AMZN,214.75,217.85000610351562,212.8800048828125,216.97999572753906,38102500
2025-06-10 00:00:00-04:00,AMZN,216.77999877929688,217.69000244140625,214.14999389648438,217.61000061035156,31303300
2025-06-11 00:00:00-04:00,AMZN,217.41000366210938,218.39999389648438,212.88999938964844,213.1999969482422,39326000
2025-06-12 00:00:00-04:00,AMZN,211.77999877929688,213.5800018310547,211.3300018310547,213.24000549316406,27640000
2025-06-13 00:00:00-04:00,AMZN,209.9600067138672,214.0500030517578,209.6199951171875,212.10000610351562,29337800
2025-06-16 00:00:00-04:00,AMZN,212.30999755859375,217.05999755859375,211.60000610351562,216.10000610351562,33284200
2025-06-17 00:00:00-04:00,AMZN,215.1999969482422,217.41000366210938,214.55999755859375,214.82000732421875,32086300
2025-06-18 00:00:00-04:00,AMZN,215.08999633789062,217.9600067138672,212.33999633789062,212.52000427246094,44360500
2025-06-20 00:00:00-04:00,AMZN,214.67999267578125,214.88999938964844,208.27000427246094,209.69000244140625,75350700
2025-06-23 00:00:00-04:00,AMZN,209.7899932861328,210.38999938964844,207.30999755859375,208.47000122070312,37311700
2025-06-24 00:00:00-04:00,AMZN,212.13999938964844,214.33999633789062,211.0500030517578,212.77000427246094,38378800
2025-06-25 00:00:00-04:00,AMZN,214.6199951171875,216.02999877929688,211.11000061035156,211.99000549316406,31755700
2025-06-26 00:00:00-04:00,AMZN,213.1199951171875,218.0399932861328,212.00999450683594,217.1199951171875,50480800
2025-06-27 00:00:00-04:00,AMZN,219.9199981689453,223.3000030517578,216.74000549316406,223.3000030517578,119217100
2025-06-30 00:00:00-04:00,AMZN,223.52000427246094,223.82000732421875,219.1199951171875,219.38999938964844,58887800
2025-07-01 00:00:00-04:00,AMZN,219.5,221.8800048828125,217.92999267578125,220.4600067138672,39256800
2025-07-02 00:00:00-04:00,AMZN,219.72999572753906,221.60000610351562,219.05999755859375,219.9199981689453,30894200
2025-07-03 00:00:00-04:00,AMZN,221.82000732421875,224.00999450683594,221.36000061035156,223.41000366210938,29632400
2025-07-07 00:00:00-04:00,AMZN,223.0,224.2899932861328,222.3699951171875,223.47000122070312,36604100
2025-07-08 00:00:00-04:00,AMZN,223.9199981689453,224.0,218.42999267578125,219.36000061035156,45692000
2025-07-09 00:00:00-04:00,AMZN,221.07000732421875,224.2899932861328,220.47000122070312,222.5399932861328,38155100
2025-07-10 00:00:00-04:00,AMZN,221.5500030517578,222.7899932861328,219.6999969482422,222.25999450683594,30370600
2025-07-11 00:00:00-04:00,AMZN,223.5800018310547,226.67999267578125,222.3699951171875,225.02000427246094,50518300
2025-07-14 00:00:00-04:00,AMZN,225.07000732421875,226.66000366210938,224.24000549316406,225.69000244140625,35702600
2025-07-15 00:00:00-04:00,AMZN,226.1999969482422,227.27000427246094,225.4600067138672,226.35000610351562,34907300
2025-07-16 00:00:00-04:00,AMZN,225.8800048828125,226.10000610351562,222.17999267578125,223.19000244140625,39535900
2025-07-17 00:00:00-04:00,AMZN,223.32000732421875,224.5,222.50999450683594,223.8800048828125,31855800
2025-07-18 00:00:00-04:00,AMZN,225.13999938964844,226.39999389648438,222.97999572753906,226.1300048828125,37833800
2025-07-21 00:00:00-04:00,AMZN,225.83999633789062,229.69000244140625,225.64999389648438,229.3000030517578,40297600
2025-07-22 00:00:00-04:00,AMZN,229.67999267578125,230.0,226.35000610351562,227.47000122070312,37483700
2025-07-23 00:00:00-04:00,AMZN,228.47000122070312,228.7899932861328,227.08999633789062,228.2899932861328,28294900
2025-07-24 00:00:00-04:00,AMZN,229.1699981689453,236.0,228.63999938964844,232.22999572753906,42902300
2025-07-25 00:00:00-04:00,AMZN,232.22000122070312,232.47999572753906,231.17999267578125,231.44000244140625,28712100
2025-07-28 00:00:00-04:00,AMZN,233.35000610351562,234.2899932861328,232.25,232.7899932861328,26300100
2025-07-29 00:00:00-04:00,AMZN,234.14999389648438,234.72000122070312,230.30999755859375,231.00999450683594,33716200
2025-07-30 00:00:00-04:00,AMZN,231.63999938964844,231.8000030517578,229.2899932861328,230.19000244140625,32993300
2025-07-31 00:00:00-04:00,AMZN,235.77000427246094,236.52999877929688,231.39999389648438,234.11000061035156,104357300
2025-08-01 00:00:00-04:00,AMZN,217.2100067138672,220.44000244140625,212.8000030517578,214.75,122258800
2025-08-04 00:00:00-04:00,AMZN,217.39999389648438,217.44000244140625,211.4199981689453,211.64999389648438,77890100
2025-08-05 00:00:00-04:00,AMZN,213.0500030517578,216.3000030517578,212.8699951171875,213.75,51505100
2025-08-06 00:00:00-04:00,AMZN,214.6999969482422,222.64999389648438,213.74000549316406,222.30999755859375,54823000
2025-08-07 00:00:00-04:00,AMZN,221.0,226.22000122070312,220.82000732421875,223.1300048828125,40603500
2025-08-08 00:00:00-04:00,AMZN,223.13999938964844,223.8000030517578,221.8800048828125,222.69000244140625,32970500
2025-08-11 00:00:00-04:00,AMZN,221.77999877929688,223.0500030517578,220.39999389648438,221.3000030517578,31646200
2025-08-12 00:00:00-04:00,AMZN,222.22999572753906,223.5,219.0500030517578,221.47000122070312,37185800
2025-08-13 00:00:00-04:00,AMZN,222.0,224.9199981689453,222.0,224.55999755859375,36508300
2025-08-14 00:00:00-04:00,AMZN,227.39999389648438,233.11000061035156,227.02000427246094,230.97999572753906,61545800
2025-08-15 00:00:00-04:00,AMZN,232.5800018310547,234.0800018310547,229.80999755859375,231.02999877929688,39649200
2025-08-18 00:00:00-04:00,AMZN,230.22999572753906,231.91000366210938,228.3300018310547,231.49000549316406,25248900
2025-08-19 00:00:00-04:00,AMZN,230.08999633789062,230.52999877929688,227.1199951171875,228.00999450683594,29891000
2025-08-20 00:00:00-04:00,AMZN,227.1199951171875,227.27000427246094,220.9199981689453,223.80999755859375,36604300
2025-08-21 00:00:00-04:00,AMZN,222.64999389648438,222.77999877929688,220.5,221.9499969482422,32140500
2025-08-22 00:00:00-04:00,AMZN,222.7899932861328,229.13999938964844,220.82000732421875,228.83999633789062,37315300
2025-08-25 00:00:00-04:00,AMZN,227.35000610351562,229.60000610351562,227.30999755859375,227.94000244140625,22633700
2025-08-26 00:00:00-04:00,AMZN,227.11000061035156,229.0,226.02000427246094,228.7100067138672,26105400
2025-08-27 00:00:00-04:00,AMZN,228.57000732421875,229.8699951171875,227.80999755859375,229.1199951171875,21254500
2025-08-28 00:00:00-04:00,AMZN,229.00999450683594,232.7100067138672,228.02000427246094,231.60000610351562,33679600
2025-08-29 00:00:00-04:00,AMZN,231.32000732421875,231.80999755859375,228.16000366210938,229.0,26199200
2025-09-02 00:00:00-04:00,AMZN,223.52000427246094,226.1699981689453,221.8300018310547,225.33999633789062,38843900
2025-09-03 00:00:00-04:00,AMZN,225.2100067138672,227.1699981689453,224.36000061035156,225.99000549316406,29223100
2025-09-04 00:00:00-04:00,AMZN,231.19000244140625,235.77000427246094,230.77999877929688,235.67999267578125,59391800
2025-09-05 00:00:00-04:00,AMZN,235.19000244140625,236.0,231.92999267578125,232.3300018310547,36721800
2025-09-08 00:00:00-04:00,AMZN,234.94000244140625,237.60000610351562,233.75,235.83999633789062,33947100
2025-09-09 00:00:00-04:00,AMZN,236.36000061035156,238.85000610351562,235.0800018310547,238.24000549316406,27033800
2025-09-10 00:00:00-04:00,AMZN,237.52000427246094,237.67999267578125,229.10000610351562,230.3300018310547,60907700
2025-09-11 00:00:00-04:00,AMZN,231.49000549316406,231.52999877929688,229.33999633789062,229.9499969482422,37485600
2025-09-12 00:00:00-04:00,AMZN,230.35000610351562,230.7899932861328,226.2899932861328,228.14999389648438,38496200
2025-09-15 00:00:00-04:00,AMZN,230.6300048828125,233.72999572753906,230.32000732421875,231.42999267578125,33243300
2025-09-16 00:00:00-04:00,AMZN,232.94000244140625,235.89999389648438,232.22999572753906,234.0500030517578,38203900
2025-09-17 00:00:00-04:00,AMZN,233.77000427246094,234.3000030517578,228.7100067138672,231.6199951171875,42815200
2025-09-18 00:00:00-04:00,AMZN,232.5,233.47999572753906,228.7899932861328,231.22999572753906,37931700
2025-09-19 00:00:00-04:00,AMZN,232.3699951171875,234.16000366210938,229.6999969482422,231.47999572753906,97943200
2025-09-22 00:00:00-04:00,AMZN,230.55999755859375,230.57000732421875,227.50999450683594,227.6300048828125,45914500
2025-09-23 00:00:00-04:00,AMZN,227.8300018310547,227.86000061035156,220.07000732421875,220.7100067138672,70956200
2025-09-24 00:00:00-04:00,AMZN,224.14999389648438,224.55999755859375,219.4499969482422,220.2100067138672,49509000
2025-09-25 00:00:00-04:00,AMZN,220.05999755859375,220.6699981689453,216.47000122070312,218.14999389648438,52226300
2025-09-26 00:00:00-04:00,AMZN,219.0800018310547,221.0500030517578,218.02000427246094,219.77999877929688,41650100
2025-09-29 00:00:00-04:00,AMZN,220.0800018310547,222.60000610351562,219.3000030517578,222.1699981689453,44259200
2025-09-30 00:00:00-04:00,AMZN,222.02999877929688,222.24000549316406,217.88999938964844,219.57000732421875,48396400
2025-10-01 00:00:00-04:00,AMZN,217.36000061035156,222.14999389648438,216.61000061035156,220.6300048828125,43933800
2025-10-02 00:00:00-04:00,AMZN,221.00999450683594,222.80999755859375,218.9499969482422,222.41000366210938,41258600
2025-10-03 00:00:00-04:00,AMZN,223.44000244140625,224.1999969482422,219.33999633789062,219.50999450683594,43639000
2025-10-06 00:00:00-04:00,AMZN,221.0,221.72999572753906,216.02999877929688,220.89999389648438,43690900
2025-10-07 00:00:00-04:00,AMZN,220.8800048828125,222.88999938964844,220.1699981689453,221.77999877929688,31194700
2025-10-08 00:00:00-04:00,AMZN,222.9199981689453,226.72999572753906,221.19000244140625,225.22000122070312,46686000
2025-10-09 00:00:00-04:00,AMZN,225.0,228.2100067138672,221.75,227.74000549316406,46412100
2025-10-10 00:00:00-04:00,AMZN,226.2100067138672,228.25,216.0,216.3699951171875,72367500
2025-10-13 00:00:00-04:00,AMZN,217.6999969482422,220.67999267578125,217.0399932861328,220.07000732421875,37809700
2025-10-14 00:00:00-04:00,AMZN,215.55999755859375,219.32000732421875,212.60000610351562,216.38999938964844,45665600
2025-10-15 00:00:00-04:00,AMZN,216.6199951171875,217.7100067138672,212.66000366210938,215.57000732421875,45909500
2025-10-16 00:00:00-04:00,AMZN,215.6699981689453,218.58999633789062,212.80999755859375,214.47000122070312,42414600
2025-10-17 00:00:00-04:00,AMZN,214.55999755859375,214.8000030517578,211.02999877929688,213.0399932861328,45986900
2025-10-20 00:00:00-04:00,AMZN,213.8800048828125,216.69000244140625,213.58999633789062,216.47999572753906,38882800
2025-10-21 00:00:00-04:00,AMZN,218.42999267578125,223.32000732421875,217.99000549316406,222.02999877929688,50494600
2025-10-22 00:00:00-04:00,AMZN,219.3000030517578,220.00999450683594,216.52000427246094,217.9499969482422,44308500
2025-10-23 00:00:00-04:00,AMZN,219.0,221.3000030517578,218.17999267578125,221.08999633789062,31540000
2025-10-24 00:00:00-04:00,AMZN,221.97000122070312,225.39999389648438,221.89999389648438,224.2100067138672,38685100
2025-10-27 00:00:00-04:00,AMZN,227.66000366210938,228.39999389648438,225.5399932861328,226.97000122070312,38267000
2025-10-28 00:00:00-04:00,AMZN,228.22000122070312,231.49000549316406,226.2100067138672,229.25,47100000
2025-10-29 00:00:00-04:00,AMZN,231.6699981689453,232.82000732421875,227.75999450683594,230.3000030517578,52036200
2025-10-30 00:00:00-04:00,AMZN,227.05999755859375,228.44000244140625,222.75,222.86000061035156,102252900
2025-10-31 00:00:00-04:00,AMZN,250.10000610351562,250.5,243.97999572753906,244.22000122070312,166340800
2025-11-03 00:00:00-05:00,AMZN,255.36000061035156,258.6000061035156,252.89999389648438,254.0,95997800
2025-11-04 00:00:00-05:00,AMZN,250.3800048828125,257.010009765625,248.66000366210938,249.32000732421875,51546300
2025-11-05 00:00:00-05:00,AMZN,249.02999877929688,251.0,246.16000366210938,250.1999969482422,40610700
2025-11-06 00:00:00-05:00,AMZN,249.16000366210938,250.3800048828125,242.1699981689453,243.0399932861328,46004200
2025-11-07 00:00:00-05:00,AMZN,242.89999389648438,244.89999389648438,238.49000549316406,244.41000366210938,46374300
2025-11-10 00:00:00-05:00,AMZN,248.33999633789062,251.75,245.58999633789062,248.39999389648438,36476500
2025-11-11 00:00:00-05:00,AMZN,248.41000366210938,249.75,247.22999572753906,249.10000610351562,23564100
2025-11-12 00:00:00-05:00,AMZN,250.24000549316406,250.3699951171875,243.75,244.1999969482422,31190100
2025-11-13 00:00:00-05:00,AMZN,243.0500030517578,243.75,236.5,237.5800018310547,41401700
2025-11-14 00:00:00-05:00,AMZN,235.05999755859375,238.72999572753906,232.88999938964844,234.69000244140625,38956700
2025-11-17 00:00:00-05:00,AMZN,233.25,234.60000610351562,229.19000244140625,232.8699951171875,59919000
2025-11-18 00:00:00-05:00,AMZN,228.10000610351562,230.1999969482422,222.4199981689453,222.5500030517578,60608400
2025-11-19 00:00:00-05:00,AMZN,223.74000549316406,223.74000549316406,218.52000427246094,222.69000244140625,58335600
2025-11-20 00:00:00-05:00,AMZN,227.0500030517578,227.41000366210938,216.74000549316406,217.13999938964844,50309000
2025-11-21 00:00:00-05:00,AMZN,216.35000610351562,222.2100067138672,215.17999267578125,220.69000244140625,68490500
2025-11-24 00:00:00-05:00,AMZN,222.55999755859375,227.3300018310547,222.27000427246094,226.27999877929688,54318400
2025-11-25 00:00:00-05:00,AMZN,226.3800048828125,230.52000427246094,223.8000030517578,229.6699981689453,39379300
2025-11-26 00:00:00-05:00,AMZN,230.74000549316406,231.75,228.77000427246094,229.16000366210938,38497900
2025-11-28 00:00:00-05:00,AMZN,231.24000549316406,233.2899932861328,230.22000122070312,233.22000122070312,20292300
2025-12-01 00:00:00-05:00,AMZN,233.22000122070312,235.8000030517578,232.25,233.8800048828125,42904000
2025-12-02 00:00:00-05:00,AMZN,235.00999450683594,238.97000122070312,233.5500030517578,234.4199981689453,45785400
2025-12-03 00:00:00-05:00,AMZN,233.35000610351562,233.3800048828125,230.61000061035156,232.3800048828125,35495100
2025-12-04 00:00:00-05:00,AMZN,232.77000427246094,233.5,226.8000030517578,229.11000061035156,45683200
2025-12-05 00:00:00-05:00,AMZN,230.32000732421875,231.24000549316406,228.5500030517578,229.52999877929688,33117400
2025-12-08 00:00:00-05:00,AMZN,229.58999633789062,230.8300018310547,226.27000427246094,226.88999938964844,35019200
2025-12-09 00:00:00-05:00,AMZN,226.83999633789062,228.57000732421875,225.11000061035156,227.9199981689453,25841700
2025-12-10 00:00:00-05:00,AMZN,228.80999755859375,232.4199981689453,228.4600067138672,231.77999877929688,38790700
2025-12-11 00:00:00-05:00,AMZN,230.7100067138672,232.11000061035156,228.69000244140625,230.27999877929688,28249600
2025-12-12 00:00:00-05:00,AMZN,229.8699951171875,230.0800018310547,225.1199951171875,226.19000244140625,35639100
2025-12-15 00:00:00-05:00,AMZN,227.92999267578125,227.92999267578125,221.5,222.5399932861328,47286100
2025-12-16 00:00:00-05:00,AMZN,223.0399932861328,223.66000366210938,221.1300048828125,222.55999755859375,39298900
2025-12-17 00:00:00-05:00,AMZN,224.66000366210938,225.19000244140625,220.99000549316406,221.27000427246094,44034400
2025-12-18 00:00:00-05:00,AMZN,225.7100067138672,229.22999572753906,224.41000366210938,226.75999450683594,50272400
2025-12-19 00:00:00-05:00,AMZN,226.75999450683594,229.1300048828125,225.5800018310547,227.35000610351562,85544400
2025-12-22 00:00:00-05:00,AMZN,228.61000061035156,229.47999572753906,226.7100067138672,228.42999267578125,32261300
2025-12-23 00:00:00-05:00,AMZN,229.05999755859375,232.4499969482422,228.72999572753906,232.13999938964844,29230200
2025-12-24 00:00:00-05:00,AMZN,232.1300048828125,232.9499969482422,231.3300018310547,232.3800048828125,11420500
2025-12-26 00:00:00-05:00,AMZN,232.0399932861328,232.99000549316406,231.17999267578125,232.52000427246094,15994700
2025-12-29 00:00:00-05:00,AMZN,231.94000244140625,232.60000610351562,230.77000427246094,232.07000732421875,19797900
2025-12-30 00:00:00-05:00,AMZN,231.2100067138672,232.77000427246094,230.1999969482422,232.52999877929688,21910500
2023-01-03 00:00:00-05:00,TSLA,118.47000122070312,118.80000305175781,104.63999938964844,108.0999984741211,231402800
2023-01-04 00:00:00-05:00,TSLA,109.11000061035156,114.58999633789062,107.5199966430664,113.63999938964844,180389000
2023-01-05 00:00:00-05:00,TSLA,110.51000213623047,111.75,107.16000366210938,110.33999633789062,157986300
2023-01-06 00:00:00-05:00,TSLA,103.0,114.38999938964844,101.80999755859375,113.05999755859375,220911100
2023-01-09 00:00:00-05:00,TSLA,118.95999908447266,123.5199966430664,117.11000061035156,119.7699966430664,190284000
2023-01-10 00:00:00-05:00,TSLA,121.06999969482422,122.76000213623047,114.91999816894531,118.8499984741211,167642500
2023-01-11 00:00:00-05:00,TSLA,122.08999633789062,125.94999694824219,120.51000213623047,123.22000122070312,183810800
2023-01-12 00:00:00-05:00,TSLA,122.55999755859375,124.12999725341797,117.0,123.55999755859375,169400900
2023-01-13 00:00:00-05:00,TSLA,116.55000305175781,122.62999725341797,115.5999984741211,122.4000015258789,180714100
2023-01-17 00:00:00-05:00,TSLA,125.69999694824219,131.6999969482422,125.0199966430664,131.49000549316406,186477000
2023-01-18 00:00:00-05:00,TSLA,136.55999755859375,136.67999267578125,127.01000213623047,128.77999877929688,195680300
2023-01-19 00:00:00-05:00,TSLA,127.26000213623047,129.99000549316406,124.30999755859375,127.16999816894531,170291900
2023-01-20 00:00:00-05:00,TSLA,128.67999267578125,133.50999450683594,127.3499984741211,133.4199981689453,138858100
2023-01-23 00:00:00-05:00,TSLA,135.8699951171875,145.3800048828125,134.27000427246094,143.75,203119200
2023-01-24 00:00:00-05:00,TSLA,143.0,146.5,141.10000610351562,143.88999938964844,158699100
2023-01-25 00:00:00-05:00,TSLA,141.91000366210938,146.41000366210938,138.07000732421875,144.42999267578125,192734300
2023-01-26 00:00:00-05:00,TSLA,159.97000122070312,161.4199981689453,154.75999450683594,160.27000427246094,234815100
2023-01-27 00:00:00-05:00,TSLA,162.42999267578125,180.67999267578125,161.1699981689453,177.89999389648438,306590600
2023-01-30 00:00:00-05:00,TSLA,178.0500030517578,179.77000427246094,166.5,166.66000366210938,230878800
2023-01-31 00:00:00-05:00,TSLA,164.57000732421875,174.3000030517578,162.77999877929688,173.22000122070312,196813500
2023-02-01 00:00:00-05:00,TSLA,173.88999938964844,183.80999755859375,169.92999267578125,181.41000366210938,213806300
2023-02-02 00:00:00-05:00,TSLA,187.3300018310547,196.75,182.61000061035156,188.27000427246094,217448300
2023-02-03 00:00:00-05:00,TSLA,183.9499969482422,199.0,183.69000244140625,189.97999572753906,232662000
2023-02-06 00:00:00-05:00,TSLA,193.00999450683594,198.1699981689453,189.9199981689453,194.75999450683594,186188100
2023-02-07 00:00:00-05:00,TSLA,196.42999267578125,197.5,189.5500030517578,196.80999755859375,186010300
2023-02-08 00:00:00-05:00,TSLA,196.10000610351562,203.0,194.30999755859375,201.2899932861328,180673600
2023-02-09 00:00:00-05:00,TSLA,207.77999877929688,214.0,204.77000427246094,207.32000732421875,215431400
2023-02-10 00:00:00-05:00,TSLA,202.22999572753906,206.1999969482422,192.88999938964844,196.88999938964844,204754100
2023-02-13 00:00:00-05:00,TSLA,194.4199981689453,196.3000030517578,187.61000061035156,194.63999938964844,172475500
2023-02-14 00:00:00-05:00,TSLA,191.94000244140625,209.82000732421875,189.44000244140625,209.25,216455700
2023-02-15 00:00:00-05:00,TSLA,211.75999450683594,214.66000366210938,206.11000061035156,214.24000549316406,181006400
2023-02-16 00:00:00-05:00,TSLA,210.77999877929688,217.64999389648438,201.83999633789062,202.0399932861328,229586500
2023-02-17 00:00:00-05:00,TSLA,199.99000549316406,208.44000244140625,197.5,208.30999755859375,213738500
2023-02-21 00:00:00-05:00,TSLA,204.99000549316406,209.7100067138672,197.22000122070312,197.3699951171875,180018600
2023-02-22 00:00:00-05:00,TSLA,197.92999267578125,201.99000549316406,191.77999877929688,200.86000061035156,191828500
2023-02-23 00:00:00-05:00,TSLA,203.91000366210938,205.13999938964844,196.3300018310547,202.07000732421875,146360000
2023-02-24 00:00:00-05:00,TSLA,196.3300018310547,197.6699981689453,192.8000030517578,196.8800048828125,142228100
2023-02-27 00:00:00-05:00,TSLA,202.02999877929688,209.4199981689453,201.25999450683594,207.6300048828125,161028300
2023-02-28 00:00:00-05:00,TSLA,210.58999633789062,211.22999572753906,203.75,205.7100067138672,153144900
2023-03-01 00:00:00-05:00,TSLA,206.2100067138672,207.1999969482422,198.52000427246094,202.77000427246094,156852800
2023-03-02 00:00:00-05:00,TSLA,186.74000549316406,193.75,186.00999450683594,190.89999389648438,181500700
2023-03-03 00:00:00-05:00,TSLA,194.8000030517578,200.47999572753906,192.8800048828125,197.7899932861328,154193300
2023-03-06 00:00:00-05:00,TSLA,198.5399932861328,198.60000610351562,192.3000030517578,193.80999755859375,128100100
2023-03-07 00:00:00-05:00,TSLA,191.3800048828125,194.1999969482422,186.10000610351562,187.7100067138672,148125800
2023-03-08 00:00:00-05:00,TSLA,185.0399932861328,186.5,180.0,182.0,151897800
2023-03-09 00:00:00-05:00,TSLA,180.25,185.17999267578125,172.50999450683594,172.9199981689453,170023800
2023-03-10 00:00:00-05:00,TSLA,175.1300048828125,178.2899932861328,168.44000244140625,173.44000244140625,191488900
2023-03-13 00:00:00-04:00,TSLA,167.4600067138672,177.35000610351562,163.91000366210938,174.47999572753906,167790300
2023-03-14 00:00:00-04:00,TSLA,177.30999755859375,183.8000030517578,177.13999938964844,183.25999450683594,143717900
2023-03-15 00:00:00-04:00,TSLA,180.8000030517578,182.33999633789062,176.02999877929688,180.4499969482422,145995600
2023-03-16 00:00:00-04:00,TSLA,180.3699951171875,185.80999755859375,178.83999633789062,184.1300048828125,121136800
2023-03-17 00:00:00-04:00,TSLA,184.52000427246094,186.22000122070312,177.3300018310547,180.1300048828125,133197100
2023-03-20 00:00:00-04:00,TSLA,178.0800018310547,186.44000244140625,176.35000610351562,183.25,129684400
2023-03-21 00:00:00-04:00,TSLA,188.27999877929688,198.0,188.0399932861328,197.5800018310547,153391400
2023-03-22 00:00:00-04:00,TSLA,199.3000030517578,200.66000366210938,190.9499969482422,191.14999389648438,150376400
2023-03-23 00:00:00-04:00,TSLA,195.25999450683594,199.30999755859375,188.64999389648438,192.22000122070312,144193900
2023-03-24 00:00:00-04:00,TSLA,191.64999389648438,192.36000061035156,187.14999389648438,190.41000366210938,116312400
2023-03-27 00:00:00-04:00,TSLA,194.4199981689453,197.38999938964844,189.94000244140625,191.80999755859375,120851600
2023-03-28 00:00:00-04:00,TSLA,192.0,192.35000610351562,185.42999267578125,189.19000244140625,98654600
2023-03-29 00:00:00-04:00,TSLA,193.1300048828125,195.2899932861328,189.44000244140625,193.8800048828125,123660000
2023-03-30 00:00:00-04:00,TSLA,195.5800018310547,197.3300018310547,194.4199981689453,195.27999877929688,110252200
2023-03-31 00:00:00-04:00,TSLA,197.52999877929688,207.7899932861328,197.1999969482422,207.4600067138672,170222100
2023-04-03 00:00:00-04:00,TSLA,199.91000366210938,202.69000244140625,192.1999969482422,194.77000427246094,169545900
2023-04-04 00:00:00-04:00,TSLA,197.32000732421875,198.74000549316406,190.32000732421875,192.5800018310547,126463800
2023-04-05 00:00:00-04:00,TSLA,190.52000427246094,190.67999267578125,183.75999450683594,185.52000427246094,133882500
2023-04-06 00:00:00-04:00,TSLA,183.0800018310547,186.38999938964844,179.74000549316406,185.05999755859375,123857900
2023-04-10 00:00:00-04:00,TSLA,179.94000244140625,185.10000610351562,176.11000061035156,184.50999450683594,142154600
2023-04-11 00:00:00-04:00,TSLA,186.69000244140625,189.19000244140625,185.64999389648438,186.7899932861328,115770900
2023-04-12 00:00:00-04:00,TSLA,190.74000549316406,191.5800018310547,180.30999755859375,180.5399932861328,150256300
2023-04-13 00:00:00-04:00,TSLA,182.9600067138672,186.5,180.94000244140625,185.89999389648438,112933000
2023-04-14 00:00:00-04:00,TSLA,183.9499969482422,186.27999877929688,182.00999450683594,185.0,96438700
2023-04-17 00:00:00-04:00,TSLA,186.32000732421875,189.69000244140625,182.69000244140625,187.0399932861328,116662200
2023-04-18 00:00:00-04:00,TSLA,187.14999389648438,187.69000244140625,183.5800018310547,184.30999755859375,92067000
2023-04-19 00:00:00-04:00,TSLA,179.10000610351562,183.5,177.64999389648438,180.58999633789062,125732700
2023-04-20 00:00:00-04:00,TSLA,166.1699981689453,169.6999969482422,160.55999755859375,162.99000549316406,210970800
2023-04-21 00:00:00-04:00,TSLA,164.8000030517578,166.0,161.32000732421875,165.0800018310547,123539000
2023-04-24 00:00:00-04:00,TSLA,164.64999389648438,165.64999389648438,158.61000061035156,162.5500030517578,140006600
2023-04-25 00:00:00-04:00,TSLA,159.82000732421875,163.47000122070312,158.75,160.6699981689453,121999300
2023-04-26 00:00:00-04:00,TSLA,160.2899932861328,160.6699981689453,153.13999938964844,153.75,153364100
2023-04-27 00:00:00-04:00,TSLA,152.63999938964844,160.47999572753906,152.3699951171875,160.19000244140625,127015200
2023-04-28 00:00:00-04:00,TSLA,160.89999389648438,165.0,157.32000732421875,164.30999755859375,122515800
2023-05-01 00:00:00-04:00,TSLA,163.1699981689453,163.27999877929688,158.8300018310547,161.8300018310547,109015000
2023-05-02 00:00:00-04:00,TSLA,161.8800048828125,165.49000549316406,158.92999267578125,160.30999755859375,128259700
2023-05-03 00:00:00-04:00,TSLA,160.00999450683594,165.0,159.91000366210938,160.61000061035156,119728000
2023-05-04 00:00:00-04:00,TSLA,162.7100067138672,162.9499969482422,159.64999389648438,161.1999969482422,95108500
2023-05-05 00:00:00-04:00,TSLA,163.97000122070312,170.7899932861328,163.50999450683594,170.05999755859375,107607300
2023-05-08 00:00:00-04:00,TSLA,173.72000122070312,173.8000030517578,169.19000244140625,171.7899932861328,112249400
2023-05-09 00:00:00-04:00,TSLA,168.9499969482422,169.82000732421875,166.55999755859375,169.14999389648438,88965000
2023-05-10 00:00:00-04:00,TSLA,172.5500030517578,174.42999267578125,166.67999267578125,168.5399932861328,119840700
2023-05-11 00:00:00-04:00,TSLA,168.6999969482422,173.57000732421875,166.7899932861328,172.0800018310547,103889900
2023-05-12 00:00:00-04:00,TSLA,176.07000732421875,177.3800048828125,167.22999572753906,167.97999572753906,157849600
2023-05-15 00:00:00-04:00,TSLA,167.66000366210938,169.75999450683594,164.5500030517578,166.35000610351562,105592500
2023-05-16 00:00:00-04:00,TSLA,165.64999389648438,169.52000427246094,164.35000610351562,166.52000427246094,98288800
2023-05-17 00:00:00-04:00,TSLA,168.41000366210938,174.5,167.19000244140625,173.86000061035156,125473600
2023-05-18 00:00:00-04:00,TSLA,174.22000122070312,177.05999755859375,172.4499969482422,176.88999938964844,109520300
2023-05-19 00:00:00-04:00,TSLA,177.1699981689453,181.9499969482422,176.30999755859375,180.13999938964844,136196700
2023-05-22 00:00:00-04:00,TSLA,180.6999969482422,189.32000732421875,180.11000061035156,188.8699951171875,132001400
2023-05-23 00:00:00-04:00,TSLA,186.1999969482422,192.9600067138672,185.25999450683594,185.77000427246094,156952100
2023-05-24 00:00:00-04:00,TSLA,182.22999572753906,184.22000122070312,178.22000122070312,182.89999389648438,137605100
2023-05-25 00:00:00-04:00,TSLA,186.5399932861328,186.77999877929688,180.5800018310547,184.47000122070312,96870700
2023-05-26 00:00:00-04:00,TSLA,184.6199951171875,198.60000610351562,184.52999877929688,193.1699981689453,162061500
2023-05-30 00:00:00-04:00,TSLA,200.10000610351562,204.47999572753906,197.52999877929688,201.16000366210938,128818700
2023-05-31 00:00:00-04:00,TSLA,199.77999877929688,203.9499969482422,195.1199951171875,203.92999267578125,150711700
2023-06-01 00:00:00-04:00,TSLA,202.58999633789062,209.8000030517578,199.3699951171875,207.52000427246094,148029900
2023-06-02 00:00:00-04:00,TSLA,210.14999389648438,217.25,209.75,213.97000122070312,164398400
2023-06-05 00:00:00-04:00,TSLA,217.8000030517578,221.2899932861328,214.52000427246094,217.61000061035156,151143100
2023-06-06 00:00:00-04:00,TSLA,216.13999938964844,221.91000366210938,212.52999877929688,221.30999755859375,146911600
2023-06-07 00:00:00-04:00,TSLA,228.0,230.8300018310547,223.1999969482422,224.57000732421875,185710800
2023-06-08 00:00:00-04:00,TSLA,224.22000122070312,235.22999572753906,223.00999450683594,234.86000061035156,164489700
2023-06-09 00:00:00-04:00,TSLA,249.07000732421875,252.4199981689453,242.02000427246094,244.39999389648438,200242400
2023-06-12 00:00:00-04:00,TSLA,247.94000244140625,250.97000122070312,244.58999633789062,249.8300018310547,150337900
2023-06-13 00:00:00-04:00,TSLA,253.50999450683594,259.67999267578125,251.33999633789062,258.7099914550781,162384300
2023-06-14 00:00:00-04:00,TSLA,260.1700134277344,261.57000732421875,250.5,256.7900085449219,170575500
2023-06-15 00:00:00-04:00,TSLA,248.39999389648438,258.95001220703125,247.2899932861328,255.89999389648438,160171200
2023-06-16 00:00:00-04:00,TSLA,258.9200134277344,263.6000061035156,257.2099914550781,260.5400085449219,167915600
2023-06-20 00:00:00-04:00,TSLA,261.5,274.75,261.1199951171875,274.45001220703125,165611200
2023-06-21 00:00:00-04:00,TSLA,275.1300048828125,276.989990234375,257.7799987792969,259.4599914550781,211797100
2023-06-22 00:00:00-04:00,TSLA,250.77000427246094,265.0,248.25,264.6099853515625,166875900
2023-06-23 00:00:00-04:00,TSLA,259.2900085449219,262.45001220703125,252.8000030517578,256.6000061035156,177460800
2023-06-26 00:00:00-04:00,TSLA,250.07000732421875,258.3699951171875,240.6999969482422,241.0500030517578,179990600
2023-06-27 00:00:00-04:00,TSLA,243.24000549316406,250.38999938964844,240.85000610351562,250.2100067138672,164968200
2023-06-28 00:00:00-04:00,TSLA,249.6999969482422,259.8800048828125,248.88999938964844,256.239990234375,159770800
2023-06-29 00:00:00-04:00,TSLA,258.0299987792969,260.739990234375,253.61000061035156,257.5,131283400
2023-06-30 00:00:00-04:00,TSLA,260.6000061035156,264.45001220703125,259.8900146484375,261.7699890136719,112620800
2023-07-03 00:00:00-04:00,TSLA,276.489990234375,284.25,275.1099853515625,279.82000732421875,119685900
2023-07-05 00:00:00-04:00,TSLA,278.82000732421875,283.8500061035156,277.6000061035156,282.4800109863281,131530900
2023-07-06 00:00:00-04:00,TSLA,278.0899963378906,279.9700012207031,272.8800048828125,276.5400085449219,120332100
2023-07-07 00:00:00-04:00,TSLA,278.42999267578125,280.7799987792969,273.7699890136719,274.42999267578125,113879200
2023-07-10 00:00:00-04:00,TSLA,276.4700012207031,277.5199890136719,265.1000061035156,269.6099853515625,119425400
2023-07-11 00:00:00-04:00,TSLA,268.6499938964844,270.8999938964844,266.3699951171875,269.7900085449219,91972400
2023-07-12 00:00:00-04:00,TSLA,276.3299865722656,276.5199890136719,271.4599914550781,271.989990234375,95672100
2023-07-13 00:00:00-04:00,TSLA,274.5899963378906,279.45001220703125,270.6000061035156,277.8999938964844,112681500
2023-07-14 00:00:00-04:00,TSLA,277.010009765625,285.29998779296875,276.30999755859375,281.3800048828125,120062400
2023-07-17 00:00:00-04:00,TSLA,286.6300048828125,292.2300109863281,283.57000732421875,290.3800048828125,131569600
2023-07-18 00:00:00-04:00,TSLA,290.1499938964844,295.260009765625,286.010009765625,293.3399963378906,112120300
2023-07-19 00:00:00-04:00,TSLA,296.0400085449219,299.2900085449219,289.5199890136719,291.260009765625,142355400
2023-07-20 00:00:00-04:00,TSLA,279.55999755859375,280.92999267578125,261.20001220703125,262.8999938964844,175158300
2023-07-21 00:00:00-04:00,TSLA,268.0,268.0,255.8000030517578,260.0199890136719,161796100
2023-07-24 00:00:00-04:00,TSLA,255.85000610351562,269.8500061035156,254.1199951171875,269.05999755859375,136508500
2023-07-25 00:00:00-04:00,TSLA,272.3800048828125,272.8999938964844,265.0,265.2799987792969,112757300
2023-07-26 00:00:00-04:00,TSLA,263.25,268.0400085449219,261.75,264.3500061035156,95856200
2023-07-27 00:00:00-04:00,TSLA,268.30999755859375,269.1300048828125,255.3000030517578,255.7100067138672,103697300
2023-07-28 00:00:00-04:00,TSLA,259.8599853515625,267.25,258.2300109863281,266.44000244140625,111446000
2023-07-31 00:00:00-04:00,TSLA,267.4800109863281,269.0799865722656,263.7799987792969,267.42999267578125,84582200
2023-08-01 00:00:00-04:00,TSLA,266.260009765625,266.4700012207031,260.25,261.07000732421875,83166000
2023-08-02 00:00:00-04:00,TSLA,255.57000732421875,259.5199890136719,250.49000549316406,254.11000061035156,101752900
2023-08-03 00:00:00-04:00,TSLA,252.0399932861328,260.489990234375,252.0,259.32000732421875,97569100
2023-08-04 00:00:00-04:00,TSLA,260.9700012207031,264.7699890136719,253.11000061035156,253.86000061035156,99539900
2023-08-07 00:00:00-04:00,TSLA,251.4499969482422,253.64999389648438,242.75999450683594,251.4499969482422,111097900
2023-08-08 00:00:00-04:00,TSLA,247.4499969482422,250.9199981689453,245.00999450683594,249.6999969482422,96642200
2023-08-09 00:00:00-04:00,TSLA,250.8699951171875,251.10000610351562,241.89999389648438,242.19000244140625,101596300
2023-08-10 00:00:00-04:00,TSLA,245.39999389648438,251.8000030517578,243.0,245.33999633789062,109498600
2023-08-11 00:00:00-04:00,TSLA,241.77000427246094,243.7899932861328,238.02000427246094,242.64999389648438,99038600
2023-08-14 00:00:00-04:00,TSLA,235.6999969482422,240.66000366210938,233.75,239.75999450683594,98595300
2023-08-15 00:00:00-04:00,TSLA,238.72999572753906,240.5,232.61000061035156,232.9600067138672,88197600
2023-08-16 00:00:00-04:00,TSLA,228.02000427246094,233.97000122070312,225.3800048828125,225.60000610351562,112484500
2023-08-17 00:00:00-04:00,TSLA,226.05999755859375,226.74000549316406,218.8300018310547,219.22000122070312,120718400
2023-08-18 00:00:00-04:00,TSLA,214.1199951171875,217.5800018310547,212.36000061035156,215.49000549316406,136276600
2023-08-21 00:00:00-04:00,TSLA,221.5500030517578,232.1300048828125,220.5800018310547,231.27999877929688,135702700
2023-08-22 00:00:00-04:00,TSLA,240.25,240.82000732421875,229.5500030517578,233.19000244140625,130442800
2023-08-23 00:00:00-04:00,TSLA,229.33999633789062,238.97999572753906,229.2899932861328,236.86000061035156,101077600
2023-08-24 00:00:00-04:00,TSLA,238.66000366210938,238.9199981689453,228.17999267578125,230.0399932861328,99777400
2023-08-25 00:00:00-04:00,TSLA,231.30999755859375,239.0,230.35000610351562,238.58999633789062,106612200
2023-08-28 00:00:00-04:00,TSLA,242.5800018310547,244.3800048828125,235.35000610351562,238.82000732421875,107673700
2023-08-29 00:00:00-04:00,TSLA,238.5800018310547,257.4800109863281,237.77000427246094,257.17999267578125,134047600
2023-08-30 00:00:00-04:00,TSLA,254.1999969482422,260.510009765625,250.58999633789062,256.8999938964844,121988400
2023-08-31 00:00:00-04:00,TSLA,255.97999572753906,261.17999267578125,255.0500030517578,258.0799865722656,108861700
2023-09-01 00:00:00-04:00,TSLA,257.260009765625,259.0799865722656,242.00999450683594,245.00999450683594,132541600
2023-09-05 00:00:00-04:00,TSLA,245.0,258.0,244.86000061035156,256.489990234375,129469600
2023-09-06 00:00:00-04:00,TSLA,255.13999938964844,255.38999938964844,245.05999755859375,251.9199981689453,116959800
2023-09-07 00:00:00-04:00,TSLA,245.07000732421875,252.80999755859375,243.27000427246094,251.49000549316406,115312900
2023-09-08 00:00:00-04:00,TSLA,251.22000122070312,256.5199890136719,246.6699981689453,248.5,118367700
2023-09-11 00:00:00-04:00,TSLA,264.2699890136719,274.8500061035156,260.6099853515625,273.5799865722656,174667900
2023-09-12 00:00:00-04:00,TSLA,270.760009765625,278.3900146484375,266.6000061035156,267.4800109863281,135999900
2023-09-13 00:00:00-04:00,TSLA,270.07000732421875,274.9800109863281,268.1000061035156,271.29998779296875,111673700
2023-09-14 00:00:00-04:00,TSLA,271.32000732421875,276.7099914550781,270.4200134277344,276.0400085449219,107709800
2023-09-15 00:00:00-04:00,TSLA,277.54998779296875,278.9800109863281,271.0,274.3900146484375,133692300
2023-09-18 00:00:00-04:00,TSLA,271.1600036621094,271.44000244140625,263.760009765625,265.2799987792969,101543300
2023-09-19 00:00:00-04:00,TSLA,264.3500061035156,267.8500061035156,261.20001220703125,266.5,103704000
2023-09-20 00:00:00-04:00,TSLA,267.0400085449219,273.92999267578125,262.4599914550781,262.5899963378906,122514600
2023-09-21 00:00:00-04:00,TSLA,257.8500061035156,260.8599853515625,254.2100067138672,255.6999969482422,119951500
2023-09-22 00:00:00-04:00,TSLA,257.3999938964844,257.7900085449219,244.47999572753906,244.8800048828125,127524100
2023-09-25 00:00:00-04:00,TSLA,243.3800048828125,247.10000610351562,238.30999755859375,246.99000549316406,104636600
2023-09-26 00:00:00-04:00,TSLA,242.97999572753906,249.5500030517578,241.66000366210938,244.1199951171875,101993600
2023-09-27 00:00:00-04:00,TSLA,244.25999450683594,245.3300018310547,234.5800018310547,240.5,136597200
2023-09-28 00:00:00-04:00,TSLA,240.02000427246094,247.5500030517578,238.64999389648438,246.3800048828125,117058900
2023-09-29 00:00:00-04:00,TSLA,250.0,254.77000427246094,246.35000610351562,250.22000122070312,128522700
2023-10-02 00:00:00-04:00,TSLA,244.80999755859375,254.27999877929688,242.6199951171875,251.60000610351562,123810400
2023-10-03 00:00:00-04:00,TSLA,248.61000061035156,250.02000427246094,244.4499969482422,246.52999877929688,101985300
2023-10-04 00:00:00-04:00,TSLA,248.13999938964844,261.8599853515625,247.60000610351562,261.1600036621094,129721600
2023-10-05 00:00:00-04:00,TSLA,260.0,263.6000061035156,256.25,260.04998779296875,119159200
2023-10-06 00:00:00-04:00,TSLA,253.97999572753906,261.6499938964844,250.64999389648438,260.5299987792969,118121800
2023-10-09 00:00:00-04:00,TSLA,255.30999755859375,261.3599853515625,252.0500030517578,259.6700134277344,101377900
2023-10-10 00:00:00-04:00,TSLA,257.75,268.94000244140625,257.6499938964844,263.6199951171875,122656000
2023-10-11 00:00:00-04:00,TSLA,266.20001220703125,268.6000061035156,260.8999938964844,262.989990234375,103706300
2023-10-12 00:00:00-04:00,TSLA,262.9200134277344,265.4100036621094,256.6300048828125,258.8699951171875,111508100
2023-10-13 00:00:00-04:00,TSLA,258.8999938964844,259.6000061035156,250.22000122070312,251.1199951171875,102073800
2023-10-16 00:00:00-04:00,TSLA,250.0500030517578,255.39999389648438,248.47999572753906,253.9199981689453,88917200
2023-10-17 00:00:00-04:00,TSLA,250.10000610351562,257.17999267578125,247.0800018310547,254.85000610351562,93562900
2023-10-18 00:00:00-04:00,TSLA,252.6999969482422,254.6300048828125,242.0800018310547,242.67999267578125,125147800
2023-10-19 00:00:00-04:00,TSLA,225.9499969482422,230.61000061035156,216.77999877929688,220.11000061035156,170772700
2023-10-20 00:00:00-04:00,TSLA,217.00999450683594,218.86000061035156,210.4199981689453,211.99000549316406,138010100
2023-10-23 00:00:00-04:00,TSLA,210.0,216.97999572753906,202.50999450683594,212.0800018310547,150683400
2023-10-24 00:00:00-04:00,TSLA,216.5,222.0500030517578,214.11000061035156,216.52000427246094,118231100
2023-10-25 00:00:00-04:00,TSLA,215.8800048828125,220.10000610351562,212.1999969482422,212.4199981689453,107065100
2023-10-26 00:00:00-04:00,TSLA,211.32000732421875,214.8000030517578,204.8800048828125,205.75999450683594,115112600
2023-10-27 00:00:00-04:00,TSLA,210.60000610351562,212.41000366210938,205.77000427246094,207.3000030517578,94881200
2023-10-30 00:00:00-04:00,TSLA,209.27999877929688,210.8800048828125,194.6699981689453,197.36000061035156,136448200
2023-10-31 00:00:00-04:00,TSLA,196.1199951171875,202.8000030517578,194.07000732421875,200.83999633789062,118068300
2023-11-01 00:00:00-04:00,TSLA,204.0399932861328,205.99000549316406,197.85000610351562,205.66000366210938,121661700
2023-11-02 00:00:00-04:00,TSLA,212.97000122070312,219.1999969482422,211.4499969482422,218.50999450683594,125987600
2023-11-03 00:00:00-04:00,TSLA,221.14999389648438,226.3699951171875,218.39999389648438,219.9600067138672,119534800
2023-11-06 00:00:00-05:00,TSLA,223.97999572753906,226.32000732421875,215.0,219.27000427246094,117335800
2023-11-07 00:00:00-05:00,TSLA,219.97999572753906,223.1199951171875,215.72000122070312,222.17999267578125,116900100
2023-11-08 00:00:00-05:00,TSLA,223.14999389648438,224.14999389648438,217.63999938964844,222.11000061035156,106584800
2023-11-09 00:00:00-05:00,TSLA,219.75,220.8000030517578,206.67999267578125,209.97999572753906,142110500
2023-11-10 00:00:00-05:00,TSLA,210.02999877929688,215.3800048828125,205.69000244140625,214.64999389648438,130994000
2023-11-13 00:00:00-05:00,TSLA,215.60000610351562,225.39999389648438,211.61000061035156,223.7100067138672,140447600
2023-11-14 00:00:00-05:00,TSLA,235.02999877929688,238.13999938964844,230.72000122070312,237.41000366210938,149771600
2023-11-15 00:00:00-05:00,TSLA,239.2899932861328,246.6999969482422,236.4499969482422,242.83999633789062,150354000
2023-11-16 00:00:00-05:00,TSLA,239.49000549316406,240.8800048828125,230.9600067138672,233.58999633789062,136816800
2023-11-17 00:00:00-05:00,TSLA,232.0,237.38999938964844,226.5399932861328,234.3000030517578,142532800
2023-11-20 00:00:00-05:00,TSLA,234.0399932861328,237.10000610351562,231.02000427246094,235.60000610351562,116320100
2023-11-21 00:00:00-05:00,TSLA,235.0399932861328,243.6199951171875,233.33999633789062,241.1999969482422,122288000
2023-11-22 00:00:00-05:00,TSLA,242.0399932861328,244.00999450683594,231.39999389648438,234.2100067138672,117950600
2023-11-24 00:00:00-05:00,TSLA,233.75,238.75,232.3300018310547,235.4499969482422,65125200
2023-11-27 00:00:00-05:00,TSLA,236.88999938964844,238.3300018310547,232.10000610351562,236.0800018310547,112031800
2023-11-28 00:00:00-05:00,TSLA,236.67999267578125,247.0,234.00999450683594,246.72000122070312,148549900
2023-11-29 00:00:00-05:00,TSLA,249.2100067138672,252.75,242.75999450683594,244.13999938964844,135401300
2023-11-30 00:00:00-05:00,TSLA,245.13999938964844,245.22000122070312,236.91000366210938,240.0800018310547,132353200
2023-12-01 00:00:00-05:00,TSLA,233.13999938964844,240.19000244140625,231.89999389648438,238.8300018310547,121331700
2023-12-04 00:00:00-05:00,TSLA,235.75,239.3699951171875,233.2899932861328,235.5800018310547,104099800
2023-12-05 00:00:00-05:00,TSLA,233.8699951171875,246.66000366210938,233.6999969482422,238.72000122070312,137971100
2023-12-06 00:00:00-05:00,TSLA,242.9199981689453,246.57000732421875,239.1699981689453,239.3699951171875,126436200
2023-12-07 00:00:00-05:00,TSLA,241.5500030517578,244.0800018310547,236.97999572753906,242.63999938964844,107142300
2023-12-08 00:00:00-05:00,TSLA,240.27000427246094,245.27000427246094,239.27000427246094,243.83999633789062,103126800
2023-12-11 00:00:00-05:00,TSLA,242.74000549316406,243.44000244140625,237.4499969482422,239.74000549316406,97913900
2023-12-12 00:00:00-05:00,TSLA,238.5500030517578,238.99000549316406,233.8699951171875,237.00999450683594,95328300
2023-12-13 00:00:00-05:00,TSLA,234.19000244140625,240.3000030517578,228.1999969482422,239.2899932861328,146286300
2023-12-14 00:00:00-05:00,TSLA,241.22000122070312,253.8800048828125,240.7899932861328,251.0500030517578,160829200
2023-12-15 00:00:00-05:00,TSLA,251.2100067138672,254.1300048828125,248.3000030517578,253.5,135932800
2023-12-18 00:00:00-05:00,TSLA,253.77999877929688,258.739990234375,251.36000061035156,252.0800018310547,116416500
2023-12-19 00:00:00-05:00,TSLA,253.47999572753906,258.3399963378906,253.00999450683594,257.2200012207031,106737400
2023-12-20 00:00:00-05:00,TSLA,256.4100036621094,259.8399963378906,247.0,247.13999938964844,125097000
2023-12-21 00:00:00-05:00,TSLA,251.89999389648438,254.8000030517578,248.5500030517578,254.5,109594200
2023-12-22 00:00:00-05:00,TSLA,256.760009765625,258.2200012207031,251.3699951171875,252.5399932861328,93370100
2023-12-26 00:00:00-05:00,TSLA,254.49000549316406,257.9700012207031,252.91000366210938,256.6099853515625,86892400
2023-12-27 00:00:00-05:00,TSLA,258.3500061035156,263.3399963378906,257.5199890136719,261.44000244140625,106494400
2023-12-28 00:00:00-05:00,TSLA,263.6600036621094,265.1300048828125,252.7100067138672,253.17999267578125,113619900
2023-12-29 00:00:00-05:00,TSLA,255.10000610351562,255.19000244140625,247.42999267578125,248.47999572753906,100891600
2024-01-02 00:00:00-05:00,TSLA,250.0800018310547,251.25,244.41000366210938,248.4199981689453,104654200
2024-01-03 00:00:00-05:00,TSLA,244.97999572753906,245.67999267578125,236.32000732421875,238.4499969482422,121082600
2024-01-04 00:00:00-05:00,TSLA,239.25,242.6999969482422,237.72999572753906,237.92999267578125,102629300
2024-01-05 00:00:00-05:00,TSLA,236.86000061035156,240.1199951171875,234.89999389648438,237.49000549316406,92488900
2024-01-08 00:00:00-05:00,TSLA,236.13999938964844,241.25,235.3000030517578,240.4499969482422,85166600
2024-01-09 00:00:00-05:00,TSLA,238.11000061035156,238.9600067138672,232.0399932861328,234.9600067138672,96705700
2024-01-10 00:00:00-05:00,TSLA,235.10000610351562,235.5,231.2899932861328,233.94000244140625,91628500
2024-01-11 00:00:00-05:00,TSLA,230.57000732421875,230.92999267578125,225.3699951171875,227.22000122070312,105873600
2024-01-12 00:00:00-05:00,TSLA,220.0800018310547,225.33999633789062,217.14999389648438,218.88999938964844,123043800
2024-01-16 00:00:00-05:00,TSLA,215.10000610351562,223.49000549316406,212.17999267578125,219.91000366210938,115355000
2024-01-17 00:00:00-05:00,TSLA,214.86000061035156,215.6699981689453,212.00999450683594,215.5500030517578,103164400
2024-01-18 00:00:00-05:00,TSLA,216.8800048828125,217.4499969482422,208.74000549316406,211.8800048828125,108595400
2024-01-19 00:00:00-05:00,TSLA,209.99000549316406,213.19000244140625,207.55999755859375,212.19000244140625,102260300
2024-01-22 00:00:00-05:00,TSLA,212.25999450683594,217.8000030517578,206.27000427246094,208.8000030517578,117952500
2024-01-23 00:00:00-05:00,TSLA,211.3000030517578,215.64999389648438,207.75,209.13999938964844,106605900
2024-01-24 00:00:00-05:00,TSLA,211.8800048828125,212.72999572753906,206.77000427246094,207.8300018310547,123369900
2024-01-25 00:00:00-05:00,TSLA,189.6999969482422,193.0,180.05999755859375,182.6300048828125,198076800
2024-01-26 00:00:00-05:00,TSLA,185.5,186.77999877929688,182.10000610351562,183.25,107343200
2024-01-29 00:00:00-05:00,TSLA,185.6300048828125,191.47999572753906,183.6699981689453,190.92999267578125,125013100
2024-01-30 00:00:00-05:00,TSLA,195.3300018310547,196.36000061035156,190.61000061035156,191.58999633789062,109982300
2024-01-31 00:00:00-05:00,TSLA,187.0,193.97000122070312,185.85000610351562,187.2899932861328,103221400
2024-02-01 00:00:00-05:00,TSLA,188.5,189.8800048828125,184.27999877929688,188.86000061035156,91843300
2024-02-02 00:00:00-05:00,TSLA,185.0399932861328,188.69000244140625,182.0,187.91000366210938,110612700
2024-02-05 00:00:00-05:00,TSLA,184.25999450683594,184.67999267578125,175.00999450683594,181.05999755859375,134294400
2024-02-06 00:00:00-05:00,TSLA,177.2100067138672,186.49000549316406,177.11000061035156,185.10000610351562,122676000
2024-02-07 00:00:00-05:00,TSLA,188.17999267578125,189.7899932861328,182.67999267578125,187.5800018310547,111535200
2024-02-08 00:00:00-05:00,TSLA,189.0,191.6199951171875,185.5800018310547,189.55999755859375,83034000
2024-02-09 00:00:00-05:00,TSLA,190.17999267578125,194.1199951171875,189.47999572753906,193.57000732421875,84476300
2024-02-12 00:00:00-05:00,TSLA,192.11000061035156,194.72999572753906,187.27999877929688,188.1300048828125,95498600
2024-02-13 00:00:00-05:00,TSLA,183.99000549316406,187.25999450683594,182.11000061035156,184.02000427246094,86759500
2024-02-14 00:00:00-05:00,TSLA,185.3000030517578,188.88999938964844,183.35000610351562,188.7100067138672,81203000
2024-02-15 00:00:00-05:00,TSLA,189.16000366210938,200.8800048828125,188.86000061035156,200.4499969482422,120831800
2024-02-16 00:00:00-05:00,TSLA,202.05999755859375,203.1699981689453,197.39999389648438,199.9499969482422,111346700
2024-02-20 00:00:00-05:00,TSLA,196.1300048828125,198.60000610351562,189.1300048828125,193.75999450683594,104545800
2024-02-21 00:00:00-05:00,TSLA,193.36000061035156,199.44000244140625,191.9499969482422,194.77000427246094,103500300
2024-02-22 00:00:00-05:00,TSLA,194.0,198.32000732421875,191.36000061035156,197.41000366210938,92739500
2024-02-23 00:00:00-05:00,TSLA,195.30999755859375,197.57000732421875,191.5,191.97000122070312,78841900
2024-02-26 00:00:00-05:00,TSLA,192.2899932861328,201.77999877929688,192.0,199.39999389648438,111747100
2024-02-27 00:00:00-05:00,TSLA,204.0399932861328,205.60000610351562,198.25999450683594,199.72999572753906,108645400
2024-02-28 00:00:00-05:00,TSLA,200.4199981689453,205.3000030517578,198.44000244140625,202.0399932861328,99806200
2024-02-29 00:00:00-05:00,TSLA,204.17999267578125,205.27999877929688,198.4499969482422,201.8800048828125,85907000
2024-03-01 00:00:00-05:00,TSLA,200.52000427246094,204.52000427246094,198.5,202.63999938964844,82243100
2024-03-04 00:00:00-05:00,TSLA,198.72999572753906,199.75,186.72000122070312,188.13999938964844,134334900
2024-03-05 00:00:00-05:00,TSLA,183.0500030517578,184.58999633789062,177.57000732421875,180.74000549316406,119660800
2024-03-06 00:00:00-05:00,TSLA,179.99000549316406,181.5800018310547,173.6999969482422,176.5399932861328,107920900
2024-03-07 00:00:00-05:00,TSLA,174.35000610351562,180.0399932861328,173.6999969482422,178.64999389648438,102129000
2024-03-08 00:00:00-05:00,TSLA,181.5,182.72999572753906,174.6999969482422,175.33999633789062,85544600
2024-03-11 00:00:00-04:00,TSLA,175.4499969482422,182.8699951171875,174.8000030517578,177.77000427246094,85391500
2024-03-12 00:00:00-04:00,TSLA,177.77000427246094,179.42999267578125,172.41000366210938,177.5399932861328,87391700
2024-03-13 00:00:00-04:00,TSLA,173.0500030517578,176.0500030517578,169.14999389648438,169.47999572753906,106524500
2024-03-14 00:00:00-04:00,TSLA,167.77000427246094,171.1699981689453,160.50999450683594,162.5,126325700
2024-03-15 00:00:00-04:00,TSLA,163.16000366210938,165.17999267578125,160.75999450683594,163.57000732421875,97146800
2024-03-18 00:00:00-04:00,TSLA,170.02000427246094,174.72000122070312,165.89999389648438,173.8000030517578,108214400
2024-03-19 00:00:00-04:00,TSLA,172.36000061035156,172.82000732421875,167.4199981689453,171.32000732421875,77271400
2024-03-20 00:00:00-04:00,TSLA,173.0,176.25,170.82000732421875,175.66000366210938,83846700
2024-03-21 00:00:00-04:00,TSLA,176.38999938964844,178.17999267578125,171.8000030517578,172.82000732421875,73178000
2024-03-22 00:00:00-04:00,TSLA,166.69000244140625,171.1999969482422,166.3000030517578,170.8300018310547,75580600
2024-03-25 00:00:00-04:00,TSLA,168.75999450683594,175.24000549316406,168.72999572753906,172.6300048828125,74228600
2024-03-26 00:00:00-04:00,TSLA,178.5800018310547,184.25,177.3800048828125,177.6699981689453,113186200
2024-03-27 00:00:00-04:00,TSLA,181.41000366210938,181.91000366210938,176.0,179.8300018310547,81804000
2024-03-28 00:00:00-04:00,TSLA,177.4499969482422,179.57000732421875,175.3000030517578,175.7899932861328,77654800
2024-04-01 00:00:00-04:00,TSLA,176.1699981689453,176.75,170.2100067138672,175.22000122070312,81562100
2024-04-02 00:00:00-04:00,TSLA,164.75,167.69000244140625,163.42999267578125,166.6300048828125,116650600
2024-04-03 00:00:00-04:00,TSLA,164.02000427246094,168.82000732421875,163.27999877929688,168.3800048828125,82950100
2024-04-04 00:00:00-04:00,TSLA,170.07000732421875,177.19000244140625,168.00999450683594,171.11000061035156,123162000
2024-04-05 00:00:00-04:00,TSLA,169.0800018310547,170.86000061035156,160.50999450683594,164.89999389648438,143157600
2024-04-08 00:00:00-04:00,TSLA,169.33999633789062,174.5,167.7899932861328,172.97999572753906,104423300
2024-04-09 00:00:00-04:00,TSLA,172.91000366210938,179.22000122070312,171.9199981689453,176.8800048828125,102951700
2024-04-10 00:00:00-04:00,TSLA,173.0399932861328,174.92999267578125,170.00999450683594,171.75999450683594,84532400
2024-04-11 00:00:00-04:00,TSLA,172.5500030517578,175.8800048828125,168.50999450683594,174.60000610351562,94516000
2024-04-12 00:00:00-04:00,TSLA,172.33999633789062,173.80999755859375,170.36000061035156,171.0500030517578,64722700
2024-04-15 00:00:00-04:00,TSLA,170.24000549316406,170.69000244140625,161.3800048828125,161.47999572753906,100245300
2024-04-16 00:00:00-04:00,TSLA,156.74000549316406,158.19000244140625,153.75,157.11000061035156,97000000
2024-04-17 00:00:00-04:00,TSLA,157.63999938964844,158.3300018310547,153.77999877929688,155.4499969482422,82439700
2024-04-18 00:00:00-04:00,TSLA,151.25,152.1999969482422,148.6999969482422,149.92999267578125,96098800
2024-04-19 00:00:00-04:00,TSLA,148.97000122070312,150.94000244140625,146.22000122070312,147.0500030517578,87074500
2024-04-22 00:00:00-04:00,TSLA,140.55999755859375,144.44000244140625,138.8000030517578,142.0500030517578,107097600
2024-04-23 00:00:00-04:00,TSLA,143.3300018310547,147.25999450683594,141.11000061035156,144.67999267578125,124545100
2024-04-24 00:00:00-04:00,TSLA,162.83999633789062,167.97000122070312,157.50999450683594,162.1300048828125,181178000
2024-04-25 00:00:00-04:00,TSLA,158.9600067138672,170.8800048828125,158.36000061035156,170.17999267578125,126427500
2024-04-26 00:00:00-04:00,TSLA,168.85000610351562,172.1199951171875,166.3699951171875,168.2899932861328,109815700
2024-04-29 00:00:00-04:00,TSLA,188.4199981689453,198.8699951171875,184.5399932861328,194.0500030517578,243869700
2024-04-30 00:00:00-04:00,TSLA,186.97999572753906,190.9499969482422,182.83999633789062,183.27999877929688,127031800
2024-05-01 00:00:00-04:00,TSLA,182.0,185.86000061035156,179.00999450683594,179.99000549316406,92829700
2024-05-02 00:00:00-04:00,TSLA,182.86000061035156,184.60000610351562,176.02000427246094,180.00999450683594,89148000
2024-05-03 00:00:00-04:00,TSLA,182.10000610351562,184.77999877929688,178.4199981689453,181.19000244140625,75491500
2024-05-06 00:00:00-04:00,TSLA,183.8000030517578,187.55999755859375,182.1999969482422,184.75999450683594,84390300
2024-05-07 00:00:00-04:00,TSLA,182.39999389648438,183.25999450683594,177.39999389648438,177.80999755859375,75045900
2024-05-08 00:00:00-04:00,TSLA,171.58999633789062,176.05999755859375,170.14999389648438,174.72000122070312,79969500
2024-05-09 00:00:00-04:00,TSLA,175.00999450683594,175.6199951171875,171.3699951171875,171.97000122070312,65950300
2024-05-10 00:00:00-04:00,TSLA,173.0500030517578,173.05999755859375,167.75,168.47000122070312,72627200
2024-05-13 00:00:00-04:00,TSLA,170.0,175.39999389648438,169.0,171.88999938964844,67018900
2024-05-14 00:00:00-04:00,TSLA,174.5,179.49000549316406,174.07000732421875,177.5500030517578,86407400
2024-05-15 00:00:00-04:00,TSLA,179.89999389648438,180.0,173.11000061035156,173.99000549316406,79663000
2024-05-16 00:00:00-04:00,TSLA,174.10000610351562,175.7899932861328,171.42999267578125,174.83999633789062,59812200
2024-05-17 00:00:00-04:00,TSLA,173.5500030517578,179.6300048828125,172.75,177.4600067138672,77445800
2024-05-20 00:00:00-04:00,TSLA,177.55999755859375,177.75,173.52000427246094,174.9499969482422,61727400
2024-05-21 00:00:00-04:00,TSLA,175.50999450683594,186.8800048828125,174.7100067138672,186.60000610351562,115266500
2024-05-22 00:00:00-04:00,TSLA,182.85000610351562,183.8000030517578,178.1199951171875,180.11000061035156,88313500
2024-05-23 00:00:00-04:00,TSLA,181.8000030517578,181.89999389648438,173.25999450683594,173.74000549316406,71975500
2024-05-24 00:00:00-04:00,TSLA,174.83999633789062,180.0800018310547,173.72999572753906,179.24000549316406,65584500
2024-05-28 00:00:00-04:00,TSLA,176.39999389648438,178.25,173.16000366210938,176.75,59736600
2024-05-29 00:00:00-04:00,TSLA,174.19000244140625,178.14999389648438,173.92999267578125,176.19000244140625,54782600
2024-05-30 00:00:00-04:00,TSLA,178.5800018310547,182.6699981689453,175.3800048828125,178.7899932861328,77618400
2024-05-31 00:00:00-04:00,TSLA,178.5,180.32000732421875,173.82000732421875,178.0800018310547,67314600
2024-06-03 00:00:00-04:00,TSLA,178.1300048828125,182.63999938964844,174.49000549316406,176.2899932861328,68568900
2024-06-04 00:00:00-04:00,TSLA,174.77999877929688,177.75999450683594,174.0,174.77000427246094,60056300
2024-06-05 00:00:00-04:00,TSLA,175.35000610351562,176.14999389648438,172.1300048828125,175.0,57953800
2024-06-06 00:00:00-04:00,TSLA,174.60000610351562,179.72999572753906,172.72999572753906,177.94000244140625,69887000
2024-06-07 00:00:00-04:00,TSLA,176.1300048828125,179.35000610351562,175.5800018310547,177.47999572753906,56244900
2024-06-10 00:00:00-04:00,TSLA,176.05999755859375,178.57000732421875,173.1699981689453,173.7899932861328,50774600
2024-06-11 00:00:00-04:00,TSLA,173.9199981689453,174.75,167.41000366210938,170.66000366210938,64761900
2024-06-12 00:00:00-04:00,TSLA,171.1199951171875,180.5500030517578,169.8000030517578,177.2899932861328,90389400
2024-06-13 00:00:00-04:00,TSLA,188.38999938964844,191.0800018310547,181.22999572753906,182.47000122070312,118984100
2024-06-14 00:00:00-04:00,TSLA,185.8000030517578,186.0,176.9199981689453,178.00999450683594,82038200
2024-06-17 00:00:00-04:00,TSLA,177.9199981689453,188.80999755859375,177.0,187.44000244140625,109786100
2024-06-18 00:00:00-04:00,TSLA,186.55999755859375,187.1999969482422,182.3699951171875,184.86000061035156,68982300
2024-06-20 00:00:00-04:00,TSLA,184.67999267578125,185.2100067138672,179.66000366210938,181.57000732421875,55893100
2024-06-21 00:00:00-04:00,TSLA,182.3000030517578,183.9499969482422,180.69000244140625,183.00999450683594,61937300
2024-06-24 00:00:00-04:00,TSLA,184.97000122070312,188.8000030517578,182.5500030517578,182.5800018310547,61992100
2024-06-25 00:00:00-04:00,TSLA,184.39999389648438,187.97000122070312,182.00999450683594,187.35000610351562,62905700
2024-06-26 00:00:00-04:00,TSLA,186.5399932861328,197.75999450683594,186.36000061035156,196.3699951171875,95737100
2024-06-27 00:00:00-04:00,TSLA,195.1699981689453,198.72000122070312,194.0500030517578,197.4199981689453,72746500
2024-06-28 00:00:00-04:00,TSLA,199.5500030517578,203.1999969482422,195.25999450683594,197.8800048828125,95438100
2024-07-01 00:00:00-04:00,TSLA,201.02000427246094,213.22999572753906,200.85000610351562,209.86000061035156,135691400
2024-07-02 00:00:00-04:00,TSLA,218.88999938964844,231.3000030517578,218.05999755859375,231.25999450683594,205047900
2024-07-03 00:00:00-04:00,TSLA,234.55999755859375,248.35000610351562,234.25,246.38999938964844,166561500
2024-07-05 00:00:00-04:00,TSLA,249.80999755859375,252.3699951171875,242.4600067138672,251.52000427246094,154501200
2024-07-08 00:00:00-04:00,TSLA,247.7100067138672,259.44000244140625,244.57000732421875,252.94000244140625,157219600
2024-07-09 00:00:00-04:00,TSLA,251.0,265.6099853515625,250.3000030517578,262.3299865722656,160210900
2024-07-10 00:00:00-04:00,TSLA,262.79998779296875,267.5899963378906,257.8599853515625,263.260009765625,128519400
2024-07-11 00:00:00-04:00,TSLA,263.29998779296875,271.0,239.64999389648438,241.02999877929688,221707300
2024-07-12 00:00:00-04:00,TSLA,235.8000030517578,251.83999633789062,233.08999633789062,248.22999572753906,155955800
2024-07-15 00:00:00-04:00,TSLA,255.97000122070312,265.6000061035156,251.72999572753906,252.63999938964844,146912900
2024-07-16 00:00:00-04:00,TSLA,255.30999755859375,258.6199951171875,245.8000030517578,256.55999755859375,126332500
2024-07-17 00:00:00-04:00,TSLA,252.72999572753906,258.4700012207031,246.17999267578125,248.5,115584800
2024-07-18 00:00:00-04:00,TSLA,251.08999633789062,257.1400146484375,247.1999969482422,249.22999572753906,110869000
2024-07-19 00:00:00-04:00,TSLA,247.7899932861328,249.44000244140625,236.8300018310547,239.1999969482422,87403900
2024-07-22 00:00:00-04:00,TSLA,244.2100067138672,253.2100067138672,243.75,251.50999450683594,101225400
2024-07-23 00:00:00-04:00,TSLA,253.60000610351562,255.75999450683594,245.6300048828125,246.3800048828125,111928200
2024-07-24 00:00:00-04:00,TSLA,225.4199981689453,225.99000549316406,214.7100067138672,215.99000549316406,167942900
2024-07-25 00:00:00-04:00,TSLA,216.8000030517578,226.0,216.22999572753906,220.25,100636500
2024-07-26 00:00:00-04:00,TSLA,221.19000244140625,222.27999877929688,215.3300018310547,219.8000030517578,94604100
2024-07-29 00:00:00-04:00,TSLA,224.89999389648438,234.27000427246094,224.6999969482422,232.10000610351562,129201800
2024-07-30 00:00:00-04:00,TSLA,232.25,232.41000366210938,220.0,222.6199951171875,100560300
2024-07-31 00:00:00-04:00,TSLA,227.89999389648438,234.67999267578125,226.7899932861328,232.07000732421875,67497000
2024-08-01 00:00:00-04:00,TSLA,227.69000244140625,231.8699951171875,214.3300018310547,216.86000061035156,83861900
2024-08-02 00:00:00-04:00,TSLA,214.8800048828125,216.1300048828125,205.77999877929688,207.6699981689453,82880100
2024-08-05 00:00:00-04:00,TSLA,185.22000122070312,203.8800048828125,182.0,198.8800048828125,100308800
2024-08-06 00:00:00-04:00,TSLA,200.75,202.89999389648438,192.6699981689453,200.63999938964844,73783900
2024-08-07 00:00:00-04:00,TSLA,200.77000427246094,203.49000549316406,191.47999572753906,191.75999450683594,71159800
2024-08-08 00:00:00-04:00,TSLA,195.6999969482422,200.6999969482422,192.0399932861328,198.83999633789062,65033900
2024-08-09 00:00:00-04:00,TSLA,197.0500030517578,200.8800048828125,195.11000061035156,200.0,58648300
2024-08-12 00:00:00-04:00,TSLA,199.02000427246094,199.25999450683594,194.6699981689453,197.49000549316406,64044900
2024-08-13 00:00:00-04:00,TSLA,198.47000122070312,208.49000549316406,197.05999755859375,207.8300018310547,76247400
2024-08-14 00:00:00-04:00,TSLA,207.38999938964844,208.44000244140625,198.75,201.3800048828125,70250000
2024-08-15 00:00:00-04:00,TSLA,205.02000427246094,215.8800048828125,204.82000732421875,214.13999938964844,89848500
2024-08-16 00:00:00-04:00,TSLA,211.14999389648438,219.8000030517578,210.8000030517578,216.1199951171875,88765100
2024-08-19 00:00:00-04:00,TSLA,217.07000732421875,222.97999572753906,214.08999633789062,222.72000122070312,76435200
2024-08-20 00:00:00-04:00,TSLA,224.8800048828125,228.22000122070312,219.55999755859375,221.10000610351562,74001200
2024-08-21 00:00:00-04:00,TSLA,222.6699981689453,224.66000366210938,218.86000061035156,223.27000427246094,70146000
2024-08-22 00:00:00-04:00,TSLA,223.82000732421875,224.8000030517578,210.32000732421875,210.66000366210938,79514500
2024-08-23 00:00:00-04:00,TSLA,214.4600067138672,221.47999572753906,214.2100067138672,220.32000732421875,81525200
2024-08-26 00:00:00-04:00,TSLA,218.75,219.08999633789062,211.00999450683594,213.2100067138672,59301200
2024-08-27 00:00:00-04:00,TSLA,213.25,215.66000366210938,206.94000244140625,209.2100067138672,62821400
2024-08-28 00:00:00-04:00,TSLA,209.72000122070312,211.83999633789062,202.58999633789062,205.75,64116400
2024-08-29 00:00:00-04:00,TSLA,209.8000030517578,214.88999938964844,205.97000122070312,206.27999877929688,62308800
2024-08-30 00:00:00-04:00,TSLA,208.6300048828125,214.57000732421875,207.02999877929688,214.11000061035156,63370600
2024-09-03 00:00:00-04:00,TSLA,215.25999450683594,219.89999389648438,209.63999938964844,210.60000610351562,76714200
2024-09-04 00:00:00-04:00,TSLA,210.58999633789062,222.22000122070312,210.57000732421875,219.41000366210938,80651800
2024-09-05 00:00:00-04:00,TSLA,223.49000549316406,235.0,222.25,230.1699981689453,119355000
2024-09-06 00:00:00-04:00,TSLA,232.60000610351562,233.60000610351562,210.50999450683594,210.72999572753906,112177000
2024-09-09 00:00:00-04:00,TSLA,216.1999969482422,219.8699951171875,213.6699981689453,216.27000427246094,67443500
2024-09-10 00:00:00-04:00,TSLA,220.07000732421875,226.39999389648438,218.63999938964844,226.1699981689453,78891100
2024-09-11 00:00:00-04:00,TSLA,224.5500030517578,228.47000122070312,216.8000030517578,228.1300048828125,83548600
2024-09-12 00:00:00-04:00,TSLA,224.66000366210938,231.4499969482422,223.8300018310547,229.80999755859375,71894900
2024-09-13 00:00:00-04:00,TSLA,228.0,232.6699981689453,226.32000732421875,230.2899932861328,59515100
2024-09-16 00:00:00-04:00,TSLA,229.3000030517578,229.9600067138672,223.52999877929688,226.77999877929688,54323000
2024-09-17 00:00:00-04:00,TSLA,229.4499969482422,234.57000732421875,226.5500030517578,227.8699951171875,66761600
2024-09-18 00:00:00-04:00,TSLA,230.08999633789062,235.67999267578125,226.8800048828125,227.1999969482422,78010200
2024-09-19 00:00:00-04:00,TSLA,234.0,244.24000549316406,232.1300048828125,243.9199981689453,102694600
2024-09-20 00:00:00-04:00,TSLA,241.52000427246094,243.99000549316406,235.9199981689453,238.25,99879100
2024-09-23 00:00:00-04:00,TSLA,242.61000061035156,250.0,241.9199981689453,250.0,86927200
2024-09-24 00:00:00-04:00,TSLA,254.0800018310547,257.19000244140625,249.0500030517578,254.27000427246094,88491000
2024-09-25 00:00:00-04:00,TSLA,252.5399932861328,257.04998779296875,252.27999877929688,257.0199890136719,65034300
2024-09-26 00:00:00-04:00,TSLA,260.6000061035156,261.75,251.52999877929688,254.22000122070312,67142200
2024-09-27 00:00:00-04:00,TSLA,257.3800048828125,260.70001220703125,254.1199951171875,260.4599914550781,70988100
2024-09-30 00:00:00-04:00,TSLA,259.0400085449219,264.8599853515625,255.77000427246094,261.6300048828125,80705700
2024-10-01 00:00:00-04:00,TSLA,262.6700134277344,263.9800109863281,248.52999877929688,258.0199890136719,87397600
2024-10-02 00:00:00-04:00,TSLA,247.5500030517578,251.16000366210938,241.5,249.02000427246094,93983900
2024-10-03 00:00:00-04:00,TSLA,244.47999572753906,249.7899932861328,237.80999755859375,240.66000366210938,80729200
2024-10-04 00:00:00-04:00,TSLA,246.69000244140625,250.9600067138672,244.5800018310547,250.0800018310547,86573200
2024-10-07 00:00:00-04:00,TSLA,249.0,249.8300018310547,240.6999969482422,240.8300018310547,68113300
2024-10-08 00:00:00-04:00,TSLA,243.55999755859375,246.2100067138672,240.55999755859375,244.5,56303200
2024-10-09 00:00:00-04:00,TSLA,243.82000732421875,247.42999267578125,239.50999450683594,241.0500030517578,66289500
2024-10-10 00:00:00-04:00,TSLA,241.80999755859375,242.7899932861328,232.33999633789062,238.77000427246094,83087100
2024-10-11 00:00:00-04:00,TSLA,220.1300048828125,223.33999633789062,214.3800048828125,217.8000030517578,142628900
2024-10-14 00:00:00-04:00,TSLA,220.1300048828125,221.91000366210938,213.74000549316406,219.16000366210938,86291900
2024-10-15 00:00:00-04:00,TSLA,220.00999450683594,224.25999450683594,217.1199951171875,219.57000732421875,62988800
2024-10-16 00:00:00-04:00,TSLA,221.39999389648438,222.82000732421875,218.92999267578125,221.3300018310547,49632800
2024-10-17 00:00:00-04:00,TSLA,221.58999633789062,222.0800018310547,217.89999389648438,220.88999938964844,50791800
2024-10-18 00:00:00-04:00,TSLA,220.7100067138672,222.27999877929688,219.22999572753906,220.6999969482422,49611900
2024-10-21 00:00:00-04:00,TSLA,218.89999389648438,220.47999572753906,215.72999572753906,218.85000610351562,47329000
2024-10-22 00:00:00-04:00,TSLA,217.30999755859375,218.22000122070312,215.25999450683594,217.97000122070312,43268700
2024-10-23 00:00:00-04:00,TSLA,217.1300048828125,218.72000122070312,212.11000061035156,213.64999389648438,80938900
2024-10-24 00:00:00-04:00,TSLA,244.67999267578125,262.1199951171875,242.64999389648438,260.4800109863281,204491900
2024-10-25 00:00:00-04:00,TSLA,256.010009765625,269.489990234375,255.32000732421875,269.19000244140625,161611900
2024-10-28 00:00:00-04:00,TSLA,270.0,273.5400085449219,262.239990234375,262.510009765625,107653600
2024-10-29 00:00:00-04:00,TSLA,264.510009765625,264.9800109863281,255.50999450683594,259.5199890136719,80521800
2024-10-30 00:00:00-04:00,TSLA,258.0400085449219,263.3500061035156,255.82000732421875,257.54998779296875,53993600
2024-10-31 00:00:00-04:00,TSLA,257.989990234375,259.75,249.25,249.85000610351562,66575300
2024-11-01 00:00:00-04:00,TSLA,252.0399932861328,254.0,246.6300048828125,248.97999572753906,57544800
2024-11-04 00:00:00-05:00,TSLA,244.55999755859375,248.89999389648438,238.8800048828125,242.83999633789062,68802400
2024-11-05 00:00:00-05:00,TSLA,247.33999633789062,255.27999877929688,246.2100067138672,251.44000244140625,69282500
2024-11-06 00:00:00-05:00,TSLA,284.6700134277344,289.5899963378906,275.6199951171875,288.5299987792969,165228700
2024-11-07 00:00:00-05:00,TSLA,288.8900146484375,299.75,285.5199890136719,296.9100036621094,117309200
2024-11-08 00:00:00-05:00,TSLA,299.1400146484375,328.7099914550781,297.6600036621094,321.2200012207031,204782800
2024-11-11 00:00:00-05:00,TSLA,346.29998779296875,358.6400146484375,336.0,350.0,210521600
2024-11-12 00:00:00-05:00,TSLA,342.739990234375,345.8399963378906,323.30999755859375,328.489990234375,155726000
2024-11-13 00:00:00-05:00,TSLA,335.8500061035156,344.6000061035156,322.5,330.239990234375,125405600
2024-11-14 00:00:00-05:00,TSLA,327.69000244140625,329.9800109863281,310.3699951171875,311.17999267578125,120726100
2024-11-15 00:00:00-05:00,TSLA,310.57000732421875,324.67999267578125,309.2200012207031,320.7200012207031,114440300
2024-11-18 00:00:00-05:00,TSLA,340.7300109863281,348.54998779296875,330.010009765625,338.739990234375,126085600
2024-11-19 00:00:00-05:00,TSLA,335.760009765625,347.3800048828125,332.75,346.0,88852500
2024-11-20 00:00:00-05:00,TSLA,345.0,346.6000061035156,334.29998779296875,342.0299987792969,66340700
2024-11-21 00:00:00-05:00,TSLA,343.80999755859375,347.989990234375,335.2799987792969,339.6400146484375,58011700
2024-11-22 00:00:00-05:00,TSLA,341.0899963378906,361.5299987792969,337.70001220703125,352.55999755859375,89140700
2024-11-25 00:00:00-05:00,TSLA,360.1400146484375,361.92999267578125,338.20001220703125,338.5899963378906,95890900
2024-11-26 00:00:00-05:00,TSLA,341.0,346.9599914550781,335.6600036621094,338.2300109863281,62295900
2024-11-27 00:00:00-05:00,TSLA,341.79998779296875,342.54998779296875,326.5899963378906,332.8900146484375,57896400
2024-11-29 00:00:00-05:00,TSLA,336.0799865722656,345.45001220703125,334.6499938964844,345.1600036621094,37167600
2024-12-02 00:00:00-05:00,TSLA,352.3800048828125,360.0,351.1499938964844,357.0899963378906,77986500
2024-12-03 00:00:00-05:00,TSLA,351.79998779296875,355.69000244140625,348.20001220703125,351.4200134277344,58267200
2024-12-04 00:00:00-05:00,TSLA,353.0,358.1000061035156,348.6000061035156,357.92999267578125,50810900
2024-12-05 00:00:00-05:00,TSLA,359.8699951171875,375.42999267578125,359.5,369.489990234375,81403600
2024-12-06 00:00:00-05:00,TSLA,377.4200134277344,389.489990234375,370.79998779296875,389.2200012207031,81455800
2024-12-09 00:00:00-05:00,TSLA,397.6099853515625,404.79998779296875,378.010009765625,389.7900085449219,96359200
2024-12-10 00:00:00-05:00,TSLA,392.67999267578125,409.7300109863281,390.8500061035156,400.989990234375,97563600
2024-12-11 00:00:00-05:00,TSLA,409.70001220703125,424.8800048828125,402.3800048828125,424.7699890136719,104287600
2024-12-12 00:00:00-05:00,TSLA,424.8399963378906,429.29998779296875,415.0,418.1000061035156,87752200
2024-12-13 00:00:00-05:00,TSLA,420.0,436.29998779296875,415.7099914550781,436.2300109863281,89000200
2024-12-16 00:00:00-05:00,TSLA,441.0899963378906,463.19000244140625,436.1499938964844,463.0199890136719,114083800
2024-12-17 00:00:00-05:00,TSLA,475.8999938964844,483.989990234375,457.510009765625,479.8599853515625,131223000
2024-12-18 00:00:00-05:00,TSLA,466.5,488.5400085449219,427.010009765625,440.1300048828125,149340800
2024-12-19 00:00:00-05:00,TSLA,451.8800048828125,456.3599853515625,420.0199890136719,436.1700134277344,118566100
2024-12-20 00:00:00-05:00,TSLA,425.510009765625,447.0799865722656,417.6400146484375,421.05999755859375,132216200
2024-12-23 00:00:00-05:00,TSLA,431.0,434.510009765625,415.4100036621094,430.6000061035156,72698100
2024-12-24 00:00:00-05:00,TSLA,435.8999938964844,462.7799987792969,435.1400146484375,462.2799987792969,59551800
2024-12-26 00:00:00-05:00,TSLA,465.1600036621094,465.3299865722656,451.0199890136719,454.1300048828125,76366400
2024-12-27 00:00:00-05:00,TSLA,449.5199890136719,450.0,426.5,431.6600036621094,82666800
2024-12-30 00:00:00-05:00,TSLA,419.3999938964844,427.0,415.75,417.4100036621094,64941000
2024-12-31 00:00:00-05:00,TSLA,423.7900085449219,427.92999267578125,402.5400085449219,403.8399963378906,76825100
2025-01-02 00:00:00-05:00,TSLA,390.1000061035156,392.7300109863281,373.0400085449219,379.2799987792969,109710700
2025-01-03 00:00:00-05:00,TSLA,381.4800109863281,411.8800048828125,379.45001220703125,410.44000244140625,95423300
2025-01-06 00:00:00-05:00,TSLA,423.20001220703125,426.42999267578125,401.70001220703125,411.04998779296875,85516500
2025-01-07 00:00:00-05:00,TSLA,405.8299865722656,414.3299865722656,390.0,394.3599853515625,75699500
2025-01-08 00:00:00-05:00,TSLA,392.95001220703125,402.5,387.3999938964844,394.94000244140625,73038800
2025-01-10 00:00:00-05:00,TSLA,391.3999938964844,399.2799987792969,377.2900085449219,394.739990234375,62287300
2025-01-13 00:00:00-05:00,TSLA,383.2099914550781,403.7900085449219,380.07000732421875,403.30999755859375,67580500
2025-01-14 00:00:00-05:00,TSLA,414.3399963378906,422.6400146484375,394.5400085449219,396.3599853515625,84565000
2025-01-15 00:00:00-05:00,TSLA,409.8999938964844,429.79998779296875,405.6600036621094,428.2200012207031,81375500
2025-01-16 00:00:00-05:00,TSLA,423.489990234375,424.0,409.1300048828125,413.82000732421875,68335200
2025-01-17 00:00:00-05:00,TSLA,421.5,439.739990234375,419.75,426.5,94991400
2025-01-21 00:00:00-05:00,TSLA,432.6400146484375,433.20001220703125,406.30999755859375,424.07000732421875,87320900
2025-01-22 00:00:00-05:00,TSLA,416.80999755859375,428.0,414.5899963378906,415.1099853515625,60963300
2025-01-23 00:00:00-05:00,TSLA,416.05999755859375,420.7300109863281,408.95001220703125,412.3800048828125,50690600
2025-01-24 00:00:00-05:00,TSLA,414.45001220703125,418.8800048828125,405.7799987792969,406.5799865722656,56427100
2025-01-27 00:00:00-05:00,TSLA,394.79998779296875,406.69000244140625,389.0,397.1499938964844,58125500
2025-01-28 00:00:00-05:00,TSLA,396.9100036621094,400.5899963378906,386.5,398.0899963378906,48910700
2025-01-29 00:00:00-05:00,TSLA,395.2099914550781,398.5899963378906,384.4800109863281,389.1000061035156,68033600
2025-01-30 00:00:00-05:00,TSLA,410.7799987792969,412.5,384.4100036621094,400.2799987792969,98092900
2025-01-31 00:00:00-05:00,TSLA,401.5299987792969,419.989990234375,401.3399963378906,404.6000061035156,83283600
2025-02-03 00:00:00-05:00,TSLA,386.67999267578125,389.1700134277344,374.3599853515625,383.67999267578125,93732100
2025-02-04 00:00:00-05:00,TSLA,382.6300048828125,394.0,381.3999938964844,392.2099914550781,57072200
2025-02-05 00:00:00-05:00,TSLA,387.510009765625,388.3900146484375,375.5299987792969,378.1700134277344,57223300
2025-02-06 00:00:00-05:00,TSLA,373.0299987792969,375.3999938964844,363.17999267578125,374.32000732421875,77918200
2025-02-07 00:00:00-05:00,TSLA,370.19000244140625,380.54998779296875,360.3399963378906,361.6199951171875,70298300
2025-02-10 00:00:00-05:00,TSLA,356.2099914550781,362.70001220703125,350.510009765625,350.7300109863281,77514900
2025-02-11 00:00:00-05:00,TSLA,345.79998779296875,349.3699951171875,325.1000061035156,328.5,118543400
2025-02-12 00:00:00-05:00,TSLA,329.94000244140625,346.3999938964844,329.1199951171875,336.510009765625,105382700
2025-02-13 00:00:00-05:00,TSLA,345.0,358.69000244140625,342.8500061035156,355.94000244140625,89441500
2025-02-14 00:00:00-05:00,TSLA,360.6199951171875,362.0,347.5,355.8399963378906,68277300
2025-02-18 00:00:00-05:00,TSLA,355.010009765625,359.1000061035156,350.0199890136719,354.1099853515625,51631700
2025-02-19 00:00:00-05:00,TSLA,354.0,367.3399963378906,353.6700134277344,360.55999755859375,67094400
2025-02-20 00:00:00-05:00,TSLA,361.510009765625,362.29998779296875,348.0,354.3999938964844,45965400
2025-02-21 00:00:00-05:00,TSLA,353.44000244140625,354.9800109863281,334.4200134277344,337.79998779296875,74058600
2025-02-24 00:00:00-05:00,TSLA,338.1400146484375,342.3999938964844,324.70001220703125,330.5299987792969,76052300
2025-02-25 00:00:00-05:00,TSLA,327.0199890136719,328.8900146484375,297.25,302.79998779296875,134228800
2025-02-26 00:00:00-05:00,TSLA,303.7099914550781,309.0,288.0400085449219,290.79998779296875,100118300
2025-02-27 00:00:00-05:00,TSLA,291.1600036621094,297.2300109863281,280.8800048828125,281.95001220703125,101748200
2025-02-28 00:00:00-05:00,TSLA,279.5,293.8800048828125,273.6000061035156,292.9800109863281,115697000
2025-03-03 00:00:00-05:00,TSLA,300.3399963378906,303.94000244140625,277.29998779296875,284.6499938964844,115551400
2025-03-04 00:00:00-05:00,TSLA,270.92999267578125,284.3500061035156,261.8399963378906,272.0400085449219,126706600
2025-03-05 00:00:00-05:00,TSLA,272.9200134277344,279.54998779296875,267.7099914550781,279.1000061035156,94042900
2025-03-06 00:00:00-05:00,TSLA,272.05999755859375,272.6499938964844,260.0199890136719,263.45001220703125,98451600
2025-03-07 00:00:00-05:00,TSLA,259.32000732421875,266.25,250.72999572753906,262.6700134277344,102369600
2025-03-10 00:00:00-04:00,TSLA,252.5399932861328,253.3699951171875,220.0,222.14999389648438,189076900
2025-03-11 00:00:00-04:00,TSLA,225.30999755859375,237.05999755859375,217.02000427246094,230.5800018310547,174896400
2025-03-12 00:00:00-04:00,TSLA,247.22000122070312,251.83999633789062,241.10000610351562,248.08999633789062,142215700
2025-03-13 00:00:00-04:00,TSLA,248.1300048828125,248.2899932861328,232.60000610351562,240.67999267578125,114813500
2025-03-14 00:00:00-04:00,TSLA,247.30999755859375,251.5800018310547,240.72999572753906,249.97999572753906,100242300
2025-03-17 00:00:00-04:00,TSLA,245.05999755859375,245.39999389648438,232.8000030517578,238.00999450683594,111900600
2025-03-18 00:00:00-04:00,TSLA,228.16000366210938,230.10000610351562,222.27999877929688,225.30999755859375,111477600
2025-03-19 00:00:00-04:00,TSLA,231.61000061035156,241.41000366210938,229.1999969482422,235.86000061035156,111993800
2025-03-20 00:00:00-04:00,TSLA,233.35000610351562,238.0,230.0500030517578,236.25999450683594,99028300
2025-03-21 00:00:00-04:00,TSLA,234.99000549316406,249.52000427246094,234.5500030517578,248.7100067138672,132728700
2025-03-24 00:00:00-04:00,TSLA,258.0799865722656,278.6400146484375,256.3299865722656,278.3900146484375,169079900
2025-03-25 00:00:00-04:00,TSLA,283.6000061035156,288.20001220703125,271.2799987792969,288.1400146484375,150361500
2025-03-26 00:00:00-04:00,TSLA,282.6600036621094,284.8999938964844,266.510009765625,272.05999755859375,153629800
2025-03-27 00:00:00-04:00,TSLA,272.4800109863281,291.8500061035156,271.82000732421875,273.1300048828125,162572100
2025-03-28 00:00:00-04:00,TSLA,275.5799865722656,276.1000061035156,260.57000732421875,263.54998779296875,123809400
2025-03-31 00:00:00-04:00,TSLA,249.30999755859375,260.55999755859375,243.36000061035156,259.1600036621094,134008900
2025-04-01 00:00:00-04:00,TSLA,263.79998779296875,277.45001220703125,259.25,268.4599914550781,146486900
2025-04-02 00:00:00-04:00,TSLA,254.60000610351562,284.989990234375,251.27000427246094,282.760009765625,212787800
2025-04-03 00:00:00-04:00,TSLA,265.2900085449219,276.29998779296875,261.510009765625,267.2799987792969,136174300
2025-04-04 00:00:00-04:00,TSLA,255.3800048828125,261.0,236.0,239.42999267578125,181229400
2025-04-07 00:00:00-04:00,TSLA,223.77999877929688,252.0,214.25,233.2899932861328,183453800
2025-04-08 00:00:00-04:00,TSLA,245.0,250.44000244140625,217.8000030517578,221.86000061035156,171603500
2025-04-09 00:00:00-04:00,TSLA,224.69000244140625,274.69000244140625,223.8800048828125,272.20001220703125,219433400
2025-04-10 00:00:00-04:00,TSLA,260.0,262.489990234375,239.3300018310547,252.39999389648438,181722600
2025-04-11 00:00:00-04:00,TSLA,251.83999633789062,257.739990234375,241.36000061035156,252.30999755859375,128948100
2025-04-14 00:00:00-04:00,TSLA,258.3599853515625,261.79998779296875,245.92999267578125,252.35000610351562,100135200
2025-04-15 00:00:00-04:00,TSLA,249.91000366210938,258.75,247.5399932861328,254.11000061035156,79594300
2025-04-16 00:00:00-04:00,TSLA,247.61000061035156,251.97000122070312,233.88999938964844,241.5500030517578,112378700
2025-04-17 00:00:00-04:00,TSLA,243.47000122070312,244.33999633789062,237.67999267578125,241.3699951171875,83404800
2025-04-21 00:00:00-04:00,TSLA,230.25999450683594,232.2100067138672,222.7899932861328,227.5,97768000
2025-04-22 00:00:00-04:00,TSLA,230.9600067138672,242.7899932861328,229.85000610351562,237.97000122070312,120858500
2025-04-23 00:00:00-04:00,TSLA,254.86000061035156,259.45001220703125,244.42999267578125,250.74000549316406,150381900
2025-04-24 00:00:00-04:00,TSLA,250.5,259.5400085449219,249.1999969482422,259.510009765625,94464200
2025-04-25 00:00:00-04:00,TSLA,261.69000244140625,286.8500061035156,259.6300048828125,284.95001220703125,167560700
2025-04-28 00:00:00-04:00,TSLA,288.9800109863281,294.8599853515625,272.4200134277344,285.8800048828125,151731800
2025-04-29 00:00:00-04:00,TSLA,285.5,293.32000732421875,279.4700012207031,292.0299987792969,108906600
2025-04-30 00:00:00-04:00,TSLA,279.8999938964844,284.45001220703125,270.7799987792969,282.1600036621094,128961100
2025-05-01 00:00:00-04:00,TSLA,280.010009765625,290.8699951171875,279.80999755859375,280.5199890136719,99659000
2025-05-02 00:00:00-04:00,TSLA,284.8999938964844,294.7799987792969,279.80999755859375,287.2099914550781,114454700
2025-05-05 00:00:00-04:00,TSLA,284.57000732421875,284.8500061035156,274.3999938964844,280.260009765625,94618900
2025-05-06 00:00:00-04:00,TSLA,273.1099853515625,277.7300109863281,271.3500061035156,275.3500061035156,76715800
2025-05-07 00:00:00-04:00,TSLA,276.8800048828125,277.9200134277344,271.0,276.2200012207031,71592600
2025-05-08 00:00:00-04:00,TSLA,279.6300048828125,289.79998779296875,279.4100036621094,284.82000732421875,97539400
2025-05-09 00:00:00-04:00,TSLA,290.2099914550781,307.0400085449219,290.0,298.260009765625,132387800
2025-05-12 00:00:00-04:00,TSLA,321.989990234375,322.2099914550781,311.5,318.3800048828125,112826700
2025-05-13 00:00:00-04:00,TSLA,320.0,337.5899963378906,316.79998779296875,334.07000732421875,136992600
2025-05-14 00:00:00-04:00,TSLA,342.5,350.0,337.0,347.67999267578125,136997300
2025-05-15 00:00:00-04:00,TSLA,340.3399963378906,346.1400146484375,334.7200012207031,342.82000732421875,97882600
2025-05-16 00:00:00-04:00,TSLA,346.239990234375,351.6199951171875,342.3299865722656,349.9800109863281,95895700
2025-05-19 00:00:00-04:00,TSLA,336.29998779296875,343.0,333.3699951171875,342.0899963378906,88869900
2025-05-20 00:00:00-04:00,TSLA,347.8699951171875,354.989990234375,341.6300048828125,343.82000732421875,131715500
2025-05-21 00:00:00-04:00,TSLA,344.42999267578125,347.3500061035156,332.20001220703125,334.6199951171875,102354800
2025-05-22 00:00:00-04:00,TSLA,331.8999938964844,347.2699890136719,331.3900146484375,341.0400085449219,97113400
2025-05-23 00:00:00-04:00,TSLA,337.9200134277344,343.17999267578125,333.2099914550781,339.3399963378906,84654800
2025-05-27 00:00:00-04:00,TSLA,347.3500061035156,363.7900085449219,347.32000732421875,362.8900146484375,120146400
2025-05-28 00:00:00-04:00,TSLA,364.8399963378906,365.0,355.9100036621094,356.8999938964844,91404300
2025-05-29 00:00:00-04:00,TSLA,365.2900085449219,367.7099914550781,356.0,358.42999267578125,88087800
2025-05-30 00:00:00-04:00,TSLA,355.5199890136719,363.67999267578125,345.2900085449219,346.4599914550781,123474900
2025-06-02 00:00:00-04:00,TSLA,343.5,348.0199890136719,333.3299865722656,342.69000244140625,81873800
2025-06-03 00:00:00-04:00,TSLA,346.6000061035156,355.3999938964844,343.0400085449219,344.2699890136719,99324500
2025-06-04 00:00:00-04:00,TSLA,345.1000061035156,345.6000061035156,327.3299865722656,332.04998779296875,98912100
2025-06-05 00:00:00-04:00,TSLA,322.489990234375,324.54998779296875,273.2099914550781,284.70001220703125,287499800
2025-06-06 00:00:00-04:00,TSLA,298.8299865722656,305.5,291.1400146484375,295.1400146484375,164747700
2025-06-09 00:00:00-04:00,TSLA,285.9599914550781,309.8299865722656,281.8500061035156,308.5799865722656,140908900
2025-06-10 00:00:00-04:00,TSLA,314.94000244140625,327.8299865722656,310.6700134277344,326.0899963378906,151256500
2025-06-11 00:00:00-04:00,TSLA,334.3999938964844,335.5,322.5,326.42999267578125,122611400
2025-06-12 00:00:00-04:00,TSLA,323.0799865722656,332.55999755859375,316.8599853515625,319.1099853515625,105127500
2025-06-13 00:00:00-04:00,TSLA,313.9700012207031,332.989990234375,313.29998779296875,325.30999755859375,128964300
2025-06-16 00:00:00-04:00,TSLA,331.2900085449219,332.04998779296875,326.4100036621094,329.1300048828125,83925900
2025-06-17 00:00:00-04:00,TSLA,326.0899963378906,327.260009765625,314.739990234375,316.3500061035156,88282700
2025-06-18 00:00:00-04:00,TSLA,317.30999755859375,329.32000732421875,315.45001220703125,322.04998779296875,95137700
2025-06-20 00:00:00-04:00,TSLA,327.95001220703125,332.3599853515625,317.7799987792969,322.1600036621094,108688000
2025-06-23 00:00:00-04:00,TSLA,327.5400085449219,357.5400085449219,327.4800109863281,348.67999267578125,190716800
2025-06-24 00:00:00-04:00,TSLA,356.1700134277344,356.260009765625,340.44000244140625,340.4700012207031,114736200
2025-06-25 00:00:00-04:00,TSLA,342.70001220703125,343.0,320.3999938964844,327.54998779296875,119845100
2025-06-26 00:00:00-04:00,TSLA,324.6099853515625,331.04998779296875,323.6099853515625,325.7799987792969,80440900
2025-06-27 00:00:00-04:00,TSLA,324.510009765625,329.3399963378906,317.5,323.6300048828125,89067000
2025-06-30 00:00:00-04:00,TSLA,319.8999938964844,325.5799865722656,316.6000061035156,317.6600036621094,76695100
2025-07-01 00:00:00-04:00,TSLA,298.4599914550781,305.8900146484375,293.2099914550781,300.7099914550781,145085700
2025-07-02 00:00:00-04:00,TSLA,312.6300048828125,316.8299865722656,303.82000732421875,315.6499938964844,119483700
2025-07-03 00:00:00-04:00,TSLA,317.989990234375,318.45001220703125,312.760009765625,315.3500061035156,58042300
2025-07-07 00:00:00-04:00,TSLA,291.3699951171875,296.1499938964844,288.7699890136719,293.94000244140625,131177900
2025-07-08 00:00:00-04:00,TSLA,297.0,304.04998779296875,294.3500061035156,297.80999755859375,103246700
2025-07-09 00:00:00-04:00,TSLA,297.54998779296875,300.1499938964844,293.54998779296875,295.8800048828125,75586800
2025-07-10 00:00:00-04:00,TSLA,300.04998779296875,310.4800109863281,300.0,309.8699951171875,104365300
2025-07-11 00:00:00-04:00,TSLA,307.8900146484375,314.0899963378906,305.6499938964844,313.510009765625,79236400
2025-07-14 00:00:00-04:00,TSLA,317.7300109863281,322.6000061035156,312.6700134277344,316.8999938964844,78043400
2025-07-15 00:00:00-04:00,TSLA,319.67999267578125,321.20001220703125,310.5,310.7799987792969,77556300
2025-07-16 00:00:00-04:00,TSLA,312.79998779296875,323.5,312.6199951171875,321.6700134277344,97284800
2025-07-17 00:00:00-04:00,TSLA,323.1499938964844,324.3399963378906,317.05999755859375,319.4100036621094,73922900
2025-07-18 00:00:00-04:00,TSLA,321.6600036621094,330.8999938964844,321.4200134277344,329.6499938964844,94255000
2025-07-21 00:00:00-04:00,TSLA,334.3999938964844,338.0,326.8800048828125,328.489990234375,75768800
2025-07-22 00:00:00-04:00,TSLA,329.739990234375,335.4100036621094,321.54998779296875,332.1099853515625,77370400
2025-07-23 00:00:00-04:00,TSLA,330.8999938964844,336.20001220703125,328.6700134277344,332.55999755859375,92553800
2025-07-24 00:00:00-04:00,TSLA,310.0,310.1499938964844,300.4100036621094,305.29998779296875,156966000
2025-07-25 00:00:00-04:00,TSLA,308.739990234375,323.6300048828125,308.010009765625,316.05999755859375,148227000
2025-07-28 00:00:00-04:00,TSLA,318.45001220703125,330.489990234375,315.69000244140625,325.5899963378906,112673800
2025-07-29 00:00:00-04:00,TSLA,325.54998779296875,326.25,318.25,321.20001220703125,87358900
2025-07-30 00:00:00-04:00,TSLA,322.17999267578125,324.45001220703125,311.6199951171875,319.0400085449219,83931900
2025-07-31 00:00:00-04:00,TSLA,319.6099853515625,321.3699951171875,306.1000061035156,308.2699890136719,85270900
2025-08-01 00:00:00-04:00,TSLA,306.2099914550781,309.30999755859375,297.82000732421875,302.6300048828125,89121400
2025-08-04 00:00:00-04:00,TSLA,309.0799865722656,312.1199951171875,303.0,309.260009765625,78683900
2025-08-05 00:00:00-04:00,TSLA,308.95001220703125,312.45001220703125,305.5,308.7200012207031,57961300
2025-08-06 00:00:00-04:00,TSLA,307.8900146484375,320.4700012207031,306.92999267578125,319.9100036621094,78523600
2025-08-07 00:00:00-04:00,TSLA,319.7900085449219,322.3999938964844,316.1600036621094,322.2699890136719,66658700
2025-08-08 00:00:00-04:00,TSLA,321.42999267578125,335.1499938964844,320.9800109863281,329.6499938964844,91200300
2025-08-11 00:00:00-04:00,TSLA,335.0,346.6400146484375,334.1499938964844,339.0299987792969,105320200
2025-08-12 00:00:00-04:00,TSLA,345.0,345.260009765625,332.94000244140625,340.8399963378906,80522100
2025-08-13 00:00:00-04:00,TSLA,341.5,348.9800109863281,338.20001220703125,339.3800048828125,67838900
2025-08-14 00:00:00-04:00,TSLA,335.760009765625,340.4700012207031,330.3999938964844,335.5799865722656,75000700
2025-08-15 00:00:00-04:00,TSLA,337.6600036621094,339.29998779296875,327.0199890136719,330.55999755859375,74319800
2025-08-18 00:00:00-04:00,TSLA,329.6199951171875,336.2699890136719,329.5899963378906,335.1600036621094,56956600
2025-08-19 00:00:00-04:00,TSLA,335.7900085449219,340.54998779296875,327.8500061035156,329.30999755859375,75956000
2025-08-20 00:00:00-04:00,TSLA,329.2200012207031,331.3699951171875,314.6000061035156,323.8999938964844,77481800
2025-08-21 00:00:00-04:00,TSLA,322.0799865722656,324.8999938964844,318.67999267578125,320.1099853515625,55744400
2025-08-22 00:00:00-04:00,TSLA,321.6600036621094,340.25,319.69000244140625,340.010009765625,94016300
2025-08-25 00:00:00-04:00,TSLA,338.8999938964844,349.5299987792969,335.0299987792969,346.6000061035156,86670000
2025-08-26 00:00:00-04:00,TSLA,344.92999267578125,351.8999938964844,343.7200012207031,351.6700134277344,76651600
2025-08-27 00:00:00-04:00,TSLA,351.94000244140625,355.3900146484375,349.1600036621094,349.6000061035156,65519000
2025-08-28 00:00:00-04:00,TSLA,350.9100036621094,353.54998779296875,340.260009765625,345.9800109863281,67903200
2025-08-29 00:00:00-04:00,TSLA,347.2300109863281,348.75,331.70001220703125,333.8699951171875,81145700
2025-09-02 00:00:00-04:00,TSLA,328.2300109863281,333.3299865722656,325.6000061035156,329.3599853515625,58392000
2025-09-03 00:00:00-04:00,TSLA,335.20001220703125,343.3299865722656,328.510009765625,334.0899963378906,88733300
2025-09-04 00:00:00-04:00,TSLA,336.1499938964844,338.8900146484375,331.4800109863281,338.5299987792969,60711000
2025-09-05 00:00:00-04:00,TSLA,348.0,355.8699951171875,344.67999267578125,350.8399963378906,108989800
2025-09-08 00:00:00-04:00,TSLA,354.6400146484375,358.44000244140625,344.8399963378906,346.3999938964844,75208300
2025-09-09 00:00:00-04:00,TSLA,348.44000244140625,350.7699890136719,343.82000732421875,346.9700012207031,53816000
2025-09-10 00:00:00-04:00,TSLA,350.54998779296875,356.3299865722656,346.07000732421875,347.7900085449219,72121700
2025-09-11 00:00:00-04:00,TSLA,350.1700134277344,368.989990234375,347.6000061035156,368.80999755859375,103756000
2025-09-12 00:00:00-04:00,TSLA,370.94000244140625,396.69000244140625,370.239990234375,395.94000244140625,168156400
2025-09-15 00:00:00-04:00,TSLA,423.1300048828125,425.70001220703125,402.42999267578125,410.0400085449219,163823700
2025-09-16 00:00:00-04:00,TSLA,414.5,423.25,411.42999267578125,421.6199951171875,104285700
2025-09-17 00:00:00-04:00,TSLA,415.75,428.30999755859375,409.6700134277344,425.8599853515625,106133500
2025-09-18 00:00:00-04:00,TSLA,428.8699951171875,432.2200012207031,416.55999755859375,416.8500061035156,90454500
2025-09-19 00:00:00-04:00,TSLA,421.82000732421875,429.4700012207031,421.7200012207031,426.07000732421875,93131000
2025-09-22 00:00:00-04:00,TSLA,431.1099853515625,444.9800109863281,429.1300048828125,434.2099914550781,97108800
2025-09-23 00:00:00-04:00,TSLA,439.8800048828125,440.9700012207031,423.7200012207031,425.8500061035156,83422700
2025-09-24 00:00:00-04:00,TSLA,429.8299865722656,444.2099914550781,429.0299987792969,442.7900085449219,93133600
2025-09-25 00:00:00-04:00,TSLA,435.239990234375,435.3500061035156,419.0799865722656,423.3900146484375,96746400
2025-09-26 00:00:00-04:00,TSLA,428.29998779296875,440.4700012207031,421.0199890136719,440.3999938964844,101628200
2025-09-29 00:00:00-04:00,TSLA,444.3500061035156,450.9800109863281,439.5,443.2099914550781,79491500
2025-09-30 00:00:00-04:00,TSLA,441.5199890136719,445.0,433.1199951171875,444.7200012207031,74358000
2025-10-01 00:00:00-04:00,TSLA,443.79998779296875,462.2900085449219,440.75,459.4599914550781,98122300
2025-10-02 00:00:00-04:00,TSLA,470.5400085449219,470.75,435.57000732421875,436.0,137009000
2025-10-03 00:00:00-04:00,TSLA,443.2900085449219,446.7699890136719,416.5799865722656,429.8299865722656,133188200
2025-10-06 00:00:00-04:00,TSLA,440.75,453.54998779296875,436.69000244140625,453.25,85324900
2025-10-07 00:00:00-04:00,TSLA,447.82000732421875,452.67999267578125,432.45001220703125,433.0899963378906,102296100
2025-10-08 00:00:00-04:00,TSLA,437.57000732421875,441.3299865722656,425.2300109863281,438.69000244140625,71192100
2025-10-09 00:00:00-04:00,TSLA,431.80999755859375,436.3500061035156,426.17999267578125,435.5400085449219,69339900
2025-10-10 00:00:00-04:00,TSLA,436.5400085449219,443.1300048828125,411.45001220703125,413.489990234375,112107900
2025-10-13 00:00:00-04:00,TSLA,423.5299987792969,436.8900146484375,419.70001220703125,435.8999938964844,79552800
2025-10-14 00:00:00-04:00,TSLA,426.7900085449219,434.20001220703125,417.8599853515625,429.239990234375,72669400
2025-10-15 00:00:00-04:00,TSLA,434.8999938964844,440.510009765625,426.3299865722656,435.1499938964844,71558200
2025-10-16 00:00:00-04:00,TSLA,434.7300109863281,439.3500061035156,421.30999755859375,428.75,77189900
2025-10-17 00:00:00-04:00,TSLA,425.5,441.4599914550781,423.6000061035156,439.30999755859375,89331600
2025-10-20 00:00:00-04:00,TSLA,443.8699951171875,449.79998779296875,440.6099853515625,447.42999267578125,63719000
2025-10-21 00:00:00-04:00,TSLA,445.760009765625,449.29998779296875,442.04998779296875,442.6000061035156,54412200
2025-10-22 00:00:00-04:00,TSLA,443.45001220703125,445.5400085449219,429.0,438.9700012207031,84023500
2025-10-23 00:00:00-04:00,TSLA,420.0,449.3999938964844,413.8999938964844,448.9800109863281,126709800
2025-10-24 00:00:00-04:00,TSLA,446.8299865722656,451.67999267578125,430.1700134277344,433.7200012207031,94727800
2025-10-27 00:00:00-04:00,TSLA,439.9800109863281,460.1600036621094,438.69000244140625,452.4200134277344,105867500
2025-10-28 00:00:00-04:00,TSLA,454.7799987792969,467.0,451.6000061035156,460.54998779296875,80185700
2025-10-29 00:00:00-04:00,TSLA,462.5,465.70001220703125,452.6499938964844,461.510009765625,67983500
2025-10-30 00:00:00-04:00,TSLA,451.04998779296875,455.05999755859375,439.6099853515625,440.1000061035156,72447900
2025-10-31 00:00:00-04:00,TSLA,446.75,458.0,443.69000244140625,456.55999755859375,83135800
2025-11-03 00:00:00-05:00,TSLA,455.989990234375,474.07000732421875,453.79998779296875,468.3699951171875,84595200
2025-11-04 00:00:00-05:00,TSLA,454.4599914550781,460.2200012207031,443.6000061035156,444.260009765625,87756600
2025-11-05 00:00:00-05:00,TSLA,452.04998779296875,466.3299865722656,440.7099914550781,462.07000732421875,85573000
2025-11-06 00:00:00-05:00,TSLA,461.9599914550781,467.45001220703125,435.0899963378906,445.9100036621094,109622900
2025-11-07 00:00:00-05:00,TSLA,437.9200134277344,439.3599853515625,421.8800048828125,429.5199890136719,103471500
2025-11-10 00:00:00-05:00,TSLA,439.6000061035156,449.6700134277344,433.3599853515625,445.2300109863281,76515900
2025-11-11 00:00:00-05:00,TSLA,439.3999938964844,442.489990234375,432.3599853515625,439.6199951171875,60533200
2025-11-12 00:00:00-05:00,TSLA,442.1499938964844,442.3299865722656,426.55999755859375,430.6000061035156,58513500
2025-11-13 00:00:00-05:00,TSLA,423.1300048828125,424.5,396.3399963378906,401.989990234375,118948000
2025-11-14 00:00:00-05:00,TSLA,386.29998779296875,412.19000244140625,382.7799987792969,404.3500061035156,105506700
2025-11-17 00:00:00-05:00,TSLA,398.739990234375,423.9599914550781,398.739990234375,408.9200134277344,102214300
2025-11-18 00:00:00-05:00,TSLA,405.3800048828125,408.8999938964844,393.7099914550781,401.25,80688600
2025-11-19 00:00:00-05:00,TSLA,406.17999267578125,411.7799987792969,398.5,403.989990234375,72047700
2025-11-20 00:00:00-05:00,TSLA,414.6300048828125,428.94000244140625,394.739990234375,395.2300109863281,113548800
2025-11-21 00:00:00-05:00,TSLA,402.32000732421875,402.79998779296875,383.760009765625,391.0899963378906,100460600
2025-11-24 00:00:00-05:00,TSLA,402.1700134277344,421.7200012207031,401.0899963378906,417.7799987792969,96806400
2025-11-25 00:00:00-05:00,TSLA,414.4200134277344,420.4800109863281,405.95001220703125,419.3999938964844,71915600
2025-11-26 00:00:00-05:00,TSLA,423.95001220703125,426.94000244140625,416.8900146484375,426.5799865722656,63463000
2025-11-28 00:00:00-05:00,TSLA,426.5899963378906,432.92999267578125,426.20001220703125,430.1700134277344,36252900
2025-12-01 00:00:00-05:00,TSLA,425.32000732421875,433.6600036621094,425.2900085449219,430.1400146484375,57463600
2025-12-02 00:00:00-05:00,TSLA,430.80999755859375,436.79998779296875,422.1199951171875,429.239990234375,69336600
2025-12-03 00:00:00-05:00,TSLA,432.1000061035156,447.9200134277344,431.1099853515625,446.739990234375,87483000
2025-12-04 00:00:00-05:00,TSLA,449.94000244140625,454.6300048828125,445.3900146484375,454.5299987792969,71906500
2025-12-05 00:00:00-05:00,TSLA,453.0299987792969,458.8699951171875,451.6600036621094,455.0,56427500
2025-12-08 00:00:00-05:00,TSLA,447.45001220703125,449.75,435.25,439.5799865722656,69165800
2025-12-09 00:00:00-05:00,TSLA,437.5400085449219,452.3900146484375,435.70001220703125,445.1700134277344,62367400
2025-12-10 00:00:00-05:00,TSLA,446.07000732421875,456.8800048828125,443.6099853515625,451.45001220703125,63257500
2025-12-11 00:00:00-05:00,TSLA,448.95001220703125,449.2699890136719,440.3299865722656,446.8900146484375,55979500
2025-12-12 00:00:00-05:00,TSLA,448.0899963378906,463.010009765625,441.6700134277344,458.9599914550781,95656700
2025-12-15 00:00:00-05:00,TSLA,469.44000244140625,481.7699890136719,467.6600036621094,475.30999755859375,114542200
2025-12-16 00:00:00-05:00,TSLA,472.2099914550781,491.5,465.8299865722656,489.8800048828125,107608100
2025-12-17 00:00:00-05:00,TSLA,488.2200012207031,495.2799987792969,466.20001220703125,467.260009765625,106490400
2025-12-18 00:00:00-05:00,TSLA,478.1600036621094,490.8599853515625,473.1199951171875,483.3699951171875,95168400
2025-12-19 00:00:00-05:00,TSLA,488.1199951171875,490.489990234375,474.7200012207031,481.20001220703125,103305400
2025-12-22 00:00:00-05:00,TSLA,489.8800048828125,498.8299865722656,485.3299865722656,488.7300109863281,86916100
2025-12-23 00:00:00-05:00,TSLA,489.3999938964844,491.9700012207031,482.8399963378906,485.55999755859375,58223600
2025-12-24 00:00:00-05:00,TSLA,488.4800109863281,490.8999938964844,476.79998779296875,485.3999938964844,41285400
2025-12-26 00:00:00-05:00,TSLA,485.2300109863281,489.0899963378906,473.82000732421875,475.19000244140625,58780700
2025-12-29 00:00:00-05:00,TSLA,469.0,469.3999938964844,459.0,459.6400146484375,66263000
2025-12-30 00:00:00-05:00,TSLA,461.0899963378906,463.1199951171875,453.8299865722656,454.42999267578125,59238500
2023-01-03 00:00:00-05:00,NVDA,14.818075144951218,14.962754136499147,14.064748866809973,14.283263206481934,401277000
2023-01-04 00:00:00-05:00,NVDA,14.534704309371103,14.820069526606867,14.209426861493185,14.716300010681152,431324000
2023-01-05 00:00:00-05:00,NVDA,14.458873382334806,14.531711494421922,14.116633408077806,14.23337459564209,389168000
2023-01-06 00:00:00-05:00,NVDA,14.441909831289994,14.976721722809424,14.002885769126838,14.826056480407715,405044000
2023-01-09 00:00:00-05:00,NVDA,15.25011511747284,16.020402921173815,15.107431553171974,15.593352317810059,504231000
2023-01-10 00:00:00-05:00,NVDA,15.472618665402736,15.926609787228095,15.437696417809999,15.873727798461914,384101000
2023-01-11 00:00:00-05:00,NVDA,15.804882316459198,15.992465239813418,15.528496008879637,15.965524673461914,353285000
2023-01-12 00:00:00-05:00,NVDA,16.064305755567425,16.60011394726638,15.457652972865747,16.474393844604492,551409000
2023-01-13 00:00:00-05:00,NVDA,16.241910621869895,16.884483841910928,16.129162184625386,16.861534118652344,447287000
2023-01-17 00:00:00-05:00,NVDA,16.861533003782395,17.688695480685343,16.861533003782395,17.662752151489258,511102000
2023-01-18 00:00:00-05:00,NVDA,17.627830325283927,17.83337297862017,17.243683680111356,17.33847427368164,439624000
2023-01-19 00:00:00-05:00,NVDA,16.998229980422312,17.158874241400532,16.693907773124163,16.72783088684082,452932000
2023-01-20 00:00:00-05:00,NVDA,16.973284656262667,17.816412427942808,16.787698117134013,17.799449920654297,564967000
2023-01-23 00:00:00-05:00,NVDA,18.023952936401,19.202336426570977,17.778499909823832,19.15045166015625,655163000
2023-01-24 00:00:00-05:00,NVDA,18.785259468912272,19.45177965907979,18.778275018636265,19.222288131713867,496204000
2023-01-25 00:00:00-05:00,NVDA,18.871066291562546,19.32705376410107,18.538804434903298,19.2801570892334,449537000
2023-01-26 00:00:00-05:00,NVDA,19.657322688857523,20.121291926493868,19.235260153653364,19.758098602294922,489535000
2023-01-27 00:00:00-05:00,NVDA,19.418852978689333,20.582268342414245,19.36198013839365,20.31985092163086,542142000
2023-01-30 00:00:00-05:00,NVDA,19.905769395745818,20.09534677439952,19.10754194271611,19.119516372680664,488611000
2023-01-31 00:00:00-05:00,NVDA,19.127499744923487,19.643353741949113,18.90798817511003,19.49368667602539,498017000
2023-02-01 00:00:00-05:00,NVDA,19.647346873400746,21.14501874822768,19.56752430206783,20.89657211303711,660477000
2023-02-02 00:00:00-05:00,NVDA,20.953443700486602,21.900339205368454,20.654109551727693,21.660871505737305,564276000
2023-02-03 00:00:00-05:00,NVDA,20.95344207269312,21.696791212168588,20.74290942748652,21.053220748901367,429366000
2023-02-06 00:00:00-05:00,NVDA,20.759870457178742,21.522176520252494,20.73991434273434,21.04224395751953,452197000
2023-02-07 00:00:00-05:00,NVDA,21.334595540764557,22.209652016752774,21.10310954039303,22.123842239379883,664150000
2023-02-08 00:00:00-05:00,NVDA,22.33736696829217,22.827279543884256,21.959207503696422,22.155771255493164,559651000
2023-02-09 00:00:00-05:00,NVDA,22.55588404014392,22.968965772411735,22.07096142740167,22.287479400634766,523876000
2023-02-10 00:00:00-05:00,NVDA,21.641912436236254,22.02905079986804,20.76486152389426,21.217853546142578,550737000
2023-02-13 00:00:00-05:00,NVDA,21.490248862723064,21.999118385629707,20.915525681631326,21.739694595336914,474919000
2023-02-14 00:00:00-05:00,NVDA,21.53016116062426,22.997900655540672,21.318631266584543,22.920074462890625,675474000
2023-02-15 00:00:00-05:00,NVDA,22.499006113761624,22.804327433692144,22.056989406086455,22.713529586791992,420575000
2023-02-16 00:00:00-05:00,NVDA,22.08393238042942,22.50000774301944,21.87838968971364,21.953224182128906,412026000
2023-02-17 00:00:00-05:00,NVDA,21.58304317749563,21.691800771351655,20.92849743532747,21.3405818939209,465888000
2023-02-21 00:00:00-05:00,NVDA,20.953441579866375,21.44634583081081,20.5722885301492,20.609207153320312,410015000
2023-02-22 00:00:00-05:00,NVDA,20.66109585965175,21.05721512005145,20.375728683689406,20.707990646362305,513184000
2023-02-23 00:00:00-05:00,NVDA,23.388035501899783,23.835042267919597,22.97395461774742,23.61153793334961,1117995000
2023-02-24 00:00:00-05:00,NVDA,23.17350751127071,23.421955993730073,22.89612399551086,23.234371185302734,589716000
2023-02-27 00:00:00-05:00,NVDA,23.61752427082776,23.8270577925176,23.40200353334105,23.448898315429688,452994000
2023-02-28 00:00:00-05:00,NVDA,23.32018024556822,23.77217689153847,23.154547928957133,23.164525985717773,455963000
2023-03-01 00:00:00-05:00,NVDA,23.140580708274207,23.204439895549427,22.45809718193452,22.647676467895508,460026000
2023-03-02 00:00:00-05:00,NVDA,22.438141191549914,23.328161772407864,22.382263693443218,23.26230812072754,389415000
2023-03-03 00:00:00-05:00,NVDA,23.268298244670323,23.8470122834048,23.07871895003249,23.837034225463867,412393000
2023-03-06 00:00:00-05:00,NVDA,23.838034225602097,24.19424120106475,23.434928663312892,23.501781463623047,437429000
2023-03-07 00:00:00-05:00,NVDA,23.5516758916116,24.07560049580581,23.193409839893587,23.240314483642578,515154000
2023-03-08 00:00:00-05:00,NVDA,23.438909531706024,24.150450902284962,23.376038799236685,24.131488800048828,513573000
2023-03-09 00:00:00-05:00,NVDA,24.125499097663184,24.403929057492398,23.33512096029611,23.38801383972168,501257000
2023-03-10 00:00:00-05:00,NVDA,23.36106747628327,23.57862150456227,22.679465442665016,22.91797637939453,474866000
2023-03-13 00:00:00-04:00,NVDA,22.70541520633813,23.250296778148737,22.251346912588748,22.918975830078125,421890000
2023-03-14 00:00:00-04:00,NVDA,23.447890629973315,24.169409811888126,23.411963139447696,24.013729095458984,474910000
2023-03-15 00:00:00-04:00,NVDA,23.712347660414334,24.23627231190452,23.312169659954225,24.17839241027832,524486000
2023-03-16 00:00:00-04:00,NVDA,23.97780109757633,25.535603606038674,23.845072112678007,25.48870086669922,583253000
2023-03-17 00:00:00-04:00,NVDA,25.928800789668877,26.34494677671912,25.615442640620632,25.672327041625977,848547000
2023-03-20 00:00:00-04:00,NVDA,25.56255140531931,25.970714347329455,25.07854386503028,25.846967697143555,432747000
2023-03-21 00:00:00-04:00,NVDA,26.126398838719393,26.337964679003704,25.329034940797325,26.14535903930664,547408000
2023-03-22 00:00:00-04:00,NVDA,26.370891881444173,27.53250995771594,26.183277100976117,26.41380500793457,797295000
2023-03-23 00:00:00-04:00,NVDA,27.05948178238723,27.442696318613994,26.635352731683053,27.135326385498047,564889000
2023-03-24 00:00:00-04:00,NVDA,26.975651684052345,27.111372891793874,26.301035262211116,26.724166870117188,454920000
2023-03-27 00:00:00-04:00,NVDA,26.782050151047695,26.944716509158773,26.3110164665487,26.47667694091797,361026000
2023-03-28 00:00:00-04:00,NVDA,26.392851412554858,26.4587162651786,25.797073622443282,26.355926513671875,356104000
2023-03-29 00:00:00-04:00,NVDA,26.770074250919894,27.02255456693602,26.542540461107045,26.928747177124023,393694000
2023-03-30 00:00:00-04:00,NVDA,27.17324699449219,27.44269460926943,27.04650622795167,27.32693099975586,364516000
2023-03-31 00:00:00-04:00,NVDA,27.08442659853217,27.77700578403353,27.049498418004845,27.720123291015625,433933000
2023-04-03 00:00:00-04:00,NVDA,27.45267583533266,27.942669731519793,27.28002971948546,27.90774154663086,398716000
2023-04-04 00:00:00-04:00,NVDA,27.908737736009,27.94266851512213,27.25108667754047,27.396787643432617,368592000
2023-04-05 00:00:00-04:00,NVDA,26.774064682882994,26.942717354778598,26.340953337844432,26.825958251953125,515015000
2023-04-06 00:00:00-04:00,NVDA,26.529564526400943,27.024549174224266,26.372886420842022,26.981637954711914,397654000
2023-04-10 00:00:00-04:00,NVDA,26.76807521785466,27.56444150970001,26.614391229529172,27.52252769470215,395279000
2023-04-11 00:00:00-04:00,NVDA,27.667232866582555,27.733097708803008,27.07045586293639,27.11336898803711,314378000
2023-04-12 00:00:00-04:00,NVDA,27.313960457156856,27.4117593746922,26.39384737924561,26.440752029418945,446259000
2023-04-13 00:00:00-04:00,NVDA,26.67925655636213,26.831943139385213,26.275087085274208,26.408811569213867,353615000
2023-04-14 00:00:00-04:00,NVDA,26.449729310820583,26.82795296952223,26.166310441978037,26.703208923339844,395660000
2023-04-17 00:00:00-04:00,NVDA,26.510603252147177,26.95070019905627,26.3788735796498,26.94670867919922,321471000
2023-04-18 00:00:00-04:00,NVDA,27.476621360356017,28.052439497008624,27.300981163341596,27.6103458404541,604812000
2023-04-19 00:00:00-04:00,NVDA,27.304973482039863,27.942664953460447,27.176237922113327,27.87380599975586,358660000
2023-04-20 00:00:00-04:00,NVDA,27.614340416338198,27.972606485594795,26.944714827313312,27.04850196838379,427713000
2023-04-21 00:00:00-04:00,NVDA,26.896811075410813,27.12733896388513,26.667282494525807,27.06346893310547,345103000
2023-04-24 00:00:00-04:00,NVDA,26.957689535565127,27.309965480209698,26.61638884445198,26.986629486083984,339282000
2023-04-25 00:00:00-04:00,NVDA,27.02255529680181,27.191209883551597,26.17130312906319,26.18726921081543,378527000
2023-04-26 00:00:00-04:00,NVDA,26.94671176186849,27.274039268907778,26.65031901312097,26.90080451965332,406337000
2023-04-27 00:00:00-04:00,NVDA,27.306972360442714,27.43870204664904,26.57048262204744,27.170251846313477,377161000
2023-04-28 00:00:00-04:00,NVDA,27.169255299832017,27.701162985929276,27.015569392110717,27.692182540893555,292216000
2023-05-01 00:00:00-04:00,NVDA,27.782998298498846,28.99850487853989,27.723121680285786,28.850807189941406,570329000
2023-05-02 00:00:00-04:00,NVDA,28.621273856351937,28.776954560836412,28.025496178380074,28.15223503112793,402730000
2023-05-03 00:00:00-04:00,NVDA,27.782997527115576,28.308918916724693,27.415750979636734,27.745075225830078,383387000
2023-05-04 00:00:00-04:00,NVDA,27.594382208198148,27.80195650009337,27.184224452575453,27.505565643310547,321850000
2023-05-05 00:00:00-04:00,NVDA,27.76902536331952,28.696122147897874,27.67422056486533,28.62127685546875,361494000
2023-05-08 00:00:00-04:00,NVDA,28.46360244125181,29.160173286474592,28.291955620185565,29.0913143157959,344979000
2023-05-09 00:00:00-04:00,NVDA,28.839830211659567,28.91367810469715,28.391750121433198,28.512500762939453,314869000
2023-05-10 00:00:00-04:00,NVDA,28.945606561729885,29.053387119106517,28.402721772055823,28.82585334777832,369350000
2023-05-11 00:00:00-04:00,NVDA,28.836833229798795,28.89072351358173,28.18816453314951,28.51948356628418,322149000
2023-05-12 00:00:00-04:00,NVDA,28.470585077894096,28.721072500751447,27.988574237391727,28.281972885131836,274222000
2023-05-15 00:00:00-04:00,NVDA,28.449628270125718,28.90968479771039,28.09435819789657,28.89371681213379,293926000
2023-05-16 00:00:00-04:00,NVDA,28.781944947212995,29.808839206478215,28.77296450239682,29.153182983398438,449405000
2023-05-17 00:00:00-04:00,NVDA,29.52342540212538,30.13716594058163,29.369741392303435,30.116209030151367,432535000
2023-05-18 00:00:00-04:00,NVDA,30.347734802848134,31.762830690352914,30.25791892725925,31.61313819885254,748725000
2023-05-19 00:00:00-04:00,NVDA,31.471424084571897,31.515334611569322,30.852694703812897,31.199981689453125,473908000
2023-05-22 00:00:00-04:00,NVDA,30.83772890145582,31.45546287720747,30.617182635048753,31.112167358398438,372000000
2023-05-23 00:00:00-04:00,NVDA,30.936521612122302,31.223931984014826,30.56827772744353,30.625160217285156,356253000
2023-05-24 00:00:00-04:00,NVDA,30.14814396527104,30.54433236973777,29.744971827236576,30.475473403930664,721419000
2023-05-25 00:00:00-04:00,NVDA,38.4441283049537,39.399169710914755,36.55999323619556,37.90224075317383,1543911000
2023-05-26 00:00:00-04:00,NVDA,37.812419131021514,39.08979709643769,37.47311513309701,38.86625671386719,714397000
2023-05-30 00:00:00-04:00,NVDA,40.51188361880298,41.852132355940626,39.867206384616175,40.028873443603516,923401000
2023-05-31 00:00:00-04:00,NVDA,39.40714336242504,40.21249015793831,37.74455429743757,37.75653076171875,1002580000
2023-06-01 00:00:00-04:00,NVDA,38.410189027460895,39.967993574032356,38.2614958531395,39.688568115234375,635873000
2023-06-02 00:00:00-04:00,NVDA,40.01490294369922,40.417077693745,38.97802879731639,39.24647903442383,482731000
2023-06-05 00:00:00-04:00,NVDA,38.82932905392205,39.48398404045427,38.627743010740026,39.09079360961914,396094000
2023-06-06 00:00:00-04:00,NVDA,38.750494112150655,39.0798164296081,38.069887549884086,38.574851989746094,388729000
2023-06-07 00:00:00-04:00,NVDA,38.8393365135724,39.42220064737449,37.28336583715142,37.40213394165039,511998000
2023-06-08 00:00:00-04:00,NVDA,37.650652361661095,38.78843525380602,37.43208020342754,38.435123443603516,417772000
2023-06-09 00:00:00-04:00,NVDA,38.961101220453585,39.633790585447805,38.49201760502022,38.69462203979492,427717000
2023-06-12 00:00:00-04:00,NVDA,39.12378209838564,39.45313848189554,38.542912981212005,39.40523147583008,388701000
2023-06-13 00:00:00-04:00,NVDA,40.107864800357326,41.0210866253636,39.66273283742683,40.942237854003906,613208000
2023-06-14 00:00:00-04:00,NVDA,40.744627187256896,42.91639507972652,40.47315286932789,42.91340255737305,740465000
2023-06-15 00:00:00-04:00,NVDA,42.519176450195246,43.20484109231197,42.06505921158456,42.57007598876953,568622000
2023-06-16 00:00:00-04:00,NVDA,43.3655191410193,43.63599213320871,42.5780517641451,42.60899353027344,655709000
2023-06-20 00:00:00-04:00,NVDA,42.91439764756023,43.90446942443079,42.59102630942327,43.72282028198242,451153000
2023-06-21 00:00:00-04:00,NVDA,43.416422222584046,43.53020280046162,41.998187390967416,42.961307525634766,551603000
2023-06-22 00:00:00-04:00,NVDA,42.170846843287116,43.341566542076215,42.15188658669768,42.941349029541016,417737000
2023-06-23 00:00:00-04:00,NVDA,42.38143932936339,42.725765968157205,41.9333109957247,42.12693405151367,358140000
2023-06-26 00:00:00-04:00,NVDA,42.378435975213705,42.68084821314237,40.02202672023089,40.55299377441406,594322000
2023-06-27 00:00:00-04:00,NVDA,40.71967665079335,41.85845711307234,40.36936115095312,41.79458236694336,462175000
2023-06-28 00:00:00-04:00,NVDA,40.58094002022697,41.76363726159132,40.43921783251657,41.037052154541016,582639000
2023-06-29 00:00:00-04:00,NVDA,41.47719909021722,41.51911724853508,40.52106150883683,40.74263000488281,380514000
2023-06-30 00:00:00-04:00,NVDA,41.5989647398468,42.467272192490576,41.420311904436474,42.21975326538086,501148000
2023-07-03 00:00:00-04:00,NVDA,42.434329951938,42.814589668673115,42.11994379587202,42.33053207397461,198209000
2023-07-05 00:00:00-04:00,NVDA,42.053076792694064,43.09305068763653,42.00317476731274,42.23472595214844,323618000
2023-07-06 00:00:00-04:00,NVDA,41.76264574505463,42.096993500956245,41.2656128948708,42.021141052246094,303582000
2023-07-07 00:00:00-04:00,NVDA,42.239712723775206,43.129980526432945,42.097990517388034,42.42036056518555,355881000
2023-07-10 00:00:00-04:00,NVDA,42.57406572515449,42.727765640952,41.568022298100566,42.097991943359375,353908000
2023-07-11 00:00:00-04:00,NVDA,42.39839653240351,42.67485834432988,41.985203882736315,42.32254409790039,298244000
2023-07-12 00:00:00-04:00,NVDA,42.94932537767914,43.84957190915323,42.693822639384614,43.81663513183594,481277000
2023-07-13 00:00:00-04:00,NVDA,44.43144469055369,46.06525908080091,44.405494267990946,45.88760757446289,478204000
2023-07-14 00:00:00-04:00,NVDA,46.492428621249765,47.99450350820883,44.972390985691305,45.38059616088867,772075000
2023-07-17 00:00:00-04:00,NVDA,46.19899623861634,46.40559066754623,45.17399273078662,46.37065887451172,510488000
2023-07-18 00:00:00-04:00,NVDA,46.610203412946326,47.80287977104107,45.64508441337884,47.40166091918945,569164000
2023-07-19 00:00:00-04:00,NVDA,47.37171073363014,47.7250225002053,46.65111448328101,46.9854621887207,427502000
2023-07-20 00:00:00-04:00,NVDA,46.416580046967034,46.9954542258262,44.974389752029424,45.43149948120117,537865000
2023-07-21 00:00:00-04:00,NVDA,45.698975360580505,45.77682663388391,44.014257511133955,44.22285079956055,963769000
2023-07-24 00:00:00-04:00,NVDA,44.64402903720118,45.02129625877823,43.95437445925072,44.52526092529297,382516000
2023-07-25 00:00:00-04:00,NVDA,44.85361925028961,46.09320109466631,44.83565269586211,45.59018325805664,348081000
2023-07-26 00:00:00-04:00,NVDA,45.93151847506049,45.96345774796509,44.54322423850326,45.363624572753906,364237000
2023-07-27 00:00:00-04:00,NVDA,46.42855262404122,47.30284884094631,45.66104681024001,45.81075668334961,455976000
2023-07-28 00:00:00-04:00,NVDA,46.57726209617673,46.93556524542494,46.29082136263418,46.65910339355469,331194000
2023-07-31 00:00:00-04:00,NVDA,46.66309836248381,47.038366761861774,46.41557944946755,46.638145446777344,251055000
2023-08-01 00:00:00-04:00,NVDA,46.369666884333206,46.8088138287661,45.93751010661882,46.41657638549805,237858000
2023-08-02 00:00:00-04:00,NVDA,45.74188936339505,45.750870737209425,43.302641133046315,44.182926177978516,530142000
2023-08-03 00:00:00-04:00,NVDA,43.71483401069051,45.030272068122756,43.71483401069051,44.428443908691406,324176000
2023-08-04 00:00:00-04:00,NVDA,44.897535492129286,45.55325576078865,44.30668747221976,44.5931282043457,362666000
2023-08-07 00:00:00-04:00,NVDA,45.02328481487745,45.45145150662656,44.47635002825804,45.32868957519531,322154000
2023-08-08 00:00:00-04:00,NVDA,44.765791580742274,45.154035175235585,43.97034032891443,44.5771598815918,353843000
2023-08-09 00:00:00-04:00,NVDA,44.18791316298273,44.2258412871121,42.05207472701769,42.47126007080078,586449000
2023-08-10 00:00:00-04:00,NVDA,42.07802282876671,43.48927487176825,41.753654005905524,42.305580139160156,492705000
2023-08-11 00:00:00-04:00,NVDA,41.66981614067662,41.93629907044149,40.5599788718329,40.77555847167969,533085000
2023-08-14 00:00:00-04:00,NVDA,40.40728777661957,43.71484392430669,40.23262877049562,43.66793441772461,690286000
2023-08-15 00:00:00-04:00,NVDA,44.47335805342104,45.17998158741425,43.62500852532823,43.85456085205078,676512000
2023-08-16 00:00:00-04:00,NVDA,44.43343721611258,44.588134620821634,43.321601018047524,43.40144729614258,527451000
2023-08-17 00:00:00-04:00,NVDA,43.88451365983629,43.976333846961566,42.917395846957874,43.25973129272461,452395000
2023-08-18 00:00:00-04:00,NVDA,42.55209903416188,43.49326626137414,41.57899634242321,43.21480941772461,583768000
2023-08-21 00:00:00-04:00,NVDA,44.4074878070853,46.9734880439128,44.13601730847926,46.87567901611328,692573000
2023-08-22 00:00:00-04:00,NVDA,48.04141091720703,48.09331176452581,45.24486061801989,45.57920837402344,755293000
2023-08-23 00:00:00-04:00,NVDA,45.77682161070316,47.10822748349232,45.12010004821166,47.024391174316406,779046000
2023-08-24 00:00:00-04:00,NVDA,50.11836604551162,50.16826807045973,47.06731047667301,47.0713005065918,1156044000
2023-08-25 00:00:00-04:00,NVDA,46.92059855717943,47.71205604609622,44.93646092899701,45.928531646728516,925341000
2023-08-28 00:00:00-04:00,NVDA,46.39162792536596,46.88866080793937,44.80072902830529,46.74394226074219,685192000
2023-08-29 00:00:00-04:00,NVDA,46.575266020642104,48.985571364963455,46.30079918990067,48.68914794921875,701397000
2023-08-30 00:00:00-04:00,NVDA,48.94863943193041,49.82992198159772,48.330843509784565,49.168212890625,735206000
2023-08-31 00:00:00-04:00,NVDA,49.28399374905417,49.64728445636799,48.86281334141854,49.25904083251953,528570000
2023-09-01 00:00:00-04:00,NVDA,49.665238548597735,49.7031628603495,48.04838590640615,48.4146728515625,463830000
2023-09-05 00:00:00-04:00,NVDA,48.129240595849275,48.75602175102256,47.76694740479326,48.453609466552734,382653000
2023-09-06 00:00:00-04:00,NVDA,48.35079314460042,48.4585899209421,46.49325871140174,46.97336196899414,468670000
2023-09-07 00:00:00-04:00,NVDA,45.44023319735737,46.257708449088824,45.067926633125616,46.15489959716797,433330000
2023-09-08 00:00:00-04:00,NVDA,45.8564505879392,46.51921177692775,45.18669865684588,45.48713684082031,473069000
2023-09-11 00:00:00-04:00,NVDA,46.062063171640766,46.07703462980452,44.229483586598796,45.0938720703125,473966000
2023-09-12 00:00:00-04:00,NVDA,44.654687644477335,45.58794785369134,44.448072389819984,44.786441802978516,349256000
2023-09-13 00:00:00-04:00,NVDA,44.516948715229006,45.844473946840324,44.420129217307256,45.40030288696289,398355000
2023-09-14 00:00:00-04:00,NVDA,45.86443278415264,45.90136263395265,45.0469576802591,45.49612045288086,370097000
2023-09-15 00:00:00-04:00,NVDA,45.25656332752661,45.514082288276775,43.726417212467545,43.8182487487793,506831000
2023-09-18 00:00:00-04:00,NVDA,42.66840557284806,44.15962327078049,41.92179723034894,43.88413619995117,500271000
2023-09-19 00:00:00-04:00,NVDA,43.751381753727316,43.88413352477652,42.92192782259573,43.43896484375,373064000
2023-09-20 00:00:00-04:00,NVDA,43.51881278602881,43.82124998391259,42.14437793528599,42.16034698486328,367108000
2023-09-21 00:00:00-04:00,NVDA,41.505568360727295,42.021603947761406,40.903690569058845,40.94062042236328,450736000
2023-09-22 00:00:00-04:00,NVDA,41.494589042058344,42.0365810200349,41.154224400495224,41.53252029418945,479236000
2023-09-25 00:00:00-04:00,NVDA,41.51355366859355,42.4567936946112,41.1003231092512,42.14337921142578,419091000
2023-09-26 00:00:00-04:00,NVDA,41.92278314195725,42.740258203916966,41.57742680988832,41.832950592041016,402282000
2023-09-27 00:00:00-04:00,NVDA,42.251172512537835,42.792162986782856,41.55147774107708,42.388912200927734,444935000
2023-09-28 00:00:00-04:00,NVDA,42.38093203987961,43.36509601724836,42.036577072071424,43.00876235961914,424663000
2023-09-29 00:00:00-04:00,NVDA,43.74539144535937,44.061802514667,43.226359256277895,43.41800308227539,397830000
2023-10-02 00:00:00-04:00,NVDA,43.948009813372195,45.09087814744479,43.77932579033049,44.698612213134766,433298000
2023-10-03 00:00:00-04:00,NVDA,44.7245629218231,45.045965740925496,43.16547120468859,43.43596649169922,470850000
2023-10-04 00:00:00-04:00,NVDA,43.6605451941074,44.06079943552314,43.21138241263282,43.958988189697266,361821000
2023-10-05 00:00:00-04:00,NVDA,43.96796969540584,44.816389117042256,43.80627261934712,44.60478210449219,393483000
2023-10-06 00:00:00-04:00,NVDA,44.11070969679084,45.70373848025028,43.9440208476475,45.676788330078125,434436000
2023-10-09 00:00:00-04:00,NVDA,44.75850060605626,45.520080342411596,44.28538419676615,45.188697814941406,409675000
2023-10-10 00:00:00-04:00,NVDA,45.225636261945006,46.17286677038151,45.00404949375793,45.71272659301758,368582000
2023-10-11 00:00:00-04:00,NVDA,46.109976834306515,46.77174426177856,45.96424879463127,46.718841552734375,378137000
2023-10-12 00:00:00-04:00,NVDA,46.68989946190785,47.52035097000379,46.243733198035265,46.85758590698242,481325000
2023-10-13 00:00:00-04:00,NVDA,46.87255982126832,47.02827139098628,45.19568766753486,45.37635040283203,474115000
2023-10-16 00:00:00-04:00,NVDA,44.97909066386404,46.13892572569301,44.82837085700402,46.00917053222656,375099000
2023-10-17 00:00:00-04:00,NVDA,43.918066921379186,44.670664500769895,42.40089687991119,43.85618209838867,812333000
2023-10-18 00:00:00-04:00,NVDA,42.51168892025405,43.13852165493323,41.74711648202066,42.11742401123047,627294000
2023-10-19 00:00:00-04:00,NVDA,42.731286777485096,43.216381906827145,41.8040157217801,42.02260971069336,501233000
2023-10-20 00:00:00-04:00,NVDA,41.81199826924351,42.39092011000652,41.00150997673177,41.3099365234375,477266000
2023-10-23 00:00:00-04:00,NVDA,41.15222663549808,43.16746801501632,40.86875508234883,42.89497375488281,478530000
2023-10-24 00:00:00-04:00,NVDA,42.996784415979555,43.615628825296106,42.611505424258,43.58169174194336,401463000
2023-10-25 00:00:00-04:00,NVDA,43.31718712471628,43.56872058494652,41.477620479123594,41.701202392578125,398379000
2023-10-26 00:00:00-04:00,NVDA,41.77507276787604,42.1773222832792,39.80574680651837,40.25091552734375,541001000
2023-10-27 00:00:00-04:00,NVDA,41.0534152286562,41.12927392659706,39.94048973150051,40.42458724975586,416784000
2023-10-30 00:00:00-04:00,NVDA,41.010490884180456,41.688223517144955,40.40561655584123,41.0843505859375,388028000
2023-10-31 00:00:00-04:00,NVDA,40.37467609597359,40.80287807912132,39.15694672159714,40.70405960083008,517969000
2023-11-01 00:00:00-04:00,NVDA,40.80786677095721,42.30208077870125,40.79289531240805,42.246185302734375,437593000
2023-11-02 00:00:00-04:00,NVDA,43.24732164549146,43.802286120371775,42.81413164942189,43.424991607666016,409172000
2023-11-03 00:00:00-04:00,NVDA,43.93803330221259,45.22463078266812,43.641585445769095,44.921199798583984,424610000
2023-11-06 00:00:00-05:00,NVDA,45.200681510034094,45.8494727665492,44.815398638194424,45.66581344604492,400733000
2023-11-07 00:00:00-05:00,NVDA,45.63387372397261,46.13194133469671,45.07391747451028,45.86943435668945,343165000
2023-11-08 00:00:00-05:00,NVDA,46.014157765591044,46.77973167159943,45.882403587242706,46.48727798461914,346719000
2023-11-09 00:00:00-05:00,NVDA,47.3786111235174,48.14019083451283,46.662947187934414,46.86257553100586,540496000
2023-11-10 00:00:00-05:00,NVDA,47.411547124751294,48.38173722144184,47.194952159011976,48.244991302490234,421245000
2023-11-13 00:00:00-05:00,NVDA,48.230024106474055,49.02454332437156,48.00943495548385,48.52946472167969,384136000
2023-11-14 00:00:00-05:00,NVDA,49.58749116388393,49.74120373030796,48.948683517262864,49.563533782958984,416954000
2023-11-15 00:00:00-05:00,NVDA,49.84201782618033,49.86696898933371,48.11024794590893,48.796966552734375,475497000
2023-11-16 00:00:00-05:00,NVDA,48.588356005845505,49.432781344923285,48.240006851203624,49.38786315917969,339756000
2023-11-17 00:00:00-05:00,NVDA,49.431776726847154,49.62441812223873,48.9157411685867,49.206199645996094,325205000
2023-11-20 00:00:00-05:00,NVDA,49.22018224237135,50.45388089415767,49.08942564411514,50.31513977050781,414120000
2023-11-21 00:00:00-05:00,NVDA,50.032654396209196,50.42292511523791,49.13033850268946,49.85099411010742,565747000
2023-11-22 00:00:00-05:00,NVDA,49.7591723537565,50.2412708632355,47.6011956303171,48.62528610229492,899420000
2023-11-24 00:00:00-05:00,NVDA,48.37974638442562,48.829906801279186,47.656094105123046,47.68703842163086,294645000
2023-11-27 00:00:00-05:00,NVDA,47.71098998988454,48.4396301867081,47.5632667713432,48.15216827392578,395662000
2023-11-28 00:00:00-05:00,NVDA,48.14617697047183,48.233016759843025,47.38459731024166,47.73194885253906,401491000
2023-11-29 00:00:00-05:00,NVDA,48.288918833586436,48.67120510025969,47.770884217997974,48.05036163330078,382005000
2023-11-30 00:00:00-05:00,NVDA,47.934577593167546,48.02041980667685,46.33556313621097,46.68291473388672,526247000
2023-12-01 00:00:00-05:00,NVDA,46.43837031596677,47.11211268040661,46.10099843511436,46.677921295166016,369317000
2023-12-04 00:00:00-05:00,NVDA,45.99119649745045,45.99119649745045,44.92618209165027,45.42525100708008,437543000
2023-12-05 00:00:00-05:00,NVDA,45.385325095795785,46.51731180808335,45.19067140687653,46.483375549316406,371718000
2023-12-06 00:00:00-05:00,NVDA,47.13122440124437,47.30292009715476,45.331422145943435,45.42226028442383,380590000
2023-12-07 00:00:00-05:00,NVDA,45.6189146142351,46.54626712955494,45.52308427817849,46.51332473754883,350823000
2023-12-08 00:00:00-05:00,NVDA,46.51232804934258,47.65629461849747,46.467405912391875,47.42171096801758,359224000
2023-12-11 00:00:00-05:00,NVDA,47.40673492251671,47.446661054028745,45.74868283771919,46.54426574707031,509728000
2023-12-12 00:00:00-05:00,NVDA,45.96430689603469,47.581431635575925,45.96430689603469,47.57244873046875,372387000
2023-12-13 00:00:00-05:00,NVDA,47.544488916025955,48.50777677637629,47.52352626972847,48.0026741027832,447792000
2023-12-14 00:00:00-05:00,NVDA,48.30413968812158,48.58364165791398,47.337858729747325,48.26420974731445,391232000
2023-12-15 00:00:00-05:00,NVDA,48.10848518903452,49.31633726064535,48.034615184125286,48.80324935913086,479948000
2023-12-18 00:00:00-05:00,NVDA,49.312347036005846,50.34351123549537,49.06279063158867,49.98814392089844,412587000
2023-12-19 00:00:00-05:00,NVDA,49.33630646675969,49.61181773302037,48.80824574504592,49.515987396240234,464444000
2023-12-20 00:00:00-05:00,NVDA,49.5668939044448,49.91028529819524,48.012657344636494,48.025634765625,397894000
2023-12-21 00:00:00-05:00,NVDA,48.72439672866285,49.00789323083867,48.33309014213933,48.903079986572266,300425000
2023-12-22 00:00:00-05:00,NVDA,49.10770498591239,49.29537111268927,48.380996155276534,48.74335479736328,252507000
2023-12-26 00:00:00-05:00,NVDA,48.881117433977685,49.51199608268566,48.87313220671744,49.191566467285156,244200000
2023-12-27 00:00:00-05:00,NVDA,49.42315398247824,49.59185284551433,48.997907338293054,49.32931900024414,233648000
2023-12-28 00:00:00-05:00,NVDA,49.55491912329638,49.79548883206165,49.324326187941345,49.43413162231445,246587000
2023-12-29 00:00:00-05:00,NVDA,49.72461566156116,49.90829110638661,48.664499712290464,49.43413162231445,389293000
2024-01-02 00:00:00-05:00,NVDA,49.15661415682714,49.207522345486765,47.510542105601374,48.082523345947266,411254000
2024-01-03 00:00:00-05:00,NVDA,47.40074566328975,48.09850289557728,47.23603751691528,47.484596252441406,320896000
2024-01-04 00:00:00-05:00,NVDA,47.68223745143227,48.41393847495404,47.42369816486742,47.9128303527832,306535000
2024-01-05 00:00:00-05:00,NVDA,48.37601604637922,49.459090025386296,48.22029079492016,49.0098876953125,415039000
2024-01-08 00:00:00-05:00,NVDA,49.424155596522276,52.18225389964643,49.39121320158821,52.1602897644043,642510000
2024-01-09 00:00:00-05:00,NVDA,52.30802809263291,54.22861420741035,51.598287244233845,53.04571533203125,773100000
2024-01-10 00:00:00-05:00,NVDA,53.52087170860792,54.50312317370562,53.39409433002728,54.25356674194336,533796000
2024-01-11 00:00:00-05:00,NVDA,54.9014078742,55.24779226380535,53.46496212237643,54.7247200012207,596759000
2024-01-12 00:00:00-05:00,NVDA,54.523086018906326,54.87246729450568,54.23360346337735,54.6129264831543,352994000
2024-01-16 00:00:00-05:00,NVDA,54.92038130782368,56.73415487746208,54.80259064863885,56.281959533691406,449580000
2024-01-17 00:00:00-05:00,NVDA,56.24702551752996,56.370806056804064,54.64287831771136,55.953548431396484,474394000
2024-01-18 00:00:00-05:00,NVDA,57.15840086229008,57.497797746406825,56.00744677307047,57.005672454833984,491650000
2024-01-19 00:00:00-05:00,NVDA,57.88610325059809,59.39442372974931,57.12345894632279,59.385440826416016,543501000
2024-01-22 00:00:00-05:00,NVDA,59.942452516713104,60.223953645882176,58.96518950299891,59.548152923583984,452955000
2024-01-23 00:00:00-05:00,NVDA,59.46430561582059,59.803702511682395,58.48105267598879,59.76676940917969,294654000
2024-01-24 00:00:00-05:00,NVDA,60.19699530070834,62.737477534813706,59.83164361691738,61.253116607666016,560271000
2024-01-25 00:00:00-05:00,NVDA,62.239368666397,62.607717226695215,60.742030169454694,61.50767135620117,482777000
2024-01-26 00:00:00-05:00,NVDA,60.8518296270528,61.673371126647396,60.46551910494396,60.92270278930664,390309000
2024-01-29 00:00:00-05:00,NVDA,61.12335021592604,62.37811980223714,60.798929932553925,62.354164123535156,348733000
2024-01-30 00:00:00-05:00,NVDA,62.788396424260334,63.38034275629544,62.14952879417416,62.66261672973633,410735000
2024-01-31 00:00:00-05:00,NVDA,61.330983989988475,62.15851544921119,60.59229912426738,61.41783142089844,453795000
2024-02-01 00:00:00-05:00,NVDA,61.98981538927627,63.07888305643791,61.54061686379006,62.9151725769043,369146000
2024-02-02 00:00:00-05:00,NVDA,63.8604917267368,66.48183193924027,63.57699522405565,66.04261779785156,476578000
2024-02-05 00:00:00-05:00,NVDA,68.10394628020288,69.37369252800232,67.08575942583846,69.208984375,680078000
2024-02-06 00:00:00-05:00,NVDA,69.50646063248888,69.63024118166943,66.18237446253364,68.10195922851562,683111000
2024-02-07 00:00:00-05:00,NVDA,68.19778404882926,70.09541214076467,67.48005798042527,69.97462463378906,495575000
2024-02-08 00:00:00-05:00,NVDA,69.94966354395652,70.66838724943909,69.33176617612584,69.5174331665039,414422000
2024-02-09 00:00:00-05:00,NVDA,70.40786033375117,72.0569298484953,70.08743069197543,72.0050277709961,436637000
2024-02-12 00:00:00-05:00,NVDA,72.47117717433613,74.4786104438433,71.12357413495056,72.11980438232422,613710000
2024-02-13 00:00:00-05:00,NVDA,70.2750920169868,73.31967588505927,69.49647717607553,72.0000228881836,602580000
2024-02-14 00:00:00-05:00,NVDA,73.0721231436502,74.10428513350574,71.81036588559786,73.76888275146484,504917000
2024-02-15 00:00:00-05:00,NVDA,73.73794078168315,73.84374789733648,72.27154539670707,72.52908325195312,420122000
2024-02-16 00:00:00-05:00,NVDA,73.9685224984471,74.2699886080868,72.37236058649458,72.48416137695312,495327000
2024-02-20 00:00:00-05:00,NVDA,71.8193337960462,71.82832050697183,67.61381202197207,69.32876586914062,704833000
2024-02-21 00:00:00-05:00,NVDA,67.88535180561567,68.76579088576683,66.13047494278197,67.35230255126953,673755000
2024-02-22 00:00:00-05:00,NVDA,74.89189108055353,78.43558804957509,74.08831901858908,78.3986587524414,865100000
2024-02-23 00:00:00-05:00,NVDA,80.64666119604064,82.24781162101127,77.43237298519631,78.67716217041016,829388000
2024-02-26 00:00:00-05:00,NVDA,79.55858308487059,80.5029113343283,78.36570371037314,78.95166778564453,503973000
2024-02-27 00:00:00-05:00,NVDA,79.24014935736925,79.33898034064636,77.0250924240117,78.56135559082031,391705000
2024-02-28 00:00:00-05:00,NVDA,77.48227691873889,78.7929431019633,76.98815248522881,77.52519989013672,393110000
2024-02-29 00:00:00-05:00,NVDA,78.95366810218512,79.84807446200602,78.2109848648127,78.97163391113281,507289000
2024-03-01 00:00:00-05:00,NVDA,79.8580626053772,82.15398495162512,79.29406260115205,82.13301849365234,479135000
2024-03-04 00:00:00-05:00,NVDA,83.98072393894745,87.53940093463996,83.57045769196934,85.08576202392578,615616000
2024-03-05 00:00:00-05:00,NVDA,85.12270452666515,85.94827947163024,83.2729084960246,85.81550598144531,520639000
2024-03-06 00:00:00-05:00,NVDA,87.86995321567885,89.56900902315816,86.87966241798968,88.5467758178711,582520000
2024-03-07 00:00:00-05:00,NVDA,90.0022399296916,92.6067337718428,89.44720072052635,92.50890350341797,608119000
2024-03-08 00:00:00-05:00,NVDA,94.97363874493585,97.23173191783087,86.35654773150235,87.37678527832031,1142269000
2024-03-11 00:00:00-04:00,NVDA,86.27969121669621,88.64359662209651,84.02060015441661,85.62582397460938,678364000
2024-03-12 00:00:00-04:00,NVDA,87.89689583589372,91.80113493638854,86.0011743538899,91.75421905517578,668075000
2024-03-13 00:00:00-04:00,NVDA,90.89769886633881,91.34592070136199,88.28222228746216,90.73098754882812,635713000
2024-03-14 00:00:00-04:00,NVDA,89.42225831640668,90.48941185201531,86.45039611721776,87.79207611083984,602318000
2024-03-15 00:00:00-04:00,NVDA,86.77984124405515,89.39131979974543,86.10800722766477,87.68527221679688,642086000
2024-03-18 00:00:00-04:00,NVDA,90.23185202169164,92.24536587684682,86.9345566695886,88.30219268798828,668976000
2024-03-19 00:00:00-04:00,NVDA,86.55022352343148,90.38758481674583,84.86314816147532,89.24356842041016,672171000
2024-03-20 00:00:00-04:00,NVDA,89.64187768825083,90.25382534481801,88.07059918494765,90.21588897705078,479063000
2024-03-21 00:00:00-04:00,NVDA,92.14054972284487,92.48794810720764,90.24881917443113,91.27703857421875,480372000
2024-03-22 00:00:00-04:00,NVDA,90.9835495525749,94.61426754269417,90.67708069798141,94.12611389160156,586719000
2024-03-25 00:00:00-04:00,NVDA,93.77871131394467,96.59882785449742,93.34845614456138,94.83787536621094,552136000
2024-03-26 00:00:00-04:00,NVDA,95.68541767838448,96.20851455285562,92.34220396856466,92.4011001586914,513648000
2024-03-27 00:00:00-04:00,NVDA,92.95116447926165,93.07894173608074,88.96905637776396,90.09410858154297,586067000
2024-03-28 00:00:00-04:00,NVDA,89.8445252112995,91.1422825108375,89.03892009399118,90.19991302490234,435212000
2024-04-01 00:00:00-04:00,NVDA,90.14301673764523,92.06568455405531,89.0499070749777,90.20690155029297,452441000
2024-04-02 00:00:00-04:00,NVDA,88.29519159294945,89.93835161134503,87.46862677190417,89.2974624633789,433064000
2024-04-03 00:00:00-04:00,NVDA,88.33114383542578,90.21787822523544,88.24728931215489,88.81031036376953,370067000
2024-04-04 00:00:00-04:00,NVDA,90.24981545155312,90.47742601324012,85.73163346290652,85.756591796875,434965000
2024-04-05 00:00:00-04:00,NVDA,86.71593914747515,88.32815477151372,85.77756814573236,87.85597229003906,399678000
2024-04-08 00:00:00-04:00,NVDA,88.54676191015398,88.67654220104028,86.58216705957724,86.98247528076172,283220000
2024-04-09 00:00:00-04:00,NVDA,87.29093308519522,87.48360044285332,82.87857107978263,85.20653533935547,501700000
2024-04-10 00:00:00-04:00,NVDA,83.78101275251376,87.24901012884979,83.56438477591776,86.88863372802734,431929000
2024-04-11 00:00:00-04:00,NVDA,87.26897200773683,90.58223837088431,86.77582976459976,90.4594497680664,431637000
2024-04-12 00:00:00-04:00,NVDA,89.54403999734934,90.01922323878227,87.37878828439109,88.03365325927734,426805000
2024-04-15 00:00:00-04:00,NVDA,88.94409019243535,90.45647254670295,85.78056565576352,85.8524398803711,443077000
2024-04-16 00:00:00-04:00,NVDA,86.28368645109244,87.965773191981,85.91532822119116,87.26399230957031,370453000
2024-04-17 00:00:00-04:00,NVDA,88.18738725935935,88.62164096734257,83.80497167986917,83.88983154296875,495400000
2024-04-18 00:00:00-04:00,NVDA,84.82321393436638,86.0411075798554,82.25964941091485,84.52472686767578,447260000
2024-04-19 00:00:00-04:00,NVDA,83.00636595540483,84.17833393456459,75.47539894537725,76.06836700439453,875198000
2024-04-22 00:00:00-04:00,NVDA,77.9690792079323,79.93467971860302,76.26802794241385,79.3806381225586,596341000
2024-04-23 00:00:00-04:00,NVDA,80.62947459576492,82.62601974052421,80.1253496885507,82.2806167602539,438559000
2024-04-24 00:00:00-04:00,NVDA,83.80498148732187,83.93675724779338,79.04621772256601,79.53936767578125,512208000
2024-04-25 00:00:00-04:00,NVDA,78.73175981196158,83.17906608261447,78.08787733468318,82.48926544189453,424641000
2024-04-26 00:00:00-04:00,NVDA,83.67320929669376,88.17841379736606,83.24295407183207,87.58344268798828,551011000
2024-04-29 00:00:00-04:00,NVDA,87.44368500312586,87.8399947565515,85.11870586410434,87.60540771484375,388971000
2024-04-30 00:00:00-04:00,NVDA,87.08929643239856,88.66557118869024,86.15092540038592,86.25274658203125,363709000
2024-05-01 00:00:00-04:00,NVDA,84.93002290842145,85.85142484392729,81.11461964994571,82.89753723144531,559863000
2024-05-02 00:00:00-04:00,NVDA,84.30312143328865,86.0880348767794,83.05627839074917,85.66876220703125,377898000
2024-05-03 00:00:00-04:00,NVDA,87.63734759857738,89.12676696706856,86.88964093377092,88.6356201171875,398341000
2024-05-06 00:00:00-04:00,NVDA,89.23557796278553,92.06069095925291,88.90115758999175,91.98082733154297,376203000
2024-05-07 00:00:00-04:00,NVDA,90.94062670307744,91.62244547206083,88.85723403089521,90.39756774902344,437342000
2024-05-08 00:00:00-04:00,NVDA,89.32841761603471,91.03646035901207,89.26552291616532,90.25581359863281,325721000
2024-05-09 00:00:00-04:00,NVDA,90.37260819958134,90.91466942223298,88.07858152551931,88.59368896484375,378013000
2024-05-10 00:00:00-04:00,NVDA,90.14900450939767,91.24311191356409,89.07286375704587,89.72274017333984,335325000
2024-05-13 00:00:00-04:00,NVDA,90.32168664844454,90.84079255928056,88.3760562473726,90.24282836914062,289680000
2024-05-14 00:00:00-04:00,NVDA,89.44422015487879,91.49267735254841,88.78036800318161,91.19818878173828,296507000
2024-05-15 00:00:00-04:00,NVDA,92.31226052004403,94.69813133508781,91.44076747625896,94.4665298461914,417735000
2024-05-16 00:00:00-04:00,NVDA,94.74604980958085,95.65347613046144,93.94043705092355,94.19599914550781,323952000
2024-05-17 00:00:00-04:00,NVDA,94.20598653059943,94.57634022771545,91.64741042469609,92.31924438476562,359691000
2024-05-20 00:00:00-04:00,NVDA,93.58804490846175,95.03553695656012,93.27858287715311,94.61626434326172,318764000
2024-05-21 00:00:00-04:00,NVDA,93.43730641374981,95.23519767784772,93.01903151729087,95.22122192382812,328946000
2024-05-22 00:00:00-04:00,NVDA,95.29408831779949,95.85411617010452,93.0879071432018,94.78596496582031,548648000
2024-05-23 00:00:00-04:00,NVDA,101.85174564222405,106.13633099300849,101.34461998726044,103.61968994140625,835065000
2024-05-24 00:00:00-04:00,NVDA,104.2685576920773,106.29105867121642,102.82206339543845,106.28507232666016,429494000
2024-05-28 00:00:00-04:00,NVDA,110.0535586136133,114.74044777454472,109.69318217417998,113.70423889160156,652728000
2024-05-29 00:00:00-04:00,NVDA,112.85471267036033,115.29248791517858,110.70942292973874,114.62664031982422,557442000
2024-05-30 00:00:00-04:00,NVDA,114.45195291177907,115.61893227920821,109.47356803877526,110.30912017822266,484553000
2024-05-31 00:00:00-04:00,NVDA,112.32560941345422,112.52227529514084,106.75525509489461,109.443603515625,613263000
2024-06-03 00:00:00-04:00,NVDA,113.42472260342709,114.80133819580078,111.80951385006522,114.80133819580078,438392000
2024-06-04 00:00:00-04:00,NVDA,115.51609997186799,116.39856789561996,113.84798144289938,116.23584747314453,403324000
2024-06-05 00:00:00-04:00,NVDA,118.16650675945408,122.23745699449587,117.26506688652523,122.22847747802734,528402000
2024-06-06 00:00:00-04:00,NVDA,123.83369734866147,125.37004011083056,118.11559592598994,120.78897094726562,664696000
2024-06-07 00:00:00-04:00,NVDA,119.56308862810559,121.481772978908,117.81811489560457,120.67916107177734,412386000
2024-06-10 00:00:00-04:00,NVDA,120.16206756268633,122.88734731323206,116.80787124184927,121.5796127319336,313434100
2024-06-11 00:00:00-04:00,NVDA,121.56962216023484,122.66781818606155,118.54460929253459,120.71104431152344,222551200
2024-06-12 00:00:00-04:00,NVDA,122.85750238613136,126.6712162731191,122.36831081363356,124.99398040771484,299595000
2024-06-13 00:00:00-04:00,NVDA,129.177104537848,129.58643359087407,126.95077798576432,129.39674377441406,260704500
2024-06-14 00:00:00-04:00,NVDA,129.7461556011969,132.62140615970972,128.10885485479358,131.66299438476562,309320400
2024-06-17 00:00:00-04:00,NVDA,132.77118307637525,133.5099557271365,129.3667902512595,130.7644805908203,288504400
2024-06-18 00:00:00-04:00,NVDA,130.9242214788469,136.10568428406987,130.474964956118,135.35691833496094,294335100
2024-06-20 00:00:00-04:00,NVDA,139.56996619369176,140.52837801062054,129.30688285479897,130.56480407714844,517768400
2024-06-21 00:00:00-04:00,NVDA,126.91082285827493,130.41504917764772,124.09546355999291,126.36172485351562,649445800
2024-06-24 00:00:00-04:00,NVDA,123.03720520530106,124.25519890170064,117.84576490444155,117.9156494140625,476060900
2024-06-25 00:00:00-04:00,NVDA,121.00055473590018,126.29183629953359,119.12365113611966,125.88250732421875,414192600
2024-06-26 00:00:00-04:00,NVDA,125.92244138152637,127.9091645624237,122.39825146602374,126.19200134277344,362975900
2024-06-27 00:00:00-04:00,NVDA,123.8957921998042,126.2019962793405,122.71773358253314,123.78597259521484,252571700
2024-06-28 00:00:00-04:00,NVDA,124.37501298465715,127.49986001719877,122.54802231076043,123.33672332763672,315516700
2024-07-01 00:00:00-04:00,NVDA,123.26683055595603,124.63457133754859,118.63446631453066,124.09546661376953,284885500
2024-07-02 00:00:00-04:00,NVDA,120.93068040128533,123.20693510758652,120.83084647254137,122.46814727783203,218374000
2024-07-03 00:00:00-04:00,NVDA,121.45983599496338,128.06893920898438,121.16032653936864,128.06893920898438,215749000
2024-07-05 00:00:00-04:00,NVDA,127.17037714029854,128.63796690240682,125.47317775494123,125.62293243408203,214176700
2024-07-08 00:00:00-04:00,NVDA,127.28019823232947,130.55480700867955,126.83094180644568,127.98902893066406,237677300
2024-07-09 00:00:00-04:00,NVDA,130.13552958791902,133.59982130546845,128.4383145629174,131.16383361816406,285366600
2024-07-10 00:00:00-04:00,NVDA,133.80946190177127,134.87770860466375,132.20211043348235,134.68801879882812,248978600
2024-07-11 00:00:00-04:00,NVDA,135.52662745493282,135.92596317348227,126.84094609019272,127.19036865234375,374782700
2024-07-12 00:00:00-04:00,NVDA,128.04893020829968,131.70291097832524,127.01064833229333,129.02732849121094,252680500
2024-07-15 00:00:00-04:00,NVDA,130.3451595951711,131.1737956487568,126.97072416574117,128.22865295410156,208326200
2024-07-16 00:00:00-04:00,NVDA,128.22864817880884,128.82765170945768,124.37499938694933,126.15206909179688,214769500
2024-07-17 00:00:00-04:00,NVDA,121.15030890615485,121.64948612259293,116.52793062400055,117.79583740234375,390086200
2024-07-18 00:00:00-04:00,NVDA,121.64948329559192,122.19858126764932,116.36818755438776,120.89073181152344,320979500
2024-07-19 00:00:00-04:00,NVDA,120.15197050658449,121.3999137142076,117.17687816504188,117.73595428466797,217223800
2024-07-22 00:00:00-04:00,NVDA,120.15196984200875,123.86585002604772,119.66277824004172,123.33672332763672,258068900
2024-07-23 00:00:00-04:00,NVDA,122.57795729865761,124.4848179409612,121.89907597271183,122.38826751708984,173911000
2024-07-24 00:00:00-04:00,NVDA,118.9739065074374,119.75262181556741,113.25333936427286,114.06200408935547,327776900
2024-07-25 00:00:00-04:00,NVDA,112.85398925547956,116.43807811661003,106.12508231687993,112.0952377319336,460067000
2024-07-26 00:00:00-04:00,NVDA,115.99880916186419,116.00878722251285,111.3963944118867,112.87395477294922,293399100
2024-07-29 00:00:00-04:00,NVDA,113.50293033164324,116.0886649396649,111.11686358531041,111.40637969970703,248152100
2024-07-30 00:00:00-04:00,NVDA,111.33648541055072,111.80571322284378,102.37126667488353,103.55931091308594,486833300
2024-07-31 00:00:00-04:00,NVDA,112.71421539482289,118.1452582531107,110.6975352036146,116.82743072509766,473174200
2024-08-01 00:00:00-04:00,NVDA,117.33658921457162,119.9622661121472,106.6342290284255,109.03028106689453,523462300
2024-08-02 00:00:00-04:00,NVDA,103.58927156926894,108.5411092867564,101.20320477351441,107.09349060058594,482027500
2024-08-05 00:00:00-04:00,NVDA,91.90851250035082,103.239842127859,90.5407717150732,100.28470611572266,552842400
2024-08-06 00:00:00-04:00,NVDA,103.6691316762756,107.5327664843651,100.38455194570304,104.07846069335938,409012100
2024-08-07 00:00:00-04:00,NVDA,107.6325946135043,108.62097103799087,98.52760658313275,98.74724578857422,411440400
2024-08-08 00:00:00-04:00,NVDA,101.83215026963444,105.32639072006307,97.35951914167633,104.7972640991211,391910000
2024-08-09 00:00:00-04:00,NVDA,105.46617163856445,106.42459107060563,103.2598090475883,104.57763671875,290844200
2024-08-12 00:00:00-04:00,NVDA,106.14505252549102,110.88723650727509,106.08515369153115,108.84060668945312,325559900
2024-08-13 00:00:00-04:00,NVDA,112.25498947976828,116.03875418683985,111.39640394640423,115.94889831542969,312646700
2024-08-14 00:00:00-04:00,NVDA,118.33496818813165,118.40485270467185,113.88230763624145,117.88571166992188,339246400
2024-08-15 00:00:00-04:00,NVDA,118.56457015659757,123.03719358354695,117.27669207222647,122.65782165527344,318086700
2024-08-16 00:00:00-04:00,NVDA,121.73935231230438,124.79431469874058,120.98060074622069,124.37500762939453,302589900
2024-08-19 00:00:00-04:00,NVDA,124.07548340044629,129.78607177734375,123.21689800857207,129.78607177734375,318333600
2024-08-20 00:00:00-04:00,NVDA,128.18870516059542,129.66628071339343,125.68284097768198,127.04060363769531,300087400
2024-08-21 00:00:00-04:00,NVDA,127.11051541152283,129.13718177592708,126.45160529458104,128.28857421875,257883600
2024-08-22 00:00:00-04:00,NVDA,129.80605728559254,130.5348518103843,122.89743830728821,123.53638458251953,376189100
2024-08-23 00:00:00-04:00,NVDA,125.6529157045682,129.38676754540884,125.0139693437825,129.15713500976562,323230300
2024-08-26 00:00:00-04:00,NVDA,129.35680584239554,131.04401222890846,124.1653576328901,126.25191497802734,331964700
2024-08-27 00:00:00-04:00,NVDA,124.84426014055718,128.98742611377176,123.67617933536566,128.0889129638672,303134600
2024-08-28 00:00:00-04:00,NVDA,127.90917706049713,128.118838213882,122.43819852070378,125.40331268310547,448101100
2024-08-29 00:00:00-04:00,NVDA,121.1602924143949,124.22524016378769,116.51794286125214,117.39649200439453,453023300
2024-08-30 00:00:00-04:00,NVDA,119.33330911013266,121.54965726206557,117.02711271158417,119.17357635498047,333751600
2024-09-03 00:00:00-04:00,NVDA,115.8191103772934,116.01877823521122,107.1134577156826,107.8222885131836,477155100
2024-09-04 00:00:00-04:00,NVDA,105.2365459269591,113.0836048738263,103.94866777615402,106.03522491455078,372470300
2024-09-05 00:00:00-04:00,NVDA,104.8172289236532,109.46956419915412,104.58761167138691,107.03357696533203,306850700
2024-09-06 00:00:00-04:00,NVDA,107.86222325429438,107.97204286084109,100.78388574677186,102.66079711914062,413638100
2024-09-09 00:00:00-04:00,NVDA,104.7074122640328,106.37466998895037,103.5193756446925,106.2947998046875,273912000
2024-09-10 00:00:00-04:00,NVDA,107.63258781478571,109.21997530676359,104.77729355808466,107.92211151123047,268283700
2024-09-11 00:00:00-04:00,NVDA,109.20999835891277,116.99716652085532,107.24323877137772,116.7176284790039,441422400
2024-09-12 00:00:00-04:00,NVDA,116.65772468720782,120.6015672152285,115.2000032170065,118.95413970947266,366052700
2024-09-13 00:00:00-04:00,NVDA,118.8942191250157,119.77284345041441,117.41652479583126,118.9141845703125,238358300
2024-09-16 00:00:00-04:00,NVDA,116.60779536966285,117.99562620382233,114.1815861384539,116.59780883789062,248772300
2024-09-17 00:00:00-04:00,NVDA,117.98564481894722,118.61466685067687,114.65085910577872,115.40966796875,231925900
2024-09-18 00:00:00-04:00,NVDA,115.70919560695407,117.51636932909096,113.04336298957726,113.19313049316406,310318900
2024-09-19 00:00:00-04:00,NVDA,117.16692604230532,119.47332749554481,117.06708357128667,117.68611907958984,293506400
2024-09-20 00:00:00-04:00,NVDA,116.87737463970251,118.43494609535816,115.2099818009,115.81903076171875,382462400
2024-09-23 00:00:00-04:00,NVDA,116.36816938577523,116.80747774675662,114.68080357526898,116.07862091064453,206228500
2024-09-24 00:00:00-04:00,NVDA,116.33821493002908,121.60998405209612,115.19999404233639,120.68143463134766,354966800
2024-09-25 00:00:00-04:00,NVDA,121.82962567540989,124.74507579152808,121.42026930294443,123.31730651855469,284692900
2024-09-26 00:00:00-04:00,NVDA,126.60217747362803,127.47081527785902,121.6099781665842,123.84648132324219,302582900
2024-09-27 00:00:00-04:00,NVDA,123.7765841783136,123.83648812917791,119.07393359818559,121.2105941772461,271009200
2024-09-30 00:00:00-04:00,NVDA,118.1254274144435,121.31045327548797,117.96568098439478,121.25054931640625,226553700
2024-10-01 00:00:00-04:00,NVDA,121.58001370293499,122.24897417258154,115.60934783662292,116.81745910644531,302094500
2024-10-02 00:00:00-04:00,NVDA,116.25834508658102,119.19375323018366,114.96037016184738,118.66458129882812,221845900
2024-10-03 00:00:00-04:00,NVDA,120.73135113827638,124.16598683922703,120.15225416683853,122.65834045410156,277118000
2024-10-04 00:00:00-04:00,NVDA,124.74507834860822,124.84492081095192,121.63992977952229,124.72510528564453,243678100
2024-10-07 00:00:00-04:00,NVDA,124.7949925984476,130.43617917860723,124.75505409102715,127.52073669433594,346250200
2024-10-08 00:00:00-04:00,NVDA,130.0567764001493,133.27175410957346,129.2180905372518,132.68267822265625,285722500
2024-10-09 00:00:00-04:00,NVDA,133.9007832398008,134.31014727855833,131.1750464230449,132.44305419921875,246191600
2024-10-10 00:00:00-04:00,NVDA,131.70421594134592,134.7893916948541,130.79563194093248,134.5996856689453,242311300
2024-10-11 00:00:00-04:00,NVDA,133.80093033986074,135.5681732923908,133.4514855032485,134.58970642089844,170209500
2024-10-14 00:00:00-04:00,NVDA,136.2570740445621,139.382195340542,136.08734111508144,137.85458374023438,232347700
2024-10-15 00:00:00-04:00,NVDA,137.65492238931424,138.35384259997033,128.53917525345673,131.39471435546875,377831000
2024-10-16 00:00:00-04:00,NVDA,133.77097927850218,136.40686011825153,131.37472950963348,135.50827026367188,264879700
2024-10-17 00:00:00-04:00,NVDA,139.12262899690117,140.6702140778628,136.65648092397825,136.7163848876953,306435900
2024-10-18 00:00:00-04:00,NVDA,138.45366668655112,138.6833036103306,137.06583575895257,137.7847137451172,176090200
2024-10-21 00:00:00-04:00,NVDA,137.91451267760561,143.48580932617188,137.78471061125512,143.48580932617188,264554500
2024-10-22 00:00:00-04:00,NVDA,142.68705023422552,144.194689003585,141.55880826832362,143.36598205566406,226311600
2024-10-23 00:00:00-04:00,NVDA,141.80844872502473,142.2078186781856,137.24558530846375,139.34230041503906,285930000
2024-10-24 00:00:00-04:00,NVDA,140.6003278006047,141.1294997806309,138.24400879643727,140.1909637451172,172354900
2024-10-25 00:00:00-04:00,NVDA,140.71013437273555,143.90515439009727,140.5803475394567,141.31918334960938,205122100
2024-10-28 00:00:00-04:00,NVDA,142.77687691949686,142.91665786792092,139.83148285521668,140.30075073242188,173586700
2024-10-29 00:00:00-04:00,NVDA,140.0711387385227,142.03806672701694,138.6833077693045,141.02964782714844,157593600
2024-10-30 00:00:00-04:00,NVDA,139.32228929215535,140.1110653014331,136.59655278062618,139.1226043701172,179418100
2024-10-31 00:00:00-04:00,NVDA,137.38533225522045,137.39531116933003,131.90389188236236,132.55287170410156,270039600
2024-11-01 00:00:00-04:00,NVDA,134.48984636430032,137.09577501351765,134.36005954202903,135.18875122070312,207127800
2024-11-04 00:00:00-05:00,NVDA,136.9959472521015,138.74321710094807,135.3585064031532,135.83775329589844,187528200
2024-11-05 00:00:00-05:00,NVDA,137.23555788662173,140.151000495864,137.11574997671616,139.6917266845703,160537400
2024-11-06 00:00:00-05:00,NVDA,142.73696823952852,146.26145970555473,141.73852838547052,145.38282775878906,242043900
2024-11-07 00:00:00-05:00,NVDA,146.1616447939007,148.69767593000637,145.94198675435769,148.64776611328125,207323300
2024-11-08 00:00:00-05:00,NVDA,148.5378942315628,149.53633403774526,146.03180056765603,147.39967346191406,175665800
2024-11-11 00:00:00-05:00,NVDA,148.44804913905642,148.61779734270107,143.3460354590936,145.03338623046875,182325600
2024-11-12 00:00:00-05:00,NVDA,146.55101593198214,149.4165337385062,145.7822128979203,148.05865478515625,198634700
2024-11-13 00:00:00-05:00,NVDA,148.83744386134128,149.09703275189045,145.6723759576151,146.04180908203125,191903300
2024-11-14 00:00:00-05:00,NVDA,147.40965302668107,148.76753177848803,145.32291747893564,146.53102111816406,194463300
2024-11-15 00:00:00-05:00,NVDA,144.64398997756967,145.0134231170618,139.86146934373124,141.7584991455078,250132900
2024-11-18 00:00:00-05:00,NVDA,139.28235565663965,141.32916034590224,136.93601597273187,139.93133544921875,221205300
2024-11-19 00:00:00-05:00,NVDA,141.09952959154865,146.90046279249913,140.77004260660007,146.7806396484375,227834900
2024-11-20 00:00:00-05:00,NVDA,147.1800476536701,147.3298075633363,142.5073404172706,145.66241455078125,309871700
2024-11-21 00:00:00-05:00,NVDA,149.11700420524105,152.65147472524168,140.4804899844899,146.44117736816406,400946600
2024-11-22 00:00:00-05:00,NVDA,145.70233282975542,146.93042492260167,140.8798813363258,141.72854614257812,236406200
2024-11-25 00:00:00-05:00,NVDA,141.76848775116036,141.82839170792872,135.60811535874635,135.80780029296875,344941900
2024-11-26 00:00:00-05:00,NVDA,137.48518763604767,139.08269776121745,135.45835561529256,136.70640563964844,190287700
2024-11-27 00:00:00-05:00,NVDA,134.79938868035538,137.00594794359344,131.59440457977618,135.12887573242188,226370900
2024-11-29 00:00:00-05:00,NVDA,136.56660913585418,139.1326070072914,135.83775227020575,138.03431701660156,141863200
2024-12-02 00:00:00-05:00,NVDA,138.61342701841852,140.2308949431091,137.6050081030844,138.4137420654297,171682800
2024-12-03 00:00:00-05:00,NVDA,138.04428850809262,140.3207301527637,137.7347745914462,140.04116821289062,164414000
2024-12-04 00:00:00-05:00,NVDA,141.77845844597738,145.56253876730494,140.07111960214385,144.91355895996094,231224300
2024-12-05 00:00:00-05:00,NVDA,144.89361745373108,146.3214777724878,143.7353435501018,144.84368896484375,172621200
2024-12-06 00:00:00-05:00,NVDA,144.38436733563313,145.4827177885172,141.09926510716357,142.2275848388672,188505600
2024-12-09 00:00:00-05:00,NVDA,138.76274660606958,139.74128080496888,136.92549436926976,138.6029815673828,189308600
2024-12-10 00:00:00-05:00,NVDA,138.80268748950093,141.60850970621567,133.5904709096604,134.8685760498047,210020900
2024-12-11 00:00:00-05:00,NVDA,137.15514511831444,139.9609519122756,135.00835767243856,139.10223388671875,184905200
2024-12-12 00:00:00-05:00,NVDA,136.8755708420711,138.23354324797214,135.59748095840345,137.1351776123047,159211400
2024-12-13 00:00:00-05:00,NVDA,138.73281333743972,139.3918327936691,132.34234795745746,134.0498046875,231514900
2024-12-16 00:00:00-05:00,NVDA,133.9798724705664,134.19954557462145,130.2254857362255,131.80313110351562,237951100
2024-12-17 00:00:00-05:00,NVDA,128.89747709842524,131.39374870651014,126.67080709010266,130.19554138183594,259410300
2024-12-18 00:00:00-05:00,NVDA,133.66035727519176,136.49611794642954,128.08867764771298,128.71774291992188,277444500
2024-12-19 00:00:00-05:00,NVDA,131.56349862817564,133.8301176053825,129.3568029702355,130.485107421875,209719200
2024-12-20 00:00:00-05:00,NVDA,129.61640819653473,135.07825184796977,128.02878306565836,134.49911499023438,306528600
2024-12-23 00:00:00-05:00,NVDA,136.0767567466981,139.58151660116854,134.91848306333998,139.46170043945312,176053500
2024-12-24 00:00:00-05:00,NVDA,139.79122163679293,141.6883821217358,138.44322876231024,140.01089477539062,105157000
2024-12-26 00:00:00-05:00,NVDA,139.49166074428362,140.63995487774488,137.52459740894255,139.7213134765625,116205600
2024-12-27 00:00:00-05:00,NVDA,138.34337590905767,138.81267619141968,134.50910636621433,136.8056640625,170582600
2024-12-30 00:00:00-05:00,NVDA,134.628921256616,140.06081067569033,133.82013169900247,137.2849578857422,167734700
2024-12-31 00:00:00-05:00,NVDA,137.82416524884428,137.8641141320975,133.63043143330796,134.08973693847656,155659200
2025-01-02 00:00:00-05:00,NVDA,135.79717669922962,138.6728864930968,134.42922472124587,138.10372924804688,198247200
2025-01-03 00:00:00-05:00,NVDA,139.8011917981673,144.6838985290199,139.52161059265686,144.25454711914062,229322500
2025-01-06 00:00:00-05:00,NVDA,148.3684248105369,151.93310868099036,147.5995839740372,149.20716857910156,265377400
2025-01-07 00:00:00-05:00,NVDA,152.80177547515166,152.9016324332477,139.80118875754107,139.93099975585938,351782200
2025-01-08 00:00:00-05:00,NVDA,142.36739537864082,143.73534764411033,137.35487662508692,139.9010772705078,227349900
2025-01-10 00:00:00-05:00,NVDA,137.24501786219508,139.71133557177419,134.0198390250661,135.7073211669922,207602500
2025-01-13 00:00:00-05:00,NVDA,129.79613768131526,133.29091776199226,129.31684258602223,133.0312957763672,204808900
2025-01-14 00:00:00-05:00,NVDA,135.84711813885167,136.1766278538369,129.85606565410438,131.56350708007812,195590500
2025-01-15 00:00:00-05:00,NVDA,133.45068552943664,136.2465130176968,131.09420431967888,136.03683471679688,185217300
2025-01-16 00:00:00-05:00,NVDA,138.43325045720013,138.5430870275282,133.2909365646461,133.37081909179688,209235600
2025-01-17 00:00:00-05:00,NVDA,136.4861555399997,138.29345383465838,135.25799411499426,137.504638671875,201188800
2025-01-21 00:00:00-05:00,NVDA,138.95247218370304,141.6184885428412,136.88555189361048,140.61997985839844,197749000
2025-01-22 00:00:00-05:00,NVDA,144.4442829463215,147.56960504936464,143.45575377479585,146.85069274902344,237651400
2025-01-23 00:00:00-05:00,NVDA,144.83369562852502,147.0104373660888,143.50567717742842,147.00045776367188,155915500
2025-01-24 00:00:00-05:00,NVDA,148.14872775799392,148.74783905952535,141.66841618539428,142.4073028564453,234657600
2025-01-27 00:00:00-05:00,NVDA,124.61389107098998,128.20851331467108,116.52596435964819,118.24340057373047,818830900
2025-01-28 00:00:00-05:00,NVDA,121.62835222502514,128.80763280108368,116.07664583818587,128.7976531982422,579666400
2025-01-29 00:00:00-05:00,NVDA,126.31136108771855,126.70077890376498,119.87098248262683,123.51553344726562,467120600
2025-01-30 00:00:00-05:00,NVDA,122.91641979157204,124.81358785050304,117.92387627755191,124.464111328125,392925500
2025-01-31 00:00:00-05:00,NVDA,123.59540412169352,127.6593341751579,119.01225290264883,119.89093780517578,388161100
2025-02-03 00:00:00-05:00,NVDA,114.57887527254843,118.39317826666118,112.84147223806173,116.48603057861328,371235700
2025-02-04 00:00:00-05:00,NVDA,116.78557092036435,121.01924546805154,116.52595653802958,118.47305297851562,256550000
2025-02-05 00:00:00-05:00,NVDA,121.57842315704723,124.8135892575584,120.57991444298676,124.64384460449219,262230800
2025-02-06 00:00:00-05:00,NVDA,127.22996749994309,128.57796024161053,125.02326434711814,128.4880828857422,251483600
2025-02-07 00:00:00-05:00,NVDA,129.02729180363133,130.17557068191934,124.8135839892709,129.6463623046875,228186300
2025-02-10 00:00:00-05:00,NVDA,129.89599772289156,134.79867927002743,129.76620194780145,133.37081909179688,216989100
2025-02-11 00:00:00-05:00,NVDA,132.38228609427233,134.27944654160947,130.82461495038982,132.60195922851562,178902400
2025-02-12 00:00:00-05:00,NVDA,129.8261026458349,132.04279313100764,128.88750205027108,130.94442749023438,160278600
2025-02-13 00:00:00-05:00,NVDA,131.36380821970238,136.29644386397356,130.9743904181038,135.08824157714844,197430000
2025-02-14 00:00:00-05:00,NVDA,136.2764682668825,139.04234173663804,135.29793396994222,138.6429443359375,195479600
2025-02-18 00:00:00-05:00,NVDA,141.05932980350207,143.226091877041,137.72429913092634,139.19210815429688,219176600
2025-02-19 00:00:00-05:00,NVDA,139.30195061666387,141.14919790373787,137.01537227663152,139.02236938476562,167536000
2025-02-20 00:00:00-05:00,NVDA,139.82119473321993,140.45026019183956,136.58602053522247,139.9010772705078,143903600
2025-02-21 00:00:00-05:00,NVDA,139.83115735009994,141.24905316966826,133.83012530319377,134.22952270507812,228217600
2025-02-24 00:00:00-05:00,NVDA,136.35634186179794,138.383313247837,129.88600993089565,130.08570861816406,251381100
2025-02-25 00:00:00-05:00,NVDA,129.78614928447132,130.0058224050398,124.25441810041912,126.44114685058594,271428700
2025-02-26 00:00:00-05:00,NVDA,129.79615892181477,133.53057192522448,128.29839578499454,131.084228515625,322553800
2025-02-27 00:00:00-05:00,NVDA,134.7986782828192,134.80865788512716,119.83103458283094,119.9708251953125,443175800
2025-02-28 00:00:00-05:00,NVDA,117.84399213493025,124.90344826210318,116.2264129341289,124.73370361328125,389091100
2025-03-03 00:00:00-05:00,NVDA,123.32581202011416,123.51552349340123,112.11255593535711,113.88990020751953,411381400
2025-03-04 00:00:00-05:00,NVDA,110.4849986041218,119.132080722439,109.94580294596078,115.81703186035156,398163300
2025-03-05 00:00:00-05:00,NVDA,117.40465751759531,118.10361057672029,114.3392360416895,117.12507629394531,284337900
2025-03-06 00:00:00-05:00,NVDA,113.36069823382532,115.17798387118098,110.05563667803439,110.40511322021484,321181900
2025-03-07 00:00:00-05:00,NVDA,111.08409477767312,113.31077256873955,107.39959517379882,112.5219497680664,341755500
2025-03-10 00:00:00-04:00,NVDA,109.73610869113334,111.68319762733589,105.30272758345134,106.82046508789062,366487400
2025-03-11 00:00:00-04:00,NVDA,106.83044416478043,112.0726148635708,104.6137536218378,108.59780883789062,354865700
2025-03-12 00:00:00-04:00,NVDA,113.96030532134075,116.59661034457649,112.72203506897391,115.57803344726562,323857500
2025-03-13 00:00:00-04:00,NVDA,116.86621875800482,117.59520049683546,113.63075517539951,115.41825103759766,299033100
2025-03-14 00:00:00-04:00,NVDA,118.44401014075397,121.70943054003341,117.98465480860956,121.49972534179688,277593500
2025-03-17 00:00:00-04:00,NVDA,122.56822336901756,122.71801496792263,117.86481592318836,119.36271667480469,255501500
2025-03-18 00:00:00-04:00,NVDA,117.83486627342975,118.85343549406599,114.37970924440411,115.26846313476562,299686900
2025-03-19 00:00:00-04:00,NVDA,117.10588726826337,120.28143743378797,115.51811599486,117.35553741455078,273426200
2025-03-20 00:00:00-04:00,NVDA,116.3868956857552,120.03178155242583,116.30700581426807,118.36412048339844,248829700
2025-03-21 00:00:00-04:00,NVDA,116.77634740953133,117.82487338576216,115.25847035053427,117.5352783203125,266498500
2025-03-24 00:00:00-04:00,NVDA,119.71223179694545,122.04896105750126,119.17298658297102,121.24009704589844,228452500
2025-03-25 00:00:00-04:00,NVDA,120.38129943766901,121.12026171196634,118.75357566400419,120.52110290527344,167447200
2025-03-26 00:00:00-04:00,NVDA,118.5638454632065,118.6736845133834,112.55226594608844,113.60079956054688,293463300
2025-03-27 00:00:00-04:00,NVDA,111.19416561141583,114.28982567832341,110.50513643809545,111.27405548095703,236902100
2025-03-28 00:00:00-04:00,NVDA,111.33397804410711,112.71205173921601,108.91736643615505,109.51652526855469,229872500
2025-03-31 00:00:00-04:00,NVDA,104.98287310192077,110.80471613819729,103.50494855407659,108.22832489013672,299212700
2025-04-01 00:00:00-04:00,NVDA,108.36813339033893,110.04578269736857,106.32100673854832,109.99585723876953,222614000
2025-04-02 00:00:00-04:00,NVDA,107.1398479774266,111.82328673498283,106.64054773013802,110.26546478271484,220601200
2025-04-03 00:00:00-04:00,NVDA,103.36515315702636,105.48218161280622,101.45782230020173,101.65754699707031,338769400
2025-04-04 00:00:00-04:00,NVDA,98.77159334909085,99.9898797349743,91.9811059228115,94.17802429199219,532273800
2025-04-07 00:00:00-04:00,NVDA,87.33759621246332,101.60759784636036,86.4987754744505,97.50334930419922,611041300
2025-04-08 00:00:00-04:00,NVDA,103.66472218207363,105.70186824827938,94.3278084260022,96.16523742675781,476243400
2025-04-09 00:00:00-04:00,NVDA,98.75161045127601,114.9389248904037,97.39351305704149,114.17000579833984,612918300
2025-04-10 00:00:00-04:00,NVDA,109.21694044618194,110.70485307181585,99.01124202201945,107.4194564819336,437812400
2025-04-11 00:00:00-04:00,NVDA,108.34816524857224,111.39390013023589,107.32959598741144,110.77476501464844,313417300
2025-04-14 00:00:00-04:00,NVDA,113.95031245540225,114.13006086401796,108.91736463288024,110.55506896972656,264705000
2025-04-15 00:00:00-04:00,NVDA,110.81470199440513,113.46099492172469,110.3453585264742,112.04297637939453,228966900
2025-04-16 00:00:00-04:00,NVDA,104.40369410395131,106.64055727885454,100.30942561460589,104.3437728881836,397016900
2025-04-17 00:00:00-04:00,NVDA,104.30381795694564,104.3237942331935,99.90998190333623,101.34796142578125,292517500
2025-04-21 00:00:00-04:00,NVDA,98.63177356997639,99.3008417327631,94.90699776234818,96.77438354492188,288501100
2025-04-22 00:00:00-04:00,NVDA,98.6417555090913,99.67031279819463,97.14385476914264,98.75160217285156,241004800
2025-04-23 00:00:00-04:00,NVDA,104.37372584399631,104.6533403969428,101.87722447592722,102.5662612915039,247526000
2025-04-24 00:00:00-04:00,NVDA,103.33518320501399,106.39089830035945,102.96569827687256,106.28105163574219,220815000
2025-04-25 00:00:00-04:00,NVDA,106.70046299579266,111.76336727797938,105.58203530029881,110.85464477539062,251064700
2025-04-28 00:00:00-04:00,NVDA,109.53649833991803,110.21554702841466,105.8716284785824,108.57784271240234,207708500
2025-04-29 00:00:00-04:00,NVDA,107.51932238432487,110.04578062718967,107.2896485179105,108.867431640625,170444300
2025-04-30 00:00:00-04:00,NVDA,104.32379376082015,108.76756286621094,103.93434018163836,108.76756286621094,235044600
2025-05-01 00:00:00-04:00,NVDA,112.92174799120272,114.7791455573913,111.14424029465428,111.45380401611328,236121500
2025-05-02 00:00:00-04:00,NVDA,114.02021557227994,115.23850951002053,113.21135153306962,114.33976745605469,190194800
2025-05-05 00:00:00-04:00,NVDA,112.75199823422925,114.50952981770942,112.50234808238875,113.66072082519531,133163200
2025-05-06 00:00:00-04:00,NVDA,111.32399638135878,114.57942879752297,110.66491633937942,113.38111114501953,158525600
2025-05-07 00:00:00-04:00,NVDA,112.89179643623137,117.51531428959993,112.12286973799952,116.89617919921875,206758800
2025-05-08 00:00:00-04:00,NVDA,118.08451525459601,118.51391379663416,115.68787240644632,117.20574951171875,198428100
2025-05-09 00:00:00-04:00,NVDA,117.18577270674557,118.06454606438504,115.04876814493281,116.48675537109375,132972200
2025-05-12 00:00:00-04:00,NVDA,121.79930827024249,122.82786560058594,120.11167093091153,122.82786560058594,225023300
2025-05-13 00:00:00-04:00,NVDA,124.80509195257008,131.0363568449821,124.29580357204036,129.74815368652344,330430100
2025-05-14 00:00:00-04:00,NVDA,133.01361454835225,135.25048567508128,131.49573716816334,135.15061950683594,281180800
2025-05-15 00:00:00-04:00,NVDA,134.10204362723803,136.10924022234616,132.47433530494334,134.64129638671875,226632600
2025-05-16 00:00:00-04:00,NVDA,136.02937003025397,136.15919297953724,133.27323795943153,135.21051025390625,226542500
2025-05-19 00:00:00-04:00,NVDA,132.20473687113784,135.6798627990254,132.20473687113784,135.3802947998047,193154600
2025-05-20 00:00:00-04:00,NVDA,134.10205468200522,134.39165736048994,132.4343936724944,134.1919403076172,161514200
2025-05-21 00:00:00-04:00,NVDA,132.87380141479636,137.20772462329396,130.4072565649854,131.61557006835938,270608700
2025-05-22 00:00:00-04:00,NVDA,132.0449376190489,134.0621148614722,131.3658966044825,132.64410400390625,187344000
2025-05-23 00:00:00-04:00,NVDA,129.8180590665907,132.49430097030302,128.97923834191374,131.1062469482422,198821300
2025-05-27 00:00:00-04:00,NVDA,133.96224703921547,135.47014350181522,133.1234263008756,135.31036376953125,192953600
2025-05-28 00:00:00-04:00,NVDA,135.83961638539918,137.0579101389624,134.60134635659116,134.62132263183594,304021100
2025-05-29 00:00:00-04:00,NVDA,142.0509238917618,143.28919402135628,137.71700129433316,138.99520874023438,369241900
2025-05-30 00:00:00-04:00,NVDA,138.5258751739265,139.42460961066672,132.73398869983464,134.94090270996094,333170900
2025-06-02 00:00:00-04:00,NVDA,135.30038976970178,137.9266987725352,135.21050414256473,137.187744140625,197663100
2025-06-03 00:00:00-04:00,NVDA,138.5857816307834,141.801276586457,137.75694135463795,141.02236938476562,225578800
2025-06-04 00:00:00-04:00,NVDA,141.99101618842522,142.19073325311263,139.34471555965237,141.7213897705078,167120800
2025-06-05 00:00:00-04:00,NVDA,141.97103980754113,143.79848066110154,138.63571759363617,139.79409790039062,231397900
2025-06-06 00:00:00-04:00,NVDA,142.31057053380505,143.0695167658335,141.3119699021351,141.5216827392578,153986200
2025-06-09 00:00:00-04:00,NVDA,142.98961854621228,144.7970831461155,141.74136782943543,142.43040466308594,185114500
2025-06-10 00:00:00-04:00,NVDA,142.49031793007975,144.088069701399,141.33193761060437,143.758544921875,155881900
2025-06-11 00:00:00-04:00,NVDA,144.4176611881815,144.79716064315863,141.6813000562032,142.64002990722656,167694000
2025-06-12 00:00:00-04:00,NVDA,141.78117540604916,144.80714416503906,141.66133988719625,144.80714416503906,162365000
2025-06-13 00:00:00-04:00,NVDA,142.29048989356696,143.3890329315276,140.6626682408541,141.7811737060547,180820600
2025-06-16 00:00:00-04:00,NVDA,143.159329390418,145.98555166191812,143.00951976951112,144.49754333496094,183133700
2025-06-17 00:00:00-04:00,NVDA,144.29781716982143,145.02684191909495,143.58875484653294,143.9282989501953,139108000
2025-06-18 00:00:00-04:00,NVDA,143.81845298832403,145.45627108510786,142.9296373487004,145.2864990234375,161494100
2025-06-20 00:00:00-04:00,NVDA,145.2565234707711,146.00552584195606,142.46024490398213,143.65866088867188,242956200
2025-06-23 00:00:00-04:00,NVDA,142.31046402404658,144.58743022935184,141.84108794116847,143.97824096679688,154308900
2025-06-24 00:00:00-04:00,NVDA,145.36637857516104,147.76319531946535,145.3064608232896,147.70326232910156,187566100
2025-06-25 00:00:00-04:00,NVDA,149.0714471780808,154.24454949233478,149.06145072732096,154.104736328125,269146500
2025-06-26 00:00:00-04:00,NVDA,155.77252682686714,156.51154803915952,153.79516469048193,154.81381225585938,198145700
2025-06-27 00:00:00-04:00,NVDA,155.83244416127852,158.4989061985097,155.05348286000648,157.54017639160156,263234500
2025-06-30 00:00:00-04:00,NVDA,158.18928922556665,158.4489531245615,155.7525477292889,157.77984619140625,194580300
2025-07-01 00:00:00-04:00,NVDA,156.0820975676339,156.99089075003695,151.288494680634,153.09608459472656,213143600
2025-07-02 00:00:00-04:00,NVDA,152.77652287552658,157.3903883520798,152.76654166200262,157.0408477783203,171224100
2025-07-03 00:00:00-04:00,NVDA,158.15932560910457,160.76585430203724,157.56013289394807,159.12803649902344,143716100
2025-07-07 00:00:00-04:00,NVDA,157.98955517353815,159.09807923203843,157.13069855849747,158.02951049804688,140139000
2025-07-08 00:00:00-04:00,NVDA,159.11806346268276,160.00687898854957,158.17931139836438,159.78717041015625,138133000
2025-07-09 00:00:00-04:00,NVDA,161.0055497766517,164.2012901564699,160.9456320255445,162.66334533691406,183656400
2025-07-10 00:00:00-04:00,NVDA,164.10143771292147,164.28119097215313,161.3950357038234,163.88172912597656,167704100
2025-07-11 00:00:00-04:00,NVDA,163.50223698698784,167.66668863474402,163.25256951238498,164.7006378173828,193633300
2025-07-14 00:00:00-04:00,NVDA,165.15003478890583,165.2698855378492,161.80449980139463,163.85177612304688,136975800
2025-07-15 00:00:00-04:00,NVDA,170.96229989605533,172.17068192225182,168.97494134085255,170.4729461669922,230627400
2025-07-16 00:00:00-04:00,NVDA,170.83248932029585,171.52157406474134,168.6753584433782,171.14207458496094,158831500
2025-07-17 00:00:00-04:00,NVDA,171.7911900263939,173.92834287299638,170.60277047944578,172.76988220214844,160841100
2025-07-18 00:00:00-04:00,NVDA,173.40903901870553,174.01822826089457,171.03219980516573,172.18067932128906,146456400
2025-07-21 00:00:00-04:00,NVDA,172.52022673163836,173.1493936504508,170.77255439137573,171.1520538330078,123126100
2025-07-22 00:00:00-04:00,NVDA,171.1120956061046,171.1620321483939,164.3610926233022,166.80783081054688,193114300
2025-07-23 00:00:00-04:00,NVDA,169.30451898143798,171.03221376466186,167.7465962646817,170.5528564453125,154082200
2025-07-24 00:00:00-04:00,NVDA,172.21063723590794,173.59878776513457,171.07215417768242,173.5089111328125,128984600
2025-07-25 00:00:00-04:00,NVDA,173.37908037175941,174.4876045602178,172.72995103806022,173.26922607421875,122316800
2025-07-28 00:00:00-04:00,NVDA,173.78854323017163,176.7645753161742,173.73860668662087,176.51490783691406,140023500
2025-07-29 00:00:00-04:00,NVDA,177.72328828972238,179.14139760883538,174.7871965738649,175.2765350341797,154077500
2025-07-30 00:00:00-04:00,NVDA,176.27521653092245,179.65072563032518,175.80584046425426,179.03155517578125,174312200
2025-07-31 00:00:00-04:00,NVDA,182.6567315862202,183.0562087176856,175.69600066981488,177.6334228515625,221685400
2025-08-01 00:00:00-04:00,NVDA,173.85844036702034,176.3051785902702,170.66269971388826,173.4889373779297,204529000
2025-08-04 00:00:00-04:00,NVDA,174.9270158880054,179.96030526461158,174.28786778877773,179.7605743408203,148174600
2025-08-05 00:00:00-04:00,NVDA,179.38106446129657,180.0202125232638,175.66601158908324,178.0228729248047,156407600
2025-08-06 00:00:00-04:00,NVDA,176.09546439011424,179.66070799076476,176.01556896990587,179.1813507080078,137192300
2025-08-07 00:00:00-04:00,NVDA,181.32851054269395,183.6354356942093,178.5621905082108,180.52957153320312,151878400
2025-08-08 00:00:00-04:00,NVDA,181.30852119793246,183.05619350177665,180.16004168373897,182.4569854736328,123396700
2025-08-11 00:00:00-04:00,NVDA,181.80785936297346,183.59547178906817,180.01025048518693,181.81784057617188,138323200
2025-08-12 00:00:00-04:00,NVDA,182.7166509044063,184.234618174838,179.22130626788388,182.9163818359375,145485700
2025-08-13 00:00:00-04:00,NVDA,182.37709375214726,183.72530422356274,179.11145412417423,181.3484649658203,179871700
2025-08-14 00:00:00-04:00,NVDA,179.51090820642335,182.7765629312542,179.22130065055427,181.77789306640625,129554000
2025-08-15 00:00:00-04:00,NVDA,181.6380820439347,181.658044469753,177.8031781362909,180.20997619628906,156602200
2025-08-18 00:00:00-04:00,NVDA,180.359785616326,182.69666946783065,180.3497891649352,181.7678985595703,132008000
2025-08-19 00:00:00-04:00,NVDA,182.1873495042791,182.25726371442747,175.25659293377495,175.40638732910156,185229200
2025-08-20 00:00:00-04:00,NVDA,174.93701244991922,175.76591033294957,168.57548977611862,175.1667022705078,215142700
2025-08-21 00:00:00-04:00,NVDA,174.61742144674352,176.66468235557974,173.57879631630271,174.7472381591797,140040900
2025-08-22 00:00:00-04:00,NVDA,172.38040151215634,178.35244288234992,170.97227338198675,177.7532501220703,172789400
2025-08-25 00:00:00-04:00,NVDA,178.11278178635797,181.6680441727565,176.33515059315872,179.57083129882812,163012800
2025-08-26 00:00:00-04:00,NVDA,179.82049655621498,182.14739921043056,178.57215920342722,181.52822875976562,168688200
2025-08-27 00:00:00-04:00,NVDA,181.7379436715125,182.24727507184866,178.86178472902657,181.35845947265625,235518900
2025-08-28 00:00:00-04:00,NVDA,180.5794881684096,184.22462699678687,176.17535050737845,179.9303436279297,281787800
2025-08-29 00:00:00-04:00,NVDA,177.87308356836775,177.91302365652732,172.91967451951007,173.94830322265625,243257900
2025-09-02 00:00:00-04:00,NVDA,169.77389508693435,172.15073449446965,166.997593786357,170.5528564453125,231164900
2025-09-03 00:00:00-04:00,NVDA,170.83246833565184,172.18067877773825,168.6553752976972,170.39305114746094,164424900
2025-09-04 00:00:00-04:00,NVDA,170.34313981864827,171.6314173426514,169.18467902530818,171.4316864013672,141670100
2025-09-05 00:00:00-04:00,NVDA,167.8065026792569,168.80517258283567,163.8517783946414,166.7978515625,224441400
2025-09-08 00:00:00-04:00,NVDA,167.32715219255022,170.73262035939155,167.12742125141602,168.0861358642578,163769100
2025-09-09 00:00:00-04:00,NVDA,168.86509051949957,170.75257602974241,166.51822538667548,170.53286743164062,157548400
2025-09-10 00:00:00-04:00,NVDA,176.40506201448144,179.05153132643002,175.23661998400823,177.09414672851562,226852000
2025-09-11 00:00:00-04:00,NVDA,179.45110250300584,180.05034427267074,176.2551819566126,176.94430541992188,151159300
2025-09-12 00:00:00-04:00,NVDA,177.5435664999128,178.37251110105626,176.22524055900428,177.593505859375,124911000
2025-09-15 00:00:00-04:00,NVDA,175.44622258887705,178.62217970015598,174.28769658655634,177.52357482910156,147061600
2025-09-16 00:00:00-04:00,NVDA,176.77453647764895,177.27389957504343,174.15787872389456,174.65724182128906,140737800
2025-09-17 00:00:00-04:00,NVDA,172.42008695754546,172.97937117956877,168.1954794867923,170.0730743408203,211843800
2025-09-18 00:00:00-04:00,NVDA,173.7583871307785,176.87442336525442,172.73969733735942,176.01551818847656,191763300
2025-09-19 00:00:00-04:00,NVDA,175.54609885389235,177.8531538116004,174.95683884616588,176.4449462890625,237182100
2025-09-22 00:00:00-04:00,NVDA,175.07671637070237,184.31493427279133,174.48747153493287,183.37612915039062,269637000
2025-09-23 00:00:00-04:00,NVDA,181.73821238324945,182.18763613663097,175.9855548133895,178.2027130126953,192559600
2025-09-24 00:00:00-04:00,NVDA,179.54100413716742,179.5509859124944,175.17656050171237,176.74456787109375,143564100
2025-09-25 00:00:00-04:00,NVDA,174.25773588995062,180.0303718676576,172.90946471941734,177.46365356445312,191586700
2025-09-26 00:00:00-04:00,NVDA,177.94304916264082,179.54101721374016,174.70717071687335,177.96302795410156,148573700
2025-09-29 00:00:00-04:00,NVDA,180.2001578366391,183.76561762390497,180.09031258631592,181.6183624267578,193063500
2025-09-30 00:00:00-04:00,NVDA,181.848063160254,187.11135435179565,181.2488213615314,186.3423309326172,236981000
2025-10-01 00:00:00-04:00,NVDA,185.00405809785752,187.9003581593927,183.665753326035,187.0015106201172,173844900
2025-10-02 00:00:00-04:00,NVDA,189.35850113919957,190.80665113886596,187.82045419605362,188.64939880371094,136805800
2025-10-03 00:00:00-04:00,NVDA,188.94900408551683,190.11751186051177,185.1438598655547,187.38099670410156,137596900
2025-10-06 00:00:00-04:00,NVDA,185.26372281570642,186.99151499327596,183.09648864167906,185.3036651611328,157678100
2025-10-07 00:00:00-04:00,NVDA,185.99277739696944,188.8191743935438,183.76562222076905,184.80429077148438,140088000
2025-10-08 00:00:00-04:00,NVDA,186.33235229407293,189.35849142592937,186.30237648821537,188.86911010742188,130168900
2025-10-09 00:00:00-04:00,NVDA,191.9851285494953,195.05122522476873,190.816620752273,192.32470703125,182997200
2025-10-10 00:00:00-04:00,NVDA,193.26350393527704,195.37081685366852,181.81811007166195,182.92669677734375,268774400
2025-10-13 00:00:00-04:00,NVDA,187.73057886865314,189.86785248459339,185.72314454487463,188.08013916015625,153482800
2025-10-14 00:00:00-04:00,NVDA,184.5346420566055,184.56460262310264,179.47109296765566,179.80067443847656,205641400
2025-10-15 00:00:00-04:00,NVDA,184.56460739230218,184.63451030281777,177.06416377208902,179.60093688964844,214450500
2025-10-16 00:00:00-04:00,NVDA,181.99786281424815,183.04652832403656,179.5410050089342,181.57839965820312,179723300
2025-10-17 00:00:00-04:00,NVDA,179.9504818191574,183.86550198639478,179.52103686227596,182.9866180419922,173135200
2025-10-20 00:00:00-04:00,NVDA,182.89672994644732,184.96408521149223,181.4985041529273,182.4073486328125,128544700
2025-10-21 00:00:00-04:00,NVDA,182.55715836486127,182.55715836486127,179.5709767314294,180.9292449951172,124240200
2025-10-22 00:00:00-04:00,NVDA,180.9092591258601,183.20633238125785,176.53483359319367,180.05035400390625,162249600
2025-10-23 00:00:00-04:00,NVDA,180.19017423035882,182.7968501503985,179.5609718650331,181.92796325683594,111363700
2025-10-24 00:00:00-04:00,NVDA,183.6058200325102,187.23120099697576,183.26625678365264,186.02273559570312,131296700
2025-10-27 00:00:00-04:00,NVDA,189.74800438556454,191.75543864774096,188.18997864549505,191.24609375,153452700
2025-10-28 00:00:00-04:00,NVDA,192.8040950113927,202.8912204382634,191.66554775855593,200.77392578125,297986200
2025-10-29 00:00:00-04:00,NVDA,207.715080745974,211.9197249544373,204.51915980095313,206.77627563476562,308829600
2025-10-30 00:00:00-04:00,NVDA,204.88867704045037,205.89740027142088,201.1534507471854,202.63156127929688,178864400
2025-10-31 00:00:00-04:00,NVDA,206.18701808603035,207.70508615602077,201.81260775338424,202.23207092285156,179802200
2025-11-03 00:00:00-05:00,NVDA,207.8149540137207,211.07079600988305,205.2981596683369,206.61648559570312,180267300
2025-11-04 00:00:00-05:00,NVDA,202.7414122562426,203.71017785907821,197.67786326579136,198.43690490722656,188919300
2025-11-05 00:00:00-05:00,NVDA,198.51681234435117,202.66152000582164,194.40205001057666,194.9613494873047,171350300
2025-11-06 00:00:00-05:00,NVDA,196.16981228388872,197.3682807609907,186.14260723026618,187.84043884277344,223029800
2025-11-07 00:00:00-05:00,NVDA,184.66444902638756,188.08010568481336,178.682089465448,187.91030883789062,264942300
2025-11-10 00:00:00-05:00,NVDA,194.8614791513322,199.68532876518447,193.5431531870904,198.7964630126953,198897100
2025-11-11 00:00:00-05:00,NVDA,194.91140808059743,195.17107140540628,191.05632435423007,192.91395568847656,176483300
2025-11-12 00:00:00-05:00,NVDA,195.47068348463264,195.64046510157328,190.8865341091802,193.55313110351562,154935300
2025-11-13 00:00:00-05:00,NVDA,190.8066439854392,191.1961465947379,183.61581837719615,186.62197875976562,207423100
2025-11-14 00:00:00-05:00,NVDA,182.62706393415107,190.76667594021126,180.34996953708986,189.92774963378906,186591900
2025-11-17 00:00:00-05:00,NVDA,185.73311754704963,188.75925679396335,184.08522536919267,186.36231994628906,173628900
2025-11-18 00:00:00-05:00,NVDA,183.14641371605563,184.5646030780414,179.42115405263684,181.1289825439453,213598900
2025-11-19 00:00:00-05:00,NVDA,184.5546024199349,187.62069907956393,182.5971076589588,186.28240966796875,247246400
2025-11-20 00:00:00-05:00,NVDA,195.70039225393623,195.7503316108911,179.62090987236718,180.40989685058594,343504800
2025-11-21 00:00:00-05:00,NVDA,181.00913979899244,184.32490281868388,172.70971237567008,178.6521453857422,346926200
2025-11-24 00:00:00-05:00,NVDA,179.2613745727385,183.26626122561635,176.25519889972114,182.31747436523438,256618300
2025-11-25 00:00:00-05:00,NVDA,174.68720886729724,177.9330691207534,169.3340356551,177.593505859375,320600300
2025-11-26 00:00:00-05:00,NVDA,181.39863013804072,182.67699835309762,178.01294919921247,180.03036499023438,183852000
2025-11-28 00:00:00-05:00,NVDA,178.7819702942556,179.0616124091028,176.27517303639212,176.7745361328125,121332800
2025-12-01 00:00:00-05:00,NVDA,174.5373804488289,180.07033197943204,173.45875435362808,179.69081115722656,188131000
2025-12-02 00:00:00-05:00,NVDA,181.52847225165078,185.4235136530611,179.7707195907086,181.22886657714844,182632200
2025-12-03 00:00:00-05:00,NVDA,180.84935949817796,182.21760964702736,178.88186747602086,179.3612518310547,165138000
2025-12-04 00:00:00-05:00,NVDA,181.39873533031871,184.29521152983364,179.7407692190929,183.15660095214844,167364900
2025-12-05 00:00:00-05:00,NVDA,183.66598269849337,184.43504894381925,180.6896172324408,182.1877899169922,143971100
2025-12-08 00:00:00-05:00,NVDA,182.41751577930148,187.7709870845105,182.17780264974235,185.323974609375,204378100
2025-12-09 00:00:00-05:00,NVDA,185.33395229946427,185.4937610485011,183.09669077375298,184.7446746826172,144719700
2025-12-10 00:00:00-05:00,NVDA,184.74467463147755,185.2540478736652,181.8182359713298,183.55612182617188,162785400
2025-12-11 00:00:00-05:00,NVDA,180.060377409269,181.09911899111663,176.40483245042134,180.70957946777344,182136600
2025-12-12 00:00:00-05:00,NVDA,180.88937065842447,182.59729422559735,174.40727135263347,174.80679321289062,204274900
2025-12-15 00:00:00-05:00,NVDA,177.72322484137152,178.20263580820242,174.81676632707214,176.07522583007812,164775600
2025-12-16 00:00:00-05:00,NVDA,176.04526619844617,178.27256047932946,174.686922405521,177.5034942626953,148588100
2025-12-17 00:00:00-05:00,NVDA,175.88546784627562,175.91543007880585,170.10251312474713,170.73175048828125,222775500
2025-12-18 00:00:00-05:00,NVDA,174.3173807251694,175.93540231223645,171.6106906687844,173.9278564453125,176096000
2025-12-19 00:00:00-05:00,NVDA,176.4547863729682,181.22896236326454,176.12518653595592,180.76953125,324925900
2025-12-22 00:00:00-05:00,NVDA,183.6959478478248,183.935660967629,182.1278683380167,183.4662322998047,129064400
2025-12-23 00:00:00-05:00,NVDA,182.74711840334103,189.09937165158402,182.67719635774475,188.97952270507812,174873600
2025-12-24 00:00:00-05:00,NVDA,187.71105179508496,188.67987134928,186.36269028434322,188.38023376464844,65528500
2025-12-26 00:00:00-05:00,NVDA,189.68863982420257,192.45526970950266,187.7709805748158,190.2978973388672,139740300
2025-12-29 00:00:00-05:00,NVDA,187.4813341773615,188.53004285167208,185.68352392965699,187.99070739746094,120006100
2025-12-30 00:00:00-05:00,NVDA,188.01069817319677,188.75978454971104,186.70228116711607,187.31153869628906,97687300
2023-01-03 00:00:00-05:00,JPM,123.84508237224334,125.21869680593807,122.60882379266664,123.73518371582031,11054800
2023-01-04 00:00:00-05:00,JPM,124.53188365034441,126.07947743440992,124.14727330402683,124.88902282714844,11687600
2023-01-05 00:00:00-05:00,JPM,125.14731068975593,125.19343885785885,123.33919066504112,124.86133575439453,8381300
2023-01-06 00:00:00-05:00,JPM,125.58088256121964,127.65652331364585,124.0679716425048,127.25061798095703,10029100
2023-01-09 00:00:00-05:00,JPM,127.85948631850927,128.11778717358982,126.27277302224822,126.72479248046875,8482300
2023-01-10 00:00:00-05:00,JPM,127.11226203686306,127.97020106027225,126.66946251825927,127.85950469970703,9048700
2023-01-11 00:00:00-05:00,JPM,128.1362671314261,128.9204040207667,127.39827250186465,128.80970764160156,8703700
2023-01-12 00:00:00-05:00,JPM,129.15103093905597,129.94438783502113,128.43147632136026,128.68055725097656,11001700
2023-01-13 00:00:00-05:00,JPM,125.0919964464557,132.37057853485908,124.35398778566517,131.92776489257812,20200000
2023-01-17 00:00:00-05:00,JPM,130.23036130203369,130.57168451812987,128.44069478543568,129.8890380859375,14292900
2023-01-18 00:00:00-05:00,JPM,128.15468438224798,129.82441997763814,125.83919663343917,125.98680114746094,13392600
2023-01-19 00:00:00-05:00,JPM,124.83368959532557,125.36873142072389,123.23774189524636,124.30785369873047,13303400
2023-01-20 00:00:00-05:00,JPM,124.6860764350266,124.99050549995506,123.20083928110803,124.61227416992188,13092500
2023-01-23 00:00:00-05:00,JPM,124.64919194644216,127.26912358822193,124.37245099514978,126.6325912475586,10487100
2023-01-24 00:00:00-05:00,JPM,125.84843419730726,129.41853266077536,124.5384756243457,127.72112274169922,6945000
2023-01-25 00:00:00-05:00,JPM,127.35209716969135,128.33917236328125,126.6140887370127,128.33917236328125,8967000
2023-01-26 00:00:00-05:00,JPM,128.61596652180285,129.20637063279165,127.63811103263491,129.132568359375,7487600
2023-01-27 00:00:00-05:00,JPM,129.7137336540936,130.31335768367455,128.92037692534547,129.4462127685547,7489900
2023-01-30 00:00:00-05:00,JPM,128.44067672474193,129.23403349962402,128.14548173306235,128.3484344482422,6729300
2023-01-31 00:00:00-05:00,JPM,129.04034871461153,129.21562738518514,127.53665704216085,129.11415100097656,9188700
2023-02-01 00:00:00-05:00,JPM,127.49971585355509,129.96280818647722,127.41667951434165,128.77276611328125,8841800
2023-02-02 00:00:00-05:00,JPM,129.1509813990818,129.5753408172683,127.30596737909491,128.17312622070312,11822100
2023-02-03 00:00:00-05:00,JPM,127.47202559211956,131.3004385410896,127.42591149773286,130.15652465820312,11501200
2023-02-06 00:00:00-05:00,JPM,129.36318646266028,131.21743502591008,129.17868782973096,130.92222595214844,8406200
2023-02-07 00:00:00-05:00,JPM,130.42409169951745,133.1547055319819,130.23957897119715,132.51817321777344,10447900
2023-02-08 00:00:00-05:00,JPM,131.5956610455783,132.877945632751,131.25433784814967,131.58644104003906,6958000
2023-02-09 00:00:00-05:00,JPM,132.02924973935913,132.23220248602038,129.03110079936252,129.53848266601562,6443100
2023-02-10 00:00:00-05:00,JPM,128.9480283186834,130.33178882925134,127.85024272808514,130.11038208007812,6582900
2023-02-13 00:00:00-05:00,JPM,130.35026256892732,131.66944103130464,129.83366081928747,131.5218505859375,7134600
2023-02-14 00:00:00-05:00,JPM,131.45727512332502,132.66575729505092,130.62702427939897,132.10302734375,9249400
2023-02-15 00:00:00-05:00,JPM,130.63623184384645,132.7395469194213,130.35025689320076,132.65652465820312,6728300
2023-02-16 00:00:00-05:00,JPM,131.8354853567696,132.27828479759046,130.7007915549268,130.8299560546875,8165300
2023-02-17 00:00:00-05:00,JPM,130.05502421668962,131.7616676830346,129.2155536008765,131.21739196777344,7948800
2023-02-21 00:00:00-05:00,JPM,129.7875631944812,130.3871873500862,127.99789665746964,128.80970764160156,9996300
2023-02-22 00:00:00-05:00,JPM,128.15467389197485,128.6251474060241,126.78936743988562,127.82257080078125,11107500
2023-02-23 00:00:00-05:00,JPM,127.97941389653887,129.30782645428664,127.25063943639948,128.84657287597656,8068000
2023-02-24 00:00:00-05:00,JPM,128.32997069185853,130.4056117873212,128.16391208452364,130.00892639160156,9126900
2023-02-27 00:00:00-05:00,JPM,131.09748755132986,132.20449328145548,130.7377103371305,131.14361572265625,10014700
2023-02-28 00:00:00-05:00,JPM,131.86320841159264,132.6196571507336,130.90379284445575,132.24143981933594,11019800
2023-03-01 00:00:00-05:00,JPM,131.0882772898551,132.34288763092906,130.81152231767038,131.50340270996094,7139200
2023-03-02 00:00:00-05:00,JPM,131.21745450158852,131.39271907926147,128.7266733201516,130.13812255859375,11106800
2023-03-03 00:00:00-05:00,JPM,130.54397554325527,132.6011765252421,130.1473042441955,132.52737426757812,9513100
2023-03-06 00:00:00-05:00,JPM,132.3244371513992,132.87793303450798,131.60488264991764,131.7524871826172,9261300
2023-03-07 00:00:00-05:00,JPM,131.00522819320005,131.28198313844652,127.13070118877344,127.8779296875,11747600
2023-03-08 00:00:00-05:00,JPM,127.30599673718818,127.85027262027845,126.28201315690055,127.12149810791016,10002500
2023-03-09 00:00:00-05:00,JPM,126.16206444067002,126.70635432127048,119.2063671822897,120.23957061767578,25888100
2023-03-10 00:00:00-05:00,JPM,118.96655091628814,124.77833580714312,117.91488608986784,123.29309844970703,37599700
2023-03-13 00:00:00-04:00,JPM,121.04218457726407,123.50527728856319,119.38166868303325,121.0790786743164,42901100
2023-03-14 00:00:00-04:00,JPM,124.7967854376339,125.02741226082236,121.11597627206211,124.18792724609375,29648100
2023-03-15 00:00:00-04:00,JPM,120.82999880439688,120.83923288599676,116.90934992815797,118.3207778930664,34280600
2023-03-16 00:00:00-04:00,JPM,118.09013838380625,121.72481890489128,116.25435107656224,120.61781311035156,24558500
2023-03-17 00:00:00-04:00,JPM,118.43148888954974,118.523731171571,115.72853524450113,116.06063842773438,38396000
2023-03-20 00:00:00-04:00,JPM,117.14918964833143,119.43701064586844,116.24513651602736,117.28756713867188,22875500
2023-03-21 00:00:00-04:00,JPM,120.47019792314585,121.52185544634439,120.10120071640084,120.43330383300781,17807800
2023-03-22 00:00:00-04:00,JPM,120.44254244300132,120.53479879711034,117.23222120408215,117.32447052001953,17250200
2023-03-23 00:00:00-04:00,JPM,117.98867327821704,119.49235749309963,116.25435522322675,117.01081085205078,16677600
2023-03-24 00:00:00-04:00,JPM,115.89457646612907,115.94070464118424,113.56986142967864,115.23037719726562,22311100
2023-03-27 00:00:00-04:00,JPM,116.96469247134272,119.35398985556544,116.5034388565988,118.532958984375,18853900
2023-03-28 00:00:00-04:00,JPM,118.73590618033046,119.31707613597284,117.84106604505389,118.89273071289062,10820500
2023-03-29 00:00:00-04:00,JPM,120.01820444237497,120.12890081309794,117.86875372248522,119.1325912475586,14595300
2023-03-30 00:00:00-04:00,JPM,119.87981010605174,120.03663464387499,117.7580477285773,118.7728042602539,12134700
2023-03-31 00:00:00-04:00,JPM,119.61228999766035,120.23958815310226,118.86506139871327,120.2119140625,13105200
2023-04-03 00:00:00-04:00,JPM,119.84291293541644,121.25434781594711,119.38165933847588,120.07353973388672,11775400
2023-04-04 00:00:00-04:00,JPM,120.3872083829949,120.4702306656259,117.53666406857091,118.46839141845703,11579900
2023-04-05 00:00:00-04:00,JPM,117.89193428485298,119.14708434890063,117.57581658451342,118.64502716064453,9614700
2023-04-06 00:00:00-04:00,JPM,118.0778797956493,119.08200834987258,117.94771577122117,118.51486206054688,8760200
2023-04-10 00:00:00-04:00,JPM,117.65018508298203,119.22145267413045,117.35266632962198,118.90534210205078,9477300
2023-04-11 00:00:00-04:00,JPM,119.28655100779827,119.88158856058351,118.5799412538381,119.49109649658203,10516300
2023-04-12 00:00:00-04:00,JPM,120.10471721761407,121.26690103116188,119.06340506045575,119.47249603271484,11821000
2023-04-13 00:00:00-04:00,JPM,119.43532049173513,119.97456133339055,117.9198281563234,119.92808532714844,12450200
2023-04-14 00:00:00-04:00,JPM,125.65531412466714,129.3464112241228,125.42287735108336,128.9838104248047,43931300
2023-04-17 00:00:00-04:00,JPM,130.1180805952463,130.22035332547398,127.98896635826779,130.0065155029297,16050500
2023-04-18 00:00:00-04:00,JPM,130.41562773954573,131.81954073230335,129.26273624552854,131.4662322998047,13760100
2023-04-19 00:00:00-04:00,JPM,131.30818152408432,131.55921721829318,130.53648971360158,131.29888916015625,9158100
2023-04-20 00:00:00-04:00,JPM,130.0809121691736,131.49411745979074,130.01582306650377,130.9176788330078,10586200
2023-04-21 00:00:00-04:00,JPM,129.92287013341033,131.19661917231718,129.03030663899233,130.66665649414062,11842500
2023-04-24 00:00:00-04:00,JPM,130.5922707591097,131.18730827572392,130.20176453203194,130.84329223632812,7567500
2023-04-25 00:00:00-04:00,JPM,129.7926794829972,130.1273889514079,127.96107686236238,127.99826049804688,10629300
2023-04-26 00:00:00-04:00,JPM,127.95178545062049,128.12843966134915,124.58610564390162,125.72969055175781,14416100
2023-04-27 00:00:00-04:00,JPM,126.44561474881897,128.22143524314188,126.12950411678274,127.4218521118164,9041100
2023-04-28 00:00:00-04:00,JPM,126.96626151575278,128.60262548886095,126.13878716546598,128.5282440185547,9887300
2023-05-01 00:00:00-04:00,JPM,132.26581836000824,133.29783821644935,130.93628680641368,131.28028869628906,20415800
2023-05-02 00:00:00-04:00,JPM,131.46624572118586,132.40529945357613,128.7048954586178,129.1604766845703,14113400
2023-05-03 00:00:00-04:00,JPM,128.71420151054193,128.92803938903776,126.22247169793857,126.42701721191406,12930900
2023-05-04 00:00:00-04:00,JPM,125.47867596517398,126.1852786601543,122.5499640622479,124.69767761230469,17089200
2023-05-05 00:00:00-04:00,JPM,126.85469425360314,128.19353232279389,126.36192943463914,127.13362121582031,11261400
2023-05-08 00:00:00-04:00,JPM,127.83090642440395,128.27718096422285,126.8918529755788,127.44041442871094,7484900
2023-05-09 00:00:00-04:00,JPM,126.38050108785183,127.32884698655893,125.71109630932034,126.82678985595703,7343600
2023-05-10 00:00:00-04:00,JPM,128.25861326097296,128.36088601235872,125.39499040898734,126.89188385009766,8133400
2023-05-11 00:00:00-04:00,JPM,125.51586622421974,127.19870630889098,125.4228858337718,126.49210357666016,7057300
2023-05-12 00:00:00-04:00,JPM,127.20798231436488,127.36603759072096,123.77721385815475,124.67906951904297,9988600
2023-05-15 00:00:00-04:00,JPM,124.8371413216115,126.13878152674747,124.54892200381812,125.72969055175781,7639500
2023-05-16 00:00:00-04:00,JPM,125.9435475942871,126.38982222709488,124.54892695329985,124.88363647460938,6477200
2023-05-17 00:00:00-04:00,JPM,126.35262233626756,128.85364424817092,125.94354553851306,128.72348022460938,12711500
2023-05-18 00:00:00-04:00,JPM,128.55612218887362,129.91354486981814,128.08194213737082,129.69970703125,10999600
2023-05-19 00:00:00-04:00,JPM,129.96935277131868,130.62018715038363,128.42598322593338,129.40220642089844,13492200
2023-05-22 00:00:00-04:00,JPM,131.09435819452145,131.6893958486409,127.98900588042339,128.3330078125,11402500
2023-05-23 00:00:00-04:00,JPM,127.87742817650872,129.26275666084493,126.8733136493313,126.99417114257812,9514900
2023-05-24 00:00:00-04:00,JPM,125.8877451386668,126.77101618732583,125.59023345923494,125.83196258544922,8578000
2023-05-25 00:00:00-04:00,JPM,125.34852496270497,126.69665557232207,125.12538052629566,126.13880157470703,8472500
2023-05-26 00:00:00-04:00,JPM,126.54788063934289,127.93320895067457,126.10160599557224,127.31957244873047,8579900
2023-05-30 00:00:00-04:00,JPM,127.18939548186306,128.04476103992013,126.46419393944916,127.80303192138672,7399900
2023-05-31 00:00:00-04:00,JPM,127.12431139989525,127.2265841438539,124.95799905009046,126.17597961425781,14219900
2023-06-01 00:00:00-04:00,JPM,126.92910484057823,128.51896477235005,125.93426842404183,127.91463470458984,12248100
2023-06-02 00:00:00-04:00,JPM,129.75547416344452,131.54058649622345,129.55092871196666,130.60154724121094,12922500
2023-06-05 00:00:00-04:00,JPM,130.26687328356348,130.26687328356348,128.42597790551955,129.3185272216797,8511900
2023-06-06 00:00:00-04:00,JPM,128.93731264569107,130.25756592635653,128.50034458893558,129.5509490966797,9329500
2023-06-07 00:00:00-04:00,JPM,129.74621069918032,131.34537684682581,129.076791651942,130.80612182617188,9281400
2023-06-08 00:00:00-04:00,JPM,130.78750968583515,130.99205516218504,129.6811084783462,130.84329223632812,7368100
2023-06-09 00:00:00-04:00,JPM,130.49001537148624,131.83814587263618,130.3598513407576,131.1036376953125,7249100
2023-06-12 00:00:00-04:00,JPM,131.15941893506186,131.39185569008666,129.94143842180847,131.09432983398438,7596600
2023-06-13 00:00:00-04:00,JPM,130.61087553751943,132.83297065646826,130.29476491165087,132.04269409179688,7701600
2023-06-14 00:00:00-04:00,JPM,132.9538706625446,133.52101711186455,130.81544892641267,131.54995727539062,9068700
2023-06-15 00:00:00-04:00,JPM,130.71315339866047,133.32574071990598,130.19249724469475,133.0375213623047,9343100
2023-06-16 00:00:00-04:00,JPM,133.00034817851713,133.85571395400092,132.48898434892973,133.19558715820312,13813500
2023-06-20 00:00:00-04:00,JPM,132.59125770413888,132.95385856912745,131.1315476919943,132.51687622070312,8428600
2023-06-21 00:00:00-04:00,JPM,132.8608349910178,133.90216123389115,131.7358491133408,132.32159423828125,9926500
2023-06-22 00:00:00-04:00,JPM,132.312314633662,132.58194925175235,129.18836364249506,129.77410888671875,10075200
2023-06-23 00:00:00-04:00,JPM,128.80716441468397,129.40220202550213,127.95179873580885,129.09539794921875,9919500
2023-06-26 00:00:00-04:00,JPM,129.11397314658396,130.1738842559491,128.01687839601942,129.4114990234375,8429700
2023-06-27 00:00:00-04:00,JPM,129.23482980914127,130.01581386502326,128.8071399575032,129.4207763671875,8154000
2023-06-28 00:00:00-04:00,JPM,129.3836309560509,129.430121156001,128.2679370913343,128.85366821289062,7558600
2023-06-29 00:00:00-04:00,JPM,130.2296708354378,133.47447882912567,130.02512535776643,133.35360717773438,15423200
2023-06-30 00:00:00-04:00,JPM,134.4414279986358,135.74306818320116,133.5674635089359,135.222412109375,14212800
2023-07-03 00:00:00-04:00,JPM,135.9197343507007,137.11910189866717,135.74308012722005,136.3102264404297,8021600
2023-07-05 00:00:00-04:00,JPM,135.68300316098157,136.14169879641477,135.14004477164264,135.40216064453125,8934900
2023-07-06 00:00:00-04:00,JPM,133.8856396654107,134.2320040302401,132.40654898226205,134.06350708007812,9709500
2023-07-07 00:00:00-04:00,JPM,134.71879262942724,136.52552097664736,133.866908872023,135.12132263183594,8981500
2023-07-10 00:00:00-04:00,JPM,135.27108225449538,136.6659241619379,135.27108225449538,135.8795623779297,9100100
2023-07-11 00:00:00-04:00,JPM,136.99358365726889,138.37906960740568,136.4038300805188,138.00460815429688,11260900
2023-07-12 00:00:00-04:00,JPM,138.03271374432256,140.29815234336888,137.6114570388081,138.68800354003906,11323200
2023-07-13 00:00:00-04:00,JPM,139.20287398923173,139.83008093340652,138.3135511365733,139.3620147705078,11234900
2023-07-14 00:00:00-04:00,JPM,141.870843043834,143.12525681027427,138.93138839786866,140.20452880859375,27028400
2023-07-17 00:00:00-04:00,JPM,140.74748954065532,143.93033347784979,140.74748954065532,143.58396911621094,17262400
2023-07-18 00:00:00-04:00,JPM,143.58398393912213,144.53882864830726,143.05975211033515,143.84609985351562,13491700
2023-07-19 00:00:00-04:00,JPM,142.99420853526703,145.2971002736689,142.49805956001194,144.39840698242188,12510000
2023-07-20 00:00:00-04:00,JPM,144.66050292793233,146.58893291052811,144.54817163861398,146.17703247070312,9935900
2023-07-21 00:00:00-04:00,JPM,145.84941384000646,146.1676953908266,144.8103064253035,145.05369567871094,10636400
2023-07-24 00:00:00-04:00,JPM,145.07242527179113,148.64844326937535,144.84774837498787,147.90890502929688,14381400
2023-07-25 00:00:00-04:00,JPM,147.25361502130073,147.64678887686114,145.99920115581102,146.8042755126953,9944700
2023-07-26 00:00:00-04:00,JPM,146.70126160583894,148.14289869512007,146.2987173916895,147.68418884277344,8728600
2023-07-27 00:00:00-04:00,JPM,147.69357490821167,148.6390632476469,145.6153603699145,146.0553436279297,10778400
2023-07-28 00:00:00-04:00,JPM,147.234883659289,147.53445284492707,146.4485359733566,146.88851928710938,9103800
2023-07-31 00:00:00-04:00,JPM,147.14124846387747,149.2007506770254,147.11316564135666,147.87144470214844,8892700
2023-08-01 00:00:00-04:00,JPM,147.37529894065986,147.90890120016138,146.17705075722094,147.14126586914062,6853900
2023-08-02 00:00:00-04:00,JPM,145.62474493018428,145.74644670568168,144.10821510612257,145.47496032714844,8299400
2023-08-03 00:00:00-04:00,JPM,145.10053428694172,146.89790693303152,144.49205388911506,146.36431884765625,6084000
2023-08-04 00:00:00-04:00,JPM,146.41106413550557,147.72165773027706,145.7557744802414,146.0553436279297,6209400
2023-08-07 00:00:00-04:00,JPM,146.59832234097993,147.62805928952613,146.59832234097993,146.7480926513672,7251800
2023-08-08 00:00:00-04:00,JPM,144.46393710846394,146.01790580284208,142.84441801525406,145.92430114746094,8623400
2023-08-09 00:00:00-04:00,JPM,145.40006893140463,145.58729252584976,143.66821854323672,143.9677734375,6277800
2023-08-10 00:00:00-04:00,JPM,144.52012259703838,145.51242064260987,143.31250381761902,143.7524871826172,5995100
2023-08-11 00:00:00-04:00,JPM,143.2563261590332,144.65116844231196,142.8818789489863,144.58563232421875,5180700
2023-08-14 00:00:00-04:00,JPM,143.7992760288352,145.02560699541831,143.15334248845306,144.88519287109375,5044300
2023-08-15 00:00:00-04:00,JPM,143.0878141862051,143.48098800077395,140.63513807973655,141.1968231201172,10300300
2023-08-16 00:00:00-04:00,JPM,140.9815196692057,141.3185278436564,140.12026544675294,140.5977020263672,6978200
2023-08-17 00:00:00-04:00,JPM,141.24364197541,141.599362526,138.9220236528226,139.13734436035156,9953900
2023-08-18 00:00:00-04:00,JPM,138.2199108469386,139.9517610959369,138.02333108805377,139.4556121826172,8517500
2023-08-21 00:00:00-04:00,JPM,140.09218520164686,140.5134561406489,138.56629935066977,139.93304443359375,8327000
2023-08-22 00:00:00-04:00,JPM,139.7271029659488,140.0828378134794,136.53490265589448,137.0310516357422,9673300
2023-08-23 00:00:00-04:00,JPM,137.00294965470403,138.16374441088766,136.16979258953467,137.95779418945312,7858000
2023-08-24 00:00:00-04:00,JPM,138.07949613762864,139.8675120243072,137.60207386958209,137.8267364501953,6534000
2023-08-25 00:00:00-04:00,JPM,137.8735553172173,139.1279690919885,136.53489306897146,137.6582489013672,6695500
2023-08-28 00:00:00-04:00,JPM,138.14505161734553,139.11862293308627,137.73315111613948,138.13568115234375,5094100
2023-08-29 00:00:00-04:00,JPM,138.27610573389072,139.3432959645767,137.7799424826576,139.259033203125,6337000
2023-08-30 00:00:00-04:00,JPM,139.12798531844592,139.6241343213218,137.78932291407224,138.69737243652344,6277300
2023-08-31 00:00:00-04:00,JPM,138.79096610726893,138.87522886814105,136.63787329971225,136.98423767089844,10933900
2023-09-01 00:00:00-04:00,JPM,136.75956054270785,138.62246891114418,136.3944695270514,137.4429473876953,7903500
2023-09-05 00:00:00-04:00,JPM,137.76124791490443,138.7441897953405,135.7485546770121,135.92642211914062,7854700
2023-09-06 00:00:00-04:00,JPM,135.45833292470454,136.24468058187983,134.9060183286584,135.7017364501953,8629200
2023-09-07 00:00:00-04:00,JPM,134.92474171145767,135.9919318730385,134.2319987249338,134.54092407226562,8373700
2023-09-08 00:00:00-04:00,JPM,134.21327851187928,134.91537771193597,133.53926213708527,134.64390563964844,7107900
2023-09-11 00:00:00-04:00,JPM,135.50516045652148,135.78600302416146,134.51286243054037,135.2336883544922,6854200
2023-09-12 00:00:00-04:00,JPM,135.27112644775508,137.91102656774117,134.84986974127222,136.9936065673828,8363200
2023-09-13 00:00:00-04:00,JPM,137.92970859849189,138.26671674641662,136.5067980043591,137.05911254882812,8325900
2023-09-14 00:00:00-04:00,JPM,138.39780809031097,140.32623851403181,138.09825315552496,139.71775817871094,10034900
2023-09-15 00:00:00-04:00,JPM,139.40882229373597,140.16708718154675,138.83778101161687,139.30584716796875,19863400
2023-09-18 00:00:00-04:00,JPM,138.6973750034845,139.61478072408826,138.31355730457247,139.59605407714844,6512400
2023-09-19 00:00:00-04:00,JPM,139.95178466264682,140.15773491994022,137.80804789167848,139.41818237304688,7943400
2023-09-20 00:00:00-04:00,JPM,140.09220027603982,140.65388539898544,138.67864557176296,138.82843017578125,7332000
2023-09-21 00:00:00-04:00,JPM,138.15440843768323,139.3433004745327,137.2650855973688,137.7425079345703,8052400
2023-09-22 00:00:00-04:00,JPM,137.88291038548203,138.08886061958907,135.91704126570235,136.42254638671875,7071700
2023-09-25 00:00:00-04:00,JPM,136.06682076935587,137.1620937275213,134.5221940712428,137.0965576171875,7044700
2023-09-26 00:00:00-04:00,JPM,135.36471871200064,136.5255134713151,135.01834009270283,135.6736297607422,7468400
2023-09-27 00:00:00-04:00,JPM,135.91706094085959,136.75957435926273,135.2804835021302,136.46937561035156,6717800
2023-09-28 00:00:00-04:00,JPM,136.9374263446685,139.36200547860716,136.68466663396703,138.16375732421875,8868100
2023-09-29 00:00:00-04:00,JPM,139.10927488590553,139.2590452079911,135.6081347051916,135.75791931152344,11917800
2023-10-02 00:00:00-04:00,JPM,135.58003593998507,136.31957413491773,133.52054783987114,134.58773803710938,9170600
2023-10-03 00:00:00-04:00,JPM,134.054139400051,134.41923041723004,133.25843553401722,133.59544372558594,9431100
2023-10-04 00:00:00-04:00,JPM,134.0447954716826,134.30691139083365,132.8652595512566,134.194580078125,8128700
2023-10-05 00:00:00-04:00,JPM,133.9493763741643,134.94901072046437,132.80830619332247,134.76039123535156,8576200
2023-10-06 00:00:00-04:00,JPM,134.76980848069118,137.57063757203986,134.0436638745079,136.83506774902344,10270600
2023-10-09 00:00:00-04:00,JPM,135.4770900778378,137.11796998670525,135.32620026862298,136.52386474609375,6964900
2023-10-10 00:00:00-04:00,JPM,137.13683414188532,138.40994351775856,137.00480915687686,137.35372924804688,11288800
2023-10-11 00:00:00-04:00,JPM,138.1647818324973,138.84377176702316,136.75966147632005,137.82528686523438,8698200
2023-10-12 00:00:00-04:00,JPM,137.96668744994335,138.5890969992709,136.86333291593985,137.5045928955078,10484400
2023-10-13 00:00:00-04:00,JPM,140.0414051365208,144.38881902981274,139.41899543795483,139.56988525390625,29427000
2023-10-16 00:00:00-04:00,JPM,140.93729128323395,141.00331097441395,138.36279673046786,139.42843627929688,12663500
2023-10-17 00:00:00-04:00,JPM,139.1643775960049,140.80525749010098,138.42879338011554,139.12664794921875,11482700
2023-10-18 00:00:00-04:00,JPM,138.24019813274663,139.07950296279404,137.0896884480104,137.59893798828125,9620300
2023-10-19 00:00:00-04:00,JPM,137.1934315805182,138.64572098900047,136.62761631159904,137.01425170898438,11143600
2023-10-20 00:00:00-04:00,JPM,136.33527520394097,136.87280042471613,134.02481610747344,134.8075408935547,13332900
2023-10-23 00:00:00-04:00,JPM,134.7981121972243,135.49595244442185,132.71398789413,132.96861267089844,10133400
2023-10-24 00:00:00-04:00,JPM,133.14778633313443,133.6570214733008,132.36506160371712,133.12892150878906,8881400
2023-10-25 00:00:00-04:00,JPM,132.5631156887243,133.13835617043748,131.5634813825373,132.4027862548828,8242600
2023-10-26 00:00:00-04:00,JPM,131.7992392386323,133.6004487370822,131.48803437322115,132.74227905273438,9109400
2023-10-27 00:00:00-04:00,JPM,131.0353638210495,131.17682841025032,127.48953971893079,127.9610595703125,17434700
2023-10-30 00:00:00-04:00,JPM,128.6683694597706,130.17722470352462,128.29114485659662,129.59254455566406,9855500
2023-10-31 00:00:00-04:00,JPM,129.86600415268222,131.3088537506683,129.63966944313077,131.13909912109375,9672500
2023-11-01 00:00:00-04:00,JPM,131.31826465706934,132.52535419718015,130.5826949182406,131.0259246826172,9432000
2023-11-02 00:00:00-04:00,JPM,132.1104404141124,133.42126514351625,131.29942562105097,133.36468505859375,10186200
2023-11-03 00:00:00-04:00,JPM,134.09081544854737,135.5808198813388,133.7701854083583,134.85467529296875,9538700
2023-11-06 00:00:00-05:00,JPM,135.01499931905428,135.9769038934277,134.6566396092663,135.8731689453125,7625100
2023-11-07 00:00:00-05:00,JPM,135.33562430758016,136.0429040937685,134.68493899158793,135.80714416503906,6297900
2023-11-08 00:00:00-05:00,JPM,135.90147545372747,136.58989052573705,135.43938073983261,136.4767303466797,7618200
2023-11-09 00:00:00-05:00,JPM,137.15571722301596,137.35374753206762,135.51482271407195,136.0712127685547,7992500
2023-11-10 00:00:00-05:00,JPM,136.68418961313236,138.136464559863,135.87317481726728,138.0893096923828,7983300
2023-11-13 00:00:00-05:00,JPM,137.40090396181412,137.91957875986594,136.89166877168356,137.47634887695312,6676300
2023-11-14 00:00:00-05:00,JPM,138.32505839820212,140.7486773711874,138.17418298003085,139.9848175048828,9927700
2023-11-15 00:00:00-05:00,JPM,140.003664861889,141.60682929840053,140.003664861889,141.21075439453125,8365300
2023-11-16 00:00:00-05:00,JPM,141.5408447709493,142.89882442983355,141.5408447709493,142.82337951660156,8126200
2023-11-17 00:00:00-05:00,JPM,143.53066195472735,144.15307170777956,142.90825220167514,144.1153564453125,7812400
2023-11-20 00:00:00-05:00,JPM,143.41749314350156,144.99236786773022,143.26660332342516,144.55856323242188,7019000
2023-11-21 00:00:00-05:00,JPM,144.4737158356679,144.87923049221965,143.87961045881642,144.25682067871094,7083500
2023-11-22 00:00:00-05:00,JPM,144.67172786384498,145.11495768637337,144.19076839406415,144.59628295898438,5174500
2023-11-24 00:00:00-05:00,JPM,144.84148165087916,145.6430712490366,144.54914161073685,144.79432678222656,3496900
2023-11-27 00:00:00-05:00,JPM,144.69056896757002,144.78487868997536,144.01159364689627,144.46424865722656,6259100
2023-11-28 00:00:00-05:00,JPM,144.492561524212,145.10553164775902,144.02104161697716,144.79432678222656,6582700
2023-11-29 00:00:00-05:00,JPM,145.3884426243466,146.76528704849733,145.22812758688474,145.5299072265625,9126100
2023-11-30 00:00:00-05:00,JPM,146.08628152226098,147.23679109279772,145.5864716387902,147.18963623046875,9869800
2023-12-01 00:00:00-05:00,JPM,146.94443626974908,148.86823070778377,146.94443626974908,147.9063262939453,8916000
2023-12-04 00:00:00-05:00,JPM,147.1330704680428,149.04744006979425,147.0010454744615,148.99085998535156,9607500
2023-12-05 00:00:00-05:00,JPM,148.30240514427905,149.4717794508536,148.02892998650574,148.9719696044922,9135600
2023-12-06 00:00:00-05:00,JPM,149.79246032699388,150.15082010818946,147.1142303560781,147.4065704345703,9366000
2023-12-07 00:00:00-05:00,JPM,147.7648813069236,148.34956127038419,147.25563185066076,147.8591766357422,8130900
2023-12-08 00:00:00-05:00,JPM,148.30243749266455,149.73586205376884,148.038387493204,149.4906768798828,7369400
2023-12-11 00:00:00-05:00,JPM,149.49066339865834,150.2262332436277,149.1417289104025,150.03762817382812,8093900
2023-12-12 00:00:00-05:00,JPM,150.16024048034427,151.49935542257748,149.83018514642347,151.37677001953125,10223000
2023-12-13 00:00:00-05:00,JPM,151.37673596516078,152.80072072522947,150.66945619346848,151.88597106933594,12379100
2023-12-14 00:00:00-05:00,JPM,152.61213937426155,155.45068411871856,152.49897919789595,154.64910888671875,13643000
2023-12-15 00:00:00-05:00,JPM,153.79092125929148,155.8656057922749,153.14022154170772,155.81845092773438,20309300
2023-12-18 00:00:00-05:00,JPM,156.4691346246582,157.61021891526943,156.19565946175493,156.761474609375,8469600
2023-12-19 00:00:00-05:00,JPM,156.54462708995365,158.87393684903017,156.12026200288022,158.85507202148438,10345700
2023-12-20 00:00:00-05:00,JPM,158.42127317416848,159.760388064777,156.9689837140342,157.06329345703125,10734700
2023-12-21 00:00:00-05:00,JPM,157.33674255642595,158.51554219987133,156.24281303379408,157.9591522216797,7601700
2023-12-22 00:00:00-05:00,JPM,157.95914737092147,158.64756231245275,157.7045226266562,157.86483764648438,6576300
2023-12-26 00:00:00-05:00,JPM,157.92144185918576,159.15682162146308,157.65737749239696,158.7984619140625,4683600
2023-12-27 00:00:00-05:00,JPM,158.2797759335722,159.81693521176237,158.0345907978248,159.75091552734375,6428600
2023-12-28 00:00:00-05:00,JPM,159.7038007098136,160.93918058278578,159.3737310139855,160.5996856689453,6320100
2023-12-29 00:00:00-05:00,JPM,160.3167620438129,160.96746179209865,159.96784193110983,160.41107177734375,6435100
2024-01-02 00:00:00-05:00,JPM,159.458610618745,162.36317518980186,159.28887034656313,162.27830505371094,9977400
2024-01-03 00:00:00-05:00,JPM,162.07080905271448,162.24054929758722,160.6656746705868,161.5709991455078,9852300
2024-01-04 00:00:00-05:00,JPM,161.91259668017605,164.4839997839759,161.81770540051127,162.64321899414062,11972500
2024-01-05 00:00:00-05:00,JPM,162.70014174249383,164.51245797473024,162.70014174249383,163.459228515625,10066000
2024-01-08 00:00:00-05:00,JPM,163.22203063964844,163.5446378440562,160.82142880255864,163.22203063964844,11229900
2024-01-09 00:00:00-05:00,JPM,162.84245683503605,163.0037604143166,161.40020795733633,161.9315643310547,9923600
2024-01-10 00:00:00-05:00,JPM,161.3053268268902,162.33009181707794,160.309026324343,162.27316284179688,9670200
2024-01-11 00:00:00-05:00,JPM,161.6184608273202,161.6469253167498,160.01489369036094,161.58999633789062,11919500
2024-01-12 00:00:00-05:00,JPM,164.91099163359718,167.29261232317756,160.26159373589286,160.4039306640625,19436500
2024-01-16 00:00:00-05:00,JPM,156.43769533094127,159.49300912270533,155.8968555922771,159.39813232421875,17206400
2024-01-17 00:00:00-05:00,JPM,158.7813573746924,160.4228865888299,157.97483948873983,158.5441436767578,11107500
2024-01-18 00:00:00-05:00,JPM,158.57262518214884,158.9616591633274,156.788787827513,158.85728454589844,9382300
2024-01-19 00:00:00-05:00,JPM,158.9806227818617,161.8461682983927,158.53465987279188,161.59945678710938,13115700
2024-01-22 00:00:00-05:00,JPM,161.74178818370544,163.18403698933614,161.0301471162414,161.40968322753906,12837500
2024-01-23 00:00:00-05:00,JPM,160.99218388563608,161.06809400313085,159.82509659569962,160.3469696044922,8360800
2024-01-24 00:00:00-05:00,JPM,160.6980455138972,162.26365010364287,160.2236181256864,161.7797393798828,9967100
2024-01-25 00:00:00-05:00,JPM,163.49717227262667,164.1424010811721,162.16878131146788,164.09495544433594,8873500
2024-01-26 00:00:00-05:00,JPM,163.78182804587664,164.2088098113454,162.9942768223619,163.4687042236328,7443000
2024-01-29 00:00:00-05:00,JPM,163.43079174790918,164.00009606553505,162.5388657240791,163.89572143554688,6971200
2024-01-30 00:00:00-05:00,JPM,163.99060578443397,167.71959885740603,163.99060578443397,167.25466918945312,10822100
2024-01-31 00:00:00-05:00,JPM,167.18824195590526,169.1808431739778,165.42337114167398,165.44235229492188,11521800
2024-02-01 00:00:00-05:00,JPM,164.75916524911648,165.8977882402984,162.66218953700178,164.8445587158203,9354800
2024-02-02 00:00:00-05:00,JPM,164.4365557087008,166.82767409091414,164.39859340512308,165.7934112548828,8607600
2024-02-05 00:00:00-05:00,JPM,164.9679134968324,166.13500096991308,164.07598757427212,165.57518005371094,7820200
2024-02-06 00:00:00-05:00,JPM,165.6795413976579,166.87509326368186,164.87300900590824,166.1444854736328,6764800
2024-02-07 00:00:00-05:00,JPM,166.70430734707855,166.87509426680478,165.0627925456374,166.4575958251953,7225500
2024-02-08 00:00:00-05:00,JPM,166.04960084038564,166.34374353104843,164.69274533742478,165.85983276367188,6060300
2024-02-09 00:00:00-05:00,JPM,166.04959869496852,166.14448997128747,164.78762000748162,166.05908203125,6296700
2024-02-12 00:00:00-05:00,JPM,165.8408712827099,167.76704572264995,164.81610617285773,166.79920959472656,8539300
2024-02-13 00:00:00-05:00,JPM,166.3532562916045,167.2167032899838,163.79133635147977,165.3474578857422,8397600
2024-02-14 00:00:00-05:00,JPM,166.11602396443158,167.09334329239704,165.49925963075256,167.02691650390625,7056700
2024-02-15 00:00:00-05:00,JPM,167.1407757730594,170.99313861983137,167.1407757730594,170.67051696777344,8723400
2024-02-16 00:00:00-05:00,JPM,170.42382695213206,170.77489862748652,169.04799026069725,169.8734893798828,8152600
2024-02-20 00:00:00-05:00,JPM,170.02531392720303,171.2303637188881,169.28520825442058,170.53768920898438,9668000
2024-02-21 00:00:00-05:00,JPM,170.7464483434242,171.73326561657646,169.38959269081207,171.64785766601562,7024000
2024-02-22 00:00:00-05:00,JPM,172.52079484720994,174.03895391200567,171.97045729976963,173.7068634033203,9296500
2024-02-23 00:00:00-05:00,JPM,174.40903255823818,175.72794040887263,173.8207471003428,174.579833984375,7105800
2024-02-26 00:00:00-05:00,JPM,174.3520779572995,175.02577126846347,173.14702824890108,173.98202514648438,7145400
2024-02-27 00:00:00-05:00,JPM,173.93458948194154,174.15282205509578,172.91932226723353,174.0674285888672,5717100
2024-02-28 00:00:00-05:00,JPM,174.04845112073724,175.7279283839972,173.60250262820136,174.9498748779297,6131600
2024-02-29 00:00:00-05:00,JPM,176.16442435922684,176.89503229136554,174.44699911032092,176.54396057128906,9643000
2024-03-01 00:00:00-05:00,JPM,176.20235797152844,176.90451583340356,175.6330536993716,175.81332397460938,6311800
2024-03-04 00:00:00-05:00,JPM,175.26298666271404,177.99567880021087,174.84548820991387,177.13221740722656,7063600
2024-03-05 00:00:00-05:00,JPM,176.82860632723535,179.61824215364595,176.82860632723535,178.90660095214844,6617800
2024-03-06 00:00:00-05:00,JPM,179.57079333868876,180.3488613215342,178.03365300369188,179.8364715576172,7572900
2024-03-07 00:00:00-05:00,JPM,180.19703992745502,180.75686085108097,177.08479697238374,178.26136779785156,7618300
2024-03-08 00:00:00-05:00,JPM,178.80219403055222,180.71888470762545,178.30878549936634,178.59344482421875,6172200
2024-03-11 00:00:00-04:00,JPM,177.70154336122792,178.8022185128998,176.69575949029132,178.65988159179688,5762600
2024-03-12 00:00:00-04:00,JPM,179.2861349314453,180.43425575956988,178.29933218131626,180.130615234375,5708400
2024-03-13 00:00:00-04:00,JPM,180.62402184480607,181.92394844272968,180.1306132360268,181.59185791015625,7795500
2024-03-14 00:00:00-04:00,JPM,181.25972495957816,181.82904361105847,177.53073267534398,178.35623168945312,10310900
2024-03-15 00:00:00-04:00,JPM,176.94244522461395,181.17434415077483,176.94244522461395,180.56707763671875,17214200
2024-03-18 00:00:00-04:00,JPM,180.88020701359716,182.84432904958828,180.17804920335632,182.80638122558594,9013800
2024-03-19 00:00:00-04:00,JPM,182.85382008443563,184.01140965328761,182.5406962541158,183.87857055664062,8478700
2024-03-20 00:00:00-04:00,JPM,184.25813215855158,186.50691359955096,183.70779458867116,186.28868103027344,9367000
2024-03-21 00:00:00-04:00,JPM,186.46895863754574,189.23011523950757,186.2886739000261,188.87904357910156,11203800
2024-03-22 00:00:00-04:00,JPM,188.83158992418737,190.22640764871292,186.48791739268526,186.56382751464844,8108800
2024-03-25 00:00:00-04:00,JPM,186.54488715000187,186.86749435505874,184.41944687042397,184.85592651367188,8620000
2024-03-26 00:00:00-04:00,JPM,184.63765120490154,186.6017875814552,184.1347593214929,185.71934509277344,5961500
2024-03-27 00:00:00-04:00,JPM,186.4499906047404,189.3914466295502,186.33613264813874,189.31553649902344,8725800
2024-03-28 00:00:00-04:00,JPM,189.28707861308453,190.4541661440958,188.38565483061902,190.05564880371094,8628300
2024-04-01 00:00:00-04:00,JPM,189.76149830319193,190.66290757030683,188.41412607095276,188.76519775390625,7309000
2024-04-02 00:00:00-04:00,JPM,188.24332231873962,189.56223004560812,187.9491796173942,188.6892852783203,7014700
2024-04-03 00:00:00-04:00,JPM,188.8600718225351,189.353480421599,187.5886097387711,188.15792846679688,9353400
2024-04-04 00:00:00-04:00,JPM,190.06671300400296,190.5725384067868,186.6309186395937,186.72634887695312,9243800
2024-04-05 00:00:00-04:00,JPM,187.21308807266684,189.08368373972885,186.21097596961084,188.44424438476562,6532300
2024-04-08 00:00:00-04:00,JPM,188.60648563767035,189.90445619693176,188.60648563767035,189.42726135253906,8001000
2024-04-09 00:00:00-04:00,JPM,189.03596449913155,189.80901778367087,186.02008971749524,188.1579132080078,7351500
2024-04-10 00:00:00-04:00,JPM,186.63090309212447,188.0815794697576,185.32337934002095,186.55455017089844,7681400
2024-04-11 00:00:00-04:00,JPM,187.0603664982784,187.60437557468177,184.4262563759214,186.516357421875,10137700
2024-04-12 00:00:00-04:00,JPM,179.7306533963621,180.3128170621153,174.21426820465587,174.45286560058594,31532300
2024-04-15 00:00:00-04:00,JPM,176.08490791538944,178.90990796764004,173.8898085897857,174.54833984375,14766600
2024-04-16 00:00:00-04:00,JPM,174.55787484556882,174.80602549423577,171.45610823988386,172.5536651611328,16451800
2024-04-17 00:00:00-04:00,JPM,173.09765717367875,174.0997692825039,171.02663324895016,171.8665008544922,9017100
2024-04-18 00:00:00-04:00,JPM,172.839986403325,174.9969019564357,171.76152134535386,172.98313903808594,9557700
2024-04-19 00:00:00-04:00,JPM,174.08068859594022,177.40197548789726,173.13585204182792,177.32562255859375,13402300
2024-04-22 00:00:00-04:00,JPM,177.5069543871332,181.45812735942548,177.49740116944542,180.77096557617188,11529700
2024-04-23 00:00:00-04:00,JPM,182.41249080398302,183.46231063719642,181.83031255941904,183.3764190673828,9144400
2024-04-24 00:00:00-04:00,JPM,181.8398780520335,184.41672746658654,181.49629715923766,184.27357482910156,6964900
2024-04-25 00:00:00-04:00,JPM,183.48141172959566,185.0943325814848,182.46020780549338,184.55032348632812,9802300
2024-04-26 00:00:00-04:00,JPM,184.74122414056745,185.9819191199223,184.25447606565834,184.6648712158203,6413700
2024-04-29 00:00:00-04:00,JPM,184.65529150697463,185.39971421292185,183.653179537329,184.46441650390625,5387800
2024-04-30 00:00:00-04:00,JPM,184.01587936793962,186.0964565277787,182.8992451443853,182.99468994140625,8153700
2024-05-01 00:00:00-04:00,JPM,183.50052571408025,185.59064164679583,182.08801836494132,183.10922241210938,7445300
2024-05-02 00:00:00-04:00,JPM,184.26402794452196,184.67440852887157,180.87594156798932,182.9183349609375,6501700
2024-05-03 00:00:00-04:00,JPM,183.2428161104816,183.74864146909349,179.86428309609008,181.82077026367188,8922800
2024-05-06 00:00:00-04:00,JPM,182.98512382682264,183.43368812810877,181.16225065998637,183.24281311035156,7911100
2024-05-07 00:00:00-04:00,JPM,182.95650428655827,184.13039955093174,182.90878188854626,183.0042266845703,7688800
2024-05-08 00:00:00-04:00,JPM,182.28844236186254,187.6807386275388,182.28844236186254,186.72634887695312,9227600
2024-05-09 00:00:00-04:00,JPM,186.26824403253585,188.57786545857692,186.2014443233279,188.49197387695312,7977300
2024-05-10 00:00:00-04:00,JPM,189.48452041598773,190.24803507157247,189.22684568795714,189.70404052734375,7529800
2024-05-13 00:00:00-04:00,JPM,189.7326620428204,190.734774070511,189.00731660118564,189.6658477783203,7049200
2024-05-14 00:00:00-04:00,JPM,189.92353333016814,192.38586028369684,189.12184954887874,192.3190460205078,8596200
2024-05-15 00:00:00-04:00,JPM,192.79624832491854,193.44524086083933,190.65842482501571,192.89169311523438,8370000
2024-05-16 00:00:00-04:00,JPM,192.9966778539951,195.1535932389949,192.77717231019278,193.2352752685547,8497900
2024-05-17 00:00:00-04:00,JPM,194.51414986383685,195.69759825802052,193.55976022547813,195.44944763183594,9260500
2024-05-20 00:00:00-04:00,JPM,195.06770117767758,196.48974700752038,186.48773292892272,186.65953063964844,17373300
2024-05-21 00:00:00-04:00,JPM,188.01479441741856,190.7825190684809,187.63304431480063,190.41986083984375,14420800
2024-05-22 00:00:00-04:00,JPM,189.92353054420116,191.7750486996597,188.67328249730463,189.26499938964844,9425300
2024-05-23 00:00:00-04:00,JPM,188.78782176676148,189.25547795628643,187.12719303061385,187.93841552734375,8069400
2024-05-24 00:00:00-04:00,JPM,188.73054238375408,191.60324982166694,188.5492060306778,191.5555419921875,7356200
2024-05-28 00:00:00-04:00,JPM,190.74430715889065,191.2692243545398,189.59904254472963,190.40072631835938,6910200
2024-05-29 00:00:00-04:00,JPM,188.9691437571096,189.91399471851386,187.90977070201868,189.07412719726562,6120000
2024-05-30 00:00:00-04:00,JPM,189.5036107487647,190.7347815795727,189.35090490632123,190.23849487304688,6829100
2024-05-31 00:00:00-04:00,JPM,190.20988086032972,194.0274398758393,189.3032135067126,193.38800048828125,14417900
2024-06-03 00:00:00-04:00,JPM,193.08254022323226,193.18752365227232,190.1048496000283,192.61489868164062,6444300
2024-06-04 00:00:00-04:00,JPM,191.0306378288864,192.7676194373073,189.2363806080914,190.0762481689453,6848300
2024-06-05 00:00:00-04:00,JPM,190.6488832103386,190.70615882571187,187.9384199292547,188.26290893554688,8351600
2024-06-06 00:00:00-04:00,JPM,188.26290644052494,188.98825193066074,186.42094131495605,187.9288787841797,7640300
2024-06-07 00:00:00-04:00,JPM,188.42513429310472,191.75595928489324,188.0242924032084,190.8302001953125,6964500
2024-06-10 00:00:00-04:00,JPM,190.15258729864658,191.67960190610873,189.38907271350078,190.50570678710938,6070800
2024-06-11 00:00:00-04:00,JPM,188.8832644889089,188.9118950141953,184.7698473106833,185.49517822265625,9235300
2024-06-12 00:00:00-04:00,JPM,187.06037343522323,187.747535155726,182.58428359797037,182.79425048828125,12751300
2024-06-13 00:00:00-04:00,JPM,183.54822402834617,185.7051393894414,182.17390060566132,184.8271026611328,8587800
2024-06-14 00:00:00-04:00,JPM,182.71789030520225,185.97236241283088,182.6892597815552,184.94161987304688,6874000
2024-06-17 00:00:00-04:00,JPM,184.65532940145712,186.65955375205004,183.85364548635286,186.0869140625,8725400
2024-06-18 00:00:00-04:00,JPM,185.72424105772285,188.930991025547,185.27567673463204,188.0147705078125,9023000
2024-06-20 00:00:00-04:00,JPM,187.4325744032568,190.35300427166862,187.1653464782276,189.60858154296875,8731100
2024-06-21 00:00:00-04:00,JPM,187.73799820567726,188.17700929825324,185.36156268713378,187.34669494628906,20972100
2024-06-24 00:00:00-04:00,JPM,188.78781706567207,190.14304864072443,188.1102085595612,189.80902099609375,9785900
2024-06-25 00:00:00-04:00,JPM,189.05504227358247,190.94474426582192,188.72101463378038,189.0359649658203,6862500
2024-06-26 00:00:00-04:00,JPM,188.44423225132738,188.91188841939731,187.3275981156472,188.42514038085938,7758600
2024-06-27 00:00:00-04:00,JPM,188.43469489460125,190.74431610090178,187.91931632822877,190.08578491210938,7913500
2024-06-28 00:00:00-04:00,JPM,190.88747429822308,193.35935463256504,190.20986578187188,193.03485107421875,15307600
2024-07-01 00:00:00-04:00,JPM,193.5883881973363,197.64454410688455,193.416605054855,196.079345703125,10205800
2024-07-02 00:00:00-04:00,JPM,195.92665854630712,199.33383682530447,195.43038637882975,199.30520629882812,7802900
2024-07-03 00:00:00-04:00,JPM,199.99234547043878,200.78449059341636,198.1789964757142,199.17156982421875,5560900
2024-07-05 00:00:00-04:00,JPM,198.64375880499992,199.00842649532183,196.27335292204722,196.53245544433594,8093100
2024-07-08 00:00:00-04:00,JPM,196.77237767256634,198.5573794017683,195.74552979069207,196.8971405029297,8707000
2024-07-09 00:00:00-04:00,JPM,197.33857869799746,201.30203861673223,197.16582905485706,199.2579345703125,9058900
2024-07-10 00:00:00-04:00,JPM,197.82804290048543,199.58425558028438,197.2906255075793,199.42111206054688,8328500
2024-07-11 00:00:00-04:00,JPM,197.89522885627903,199.70901989248074,197.0986942703721,199.08522033691406,10658100
2024-07-12 00:00:00-04:00,JPM,195.77432240821722,199.08520875553353,193.95093996868792,196.67642211914062,15443400
2024-07-15 00:00:00-04:00,JPM,198.83570341075963,203.07747876015205,198.38465354242032,201.58038330078125,10719700
2024-07-16 00:00:00-04:00,JPM,201.5323940342005,205.12159527581198,199.68981390311083,205.0064239501953,11557000
2024-07-17 00:00:00-04:00,JPM,205.17914727979345,208.78753107622654,204.670519141144,208.12535095214844,11572500
2024-07-18 00:00:00-04:00,JPM,206.93538878296755,207.90465837072435,200.80304644620205,201.51319885253906,12415100
2024-07-19 00:00:00-04:00,JPM,202.68399960778325,203.787638142558,200.49593484279177,201.32125854492188,8095900
2024-07-22 00:00:00-04:00,JPM,201.97382080664278,203.61486184394727,201.254062369065,201.8010711669922,7663200
2024-07-23 00:00:00-04:00,JPM,202.5112860974499,202.95272984342498,200.90862535379435,201.84910583496094,5557300
2024-07-24 00:00:00-04:00,JPM,201.10054238495405,203.4805398970385,199.6802229423339,200.1792449951172,7119000
2024-07-25 00:00:00-04:00,JPM,200.23679904485417,201.71471129291234,199.66100105914288,200.25599670410156,6403800
2024-07-26 00:00:00-04:00,JPM,200.8030488593653,204.56498521561846,200.20803848586095,203.6820831298828,8027800
2024-07-29 00:00:00-04:00,JPM,204.07553810374966,204.99683550482567,202.06022291940437,202.34812927246094,6533600
2024-07-30 00:00:00-04:00,JPM,204.63213201184072,207.08890530291896,204.37302950002504,206.5131072998047,8850700
2024-07-31 00:00:00-04:00,JPM,206.11964077185962,207.6647229458713,204.09471959527943,204.219482421875,9071600
2024-08-01 00:00:00-04:00,JPM,204.60331812505595,205.20791986662968,198.05832269284576,199.57461547851562,10918600
2024-08-02 00:00:00-04:00,JPM,195.65916985684163,196.4173090899953,188.951014866982,191.11029052734375,18041700
2024-08-05 00:00:00-04:00,JPM,186.2255269573448,188.26003972022244,183.2025323392783,187.04124450683594,13927000
2024-08-06 00:00:00-04:00,JPM,187.52107494379788,194.4307682439227,186.1775316040648,192.2618865966797,10605800
2024-08-07 00:00:00-04:00,JPM,195.3040570597253,197.45374096940827,192.12752534383736,192.3194580078125,9204400
2024-08-08 00:00:00-04:00,JPM,194.30599424752398,196.64761077088747,193.65340563179683,195.83187866210938,7761200
2024-08-09 00:00:00-04:00,JPM,195.26570304351597,198.14473732678184,194.71867950080318,197.5017547607422,5540200
2024-08-12 00:00:00-04:00,JPM,198.08713740933766,198.78769824177664,195.44802293711754,197.87600708007812,6936000
2024-08-13 00:00:00-04:00,JPM,199.3538963680999,199.69938101569318,197.1178449883329,199.55543518066406,6387800
2024-08-14 00:00:00-04:00,JPM,199.36353061795853,202.26174789086065,198.76852024775556,201.76272583007812,6999800
2024-08-15 00:00:00-04:00,JPM,204.41142772567014,205.26554061728052,202.58804526064463,203.0198974609375,7001000
2024-08-16 00:00:00-04:00,JPM,203.15423577226989,205.45745708775618,203.0582621159896,205.34230041503906,7931200
2024-08-19 00:00:00-04:00,JPM,205.37111918066995,206.83942554351694,205.19838414670022,206.7626495361328,6090800
2024-08-20 00:00:00-04:00,JPM,206.33075850164272,207.29043644816198,205.06397658334606,205.8701171875,5640000
2024-08-21 00:00:00-04:00,JPM,205.78375651861572,206.33078003410972,204.25787193885594,205.94691467285156,5202300
2024-08-22 00:00:00-04:00,JPM,205.92770721801395,208.05819355178016,205.6973792260983,207.89505004882812,5247100
2024-08-23 00:00:00-04:00,JPM,208.825930548005,210.35181499430405,207.7702789315898,209.50729370117188,7214000
2024-08-26 00:00:00-04:00,JPM,210.17908959536388,210.82207214735465,209.25780684522277,210.3326416015625,5105200
2024-08-27 00:00:00-04:00,JPM,210.65891263842738,211.53222313341251,210.3518232928703,211.30189514160156,5185200
2024-08-28 00:00:00-04:00,JPM,210.40940501408693,213.25005838467985,210.35182667608916,212.3671417236328,6506400
2024-08-29 00:00:00-04:00,JPM,213.19246805291826,213.98900257334432,210.1119097835547,213.25006103515625,6416100
2024-08-30 00:00:00-04:00,JPM,213.52837890369267,216.38821556365377,212.98135535356386,215.7356414794922,8574100
2024-09-03 00:00:00-04:00,JPM,213.336424500989,215.06384784728323,210.39981213405102,211.4170684814453,8956100
2024-09-04 00:00:00-04:00,JPM,212.12723207920712,213.1157139537024,208.45167799328414,210.48619079589844,7389500
2024-09-05 00:00:00-04:00,JPM,211.2731298787107,211.89692943579365,207.31926075481468,208.85475158691406,8067900
2024-09-06 00:00:00-04:00,JPM,208.82596392525963,209.91999639189612,202.57845001745773,203.89321899414062,7777000
2024-09-09 00:00:00-04:00,JPM,206.51312105129102,209.35375986693387,205.54383685302398,208.0677947998047,8935100
2024-09-10 00:00:00-04:00,JPM,209.78561744862617,209.82399812562028,192.52100489184315,197.2714080810547,28406900
2024-09-11 00:00:00-04:00,JPM,196.97392597392317,199.32513434186177,193.69182869664772,198.87408447265625,13658700
2024-09-12 00:00:00-04:00,JPM,199.27712034695296,200.36156111576474,196.62841447812514,198.26947021484375,9054400
2024-09-13 00:00:00-04:00,JPM,198.51898118784175,199.46906762936456,194.83382137679152,196.08140563964844,10226700
2024-09-16 00:00:00-04:00,JPM,197.53052305856136,199.8145613678539,197.3001950685702,199.47866821289062,8634900
2024-09-17 00:00:00-04:00,JPM,199.35390740598294,201.4651960832742,199.28673756042474,200.8126220703125,7573300
2024-09-18 00:00:00-04:00,JPM,200.58229137057424,202.81834284396587,198.3654375571648,199.16197204589844,8259900
2024-09-19 00:00:00-04:00,JPM,201.32125504416572,203.3653739246752,198.9796383186764,201.99302673339844,11635200
2024-09-20 00:00:00-04:00,JPM,201.46520015567114,202.89512568030523,201.05254563504943,202.57843017578125,20885000
2024-09-23 00:00:00-04:00,JPM,202.49207645675105,203.25982185543435,201.52280686007273,202.91433715820312,7223500
2024-09-24 00:00:00-04:00,JPM,202.63602786120398,204.36345139466172,201.88748010395994,203.05828857421875,7323200
2024-09-25 00:00:00-04:00,JPM,203.1446478984502,203.68207992104146,200.19844382266885,201.71473693847656,8976500
2024-09-26 00:00:00-04:00,JPM,202.61682975945425,203.16383862893971,200.582302352154,201.32125854492188,7807500
2024-09-27 00:00:00-04:00,JPM,202.1561834046356,203.87401538274102,200.88941594295318,202.01223754882812,7032500
2024-09-30 00:00:00-04:00,JPM,197.99118871746668,202.4537007192819,196.9835237723132,202.35772705078125,8663800
2024-10-01 00:00:00-04:00,JPM,200.47671295451005,200.65905410347787,197.87599397450813,198.69171142578125,8540100
2024-10-02 00:00:00-04:00,JPM,198.73014693766058,200.52474033695253,197.39619493599187,198.93167114257812,5810900
2024-10-03 00:00:00-04:00,JPM,197.85681157736644,198.16391556637382,196.10059907948147,196.9547119140625,7251300
2024-10-04 00:00:00-04:00,JPM,202.09150201972523,204.37987213930614,199.78381659479555,203.94537353515625,10211700
2024-10-07 00:00:00-04:00,JPM,203.76190602752735,205.98269458084312,202.46806055788844,203.66534423828125,6718900
2024-10-08 00:00:00-04:00,JPM,203.32740337902976,204.05157258412177,201.20317665741186,203.49154663085938,6021800
2024-10-09 00:00:00-04:00,JPM,202.47769976692018,206.8613454534999,202.1687285781039,206.069580078125,7024000
2024-10-10 00:00:00-04:00,JPM,207.41171960680364,207.41171960680364,204.18675618891916,205.5095672607422,7927100
2024-10-11 00:00:00-04:00,JPM,208.2421134569088,216.89352881613823,207.74968365741609,214.6341094970703,18320700
2024-10-14 00:00:00-04:00,JPM,215.51276767760157,215.99554718168815,211.34156042358927,213.8520050048828,9048900
2024-10-15 00:00:00-04:00,JPM,215.95693117924253,217.68527532023913,214.1803061412129,214.7306671142578,9235800
2024-10-16 00:00:00-04:00,JPM,214.6727269219523,215.97622268757254,213.42714760377535,215.93760681152344,6382500
2024-10-17 00:00:00-04:00,JPM,216.54592216463283,218.0715071604394,215.6189790372494,216.6907501220703,6470200
2024-10-18 00:00:00-04:00,JPM,217.25078010281487,218.1390926356883,215.416223853029,217.6080322265625,7000500
2024-10-21 00:00:00-04:00,JPM,217.46319852448005,217.92666271781536,215.22309457904748,215.3196563720703,5870000
2024-10-22 00:00:00-04:00,JPM,215.33897121583806,217.52112924082374,213.48509971320877,216.4010772705078,9586800
2024-10-23 00:00:00-04:00,JPM,215.95692013506684,217.05765675812557,214.86583379761672,215.7155303955078,6180500
2024-10-24 00:00:00-04:00,JPM,214.18994055717258,217.30869179537711,214.0257973060313,217.2314453125,6002200
2024-10-25 00:00:00-04:00,JPM,217.25076784703845,217.84940969268465,213.2726696126605,214.65341186523438,6369700
2024-10-28 00:00:00-04:00,JPM,215.65760510182318,217.868728693903,215.27137266803004,217.73355102539062,6843000
2024-10-29 00:00:00-04:00,JPM,217.45353704067085,218.9404913371286,215.1361867268046,215.22308349609375,6580000
2024-10-30 00:00:00-04:00,JPM,214.8754708901479,218.5156320645097,213.94854259777935,216.6810760498047,7110900
2024-10-31 00:00:00-04:00,JPM,216.96109290971893,217.91700157327347,214.18029315501,214.27684020996094,7829900
2024-11-01 00:00:00-04:00,JPM,215.86037589692594,218.3611702661073,215.02999453599656,215.26173400878906,6923500
2024-11-04 00:00:00-05:00,JPM,214.98169019005127,216.0534611932713,211.6215492339804,212.21054077148438,8229600
2024-11-05 00:00:00-05:00,JPM,212.45194122469928,214.3154777176928,212.42297563395553,213.86166381835938,5600700
2024-11-06 00:00:00-05:00,JPM,226.90637065875526,239.4586379717928,226.68429620853013,238.55101013183594,23987800
2024-11-07 00:00:00-05:00,JPM,236.07918035167899,236.1467765550335,227.11879382619438,228.2388458251953,16451100
2024-11-08 00:00:00-05:00,JPM,231.09688077350958,231.09688077350958,227.65949319123993,228.8181610107422,9502100
2024-11-11 00:00:00-05:00,JPM,231.734152593889,233.76183232238978,230.7685936247478,231.04859924316406,9017100
2024-11-12 00:00:00-05:00,JPM,232.26521962387952,233.14388184693877,230.53686076900374,231.30931091308594,6861000
2024-11-13 00:00:00-05:00,JPM,232.29419152794952,235.68329839480197,232.0334864664189,232.85421752929688,11472600
2024-11-14 00:00:00-05:00,JPM,234.0707942453307,235.87638473135124,232.74798322472824,233.53973388671875,10172200
2024-11-15 00:00:00-05:00,JPM,233.14388893789499,237.93305345699474,233.14388893789499,236.8612823486328,11518800
2024-11-18 00:00:00-05:00,JPM,239.22691457028856,239.39105784741582,234.32187263051287,236.5909423828125,9051400
2024-11-19 00:00:00-05:00,JPM,233.90666165823853,236.70677679200912,233.2307733224933,234.7177276611328,6792700
2024-11-20 00:00:00-05:00,JPM,235.9826082126915,236.1853820806055,230.42099380614764,232.48728942871094,9015300
2024-11-21 00:00:00-05:00,JPM,234.85289619986844,237.0350688275059,233.77147490470944,236.3302001953125,8783500
2024-11-22 00:00:00-05:00,JPM,235.219821387118,240.5690116009233,234.65979541625032,239.98968505859375,7997300
2024-11-25 00:00:00-05:00,JPM,240.99386567944467,245.55130530795057,240.4821205914916,241.6697540283203,10295400
2024-11-26 00:00:00-05:00,JPM,241.86288889278865,242.3553186985206,239.78692811975665,241.3607940673828,6212100
2024-11-27 00:00:00-05:00,JPM,240.76213237626226,242.53875732525523,240.20210641192003,241.1869659423828,5472300
2024-11-29 00:00:00-05:00,JPM,241.25456243074825,243.09878358106323,240.8586797210085,241.119384765625,5494800
2024-12-02 00:00:00-05:00,JPM,240.9552533116239,241.63114167034325,236.59092247162565,237.76890563964844,8899700
2024-12-03 00:00:00-05:00,JPM,239.68071342355267,240.46281387900356,236.20470976229734,236.38816833496094,6657700
2024-12-04 00:00:00-05:00,JPM,236.2722889974968,236.89991119978995,233.88735704195787,235.01705932617188,7346300
2024-12-05 00:00:00-05:00,JPM,236.93850911465168,238.66685314495626,236.19502460109126,237.02540588378906,6572500
2024-12-06 00:00:00-05:00,JPM,237.2378514526948,239.20760013056864,236.40747009501496,238.84068298339844,5519700
2024-12-09 00:00:00-05:00,JPM,238.61859624597477,239.3331004642951,235.36465245379455,235.41293334960938,7076500
2024-12-10 00:00:00-05:00,JPM,235.49017580217017,239.42000786865495,233.87769409575165,234.4956512451172,9108300
2024-12-11 00:00:00-05:00,JPM,235.59637673776825,235.85708177176627,233.8390524294808,235.14256286621094,7884400
2024-12-12 00:00:00-05:00,JPM,234.63081380840498,235.69293449672634,232.73831187283054,233.21144104003906,6113800
2024-12-13 00:00:00-05:00,JPM,233.73288448883088,234.36049197314819,230.90378883302319,231.67623901367188,10392700
2024-12-16 00:00:00-05:00,JPM,232.32310716488246,232.38103833648566,229.33953396125074,231.32858276367188,9032000
2024-12-17 00:00:00-05:00,JPM,230.43064038196303,230.78790721651086,228.4802218867217,230.150634765625,8083600
2024-12-18 00:00:00-05:00,JPM,230.76860039603835,230.83619659782678,221.6247555113085,222.43582153320312,11322400
2024-12-19 00:00:00-05:00,JPM,224.2704073978834,228.2195404244562,224.2704073978834,224.9366455078125,11790800
2024-12-20 00:00:00-05:00,JPM,223.9324564524048,230.97139028265684,223.6138201931546,229.41683959960938,32348400
2024-12-23 00:00:00-05:00,JPM,227.93952196997523,230.4016856524641,226.79050439374112,230.1796112060547,8611500
2024-12-24 00:00:00-05:00,JPM,231.18375481183074,234.13837735092437,230.83616776009418,233.96456909179688,3729100
2024-12-26 00:00:00-05:00,JPM,233.11489415476902,234.88186883103566,232.4969370056862,234.76600646972656,4451800
2024-12-27 00:00:00-05:00,JPM,234.36051118678046,235.0074340302978,231.77280507944812,232.8638916015625,5730200
2024-12-30 00:00:00-05:00,JPM,230.54653053655986,232.54523003977909,228.9436990328983,231.0775909423828,5723800
2024-12-31 00:00:00-05:00,JPM,231.78243385290807,233.12456023279114,230.79755957752477,231.4541473388672,4871000
2025-01-02 00:00:00-05:00,JPM,232.6224738942401,234.9011937371106,231.20310097714537,231.73416137695312,9220900
2025-01-03 00:00:00-05:00,JPM,235.4901756406523,236.4460843210158,231.9851918792467,234.90118408203125,9491100
2025-01-06 00:00:00-05:00,JPM,236.52199744283416,238.45338882592614,233.4938994273639,233.75595092773438,9917800
2025-01-07 00:00:00-05:00,JPM,235.00795317306168,238.036051249581,233.8044710816832,236.0076141357422,8753400
2025-01-08 00:00:00-05:00,JPM,235.59998364793563,237.05580229045634,233.41625568415455,235.9687957763672,8675300
2025-01-10 00:00:00-05:00,JPM,235.9299526770056,236.62874677173156,231.70808773150114,232.80479431152344,10256800
2025-01-13 00:00:00-05:00,JPM,232.61069705427852,237.3372500960213,231.96043318189513,237.01698303222656,10005300
2025-01-14 00:00:00-05:00,JPM,235.51264633062303,240.4236056871978,235.0564886219116,240.18096923828125,12407400
2025-01-15 00:00:00-05:00,JPM,243.0246450469622,246.19833373301464,236.50257655181815,244.91722106933594,18448500
2025-01-16 00:00:00-05:00,JPM,246.51863391142942,249.46910144518222,244.89782419787434,246.7806854248047,15292300
2025-01-17 00:00:00-05:00,JPM,246.65451296396108,252.9436457019137,244.71342133292043,251.5266571044922,17678100
2025-01-21 00:00:00-05:00,JPM,252.409816435987,256.4666901787651,251.85659830232555,255.28262329101562,13712100
2025-01-22 00:00:00-05:00,JPM,255.1564817205521,255.62235436148842,252.5845413063042,255.09825134277344,9021900
2025-01-23 00:00:00-05:00,JPM,256.8937411358266,258.99980869731013,256.03965618936724,258.11663818359375,10749700
2025-01-24 00:00:00-05:00,JPM,255.9231850657849,259.2327492897336,255.26322113163457,257.039306640625,7666300
2025-01-27 00:00:00-05:00,JPM,256.38911286643724,258.13608356694,254.53536671960657,258.0196228027344,7522300
2025-01-28 00:00:00-05:00,JPM,258.01962450201626,259.4560134282911,257.0296487623303,259.2716369628906,7375400
2025-01-29 00:00:00-05:00,JPM,259.3395369767374,262.7073321141327,257.7866577607091,258.72808837890625,7684900
2025-01-30 00:00:00-05:00,JPM,260.7177106689235,261.75620173432395,258.76690422515134,260.3294982910156,8753500
2025-01-31 00:00:00-05:00,JPM,261.3000557826277,262.8432200467561,259.0968978658329,259.4268798828125,7193800
2025-02-03 00:00:00-05:00,JPM,254.11796573208338,260.2712514893426,253.99181967172157,258.9512939453125,8381400
2025-02-04 00:00:00-05:00,JPM,261.8920656979003,261.8920656979003,258.97071346699056,260.04803466796875,5626000
2025-02-05 00:00:00-05:00,JPM,260.98947222246505,262.66852710369653,260.4265390771867,262.4646911621094,5704400
2025-02-06 00:00:00-05:00,JPM,264.4251993255983,268.8217703532776,263.20230221236784,268.7441101074219,7264400
2025-02-07 00:00:00-05:00,JPM,269.10318646976515,270.3454837389774,266.61859193134063,267.6764831542969,6857900
2025-02-10 00:00:00-05:00,JPM,268.01617572204907,268.04529090684423,261.6493986180838,263.05670166015625,8627400
2025-02-11 00:00:00-05:00,JPM,262.29965818234933,268.084101551505,261.7173249100463,266.89031982421875,7196400
2025-02-12 00:00:00-05:00,JPM,266.0071500330046,268.3073682010428,265.20161014147436,267.3368225097656,6683900
2025-02-13 00:00:00-05:00,JPM,267.3853891686898,268.81209279292267,265.7451642667245,268.1812438964844,8398700
2025-02-14 00:00:00-05:00,JPM,269.20026178200214,271.0054922240324,268.30737630553097,268.4432373046875,5688600
2025-02-18 00:00:00-05:00,JPM,268.6082414686908,271.72368491952835,267.89001749911944,271.70428466796875,7919800
2025-02-19 00:00:00-05:00,JPM,270.1805018525814,271.9954174728189,269.0546653482266,271.0248718261719,7007200
2025-02-20 00:00:00-05:00,JPM,270.47167738640707,270.52990776080935,257.9128132494212,258.94158935546875,13846700
2025-02-21 00:00:00-05:00,JPM,260.4168439978953,261.27092900098586,255.0982425996441,256.4570007324219,12835600
2025-02-24 00:00:00-05:00,JPM,257.6701535179273,259.13568691818347,250.99279474898321,253.64239501953125,10372800
2025-02-25 00:00:00-05:00,JPM,254.50621867157093,255.2535282245515,245.88776780849437,249.81846618652344,9608400
2025-02-26 00:00:00-05:00,JPM,249.58557752679306,253.22512451076048,249.36234131570777,251.16757202148438,5943600
2025-02-27 00:00:00-05:00,JPM,252.51658225954176,255.87469182858476,250.2649090455339,251.41986083984375,8204400
2025-02-28 00:00:00-05:00,JPM,253.05042685493686,257.0102408394051,250.2940802308907,256.8549499511719,10467100
2025-03-03 00:00:00-05:00,JPM,256.22406802064074,258.47574118143245,250.2261026277376,252.94361877441406,9058300
2025-03-04 00:00:00-05:00,JPM,247.76091803763094,249.6534940988536,238.70572440707394,242.8790740966797,13465600
2025-03-05 00:00:00-05:00,JPM,243.84961678618464,245.59660207726964,240.5303521377995,244.12136840820312,7861400
2025-03-06 00:00:00-05:00,JPM,240.80209946195242,242.015281613365,236.66758002130527,239.27833557128906,9983200
2025-03-07 00:00:00-05:00,JPM,238.00692097749285,239.4530394207747,232.36805275623323,235.14381408691406,20498700
2025-03-10 00:00:00-04:00,JPM,229.25260968443942,230.5143072655119,221.9638018922669,225.380126953125,18887200
2025-03-11 00:00:00-04:00,JPM,224.92399432932947,226.44775837890697,220.0130348377413,222.390869140625,18143000
2025-03-12 00:00:00-04:00,JPM,227.10769746005099,227.4182791975453,220.56621400526214,221.18736267089844,16054000
2025-03-13 00:00:00-04:00,JPM,222.54614892341084,222.74025511632564,217.62547474110963,218.5572052001953,16467900
2025-03-14 00:00:00-04:00,JPM,221.40089366257604,226.27303751626079,220.87680546916633,225.59365844726562,11962100
2025-03-17 00:00:00-04:00,JPM,224.37076354224342,228.72851937201781,223.67198421387434,227.03976440429688,9586000
2025-03-18 00:00:00-04:00,JPM,227.4182997112403,229.21380056152384,226.64186010682008,228.0491485595703,10344900
2025-03-19 00:00:00-04:00,JPM,228.7964351129541,235.1923273433058,227.9714653930214,232.06716918945312,10120600
2025-03-20 00:00:00-04:00,JPM,229.59228927901535,234.63912397597252,229.2428922333378,231.97012329101562,8328500
2025-03-21 00:00:00-04:00,JPM,230.8054931833966,235.16324913514356,229.5340805612011,234.5129852294922,19326900
2025-03-24 00:00:00-04:00,JPM,238.2495457049519,241.365003805813,237.2110695442326,240.75355529785156,9422700
2025-03-25 00:00:00-04:00,JPM,241.96673880880573,244.40281792040972,240.32651425571743,243.73313903808594,9287700
2025-03-26 00:00:00-04:00,JPM,245.1598570425021,247.16887900045046,242.42291097853027,243.63609313964844,12779300
2025-03-27 00:00:00-04:00,JPM,242.18025576276096,243.25756203065194,239.89946755301614,240.81178283691406,8022500
2025-03-28 00:00:00-04:00,JPM,239.6665652294854,242.16086005777964,234.00828183952703,235.69703674316406,11978400
2025-03-31 00:00:00-04:00,JPM,232.35836101622476,238.61837812715723,230.36873927152533,238.0748748779297,13603000
2025-04-01 00:00:00-04:00,JPM,235.47380892493115,238.45339153399044,233.78506877067235,236.48318481445312,8054700
2025-04-02 00:00:00-04:00,JPM,234.48387014274496,239.9674479641913,234.34799432373393,238.57957458496094,7758800
2025-04-03 00:00:00-04:00,JPM,227.36976405138714,228.2141341410838,220.60505877931982,221.95411682128906,17188500
2025-04-04 00:00:00-04:00,JPM,210.2553432331429,212.58923458837728,204.02511643608108,205.3434295654297,27170700
2025-04-07 00:00:00-04:00,JPM,200.93930233618102,216.8371082788502,197.41405089517536,209.40576171875,22914400
2025-04-08 00:00:00-04:00,JPM,218.27260941397304,222.4911845873146,208.24370556467724,211.77871704101562,19485700
2025-04-09 00:00:00-04:00,JPM,207.5113154920403,231.9048767833682,206.04652973562588,228.83859252929688,24022400
2025-04-10 00:00:00-04:00,JPM,224.60047349209523,224.9422627815506,214.93289385418547,221.7783203125,18896400
2025-04-11 00:00:00-04:00,JPM,220.9971025358475,232.97905393688654,219.71785872027854,230.65492248535156,20284500
2025-04-14 00:00:00-04:00,JPM,231.53381788161272,234.15089472743736,228.1452788263565,229.20968627929688,13017800
2025-04-15 00:00:00-04:00,JPM,230.55727455130136,233.04739831448416,227.35427768752865,227.65699768066406,10912900
2025-04-16 00:00:00-04:00,JPM,226.55352634462056,228.09643576900157,222.5790672431111,224.21963500976562,9322300
2025-04-17 00:00:00-04:00,JPM,225.38170933973876,228.83859723978307,225.13757837531108,226.5144805908203,9557900
2025-04-21 00:00:00-04:00,JPM,225.21569525952322,226.36798622449223,221.02639969234494,223.61419677734375,8716200
2025-04-22 00:00:00-04:00,JPM,226.53401321401216,230.4498836423457,225.93833303093191,230.05926513671875,10701400
2025-04-23 00:00:00-04:00,JPM,234.58055782870665,240.99631170351697,234.36572139205154,235.22506713867188,14126800
2025-04-24 00:00:00-04:00,JPM,234.1118287364866,239.7073061190241,232.00253368423319,238.89678955078125,9055200
2025-04-25 00:00:00-04:00,JPM,238.9065494767277,239.85377878556818,236.07463632488924,237.83238220214844,8588600
2025-04-28 00:00:00-04:00,JPM,238.81867021795682,241.04514340247584,235.18600030625285,237.5101318359375,7394300
2025-04-29 00:00:00-04:00,JPM,236.50429740144966,239.49245779349746,236.01603550992368,238.8772430419922,7216800
2025-04-30 00:00:00-04:00,JPM,235.54730826621847,239.46316327205153,232.83255844080918,238.8772430419922,12991700
2025-05-01 00:00:00-04:00,JPM,237.1390391998316,242.6173383874093,236.48477003311547,241.09396362304688,8689600
2025-05-02 00:00:00-04:00,JPM,245.36137644120922,247.66597331622904,243.60364543700763,246.58203125,7165000
2025-05-05 00:00:00-04:00,JPM,245.28323652822158,249.16981191085782,244.70709107270193,246.63084411621094,5450700
2025-05-06 00:00:00-04:00,JPM,244.13095242759528,246.71873456309945,243.1544286178849,243.3985595703125,6369900
2025-05-07 00:00:00-04:00,JPM,243.98450112705527,246.5234543137232,242.98844258199068,243.53529357910156,8724100
2025-05-08 00:00:00-04:00,JPM,245.66411138304096,249.87292678022158,245.64457673393773,247.51950073242188,8320100
2025-05-09 00:00:00-04:00,JPM,248.5253033443988,249.51158700328907,246.41600839213655,247.13864135742188,5087600
2025-05-12 00:00:00-04:00,JPM,256.7281215958606,257.41170023099767,252.62673918846934,253.9450225830078,9603900
2025-05-13 00:00:00-04:00,JPM,254.90201286940857,257.4800500721763,254.27705311794927,256.8355407714844,8589000
2025-05-14 00:00:00-04:00,JPM,256.8258015516586,260.3803630716006,256.13247788418613,259.4038391113281,8643100
2025-05-15 00:00:00-04:00,JPM,260.70254552918584,263.1926691597646,258.54443639594166,261.2103271484375,9214600
2025-05-16 00:00:00-04:00,JPM,261.22009748379395,262.1575519192299,258.49558793581224,261.2786865234375,8932900
2025-05-19 00:00:00-04:00,JPM,259.31587533133506,262.02086524830315,255.78086405036862,258.66162109375,12145000
2025-05-20 00:00:00-04:00,JPM,256.3570217379832,260.3998446453458,256.14218530617444,259.4428405761719,8436300
2025-05-21 00:00:00-04:00,JPM,258.1440958860731,259.41356502066975,254.60908417787425,254.91180419921875,7464000
2025-05-22 00:00:00-04:00,JPM,253.3493714264354,256.14221556877544,252.7927456326475,254.55050659179688,6514100
2025-05-23 00:00:00-04:00,JPM,250.78108627971244,255.8394726451303,249.9901043492613,254.5895233154297,6671800
2025-05-27 00:00:00-04:00,JPM,255.88827917024432,259.07172617341604,255.8394351044701,259.0619812011719,7506600
2025-05-28 00:00:00-04:00,JPM,259.989670011101,260.45841213292607,256.728084308059,257.3042297363281,5535400
2025-05-29 00:00:00-04:00,JPM,258.5834722711684,259.1791672441841,256.3667741282984,258.16357421875,5081200
2025-05-30 00:00:00-04:00,JPM,257.265230909512,259.10107079095377,256.56213251620557,257.80230712890625,10977700
2025-06-02 00:00:00-04:00,JPM,256.84526410102234,258.8080863604011,255.75156227727646,258.44677734375,6011200
2025-06-03 00:00:00-04:00,JPM,257.5386631607241,260.32173248111746,256.7086118716836,260.0190124511719,6998400
2025-06-04 00:00:00-04:00,JPM,259.6772534604333,260.8490642816774,257.9780815778546,258.01715087890625,5915700
2025-06-05 00:00:00-04:00,JPM,258.5248794959249,258.5248794959249,254.19888657864684,255.80039978027344,8173800
2025-06-06 00:00:00-04:00,JPM,258.12454195712064,260.39008449229345,258.056207934954,259.49169921875,7738100
2025-06-09 00:00:00-04:00,JPM,259.75531775168025,261.61070691825,257.1675357719009,260.4779357910156,8285000
2025-06-10 00:00:00-04:00,JPM,259.63816546492893,262.58725675736963,259.6088709415357,262.2943115234375,7538100
2025-06-11 00:00:00-04:00,JPM,262.37241483499554,263.2903496169879,259.5502764699578,261.8548583984375,7434100
2025-06-12 00:00:00-04:00,JPM,260.5951413369258,261.9915930968164,258.91554891738133,261.9427490234375,6618000
2025-06-13 00:00:00-04:00,JPM,258.8569645888739,260.7514235020915,256.54260751477483,258.73004150390625,7098300
2025-06-16 00:00:00-04:00,JPM,260.73189432492217,265.3508633310758,260.58542169283396,264.01300048828125,8566000
2025-06-17 00:00:00-04:00,JPM,261.87440467845437,264.2375756229939,261.51306583381086,263.19268798828125,6739300
2025-06-18 00:00:00-04:00,JPM,263.6614166167527,271.200181276507,263.3879911545291,267.5284423828125,9586400
2025-06-20 00:00:00-04:00,JPM,269.1006931474805,270.7900603895567,267.3820015798645,268.5440673828125,13969700
2025-06-23 00:00:00-04:00,JPM,268.60264103465835,272.0106996489925,265.7218838292262,271.7372741699219,8094600
2025-06-24 00:00:00-04:00,JPM,273.6317365805569,276.0730461780452,272.94818777394573,274.6571044921875,9267900
2025-06-25 00:00:00-04:00,JPM,274.89142855270444,277.60616331581525,274.31528313116405,277.3913269042969,6826900
2025-06-26 00:00:00-04:00,JPM,278.0163428990485,282.61576173740934,277.79173169250225,281.97125244140625,8942100
2025-06-27 00:00:00-04:00,JPM,279.10028187976,281.9224501380631,278.34836923641,280.3697509765625,17868600
2025-06-30 00:00:00-04:00,JPM,283.58249100733053,285.77966944457916,282.13725493022537,283.10400390625,12689200
2025-07-01 00:00:00-04:00,JPM,284.06105788465106,284.29541408948995,279.86198714070144,283.5923156738281,9338300
2025-07-02 00:00:00-04:00,JPM,285.18402779363225,285.9457151893501,282.89896560647867,285.14495849609375,8158700
2025-07-03 00:00:00-04:00,JPM,286.66583810355576,290.83605832396694,285.74348111805267,290.4435729980469,6541600
2025-07-07 00:00:00-04:00,JPM,289.7077166346147,290.48289553951275,284.63475207874944,286.4892883300781,8825700
2025-07-08 00:00:00-04:00,JPM,283.83993409983367,284.2618850781592,275.048135846527,277.4717712402344,15440900
2025-07-09 00:00:00-04:00,JPM,281.7891623646238,281.8088060970764,277.1774068900867,277.8446350097656,11273800
2025-07-10 00:00:00-04:00,JPM,277.687634657396,282.89795501811136,277.687634657396,282.78021240234375,8410900
2025-07-11 00:00:00-04:00,JPM,280.16031625567433,281.98541661358325,278.3254239763715,281.47515869140625,7384700
2025-07-14 00:00:00-04:00,JPM,281.6812326297011,283.8693527089549,279.90521169280953,283.2806396484375,9079900
2025-07-15 00:00:00-04:00,JPM,282.5937831680985,286.46964738040805,280.121098345475,281.1709899902344,12526100
2025-07-16 00:00:00-04:00,JPM,282.98623724838524,285.2725159686822,277.6974322542774,280.4546813964844,9979800
2025-07-17 00:00:00-04:00,JPM,278.1194022972347,284.8506152852065,278.1194022972347,284.4581298828125,8509500
2025-07-18 00:00:00-04:00,JPM,284.0851882327222,287.00925915739543,282.8194253679111,285.8023376464844,12217000
2025-07-21 00:00:00-04:00,JPM,285.5374617769879,288.6577608735927,285.1253326770995,285.5080261230469,7898100
2025-07-22 00:00:00-04:00,JPM,286.0280742772089,288.11809552877634,283.75161723688194,285.9593811035156,6717500
2025-07-23 00:00:00-04:00,JPM,287.3429329100002,291.4150249489527,287.0583682777473,291.1893615722656,7083500
2025-07-24 00:00:00-04:00,JPM,291.8369396401929,293.96618832212596,290.6398398939318,290.9832458496094,7001200
2025-07-25 00:00:00-04:00,JPM,291.1304626389869,293.2891470363467,290.4043332995373,293.014404296875,5918500
2025-07-28 00:00:00-04:00,JPM,292.0724293571669,293.8091927274499,291.2482011503524,292.6807861328125,5840400
2025-07-29 00:00:00-04:00,JPM,294.36850837533046,295.63430134586406,290.63985258046154,291.4640808105469,7635700
2025-07-30 00:00:00-04:00,JPM,291.836986615819,294.9670779062804,291.7977290922438,294.0054931640625,8061700
2025-07-31 00:00:00-04:00,JPM,293.5246633224064,295.33011989507037,289.9529777509294,290.6790771484375,14749700
2025-08-01 00:00:00-04:00,JPM,284.9487133421405,286.32242707449086,278.9043429750852,283.93804931640625,12007100
2025-08-04 00:00:00-04:00,JPM,284.81135364584816,288.79513839592664,284.81135364584816,288.73626708984375,6649500
2025-08-05 00:00:00-04:00,JPM,289.1582290191561,290.237586357945,281.84806471731633,285.9005432128906,7182300
2025-08-06 00:00:00-04:00,JPM,286.8130388717205,287.784475314663,284.71322574362773,285.8808898925781,6330200
2025-08-07 00:00:00-04:00,JPM,287.4410196836242,287.9512476179058,281.0336001027858,281.55364990234375,8057100
2025-08-08 00:00:00-04:00,JPM,283.55537949152693,285.7631432800269,279.365515270513,283.3395080566406,6634100
2025-08-11 00:00:00-04:00,JPM,283.9674810703858,285.8514526951056,283.3591242790355,284.1244812011719,5510100
2025-08-12 00:00:00-04:00,JPM,286.02805793473163,289.21705000432985,284.88982947960193,287.35272216796875,8570900
2025-08-13 00:00:00-04:00,JPM,288.43207746741234,289.0207905053278,281.769528771024,285.0762634277344,8420400
2025-08-14 00:00:00-04:00,JPM,285.1253385944976,288.67741059714604,284.20301143696577,288.6381530761719,6322400
2025-08-15 00:00:00-04:00,JPM,289.30536719380285,289.95298150728627,284.3796115875491,285.0370178222656,7340500
2025-08-18 00:00:00-04:00,JPM,284.5562169634104,286.4205448097455,282.9960675051489,286.0574951171875,5386900
2025-08-19 00:00:00-04:00,JPM,285.3706494849781,286.9897003409671,284.0950645111781,285.203857421875,6031500
2025-08-20 00:00:00-04:00,JPM,285.35100110061984,287.8236856501562,281.8774445149503,286.754150390625,7374200
2025-08-21 00:00:00-04:00,JPM,286.45980522859077,287.2742115786807,284.0361700203976,285.9986267089844,6624000
2025-08-22 00:00:00-04:00,JPM,287.6961645212777,291.5818204071259,284.6837862966605,290.6790771484375,8552800
2025-08-25 00:00:00-04:00,JPM,290.67910031440016,291.76827944217837,288.61854456863614,289.3642578125,5856300
2025-08-26 00:00:00-04:00,JPM,288.63811176318757,293.13212406826625,287.9904975110241,292.96533203125,6714700
2025-08-27 00:00:00-04:00,JPM,291.6701254801894,295.41842494390727,291.46407591230917,293.6620178222656,6056500
2025-08-28 00:00:00-04:00,JPM,294.38811877937053,295.5852185641284,293.0929201153854,295.4184265136719,6410500
2025-08-29 00:00:00-04:00,JPM,296.37022814205386,297.2631495608047,294.10359298088383,295.7618713378906,6796400
2025-09-02 00:00:00-04:00,JPM,294.62364321253557,294.8198709218748,288.9717581566039,294.07415771484375,7221900
2025-09-03 00:00:00-04:00,JPM,294.9278255320024,294.9278255320024,290.8164761661132,293.8877258300781,6316900
2025-09-04 00:00:00-04:00,JPM,294.36852159403367,298.7153562428407,292.68080753910596,298.1168212890625,6605800
2025-09-05 00:00:00-04:00,JPM,297.9500113286781,299.42185399614533,288.7853412459479,288.8540344238281,9837700
2025-09-08 00:00:00-04:00,JPM,289.3544641521949,290.8949700189617,285.9692141135519,287.41162109375,8188500
2025-09-09 00:00:00-04:00,JPM,287.1074615709347,293.3873179050423,286.82289692490065,292.2589111328125,7848200
2025-09-10 00:00:00-04:00,JPM,291.1304933247864,295.8796354332035,289.8548783719408,294.8984069824219,7787300
2025-09-11 00:00:00-04:00,JPM,295.5852136096933,299.9909491896388,295.1436788264331,299.8241271972656,7942500
2025-09-12 00:00:00-04:00,JPM,299.2746842518023,301.7768048799553,297.99909921484516,301.1488342285156,6846700
2025-09-15 00:00:00-04:00,JPM,301.40393449781925,304.13174819496044,301.40393449781925,303.1014404296875,7122000
2025-09-16 00:00:00-04:00,JPM,304.18080946841434,305.06390905534744,301.3646887009418,303.3860168457031,10525600
2025-09-17 00:00:00-04:00,JPM,304.563492987762,307.03617773944126,302.973877849489,305.89794921875,8657800
2025-09-18 00:00:00-04:00,JPM,305.9372178866198,307.556238792954,303.7981171700278,307.3501892089844,8050700
2025-09-19 00:00:00-04:00,JPM,307.7132209495945,309.8719053836384,303.31730709863126,308.8710632324219,23568600
2025-09-22 00:00:00-04:00,JPM,303.9845245259009,307.8113389670314,303.74903930910966,306.5749816894531,7520200
2025-09-23 00:00:00-04:00,JPM,305.9666409066948,310.37234675445063,304.74989735202223,306.8693542480469,8584400
2025-09-24 00:00:00-04:00,JPM,308.15480041671645,310.637307339795,305.8195017253528,307.5366516113281,7310500
2025-09-25 00:00:00-04:00,JPM,308.2234462682717,309.72472445454315,305.94698929656073,307.5660400390625,7083200
2025-09-26 00:00:00-04:00,JPM,308.988785738579,311.8441636854759,307.8113297451866,310.12701416015625,7258100
2025-09-29 00:00:00-04:00,JPM,311.10825508542985,312.0404339863167,307.7720847183659,309.76397705078125,6462400
2025-09-30 00:00:00-04:00,JPM,310.31346452838187,311.45169300349573,304.28870810842403,309.50885009765625,11823300
2025-10-01 00:00:00-04:00,JPM,308.07628613361976,308.68464295873514,301.6394301376976,304.8774719238281,9235200
2025-10-02 00:00:00-04:00,JPM,304.1808160870063,304.73030161726365,300.39328868596704,301.77679443359375,7600000
2025-10-03 00:00:00-04:00,JPM,302.7187488597389,305.80961197949307,302.4243624063698,304.210205078125,6029900
2025-10-06 00:00:00-04:00,JPM,305.8371035459471,307.38512889871987,300.8578215934895,304.8511047363281,7214500
2025-10-07 00:00:00-04:00,JPM,305.0187809092415,305.66954382645594,300.4338918141804,303.38201904296875,8454200
2025-10-08 00:00:00-04:00,JPM,303.8946917756213,304.4567183318842,299.2999336047902,299.7732238769531,6489900
2025-10-09 00:00:00-04:00,JPM,300.7789070325195,303.72706376015515,299.14217558490407,301.252197265625,7060300
2025-10-10 00:00:00-04:00,JPM,301.3804193716138,306.1230715472904,296.5983188157025,296.6772155761719,8597400
2025-10-13 00:00:00-04:00,JPM,301.3212684867699,305.1272097801061,301.17337467050265,303.6580810546875,10788700
2025-10-14 00:00:00-04:00,JPM,301.5578902761218,302.70165257420854,290.0907186231138,297.85052490234375,16178800
2025-10-15 00:00:00-04:00,JPM,302.1002149225357,307.7499693151439,301.1635039391426,301.4100036621094,11354800
2025-10-16 00:00:00-04:00,JPM,301.0747260223031,304.35808863852304,292.9106575300408,294.3600769042969,10549400
2025-10-17 00:00:00-04:00,JPM,294.97143359875633,295.3559575215809,290.08088749555986,293.3938293457031,10153500
2025-10-20 00:00:00-04:00,JPM,294.32064593592156,299.43798218705626,293.9854099500461,298.1265869140625,6894900
2025-10-21 00:00:00-04:00,JPM,297.43638030144115,299.7929016175946,292.841622611914,292.93035888671875,7372700
2025-10-22 00:00:00-04:00,JPM,293.60088610479784,293.88683421544886,286.47213320670807,289.99212646484375,8054100
2025-10-23 00:00:00-04:00,JPM,290.25834375227123,292.2204718178062,288.4145307332595,290.4161071777344,5438800
2025-10-24 00:00:00-04:00,JPM,291.93451945757295,298.36325106738366,291.31336547241364,296.2334899902344,7228300
2025-10-27 00:00:00-04:00,JPM,297.92941246883,300.2662249001909,296.7955198233114,299.89154052734375,5642200
2025-10-28 00:00:00-04:00,JPM,300.59159530101573,303.6580673748709,298.915415308335,301.0845947265625,6336000
2025-10-29 00:00:00-04:00,JPM,299.2605157595805,303.93414060421026,298.7675163425421,301.2325134277344,7520300
2025-10-30 00:00:00-04:00,JPM,301.50862332627236,308.233113206998,300.8282816526182,305.1075134277344,7514600
2025-10-31 00:00:00-04:00,JPM,304.220113094536,308.48947514882747,302.9481660712639,306.76397705078125,7721300
2025-11-03 00:00:00-05:00,JPM,306.6456604912348,307.9471862719047,301.9227172950412,305.0187683105469,7770000
2025-11-04 00:00:00-05:00,JPM,302.415720333495,307.84858401169095,300.82827651560933,304.920166015625,7085200
2025-11-05 00:00:00-05:00,JPM,305.2750763211935,308.71623262048166,301.35082032546103,307.31610107421875,6865200
2025-11-06 00:00:00-05:00,JPM,306.63579903674446,310.4319009529449,305.9160390722913,309.03179931640625,7206100
2025-11-07 00:00:00-05:00,JPM,307.5231746391179,310.02758988101914,303.3326798145578,309.8106689453125,7302300
2025-11-10 00:00:00-05:00,JPM,310.58966412464275,315.0858168552232,309.810716541713,312.4532165527344,5794100
2025-11-11 00:00:00-05:00,JPM,313.05464094031504,314.58292715130625,310.86572224729366,311.2009582519531,5030200
2025-11-12 00:00:00-05:00,JPM,311.8320301504691,317.7381540918137,311.78271214996033,315.9239196777344,10578300
2025-11-13 00:00:00-05:00,JPM,314.7604311532612,316.14082355780937,304.7722577523736,305.1469421386719,8973300
2025-11-14 00:00:00-05:00,JPM,303.20451997960254,303.3327046462357,297.0124483237873,299.3591003417969,10327000
2025-11-17 00:00:00-05:00,JPM,299.74363974118836,301.31137424610444,293.5022804823602,296.1644592285156,8344000
2025-11-18 00:00:00-05:00,JPM,295.30663178632864,298.70833958092004,292.86134400280395,295.2178955078125,8077300
2025-11-19 00:00:00-05:00,JPM,295.5432899586994,300.1873662746028,295.0798692888629,299.02386474609375,5546600
2025-11-20 00:00:00-05:00,JPM,302.05087369332443,305.5807663052954,293.9854105998292,294.20233154296875,7501600
2025-11-21 00:00:00-05:00,JPM,297.0715864028587,297.456110287291,288.71030575970536,293.84735107421875,11766800
2025-11-24 00:00:00-05:00,JPM,294.0642973394352,295.6221924256846,290.386540762355,293.8276672363281,10940200
2025-11-25 00:00:00-05:00,JPM,295.84892096661844,300.2366275598507,291.4217960873232,298.75762939453125,8877200
2025-11-26 00:00:00-05:00,JPM,300.7296512123902,304.21022597199055,298.95486530692773,303.33270263671875,7910900
2025-11-28 00:00:00-05:00,JPM,304.77227670123045,309.3275869646093,303.9243019705234,308.696533203125,4322400
2025-12-01 00:00:00-05:00,JPM,308.5683618849884,309.6430970545817,304.2201032083801,304.59478759765625,7727300
2025-12-02 00:00:00-05:00,JPM,304.4172805196406,306.1329390093465,302.7903884074122,303.5693359375,7249000
2025-12-03 00:00:00-05:00,JPM,302.89885953876745,307.98658713845214,302.50443592551073,307.75982666015625,8535300
2025-12-04 00:00:00-05:00,JPM,308.8740221323167,314.0307770729326,308.61765279183703,311.67425537109375,9627800
2025-12-05 00:00:00-05:00,JPM,311.22069468967254,314.02092784192007,310.2741141188276,310.62908935546875,6518900
2025-12-08 00:00:00-05:00,JPM,310.64879808375287,312.0390600856641,308.96274846028484,310.79669189453125,7417200
2025-12-09 00:00:00-05:00,JPM,310.54034639506574,314.33641785317275,295.8193608594167,296.3025207519531,18049200
2025-12-10 00:00:00-05:00,JPM,296.2926621709551,306.8329925602339,294.2812160390869,305.7680969238281,18874100
2025-12-11 00:00:00-05:00,JPM,304.9102649889192,313.5476242674454,304.9102649889192,312.9363098144531,9721900
2025-12-12 00:00:00-05:00,JPM,315.2040954937631,315.7858311866128,312.16723236849225,314.0603332519531,8982900
2025-12-15 00:00:00-05:00,JPM,315.11539535630396,318.35934027084556,313.9322146909975,315.53936767578125,10864100
2025-12-16 00:00:00-05:00,JPM,314.6223410116007,315.0463132571263,309.99800441565543,311.13189697265625,8331300
2025-12-17 00:00:00-05:00,JPM,313.9716244610726,314.8984658400699,310.2544194174254,310.5699462890625,8718700
2025-12-18 00:00:00-05:00,JPM,311.57564186364317,313.2518519730792,307.84856735129125,308.6176452636719,11444900
2025-12-19 00:00:00-05:00,JPM,309.39657764946713,314.099781180705,308.8049723403709,312.7686767578125,24494400
2025-12-22 00:00:00-05:00,JPM,313.0644852104395,318.7043994886834,313.0644852104395,318.56634521484375,8354600
2025-12-23 00:00:00-05:00,JPM,319.07908304324746,323.1907116116738,318.56637445826755,321.3666076660156,6668300
2025-12-24 00:00:00-05:00,JPM,321.6722493328215,325.36974495293686,320.9426198260136,324.5612487792969,4289300
2025-12-26 00:00:00-05:00,JPM,324.502058709128,326.2275566521161,321.96806459862194,323.3188781738281,4158300
2025-12-29 00:00:00-05:00,JPM,322.4216288798564,323.1808371734579,319.0002116144308,319.2171325683594,8635300
2025-12-30 00:00:00-05:00,JPM,320.2622768741799,320.3904615362508,317.97475237184364,318.8917541503906,7904300
2023-01-03 00:00:00-05:00,NKE,110.6907185348339,111.56839629512183,109.65430552790825,110.87745666503906,8124800
2023-01-04 00:00:00-05:00,NKE,112.00723113900023,114.12674510342606,111.60573777505188,113.17436218261719,8550700
2023-01-05 00:00:00-05:00,NKE,112.30602600459912,114.22945584940106,112.1192878710933,112.62348937988281,6046700
2023-01-06 00:00:00-05:00,NKE,113.91198939175351,117.04923819407034,113.69723414622001,116.27426147460938,10080700
2023-01-09 00:00:00-05:00,NKE,116.71310860768651,118.21637401644173,116.29294426613997,116.57305145263672,9397900
2023-01-10 00:00:00-05:00,NKE,116.909182150606,117.95493413580488,116.12487350440878,117.4974136352539,5899900
2023-01-11 00:00:00-05:00,NKE,117.9456167526134,119.75699963064051,117.65617047863877,119.45822143554688,6989200
2023-01-12 00:00:00-05:00,NKE,119.84104010137351,119.94374821924991,118.07633113222604,119.41152954101562,8366400
2023-01-13 00:00:00-05:00,NKE,118.26304567000786,120.66265944087333,118.26304567000786,120.307861328125,4856500
2023-01-17 00:00:00-05:00,NKE,119.5142175024051,120.4946104172955,119.35548939194932,119.64493560791016,6172200
2023-01-18 00:00:00-05:00,NKE,119.32748758778578,120.06510818085627,117.64681593921298,118.04830932617188,6828800
2023-01-19 00:00:00-05:00,NKE,116.51702672529888,117.12393629022134,115.41525473968044,116.27426147460938,5273500
2023-01-20 00:00:00-05:00,NKE,116.41431836007116,118.24437897000666,115.81674783942294,118.2257080078125,5673200
2023-01-23 00:00:00-05:00,NKE,118.48715390783325,120.21450655792553,118.15101957203545,119.78499603271484,5581600
2023-01-24 00:00:00-05:00,NKE,118.40311298993139,119.5235559911596,112.46474941149557,118.42179107666016,5486200
2023-01-25 00:00:00-05:00,NKE,117.5161044386627,118.58986654548323,116.55438948925412,118.41246032714844,5933700
2023-01-26 00:00:00-05:00,NKE,119.94373133728713,120.4385937681655,117.65615017991001,119.07537841796875,5838800
2023-01-27 00:00:00-05:00,NKE,118.64587504166673,120.05577136021647,118.3004016825617,119.07537841796875,5730000
2023-01-30 00:00:00-05:00,NKE,118.11366575041889,119.10339063051376,117.84289048398479,117.9922866821289,6494600
2023-01-31 00:00:00-05:00,NKE,118.03898166648806,119.37418007062139,117.65616632959582,118.88865661621094,7686900
2023-02-01 00:00:00-05:00,NKE,119.42085330818536,121.5870483036919,117.85222885463905,120.91477966308594,6387900
2023-02-02 00:00:00-05:00,NKE,121.8018012665303,122.60478804983163,119.38350899662737,120.50395202636719,5214500
2023-02-03 00:00:00-05:00,NKE,118.38443253877912,120.84007360018954,118.05763728324577,119.15007019042969,4930200
2023-02-06 00:00:00-05:00,NKE,117.1986300674792,117.74018059213016,116.07818709281068,117.39471435546875,4666400
2023-02-07 00:00:00-05:00,NKE,115.74206191962766,117.58146176596829,115.07913227615522,117.021240234375,5288900
2023-02-08 00:00:00-05:00,NKE,115.20051595250389,115.87278466670291,113.72526752257113,114.76168060302734,5877800
2023-02-09 00:00:00-05:00,NKE,116.44234286731177,116.73178912078622,113.44515084789124,114.08007049560547,5929000
2023-02-10 00:00:00-05:00,NKE,113.45448608295557,114.50957007116875,112.5487911766932,114.12675476074219,5195500
2023-02-13 00:00:00-05:00,NKE,114.67761566432482,117.38536082990888,114.34148138867428,116.8531494140625,5689800
2023-02-14 00:00:00-05:00,NKE,115.73271358203831,117.98294569519469,115.53663641790646,117.83354949951172,4845900
2023-02-15 00:00:00-05:00,NKE,116.61974894611012,119.04738037611813,116.61974894611012,119.0287094116211,5687900
2023-02-16 00:00:00-05:00,NKE,117.11460163802997,118.77659515988545,115.88211149974141,116.13420867919922,4722200
2023-02-17 00:00:00-05:00,NKE,115.50861400972705,116.61038590198001,115.25651686108361,116.5636978149414,5161500
2023-02-21 00:00:00-05:00,NKE,115.1071321199174,115.77940074790747,112.95961525117424,113.0716552734375,5110300
2023-02-22 00:00:00-05:00,NKE,113.07165296332985,113.3517672604704,111.70844477269102,111.95121002197266,5022000
2023-02-23 00:00:00-05:00,NKE,112.75420707382936,112.75420707382936,110.69072007486017,112.00724029541016,4101900
2023-02-24 00:00:00-05:00,NKE,110.14916425970756,110.86811387265087,109.5609256346057,110.21452331542969,4693000
2023-02-27 00:00:00-05:00,NKE,111.35365057154947,111.87652304634062,110.475965668633,110.67204284667969,4239800
2023-02-28 00:00:00-05:00,NKE,110.86812208443183,112.41807569721946,110.03712526144199,110.91481018066406,8414100
2023-03-01 00:00:00-05:00,NKE,110.13048088556258,111.84850146200547,110.0184408660484,110.71871948242188,4120500
2023-03-02 00:00:00-05:00,NKE,109.7570079676048,112.00723295184503,109.7570079676048,111.65242767333984,4443200
2023-03-03 00:00:00-05:00,NKE,112.48577759527303,113.33787508871576,111.4464095386566,113.2442398071289,3871800
2023-03-06 00:00:00-05:00,NKE,113.42215843628908,114.22743481451377,112.32661050681416,112.52324676513672,5183800
2023-03-07 00:00:00-05:00,NKE,112.55133287025376,113.31915367681674,111.64306270095919,111.98014831542969,5345700
2023-03-08 00:00:00-05:00,NKE,111.6805184301174,112.40152521105323,111.17488640327521,112.23297882080078,4175200
2023-03-09 00:00:00-05:00,NKE,112.43898447490466,114.10571708698687,110.06997640420924,110.36961364746094,5635900
2023-03-10 00:00:00-05:00,NKE,111.2685067142313,111.41832173877107,109.2178604329812,110.0137710571289,5979600
2023-03-13 00:00:00-04:00,NKE,108.45005113529157,110.76287931173178,108.4219612617178,109.42387390136719,6038200
2023-03-14 00:00:00-04:00,NKE,111.42768859863281,111.88650649256648,109.77032191994182,111.42768859863281,6050800
2023-03-15 00:00:00-04:00,NKE,108.91824978665062,111.08125607751688,108.44070043820314,110.65052795410156,6599200
2023-03-16 00:00:00-04:00,NKE,109.42386954651272,113.12251706076997,109.18977775082772,112.97270202636719,5658700
2023-03-17 00:00:00-04:00,NKE,113.45962100781131,113.98399153972275,111.1187028200926,112.72925567626953,12868900
2023-03-20 00:00:00-04:00,NKE,113.29106516192027,114.87352801086371,112.18615158373113,113.48770141601562,7594100
2023-03-21 00:00:00-04:00,NKE,115.64133788882063,118.03843540030157,115.14506446438878,117.61707305908203,15078800
2023-03-22 00:00:00-04:00,NKE,115.79116478253734,117.28935078837789,111.73669332304821,111.8958740234375,17625500
2023-03-23 00:00:00-04:00,NKE,112.80416287521493,115.4259868685216,111.86779563248074,113.27234649658203,7628100
2023-03-24 00:00:00-04:00,NKE,112.57942502912336,113.3004245877229,111.72732749777315,113.02887725830078,6158800
2023-03-27 00:00:00-04:00,NKE,113.31915332707257,113.36597454378172,110.1261449483365,110.31341552734375,6564200
2023-03-28 00:00:00-04:00,NKE,110.4445176003373,110.90334271025036,109.41451502315435,110.36961364746094,4461400
2023-03-29 00:00:00-04:00,NKE,111.09060568897216,112.89779469761089,110.95014917809989,112.82288360595703,5644000
2023-03-30 00:00:00-04:00,NKE,113.3285244443814,113.71243843688154,111.74606154325201,112.45770263671875,4578900
2023-03-31 00:00:00-04:00,NKE,113.22551455173536,114.90161261473311,112.92587734819978,114.83606719970703,5659400
2023-04-03 00:00:00-04:00,NKE,114.70498190001838,115.03270899094976,113.13188471963296,113.92779541015625,4838400
2023-04-04 00:00:00-04:00,NKE,113.6562465837699,116.06270996855079,113.63752238335277,115.81925964355469,5895300
2023-04-05 00:00:00-04:00,NKE,115.17317217157871,115.48217507974942,112.88843378716282,113.20680236816406,4331400
2023-04-06 00:00:00-04:00,NKE,111.90524090594312,112.82287671898615,110.35086799662508,112.57006072998047,4256900
2023-04-10 00:00:00-04:00,NKE,111.7086228652914,114.15254211425781,111.54943499332279,114.15254211425781,3731200
2023-04-11 00:00:00-04:00,NKE,114.27425400144033,116.18444394764904,114.27425400144033,115.4540786743164,4471000
2023-04-12 00:00:00-04:00,NKE,116.8211860704468,116.91482137144098,115.37917957460662,115.79118347167969,4524900
2023-04-13 00:00:00-04:00,NKE,116.7088123645799,118.60963672107425,116.5402659754175,118.3849105834961,5355300
2023-04-14 00:00:00-04:00,NKE,118.9186438176946,119.37746178173428,117.50472723342413,117.93545532226562,4828700
2023-04-17 00:00:00-04:00,NKE,118.01034933753064,118.43171883625922,117.16761748398778,118.16017150878906,3917900
2023-04-18 00:00:00-04:00,NKE,119.13400789360462,119.18082196957192,117.06462999257492,118.17890930175781,3857700
2023-04-19 00:00:00-04:00,NKE,117.98226643834943,118.05717752840539,116.97098815433833,117.67326354980469,3547400
2023-04-20 00:00:00-04:00,NKE,116.85864094470621,117.3736386691576,115.8379968811924,116.5309066772461,3891600
2023-04-21 00:00:00-04:00,NKE,116.48408291239483,117.6826318039265,115.75371762811238,117.54217529296875,3651400
2023-04-24 00:00:00-04:00,NKE,117.52342941448988,119.04033945007376,117.18633670793488,119.00288391113281,3790900
2023-04-25 00:00:00-04:00,NKE,118.4785411616162,118.70326729024691,116.15635449663107,116.7275390625,4383300
2023-04-26 00:00:00-04:00,NKE,116.30616759895327,117.02717433452088,115.44471150027546,115.95970916748047,4003200
2023-04-27 00:00:00-04:00,NKE,116.52154499700687,117.99164132050932,115.30426469228357,117.70136260986328,4252100
2023-04-28 00:00:00-04:00,NKE,117.18636726980704,118.98419074435854,117.00845519941693,118.65646362304688,4421400
2023-05-01 00:00:00-04:00,NKE,118.84373070317089,120.49173193408053,118.78755095372848,119.78009796142578,4112600
2023-05-02 00:00:00-04:00,NKE,119.05909315075817,119.46173134009675,117.20508291652321,119.16209411621094,3831600
2023-05-03 00:00:00-04:00,NKE,117.50471951205043,120.21082732893919,115.80053147082901,118.67517852783203,4560100
2023-05-04 00:00:00-04:00,NKE,116.98972752790536,117.22381934246005,115.00462636867209,115.800537109375,6177100
2023-05-05 00:00:00-04:00,NKE,117.91673791160036,118.94674054371158,117.25191796592935,118.53473663330078,4887800
2023-05-08 00:00:00-04:00,NKE,119.16209088983977,119.56472906827673,117.96354202674782,118.80626678466797,3892600
2023-05-09 00:00:00-04:00,NKE,117.29870706452111,117.6638968171015,116.26870465177264,117.1395263671875,4082100
2023-05-10 00:00:00-04:00,NKE,118.25381844784515,118.41299916255883,114.39598288472075,115.65071868896484,5052600
2023-05-11 00:00:00-04:00,NKE,115.59453010576274,115.97844409389387,114.14316520545184,114.44280242919922,5923100
2023-05-12 00:00:00-04:00,NKE,113.29107240962519,113.48770867630017,111.45579344341004,112.56070709228516,6574200
2023-05-15 00:00:00-04:00,NKE,112.1955217174984,112.35470243277477,110.50069930962789,112.20488739013672,5518200
2023-05-16 00:00:00-04:00,NKE,110.0231532925965,110.34151473261916,108.73096904275678,109.06806182861328,8306400
2023-05-17 00:00:00-04:00,NKE,108.97439840105942,109.67667371236422,107.91630617050255,109.53622436523438,7765400
2023-05-18 00:00:00-04:00,NKE,109.95759821327239,111.5681509056075,109.41450353443109,111.30596923828125,5970500
2023-05-19 00:00:00-04:00,NKE,107.27023415802701,108.14105602106186,105.90313877569878,107.45751190185547,11674300
2023-05-22 00:00:00-04:00,NKE,105.66904418991355,105.66904418991355,103.01912312135606,103.1689453125,12710300
2023-05-23 00:00:00-04:00,NKE,102.78502614056357,103.99294070628024,101.30557136889546,101.85802459716797,11790400
2023-05-24 00:00:00-04:00,NKE,102.06401258522479,102.15764786523579,100.3785489693711,101.3991928100586,8503200
2023-05-25 00:00:00-04:00,NKE,101.45538963126765,102.03593989534504,100.58456780710912,100.64075469970703,6729800
2023-05-26 00:00:00-04:00,NKE,100.19130442064184,101.54903419307487,100.19130442064184,100.66885375976562,7911200
2023-05-30 00:00:00-04:00,NKE,101.50220378981274,101.95165603583764,99.50773712334396,99.74182891845703,9335200
2023-05-31 00:00:00-04:00,NKE,98.97400842155798,99.41410214075452,98.15937354415686,98.56201171875,21465200
2023-06-01 00:00:00-04:00,NKE,97.5507332620208,97.9440057637419,96.35218441263383,97.03572845458984,12025200
2023-06-02 00:00:00-04:00,NKE,101.11293400401028,101.85509987294314,99.70375993659016,101.25385284423828,11838200
2023-06-05 00:00:00-04:00,NKE,101.34780290845089,101.34780290845089,98.81129228988765,98.830078125,7434000
2023-06-06 00:00:00-04:00,NKE,99.10251297026952,100.28622119452794,98.8300717903052,99.7601318359375,7896300
2023-06-07 00:00:00-04:00,NKE,99.61922654455721,101.6860125922003,99.03676527016317,100.60564422607422,11123900
2023-06-08 00:00:00-04:00,NKE,100.67140905218169,101.00960426871147,99.27162417567784,99.76953125,9137600
2023-06-09 00:00:00-04:00,NKE,99.49710199086843,99.84469372571886,98.97100538641122,99.45012664794922,5795200
2023-06-12 00:00:00-04:00,NKE,99.85408558343455,100.38017499599157,98.2664136766998,100.36138916015625,7964600
2023-06-13 00:00:00-04:00,NKE,100.65261736641463,100.97203391874963,99.85408673672327,100.31441497802734,8460500
2023-06-14 00:00:00-04:00,NKE,100.97202515953077,106.53356391454945,100.97202515953077,106.02626037597656,17415500
2023-06-15 00:00:00-04:00,NKE,105.05863322634424,105.98868617064943,103.48975437230517,105.603515625,10374200
2023-06-16 00:00:00-04:00,NKE,107.09723673382648,107.81122031893251,106.21415196191717,106.7120590209961,14445500
2023-06-20 00:00:00-04:00,NKE,104.66406054673924,105.98868046674485,102.36240522832398,102.90728759765625,10602400
2023-06-21 00:00:00-04:00,NKE,102.52212561005923,103.67765169669066,102.12755852386555,103.32066345214844,8377800
2023-06-22 00:00:00-04:00,NKE,104.1097859265599,104.51374946963412,103.13275765569594,103.7715835571289,6002900
2023-06-23 00:00:00-04:00,NKE,101.22568160025023,103.61188414261231,100.80293220067855,102.88850402832031,14329200
2023-06-26 00:00:00-04:00,NKE,103.02940783267385,105.4156100264415,103.02940783267385,104.97406768798828,6887100
2023-06-27 00:00:00-04:00,NKE,105.71624311605558,107.26633610764786,105.62229960662611,106.73085021972656,7138600
2023-06-28 00:00:00-04:00,NKE,106.47719351748748,106.86237121895087,105.33107124901134,106.18596649169922,6766000
2023-06-29 00:00:00-04:00,NKE,106.72144042177392,107.35086974070198,105.79138760966907,106.50537109375,12465500
2023-06-30 00:00:00-04:00,NKE,104.83316458734873,105.45320468779519,103.1515563165929,103.68704223632812,19629600
2023-07-03 00:00:00-04:00,NKE,104.33524991136697,104.56072293189501,102.50332641601562,102.50332641601562,5734200
2023-07-05 00:00:00-04:00,NKE,102.04300320765203,102.31544441189708,100.08894660526519,100.61503601074219,10405300
2023-07-06 00:00:00-04:00,NKE,98.9146274389716,99.66618265283691,97.39271684219203,98.73612976074219,9923500
2023-07-07 00:00:00-04:00,NKE,98.45430423214884,99.0837336371055,97.7309241491971,98.1348876953125,7463100
2023-07-10 00:00:00-04:00,NKE,98.15367433065585,99.87286124801365,97.93759781968664,99.37495422363281,5374600
2023-07-11 00:00:00-04:00,NKE,99.25282654735854,101.10354293763362,99.22464421328203,100.88746643066406,5454900
2023-07-12 00:00:00-04:00,NKE,101.95843447478,102.48452380515977,100.72775814802894,101.23506164550781,8305000
2023-07-13 00:00:00-04:00,NKE,102.46573699837589,102.52210166397242,101.1599030175734,101.31021118164062,6692300
2023-07-14 00:00:00-04:00,NKE,101.40416962659422,102.06178133376628,100.69958258286843,101.41355895996094,6933600
2023-07-17 00:00:00-04:00,NKE,100.76534939067051,102.49393292761299,100.29562466857566,102.12754821777344,6682900
2023-07-18 00:00:00-04:00,NKE,102.00542134522206,103.6588471898303,101.75176598407883,103.0763931274414,5717200
2023-07-19 00:00:00-04:00,NKE,102.47514459254207,103.57429869524714,102.00541988190602,103.22669982910156,5027100
2023-07-20 00:00:00-04:00,NKE,102.93547491113632,103.35822429239839,100.97202902081503,101.01899719238281,6458000
2023-07-21 00:00:00-04:00,NKE,101.46054568990267,102.67243640129044,101.00021744319024,102.45635986328125,6631600
2023-07-24 00:00:00-04:00,NKE,103.72461788658391,103.8561402370412,101.9396624865385,102.18391418457031,6787600
2023-07-25 00:00:00-04:00,NKE,101.7235852321146,102.25907113156418,100.88747579556053,101.74237823486328,7692800
2023-07-26 00:00:00-04:00,NKE,101.742374317262,102.95425775296012,101.41356128869548,102.68182373046875,5148900
2023-07-27 00:00:00-04:00,NKE,103.17973457232696,103.55551578493404,100.89687212746979,101.15052032470703,6544600
2023-07-28 00:00:00-04:00,NKE,101.56387045970011,102.36240097888607,101.11293161511041,102.0429916381836,5988300
2023-07-31 00:00:00-04:00,NKE,102.78516178261421,104.13796403802633,102.44695942690366,103.70581817626953,6406000
2023-08-01 00:00:00-04:00,NKE,103.33944800703689,103.83735510973638,102.53152084013284,102.7757797241211,4566700
2023-08-02 00:00:00-04:00,NKE,101.72358655480619,101.94905241870863,100.94384178149832,101.00021362304688,6213200
2023-08-03 00:00:00-04:00,NKE,100.52109389956026,102.48453986339989,100.19228801655251,102.0617904663086,5084300
2023-08-04 00:00:00-04:00,NKE,102.12753782187212,103.63065534608226,101.68599548126014,102.22148132324219,5621400
2023-08-07 00:00:00-04:00,NKE,103.21732521256823,104.22253594995902,102.56910272588671,103.79039001464844,4887300
2023-08-08 00:00:00-04:00,NKE,102.99184592968032,103.23610480614582,100.8499022201097,103.0482177734375,5851900
2023-08-09 00:00:00-04:00,NKE,103.14216128979166,103.35823066066314,101.74238354405136,103.0482177734375,4328600
2023-08-10 00:00:00-04:00,NKE,103.63067108184322,105.17136767403383,101.94905563248487,102.42817687988281,7276500
2023-08-11 00:00:00-04:00,NKE,102.30604097928823,102.89789152035273,101.3290127442872,101.54508209228516,5104300
2023-08-14 00:00:00-04:00,NKE,101.38538968746255,101.74238508943402,100.58685903517689,101.12234497070312,5305200
2023-08-15 00:00:00-04:00,NKE,99.6473964057187,100.35198344747708,99.20585404609464,100.09833526611328,6197600
2023-08-16 00:00:00-04:00,NKE,99.64741339364593,101.81753955864805,99.64741339364593,100.07955932617188,5953100
2023-08-17 00:00:00-04:00,NKE,100.92505021946702,101.30083141626972,98.43550785400816,98.68916320800781,5692800
2023-08-18 00:00:00-04:00,NKE,97.54303529083026,98.68916473345065,97.47727411793058,98.46369171142578,5836100
2023-08-21 00:00:00-04:00,NKE,99.08373081626235,99.09312731728043,96.41569075411468,96.63176727294922,6697600
2023-08-22 00:00:00-04:00,NKE,94.84681124632739,96.17143835022448,94.63074189653364,95.31653594970703,9814700
2023-08-23 00:00:00-04:00,NKE,91.10780007657006,93.18398225627651,90.70383657398456,92.77062225341797,20909100
2023-08-24 00:00:00-04:00,NKE,92.72367084875052,93.18400630434378,91.6526988989847,91.71846008300781,10310000
2023-08-25 00:00:00-04:00,NKE,92.53576946506858,93.09004119205622,91.88754706051728,92.85517883300781,7290600
2023-08-28 00:00:00-04:00,NKE,93.55975698147655,94.00129932113875,92.88335947260924,93.59733581542969,6006600
2023-08-29 00:00:00-04:00,NKE,93.97311769987046,95.97414941032235,93.68189069381322,95.60775756835938,8641600
2023-08-30 00:00:00-04:00,NKE,95.48563217056261,96.58478619920305,95.36350633430138,95.91777801513672,4822100
2023-08-31 00:00:00-04:00,NKE,96.40630933744633,96.65995754632245,95.45746334474673,95.55140686035156,7046200
2023-09-01 00:00:00-04:00,NKE,96.11697500005845,97.05014748983898,95.692800456361,96.48458862304688,6359400
2023-09-05 00:00:00-04:00,NKE,95.67393711514127,96.10753242037141,94.47683781499175,94.5616683959961,6698700
2023-09-06 00:00:00-04:00,NKE,94.03381234022322,94.55223821459184,93.34571092478934,94.42970275878906,6096000
2023-09-07 00:00:00-04:00,NKE,92.6199129928424,93.09121317083563,92.03549818320158,92.30885314941406,9927100
2023-09-08 00:00:00-04:00,NKE,92.46911553445683,92.49739240124423,91.69618334589087,92.06379699707031,6435000
2023-09-11 00:00:00-04:00,NKE,92.68590426660676,92.73302997437287,91.03635347390724,91.23429870605469,7584700
2023-09-12 00:00:00-04:00,NKE,91.42281987037472,91.59248824689962,90.65931577174827,90.77243041992188,6307700
2023-09-13 00:00:00-04:00,NKE,90.77243016618661,91.62076485496864,90.16916642722244,90.6121826171875,7140700
2023-09-14 00:00:00-04:00,NKE,91.16832000546789,92.07321560755175,90.39538789588767,91.61134338378906,7075300
2023-09-15 00:00:00-04:00,NKE,92.5162403180715,92.5162403180715,90.61218328486551,90.73472595214844,10467300
2023-09-18 00:00:00-04:00,NKE,90.4896355344614,90.83840026034638,89.81096211731771,90.02776336669922,6946300
2023-09-19 00:00:00-04:00,NKE,89.58474849911002,90.00891582913219,88.99091279878483,89.18885803222656,9386600
2023-09-20 00:00:00-04:00,NKE,88.57616150859698,89.92408037997278,88.4441980267675,88.64214324951172,10274200
2023-09-21 00:00:00-04:00,NKE,88.05773962331773,88.1237213726365,86.22909948870999,86.33277893066406,7958600
2023-09-22 00:00:00-04:00,NKE,86.3233400534534,87.03029030182232,85.35246286299527,85.63523864746094,9289400
2023-09-25 00:00:00-04:00,NKE,84.83405350832997,85.63526257539206,84.63610824645383,85.39961242675781,8291700
2023-09-26 00:00:00-04:00,NKE,84.83403760901523,85.4938550249416,84.6266643664468,84.99427795410156,8060500
2023-09-27 00:00:00-04:00,NKE,85.36190229324244,85.49386579304876,84.08939300712646,84.28733825683594,7631000
2023-09-28 00:00:00-04:00,NKE,83.98571335206579,84.6266820578778,83.57097397169706,84.48529052734375,16315600
2023-09-29 00:00:00-04:00,NKE,93.66620603173145,93.7604646351429,89.18885405071796,90.13145446777344,34935400
2023-10-02 00:00:00-04:00,NKE,90.6781655813508,90.84783395967938,88.34994837799621,89.1323013305664,12776300
2023-10-03 00:00:00-04:00,NKE,88.9060673285649,90.53676914607796,88.77410385101705,89.63186645507812,10964300
2023-10-04 00:00:00-04:00,NKE,90.09375957951933,90.73472822185933,89.6601642025645,90.3859634399414,8045400
2023-10-05 00:00:00-04:00,NKE,90.29168701171875,90.70643346066053,89.81095882694257,90.29168701171875,7430000
2023-10-06 00:00:00-04:00,NKE,90.29170208517236,92.10149330573374,89.60360056105243,91.53593444824219,8532900
2023-10-09 00:00:00-04:00,NKE,91.22487133617487,91.56420807697353,90.41423436554147,91.31912994384766,5964200
2023-10-10 00:00:00-04:00,NKE,91.66789782676366,93.18548519386633,91.64904898117508,92.01666259765625,8499000
2023-10-11 00:00:00-04:00,NKE,92.66704568456544,93.27030938257639,92.38426987132497,92.98753356933594,7642900
2023-10-12 00:00:00-04:00,NKE,93.82644794503479,94.30717617938042,92.8649914763435,93.55309295654297,10705200
2023-10-13 00:00:00-04:00,NKE,93.87357761974323,95.0612562288996,93.7416141288893,94.17521667480469,8774700
2023-10-16 00:00:00-04:00,NKE,93.99612007677489,96.69195799794855,93.88300543137589,96.18295288085938,10845400
2023-10-17 00:00:00-04:00,NKE,96.11696944513572,97.64397757807636,96.11696944513572,97.09727478027344,9253800
2023-10-18 00:00:00-04:00,NKE,97.05956837272025,97.93618706881395,97.02186349217668,97.81364440917969,8757300
2023-10-19 00:00:00-04:00,NKE,97.81363784850433,98.36034779251051,96.94644722857944,97.13497161865234,8391100
2023-10-20 00:00:00-04:00,NKE,97.389470859378,97.81363815329095,96.68252057520961,96.77677917480469,7823500
2023-10-23 00:00:00-04:00,NKE,96.2677838313564,97.80422720668801,95.92844708536113,96.90875244140625,5966100
2023-10-24 00:00:00-04:00,NKE,97.70995089844833,99.58572348852795,97.70995089844833,99.1427001953125,9252200
2023-10-25 00:00:00-04:00,NKE,98.46403818737984,99.01074815236402,97.54971463698537,97.59684753417969,7054700
2023-10-26 00:00:00-04:00,NKE,96.31492070648073,96.73908806074438,94.21291839823289,94.27890014648438,11222600
2023-10-27 00:00:00-04:00,NKE,94.05267167192521,94.58052562221435,92.19574763633857,92.35599517822266,9602700
2023-10-30 00:00:00-04:00,NKE,93.31744942903202,96.19238382843407,93.31744942903202,95.95673370361328,8206700
2023-10-31 00:00:00-04:00,NKE,95.57968239344055,97.02185986076756,95.57968239344055,96.87104034423828,6558500
2023-11-01 00:00:00-04:00,NKE,96.66368691981683,96.77679438051446,94.23177583421935,95.08953857421875,7272400
2023-11-02 00:00:00-04:00,NKE,96.1923835598447,99.49148529812395,96.04156402847438,99.0484619140625,8135100
2023-11-03 00:00:00-04:00,NKE,100.32097443722293,101.47094823149705,99.96278882567496,100.91481018066406,7568000
2023-11-06 00:00:00-05:00,NKE,100.82053997395353,101.4238036669197,100.26440917853525,101.0938949584961,5231900
2023-11-07 00:00:00-05:00,NKE,101.15988825174325,103.08279418945312,101.07505765623478,103.08279418945312,7745800
2023-11-08 00:00:00-05:00,NKE,103.09220462372272,104.34585764505081,102.64918130104442,103.11105346679688,8639700
2023-11-09 00:00:00-05:00,NKE,103.51637877032344,103.59178853055646,100.78283608937636,100.85824584960938,9154200
2023-11-10 00:00:00-05:00,NKE,101.17873511316947,101.64061454011465,99.54804026096737,100.01934051513672,8897700
2023-11-13 00:00:00-05:00,NKE,99.32181161068142,99.65172032857608,98.2001147783689,98.21896362304688,7055600
2023-11-14 00:00:00-05:00,NKE,99.50090391352227,100.95250950907534,99.3312355402376,99.68000030517578,9674800
2023-11-15 00:00:00-05:00,NKE,100.68857936348212,102.80000234910788,100.59432075716744,101.63117980957031,11140800
2023-11-16 00:00:00-05:00,NKE,100.95249933130988,101.80084111220563,100.85824073153707,101.4332275390625,5386800
2023-11-17 00:00:00-05:00,NKE,101.85740449515474,101.99879600396034,99.46319843818489,99.87794494628906,6352600
2023-11-20 00:00:00-05:00,NKE,99.9156456766226,100.43407879021218,99.06730385050811,100.21727752685547,6197400
2023-11-21 00:00:00-05:00,NKE,100.07588165121877,100.57545870713811,99.30294961930254,100.43407440185547,5803500
2023-11-22 00:00:00-05:00,NKE,101.329542907922,101.82911996883279,100.68857434884563,101.72543334960938,6280300
2023-11-24 00:00:00-05:00,NKE,101.32953098077128,101.8008311248679,101.23527239024587,101.46149444580078,2443600
2023-11-27 00:00:00-05:00,NKE,101.48036201366452,102.00821593378157,100.76398369959828,101.76313781738281,5785000
2023-11-28 00:00:00-05:00,NKE,102.33812887535976,103.59178917906729,101.9422384188639,102.50779724121094,7287400
2023-11-29 00:00:00-05:00,NKE,104.44012374411176,105.71263280375237,103.82743206607144,104.03480529785156,9601800
2023-11-30 00:00:00-05:00,NKE,104.18562224882295,104.25160398991616,102.70573989161477,103.94054412841797,8690900
2023-12-01 00:00:00-05:00,NKE,104.34722704650802,107.39261989424175,103.7986765004369,107.326416015625,8051800
2023-12-04 00:00:00-05:00,NKE,106.94811680092093,109.06664836520366,106.87245315541881,108.90586853027344,10086600
2023-12-05 00:00:00-05:00,NKE,108.44243352576031,109.74759884618463,108.38568218787621,109.15176391601562,6960000
2023-12-06 00:00:00-05:00,NKE,109.70976130134038,110.78794286101282,109.3030782768547,109.81379699707031,6317000
2023-12-07 00:00:00-05:00,NKE,107.93172569122075,109.7097781182501,107.93172569122075,108.58430480957031,7294500
2023-12-08 00:00:00-05:00,NKE,108.29111200906549,109.98404816312402,108.26273994645437,109.6246566772461,6122200
2023-12-11 00:00:00-05:00,NKE,111.402703639827,112.94431243127677,111.06222447356981,112.17823791503906,7972800
2023-12-12 00:00:00-05:00,NKE,113.19022134848565,113.48340895030084,112.14987149511605,113.15238952636719,7378400
2023-12-13 00:00:00-05:00,NKE,112.87810296239363,114.85477398063564,112.73623544752854,114.59941101074219,8182900
2023-12-14 00:00:00-05:00,NKE,114.85478055632902,115.94241472930723,113.3226242962935,114.45755004882812,9590500
2023-12-15 00:00:00-05:00,NKE,114.3724417230614,115.4411636670589,114.06033459418057,114.95882415771484,13633300
2023-12-18 00:00:00-05:00,NKE,114.82641555147632,115.23309141165306,114.30623700711612,114.57105255126953,6874800
2023-12-19 00:00:00-05:00,NKE,115.13850243910971,116.65173910288321,115.04392650056417,115.98970031738281,7697300
2023-12-20 00:00:00-05:00,NKE,114.56157899663359,116.69902982741878,114.43863099899077,114.8453140258789,9176600
2023-12-21 00:00:00-05:00,NKE,115.66814195407807,116.61391578128826,114.72236812686789,115.88566589355469,16533300
2023-12-22 00:00:00-05:00,NKE,102.3894907979996,104.79175751918473,101.62340898472294,102.1814193725586,46666200
2023-12-26 00:00:00-05:00,NKE,102.42730594183743,102.79615714843952,101.65177171056106,102.16248321533203,12846700
2023-12-27 00:00:00-05:00,NKE,102.46514055456204,102.70158402885151,101.05593946818774,101.32075500488281,10157900
2023-12-28 00:00:00-05:00,NKE,101.39642415421343,103.46767141047567,101.01811313167165,102.91912078857422,9352900
2023-12-29 00:00:00-05:00,NKE,103.05152948863089,103.997303445629,102.2287035483968,102.68267822265625,7667500
2024-01-02 00:00:00-05:00,NKE,101.774711754378,102.00169542939213,100.67761076306132,100.7721939086914,9326600
2024-01-03 00:00:00-05:00,NKE,99.98720808555431,101.65177200718085,98.36047598211037,98.39830780029297,10573700
2024-01-04 00:00:00-05:00,NKE,96.90399035591457,98.00109151432076,96.75267028808594,96.75267028808594,10420600
2024-01-05 00:00:00-05:00,NKE,96.90400058256697,98.0578459862184,96.37436946574971,96.54460906982422,8044500
2024-01-08 00:00:00-05:00,NKE,96.54459837779004,98.06729488568824,96.21357896643869,98.00109100341797,9414200
2024-01-09 00:00:00-05:00,NKE,97.57548338568148,97.79301453942226,96.94181665734341,97.1688003540039,7759500
2024-01-10 00:00:00-05:00,NKE,97.12151411289094,98.19969567076559,96.81886678463984,98.1429443359375,6784700
2024-01-11 00:00:00-05:00,NKE,98.56854752721469,100.26148351118458,98.1051203812015,100.1574478149414,9537700
2024-01-12 00:00:00-05:00,NKE,100.25202099804625,100.55466831997914,99.04143171031471,99.36299133300781,6680900
2024-01-16 00:00:00-05:00,NKE,98.30374371094884,98.56855925446294,95.86364526168477,96.2041244506836,10547900
2024-01-17 00:00:00-05:00,NKE,95.5704593423095,95.81635537095248,94.80437754569597,95.3529281616211,8226200
2024-01-18 00:00:00-05:00,NKE,95.52317479551651,95.92985790753069,94.64360467956413,95.4664306640625,8852400
2024-01-19 00:00:00-05:00,NKE,95.542074089324,96.63917525257918,94.26528079570826,96.2608642578125,8517200
2024-01-22 00:00:00-05:00,NKE,96.232483005326,96.28922712363297,94.66249505247373,95.10700988769531,9897400
2024-01-23 00:00:00-05:00,NKE,96.11898853511161,96.60133519269326,95.74068478829139,96.37435150146484,8208000
2024-01-24 00:00:00-05:00,NKE,96.26085152041681,96.27977103627681,95.22996159216079,95.2961654663086,7879300
2024-01-25 00:00:00-05:00,NKE,96.02442373547332,96.22303539029367,94.66250699878263,95.30563354492188,10063700
2024-01-26 00:00:00-05:00,NKE,96.06225493960558,97.67006768676771,95.73123551703482,97.17826843261719,9735800
2024-01-29 00:00:00-05:00,NKE,97.30121252521324,98.3699416095097,95.84471990885315,98.24698638916016,8860800
2024-01-30 00:00:00-05:00,NKE,97.7362621887967,98.65366394019712,97.53765055432056,98.53071594238281,7542800
2024-01-31 00:00:00-05:00,NKE,98.44560053609986,98.64421940237551,95.63665814997826,96.02442169189453,11547600
2024-02-01 00:00:00-05:00,NKE,96.37435875325606,96.70537816447238,95.15430959561706,96.24195098876953,7666700
2024-02-02 00:00:00-05:00,NKE,95.40968121996947,95.910947515316,94.03831176746854,95.2489013671875,8966900
2024-02-05 00:00:00-05:00,NKE,95.05026873945151,95.13538491957162,93.6788995891848,94.27473449707031,10097900
2024-02-06 00:00:00-05:00,NKE,94.10449549114013,97.06476496271351,93.75455657860306,97.04585266113281,11368600
2024-02-07 00:00:00-05:00,NKE,96.8377729222765,98.68202883397348,96.79994110669284,98.16185760498047,9447800
2024-02-08 00:00:00-05:00,NKE,98.76715850927624,99.26841747022199,97.46199325913362,98.1429443359375,6330400
2024-02-09 00:00:00-05:00,NKE,98.17133516984052,99.2495168546598,97.7268202757044,98.8333740234375,5449000
2024-02-12 00:00:00-05:00,NKE,99.06034402297662,101.60447780857149,98.97522784602339,101.36803436279297,7501900
2024-02-13 00:00:00-05:00,NKE,99.29679939591524,100.06288115891982,98.59692873273576,99.30625915527344,6180500
2024-02-14 00:00:00-05:00,NKE,99.13601219220956,100.64924887127643,98.79553303745931,100.56413269042969,5743300
2024-02-15 00:00:00-05:00,NKE,101.21671864882222,101.51936600534155,100.09125262509708,100.29932403564453,7201300
2024-02-16 00:00:00-05:00,NKE,98.95632642170031,99.02253030999505,96.13792407351526,97.89706420898438,14590100
2024-02-20 00:00:00-05:00,NKE,97.5376535150504,98.2091520755238,96.62971149459275,97.69844055175781,8759500
2024-02-21 00:00:00-05:00,NKE,97.74572334900488,99.79805081703758,97.3485000743563,99.56160736083984,8888100
2024-02-22 00:00:00-05:00,NKE,100.0628935641959,100.26150524124742,98.43616110565988,99.3819351196289,6705500
2024-02-23 00:00:00-05:00,NKE,99.55216026370171,100.83841331303401,99.48595638097204,99.90209197998047,6947300
2024-02-26 00:00:00-05:00,NKE,99.59945094714716,100.3466132228892,98.13350567493235,98.87120819091797,5831500
2024-02-27 00:00:00-05:00,NKE,99.14548038502289,99.54270369412883,98.35102655112875,99.44812774658203,5317400
2024-02-28 00:00:00-05:00,NKE,98.455061956146,99.72240273956915,98.07675095143689,98.6915054321289,4219800
2024-02-29 00:00:00-05:00,NKE,99.28734647996149,99.84534961340476,98.0578375325667,98.29428100585938,10811600
2024-03-01 00:00:00-05:00,NKE,98.58849564046018,98.65493604120655,96.65222322254479,96.69967651367188,7349300
2024-03-04 00:00:00-05:00,NKE,96.48140452336621,96.59529824956796,93.97564116644915,94.47869110107422,11050900
2024-03-05 00:00:00-05:00,NKE,93.96614375576996,94.12749802224808,93.01699078853997,93.31122589111328,8670600
2024-03-06 00:00:00-05:00,NKE,94.91529715136701,95.01021100022588,92.12478509784883,92.66580200195312,10045300
2024-03-07 00:00:00-05:00,NKE,93.00750696076322,93.39666319393909,92.71327182741,93.19734191894531,8133900
2024-03-08 00:00:00-05:00,NKE,93.48206590677604,94.26986454172699,93.03596289080474,94.11800384521484,9043500
2024-03-11 00:00:00-04:00,NKE,94.82038311727611,96.58580822015976,94.38377362020823,95.94038391113281,8537400
2024-03-12 00:00:00-04:00,NKE,95.66511970071696,96.21563010939316,94.58308599619438,95.08613586425781,7040900
2024-03-13 00:00:00-04:00,NKE,95.49428150813407,96.81360356564298,95.22851983345062,96.20614624023438,7326400
2024-03-14 00:00:00-04:00,NKE,97.0034229191216,97.27867812749581,95.00070973245495,95.16207122802734,8350900
2024-03-15 00:00:00-04:00,NKE,95.20002984142546,96.01630183821557,94.2888367703648,94.5735855102539,15208500
2024-03-18 00:00:00-04:00,NKE,93.94716227364914,94.59258656996995,93.51054554371426,93.7193603515625,7207000
2024-03-19 00:00:00-04:00,NKE,93.49155702464907,94.95325330294385,93.43461017012513,94.8773193359375,6168900
2024-03-20 00:00:00-04:00,NKE,94.39325707296904,95.33292369828348,93.99461457575444,95.17156219482422,7771700
2024-03-21 00:00:00-04:00,NKE,95.33292798878831,96.73767034927864,94.68750367029035,95.693603515625,17176000
2024-03-22 00:00:00-04:00,NKE,89.07800033964877,90.33088190784945,87.05630722139331,89.08749389648438,41837400
2024-03-25 00:00:00-04:00,NKE,89.28682193039359,90.66309087625643,88.05292014057935,88.98309326171875,14548800
2024-03-26 00:00:00-04:00,NKE,88.97359513377458,89.08749609422529,87.71122721905847,87.8725814819336,10816900
2024-03-27 00:00:00-04:00,NKE,88.52747801685908,89.36273711112113,87.62578575805652,89.34375,11095700
2024-03-28 00:00:00-04:00,NKE,89.57156218078106,89.98918453445589,88.67935613352039,89.2013931274414,11331700
2024-04-01 00:00:00-04:00,NKE,89.04003306841881,89.14444046888944,87.0278335134475,87.85359191894531,10360000
2024-04-02 00:00:00-04:00,NKE,87.09426579982022,87.22714661684277,86.03121202217837,86.32544708251953,11107300
2024-04-03 00:00:00-04:00,NKE,86.38242389620915,86.79056001054077,85.68953896110168,85.73699951171875,8876600
2024-04-04 00:00:00-04:00,NKE,86.32545093761222,86.42037201811992,84.3701983357107,84.54104614257812,12110300
2024-04-05 00:00:00-04:00,NKE,84.61698096537675,85.6610476883552,84.2847789046284,84.32273864746094,9716700
2024-04-08 00:00:00-04:00,NKE,84.57902152793895,85.67054888904612,84.28478642523082,85.42376708984375,8452500
2024-04-09 00:00:00-04:00,NKE,85.42376423930074,86.52478512095358,85.30037696454815,86.37291717529297,7191900
2024-04-10 00:00:00-04:00,NKE,85.32884073963983,85.51866840877572,84.25629340878392,84.47460174560547,7932900
2024-04-11 00:00:00-04:00,NKE,86.59122271012924,87.71122342769725,86.21156009983362,87.32206726074219,15330200
2024-04-12 00:00:00-04:00,NKE,87.33156081740162,88.14783289502552,86.48681531126141,87.32206726074219,10905900
2024-04-15 00:00:00-04:00,NKE,88.83123288184264,89.14445513478535,87.83462649720215,88.36614990234375,11597300
2024-04-16 00:00:00-04:00,NKE,88.3091934765913,89.40072084383004,86.98987142344284,88.64139556884766,10388200
2024-04-17 00:00:00-04:00,NKE,89.79936092567414,90.23597041246786,88.89766852230092,90.01766204833984,10181200
2024-04-18 00:00:00-04:00,NKE,90.32139166873202,91.00477566050307,89.72342071892237,90.87189483642578,10062900
2024-04-19 00:00:00-04:00,NKE,90.56816466017106,91.32748984892193,89.68545220586941,89.72341918945312,11241900
2024-04-22 00:00:00-04:00,NKE,89.81834106282277,90.22647712103237,89.07800292036401,89.40071868896484,8642000
2024-04-23 00:00:00-04:00,NKE,89.57156631963565,89.9037684031801,89.13495683248264,89.2393569946289,6582700
2024-04-24 00:00:00-04:00,NKE,89.31528403246351,90.34986443111632,89.31528403246351,89.82782745361328,6493200
2024-04-25 00:00:00-04:00,NKE,89.22038375349958,89.97021550721198,87.73970736166706,89.16343688964844,5317900
2024-04-26 00:00:00-04:00,NKE,89.78037007584473,90.56816872729546,89.13495305032309,89.33427429199219,6115700
2024-04-29 00:00:00-04:00,NKE,89.63801126424612,90.06512721588362,88.93563283331586,89.27732849121094,5030700
2024-04-30 00:00:00-04:00,NKE,88.18580616616902,88.75529650147527,87.55936172830839,87.56885528564453,6493300
2024-05-01 00:00:00-04:00,NKE,87.14172348072775,87.19867757764673,85.50917937064465,85.74646759033203,9783100
2024-05-02 00:00:00-04:00,NKE,86.68614049500945,87.74918716243246,86.28749799472583,87.71122741699219,7333300
2024-05-03 00:00:00-04:00,NKE,88.3566381756242,88.888168712933,87.19867774416635,87.46443939208984,5736700
2024-05-06 00:00:00-04:00,NKE,88.09087804915232,88.62240859564139,87.77766309666814,88.6129150390625,6696300
2024-05-07 00:00:00-04:00,NKE,89.29631495543384,89.52410964521584,88.47054924796298,89.01156616210938,7113500
2024-05-08 00:00:00-04:00,NKE,88.38511913229817,88.87867544555232,88.0149500869921,88.83121490478516,5372900
2024-05-09 00:00:00-04:00,NKE,88.87868381209684,89.20139958847622,88.2807200460354,88.64139556884766,6429800
2024-05-10 00:00:00-04:00,NKE,88.33766454603185,88.40410496270727,86.2590172734597,86.31597137451172,10548400
2024-05-13 00:00:00-04:00,NKE,86.62919403475432,88.05292358259585,86.51530030546328,88.0054702758789,8792100
2024-05-14 00:00:00-04:00,NKE,88.26173474537285,89.54308983696123,87.89156565761316,88.07190704345703,7811000
2024-05-15 00:00:00-04:00,NKE,87.59731985873603,87.9105420459947,86.23053739903403,87.00884246826172,15614400
2024-05-16 00:00:00-04:00,NKE,87.02783303598645,88.11935309434398,86.87596509378523,87.103759765625,12711700
2024-05-17 00:00:00-04:00,NKE,87.33155804170836,87.5973196880299,86.69562011205412,87.49291229248047,12019600
2024-05-20 00:00:00-04:00,NKE,87.5593563507666,87.98647226564893,86.21156095031003,87.103759765625,9701500
2024-05-21 00:00:00-04:00,NKE,86.91393871036476,88.12885337481723,86.80003774502386,88.10037994384766,7809700
2024-05-22 00:00:00-04:00,NKE,87.27460152549493,88.04342025699584,86.98986001581369,87.79663848876953,7611900
2024-05-23 00:00:00-04:00,NKE,87.74918496105866,87.87257947576201,86.51529050426004,86.75257873535156,7729000
2024-05-24 00:00:00-04:00,NKE,87.1037653346834,87.51190140361616,86.83800366030161,87.08478546142578,6936800
2024-05-28 00:00:00-04:00,NKE,87.07528547783073,87.81562358510311,86.70511642419454,87.32206726074219,10835000
2024-05-29 00:00:00-04:00,NKE,87.01833602463792,88.00545588537139,86.73358726504608,87.00884246826172,7237300
2024-05-30 00:00:00-04:00,NKE,87.54036577965913,89.10646210379623,87.2840904688817,88.69832611083984,9300100
2024-05-31 00:00:00-04:00,NKE,88.74580519768439,90.23597511294956,88.24275526803208,90.21699523925781,12565600
2024-06-03 00:00:00-04:00,NKE,90.06452648752925,90.7601190500725,89.61668738726742,89.95018768310547,9668100
2024-06-04 00:00:00-04:00,NKE,89.84536202644725,90.62670860326043,89.00684605393762,90.2741470336914,7838400
2024-06-05 00:00:00-04:00,NKE,90.82680918166267,90.82680918166267,89.28317006281398,89.87394714355469,7463300
2024-06-06 00:00:00-04:00,NKE,90.38848492091762,92.23703942538025,89.55949240948382,91.20794677734375,9760100
2024-06-07 00:00:00-04:00,NKE,90.89352432422312,93.32332583271274,90.80777021604099,91.99884796142578,9397400
2024-06-10 00:00:00-04:00,NKE,91.21747717769054,92.41807799395488,91.09360047221585,91.47474670410156,7035100
2024-06-11 00:00:00-04:00,NKE,91.01738356623594,91.47476056776955,90.06452147698833,91.35089111328125,7301500
2024-06-12 00:00:00-04:00,NKE,91.80825423012195,91.95118498716286,89.09259892538577,89.26411437988281,9861300
2024-06-13 00:00:00-04:00,NKE,89.60714707621283,90.07404744008316,89.30223151433172,89.74054718017578,8348200
2024-06-14 00:00:00-04:00,NKE,89.37846992815324,90.31227073640308,88.90203886727771,88.98779296875,7426800
2024-06-17 00:00:00-04:00,NKE,87.67284820686206,90.636250066487,87.67284820686206,90.52190399169922,6365400
2024-06-18 00:00:00-04:00,NKE,90.20746332328743,90.76965580526561,89.76914758077245,90.3122787475586,6712000
2024-06-20 00:00:00-04:00,NKE,89.45468614757493,91.56051039418494,89.11165522987045,91.06502532958984,9393800
2024-06-21 00:00:00-04:00,NKE,91.4366359291178,92.6277134197583,90.9220895807899,92.59912872314453,15124400
2024-06-24 00:00:00-04:00,NKE,92.71349160231468,93.41860756918503,92.12271444264627,92.58961486816406,9466900
2024-06-25 00:00:00-04:00,NKE,92.72301625670733,93.03746252033201,90.04547586164247,90.28369140625,9006500
2024-06-26 00:00:00-04:00,NKE,89.65479777556973,90.02642070876426,88.75911228230696,89.62621307373047,10160400
2024-06-27 00:00:00-04:00,NKE,89.34986871917272,90.27414604486322,88.98778376746068,89.75007629394531,25772700
2024-06-28 00:00:00-04:00,NKE,73.49425473874258,75.32375558494931,71.03587592591451,71.81722259521484,129967000
2024-07-01 00:00:00-04:00,NKE,71.94109607078744,73.4275587758601,70.788133681627,73.20840454101562,44369000
2024-07-02 00:00:00-04:00,NKE,73.19886634681284,73.31321241610733,71.83627325087045,72.45563507080078,26183400
2024-07-03 00:00:00-04:00,NKE,71.9410826480246,72.34128295244996,71.48370567885257,71.6933364868164,15952000
2024-07-05 00:00:00-04:00,NKE,71.80768196884202,72.50326716811468,71.25502025588551,71.87438201904297,19603700
2024-07-08 00:00:00-04:00,NKE,71.85533788672147,71.93156133334833,69.5589366264187,69.60658264160156,29905000
2024-07-09 00:00:00-04:00,NKE,69.84479577236723,70.64519645759067,68.9681571036203,69.04438781738281,23445500
2024-07-10 00:00:00-04:00,NKE,68.85381289070767,69.21589784797763,68.29162050809967,69.12061309814453,21378200
2024-07-11 00:00:00-04:00,NKE,69.27307243982614,70.27358056251893,68.88240275527971,69.93054962158203,15876700
2024-07-12 00:00:00-04:00,NKE,70.10206009365542,70.5594370722132,69.72091382315068,69.9591293334961,14527500
2024-07-15 00:00:00-04:00,NKE,69.55894020420372,69.56847086168275,67.88190070621296,67.94860076904297,20775800
2024-07-16 00:00:00-04:00,NKE,68.13915261490965,69.52079938313663,68.13915261490965,69.37786865234375,20980700
2024-07-17 00:00:00-04:00,NKE,69.11108683423548,69.88290280762097,69.08250213444504,69.6256332397461,11161600
2024-07-18 00:00:00-04:00,NKE,69.53033962453465,70.44508625007929,68.93956258168376,68.96814727783203,14440100
2024-07-19 00:00:00-04:00,NKE,68.89192468005608,69.38740971540756,68.46313242335263,69.27306365966797,11913300
2024-07-22 00:00:00-04:00,NKE,69.67328258613173,71.78863043920433,69.62563657102741,71.33126068115234,19385500
2024-07-23 00:00:00-04:00,NKE,71.11209503289751,71.50277197858671,69.78761731173798,69.94007873535156,11041800
2024-07-24 00:00:00-04:00,NKE,69.79714580246983,69.93054590911213,67.72943687975354,67.73896026611328,18563300
2024-07-25 00:00:00-04:00,NKE,68.15821543150253,69.01579265695175,67.56744566378408,68.04387664794922,13855400
2024-07-26 00:00:00-04:00,NKE,68.60606330799455,69.34929449733622,68.48219386635762,69.13966369628906,8892000
2024-07-29 00:00:00-04:00,NKE,69.08249973600532,70.38792338261332,68.79663820850381,70.0830078125,10471800
2024-07-30 00:00:00-04:00,NKE,70.21641091612662,70.97869623905554,69.99724943305598,70.81671142578125,8515700
2024-07-31 00:00:00-04:00,NKE,70.98822972773273,71.87439181243985,70.43556793947212,71.33126068115234,14632900
2024-08-01 00:00:00-04:00,NKE,71.1788050304262,71.26456641062805,69.80668837505304,70.3688735961914,9563500
2024-08-02 00:00:00-04:00,NKE,69.39693911144575,70.6356553122249,68.52983122811642,70.52131652832031,11526600
2024-08-05 00:00:00-04:00,NKE,67.71037484266485,69.19684458181858,67.41498993394195,68.05340576171875,13191500
2024-08-06 00:00:00-04:00,NKE,68.28208849251527,69.78760479703737,68.13915775094887,69.08248901367188,13469700
2024-08-07 00:00:00-04:00,NKE,69.44458491179975,70.7118932072209,69.1110846418891,69.19684600830078,9571200
2024-08-08 00:00:00-04:00,NKE,69.77809384482495,70.71189461922125,69.60657837833736,70.69284057617188,8828000
2024-08-09 00:00:00-04:00,NKE,70.6261308705876,71.06444649844036,69.91148440283119,70.83575439453125,7186600
2024-08-12 00:00:00-04:00,NKE,71.18833550154415,71.46466641739616,70.5594502173472,71.12163543701172,7067300
2024-08-13 00:00:00-04:00,NKE,71.70286584356029,75.32374436881358,71.53135039194808,74.79966735839844,22114800
2024-08-14 00:00:00-04:00,NKE,74.32323293566618,75.36184898335937,73.77057125370989,74.81871795654297,13613000
2024-08-15 00:00:00-04:00,NKE,78.22997584281927,79.14472257343093,76.8673827684188,78.61112213134766,23583600
2024-08-16 00:00:00-04:00,NKE,78.97320936335413,79.9832481472754,78.55395497677948,79.30671691894531,13794200
2024-08-19 00:00:00-04:00,NKE,79.30672373986911,80.0308937743094,79.01133151579005,79.35436248779297,9627300
2024-08-20 00:00:00-04:00,NKE,79.55446235192021,79.94513934001466,78.86840041071348,79.62116241455078,7863100
2024-08-21 00:00:00-04:00,NKE,79.72596667882837,80.26909776130717,79.29718166046743,80.04041290283203,6915900
2024-08-22 00:00:00-04:00,NKE,80.46919582551213,80.68835729192352,79.2876489394413,79.47822570800781,8485500
2024-08-23 00:00:00-04:00,NKE,79.41152001658332,80.26909731833315,79.29718122285705,80.08805847167969,9219700
2024-08-26 00:00:00-04:00,NKE,79.53539689138867,80.52637430092726,79.44963552616602,80.30721282958984,7853300
2024-08-27 00:00:00-04:00,NKE,80.10710712480389,81.36488465949921,79.6687914822331,81.26959991455078,14954000
2024-08-28 00:00:00-04:00,NKE,81.0409214726197,81.40300643992201,78.0203432039197,78.887451171875,11088600
2024-08-29 00:00:00-04:00,NKE,79.51634312443933,79.93560479473216,78.95415794814782,79.3353042602539,7477200
2024-08-30 00:00:00-04:00,NKE,79.65927154312799,79.92607177277941,78.18233962334017,79.39247131347656,13755300
2024-09-03 00:00:00-04:00,NKE,79.16276789031704,79.38290696129361,77.53567968674326,77.83238220214844,10133700
2024-09-04 00:00:00-04:00,NKE,76.66470066687536,77.6122398845104,76.25314204876106,77.54524230957031,12837400
2024-09-05 00:00:00-04:00,NKE,77.65052502458127,77.75580797091422,76.76998338451303,77.36339569091797,7596300
2024-09-06 00:00:00-04:00,NKE,77.41124464147778,78.36835699645138,76.90397626169181,77.17196655273438,8512200
2024-09-09 00:00:00-04:00,NKE,77.28681989186396,78.08122487052205,75.63101236419031,76.08085632324219,8003300
2024-09-10 00:00:00-04:00,NKE,76.147862194791,76.147862194791,74.2240714781547,74.74090576171875,9748400
2024-09-11 00:00:00-04:00,NKE,74.65476649820043,75.21945930384169,73.44880284092454,75.03761291503906,8265500
2024-09-12 00:00:00-04:00,NKE,74.87490556109375,75.67887646448565,74.20492250607914,75.03761291503906,7176900
2024-09-13 00:00:00-04:00,NKE,74.94189584689781,76.0808545159183,74.76004217359576,75.62144470214844,5814200
2024-09-16 00:00:00-04:00,NKE,75.92772711746926,76.55941749329082,75.3151757763504,76.37757110595703,9547700
2024-09-17 00:00:00-04:00,NKE,76.57857084436259,77.50697110952264,76.43500251328416,77.18154907226562,7580600
2024-09-18 00:00:00-04:00,NKE,77.20068448838374,78.25350659702218,76.78912589202109,77.43038940429688,7637000
2024-09-19 00:00:00-04:00,NKE,79.05748305725285,79.55518559622638,77.0188362668798,77.50696563720703,15067100
2024-09-20 00:00:00-04:00,NKE,84.1014719424747,84.22589392971945,81.17270293806685,82.80936431884766,52039300
2024-09-23 00:00:00-04:00,NKE,81.73740432947957,82.81893876441558,81.4024164338966,82.50308990478516,17712400
2024-09-24 00:00:00-04:00,NKE,83.68989874843315,84.49386954560036,82.9433523504387,83.70903778076172,21123300
2024-09-25 00:00:00-04:00,NKE,84.0823151766017,84.32159325468092,83.4984760819134,84.22588348388672,12392800
2024-09-26 00:00:00-04:00,NKE,86.06354280325877,86.73352584548175,85.23085971238487,85.5562744140625,13592800
2024-09-27 00:00:00-04:00,NKE,85.613707102429,86.38897316483036,85.38400215536386,85.60414123535156,9181000
2024-09-30 00:00:00-04:00,NKE,85.85297581822935,85.90083435713073,83.9674706018326,84.60873413085938,12027100
2024-10-01 00:00:00-04:00,NKE,84.22589205840181,85.79555582622424,83.9483285833104,85.30742645263672,20623400
2024-10-02 00:00:00-04:00,NKE,79.33504852626598,81.57469540361178,78.26307997874619,79.53604125976562,33208800
2024-10-03 00:00:00-04:00,NKE,78.86606272549905,80.18687520042232,78.46407727254693,78.57892608642578,18143800
2024-10-04 00:00:00-04:00,NKE,79.0861961211603,79.9571719227428,78.57892771021146,78.72249603271484,10322600
2024-10-07 00:00:00-04:00,NKE,78.6172105762801,78.93305941527892,76.65512726973492,77.36339569091797,12767400
2024-10-08 00:00:00-04:00,NKE,77.28682257477199,77.9280860993379,76.50199073668844,77.30596160888672,10569600
2024-10-09 00:00:00-04:00,NKE,77.66009507705432,79.37332705060055,77.59309750500223,78.91390991210938,11750600
2024-10-10 00:00:00-04:00,NKE,79.82317511949252,79.87102635787934,78.51192851093377,78.57892608642578,8370200
2024-10-11 00:00:00-04:00,NKE,78.52148709157663,78.74161881207321,77.69837000148787,78.62677001953125,10171100
2024-10-14 00:00:00-04:00,NKE,78.48321874437555,78.52150411758662,77.33468675679659,78.10037231445312,8177700
2024-10-15 00:00:00-04:00,NKE,77.57396585235026,79.17234186781472,77.57396585235026,78.59807586669922,11804400
2024-10-16 00:00:00-04:00,NKE,78.61720647580509,80.48357260492958,78.53106987085516,80.34001159667969,11220600
2024-10-17 00:00:00-04:00,NKE,80.50272243283035,81.1248469369206,79.80402718622699,79.82317352294922,9204500
2024-10-18 00:00:00-04:00,NKE,80.18687147725207,80.34957882415112,79.08619081482786,79.36375427246094,7214800
2024-10-21 00:00:00-04:00,NKE,79.29675092985795,79.52645583242322,77.94722641232642,77.98551177978516,7550200
2024-10-22 00:00:00-04:00,NKE,77.86108775512913,78.88519767153156,77.74623894720327,77.92808532714844,7308800
2024-10-23 00:00:00-04:00,NKE,77.52609796085021,77.56438332993288,76.36799292930247,76.6168441772461,7253100
2024-10-24 00:00:00-04:00,NKE,77.04753714093269,77.3346737405936,75.64058094653095,75.65015411376953,7424500
2024-10-25 00:00:00-04:00,NKE,75.82244169414643,76.16700272504308,75.15245866643065,75.46830749511719,9385400
2024-10-28 00:00:00-04:00,NKE,75.91814618763983,76.2244218268876,75.4395900449285,75.5257339477539,6617200
2024-10-29 00:00:00-04:00,NKE,75.49702277349499,76.0617228813243,74.84618605552572,75.03761291503906,7241100
2024-10-30 00:00:00-04:00,NKE,74.65476893561909,74.76005188624181,73.14252955593648,73.1712417602539,15691300
2024-10-31 00:00:00-04:00,NKE,72.93196008887509,74.02306761271994,71.97484771341905,73.82207489013672,13990100
2024-11-01 00:00:00-04:00,NKE,73.74551049162736,74.77918629402707,73.6593665818178,74.71218872070312,9623700
2024-11-04 00:00:00-05:00,NKE,74.6451868073589,75.18117466497486,73.80293060565867,73.87950134277344,6593800
2024-11-05 00:00:00-05:00,NKE,73.93692492756331,74.65475915016101,73.69764685336408,74.6356201171875,5629200
2024-11-06 00:00:00-05:00,NKE,73.57322579070556,73.64978922573096,71.8982792506593,72.0896987915039,16193700
2024-11-07 00:00:00-05:00,NKE,72.45340505296778,73.0946759043807,71.98442202615134,72.66397094726562,11831100
2024-11-08 00:00:00-05:00,NKE,72.2619789692937,73.27651567507654,72.02270089323643,72.62567901611328,8140800
2024-11-11 00:00:00-05:00,NKE,72.88412161244804,74.08051229124007,72.83626306442069,73.3148193359375,9877200
2024-11-12 00:00:00-05:00,NKE,73.18081891239139,74.10921918085921,72.87454321268756,73.37224578857422,9013900
2024-11-13 00:00:00-05:00,NKE,73.61150834834962,73.97520838294092,73.19037661194811,73.23822784423828,6835300
2024-11-14 00:00:00-05:00,NKE,73.39138524594978,73.67852191077621,72.42469959670208,72.43427276611328,6991600
2024-11-15 00:00:00-05:00,NKE,72.74054805045392,74.31978509356598,72.36727476963327,73.37224578857422,13584900
2024-11-18 00:00:00-05:00,NKE,72.89367542906116,72.93195349469309,71.06558745217748,71.67813873291016,12595100
2024-11-19 00:00:00-05:00,NKE,71.30488147032702,71.52502055897033,70.44347875722757,70.74018859863281,12028400
2024-11-20 00:00:00-05:00,NKE,70.50090465343233,70.67317787964312,69.59164346936394,70.2137680053711,12290300
2024-11-21 00:00:00-05:00,NKE,70.21376916076063,72.31941360723107,70.06062766535777,71.87914276123047,12818600
2024-11-22 00:00:00-05:00,NKE,72.86496096155415,74.17620751676718,72.57783163635028,74.08049774169922,12248600
2024-11-25 00:00:00-05:00,NKE,75.13331798662921,76.43499134101843,75.04718138188566,75.86072540283203,18328900
2024-11-26 00:00:00-05:00,NKE,75.51616225987927,75.51616225987927,74.24320114280097,74.28148651123047,9495600
2024-11-27 00:00:00-05:00,NKE,74.28149089891434,75.65973503503751,74.26234456247496,74.98017883300781,8713500
2024-11-29 00:00:00-05:00,NKE,74.8461851275814,75.78415847209764,74.68347777565334,75.39173889160156,7123500
2024-12-02 00:00:00-05:00,NKE,74.958838238669,76.09399550350199,74.26619891240372,76.0843734741211,11221000
2024-12-03 00:00:00-05:00,NKE,75.99779244835067,76.38259286534773,74.6606166873654,75.86311340332031,9414500
2024-12-04 00:00:00-05:00,NKE,74.86264496158971,75.52642558348892,74.17000558907897,75.3917465209961,15042600
2024-12-05 00:00:00-05:00,NKE,75.28592635258194,75.9016041649962,75.13200322974915,75.59376525878906,8316500
2024-12-06 00:00:00-05:00,NKE,76.2094439722287,78.09495821247215,75.84388022090798,75.89198303222656,13931100
2024-12-09 00:00:00-05:00,NKE,76.42108203963815,76.43069673001304,74.5740413029547,74.68948364257812,12043400
2024-12-10 00:00:00-05:00,NKE,74.5548048335407,75.1127651344101,73.70824969182937,73.82368469238281,12193100
2024-12-11 00:00:00-05:00,NKE,73.87178789203163,75.97856473674817,73.41002586900643,75.85350036621094,12033200
2024-12-12 00:00:00-05:00,NKE,75.71881248417162,76.35373427443227,74.90111618354362,74.997314453125,6983200
2024-12-13 00:00:00-05:00,NKE,74.41050645028405,74.8722684876707,73.85254612911724,74.3143081665039,8037300
2024-12-16 00:00:00-05:00,NKE,73.8429309204289,76.01704000855341,73.7467326373235,74.26620483398438,13034000
2024-12-17 00:00:00-05:00,NKE,74.4201193709607,75.77653188698102,74.31429906991812,75.03579711914062,12452400
2024-12-18 00:00:00-05:00,NKE,75.01656676758309,75.99780096844695,73.91988288738233,73.97760772705078,14376900
2024-12-19 00:00:00-05:00,NKE,74.01608240126237,74.97807980251835,73.52546167157365,74.16999816894531,27067600
2024-12-20 00:00:00-05:00,NKE,73.07332207646351,75.03579766536966,72.01512639779216,74.01608276367188,49883400
2024-12-23 00:00:00-05:00,NKE,73.42926682994613,75.43022327951289,72.8616845201697,73.84292602539062,14203800
2024-12-24 00:00:00-05:00,NKE,73.83331487004645,74.17963458884118,73.45813639792867,73.87179565429688,4919100
2024-12-26 00:00:00-05:00,NKE,73.68899982912531,74.51631818541293,73.63128233339381,74.01608276367188,6363500
2024-12-27 00:00:00-05:00,NKE,73.61202925456904,74.00645166562138,72.91939737229474,73.51583099365234,6334400
2024-12-30 00:00:00-05:00,NKE,72.72699725713609,72.89053504306389,71.71690445629615,71.81310272216797,9042900
2024-12-31 00:00:00-05:00,NKE,72.05361481859644,73.48698905049798,71.93817247542896,72.79434967041016,9425600
2025-01-02 00:00:00-05:00,NKE,73.35230110084078,73.77558230172124,70.45668689741846,70.87034606933594,10883400
2025-01-03 00:00:00-05:00,NKE,71.11085164008907,71.37059506861672,70.23543775374728,70.52403259277344,10083500
2025-01-06 00:00:00-05:00,NKE,70.94730456670126,71.49564276265544,69.23495045791303,69.26380920410156,14947300
2025-01-07 00:00:00-05:00,NKE,69.64862707615855,70.64910545181903,69.24458984929349,69.35040283203125,10463500
2025-01-08 00:00:00-05:00,NKE,68.84053135582072,69.0906527339985,68.31143719133648,68.58079528808594,11855000
2025-01-10 00:00:00-05:00,NKE,69.11951674225232,69.638996256717,68.38839661010299,68.49421691894531,15677400
2025-01-13 00:00:00-05:00,NKE,68.46535337688701,69.84100995608918,68.0901749770553,69.34077453613281,14584300
2025-01-14 00:00:00-05:00,NKE,69.33116179498695,69.46584086222735,67.84968471588378,68.46536254882812,16732900
2025-01-15 00:00:00-05:00,NKE,69.2541994708949,69.50432088136415,68.14790085402645,68.3691635131836,13468100
2025-01-16 00:00:00-05:00,NKE,68.20561236126338,68.52307324254711,67.64765214678722,68.40763092041016,13694600
2025-01-17 00:00:00-05:00,NKE,68.71547043188531,68.80204666972487,68.14788818359375,68.14788818359375,9711300
2025-01-21 00:00:00-05:00,NKE,68.59041294197857,70.48554152735633,68.43648984539267,70.38934326171875,14199900
2025-01-22 00:00:00-05:00,NKE,70.5913660396257,71.86120230451041,70.23543170155183,71.22628784179688,13029300
2025-01-23 00:00:00-05:00,NKE,70.55288729250786,71.668807823164,69.61975595982065,71.46678924560547,10677400
2025-01-24 00:00:00-05:00,NKE,71.25514572423965,71.42830554641533,70.46630816531884,70.7741470336914,8106700
2025-01-27 00:00:00-05:00,NKE,70.64908986781346,72.96749973486364,70.62984581013576,72.707763671875,11665400
2025-01-28 00:00:00-05:00,NKE,72.46726821471728,72.72700429163983,71.34173298228967,71.56298828125,8694400
2025-01-29 00:00:00-05:00,NKE,71.62070994334763,74.17962678070657,71.49565291229158,73.66976928710938,11764800
2025-01-30 00:00:00-05:00,NKE,73.92949687970616,75.77653008020627,73.92949687970616,75.35325622558594,10902100
2025-01-31 00:00:00-05:00,NKE,75.14162379785782,75.86312190831777,73.8429286669216,73.97760772705078,13098000
2025-02-03 00:00:00-05:00,NKE,72.05360413809005,73.7755803029325,70.43744827060075,73.67937469482422,18539200
2025-02-04 00:00:00-05:00,NKE,74.60291069270569,75.1897297676989,73.15029238088162,73.80445098876953,11943700
2025-02-05 00:00:00-05:00,NKE,73.4004037322194,73.87178039788233,71.57260722483602,71.73614501953125,9807400
2025-02-06 00:00:00-05:00,NKE,72.38068582624201,72.53460894063599,68.90787445690226,69.0136947631836,16059400
2025-02-07 00:00:00-05:00,NKE,67.87854481826062,68.1190442058984,66.01227456102346,66.06999206542969,27428700
2025-02-10 00:00:00-05:00,NKE,66.72414472269703,68.25371716826213,66.49326738627286,68.24410247802734,16201300
2025-02-11 00:00:00-05:00,NKE,67.88815622259229,69.25419076908562,67.83043872722031,68.62889099121094,9636600
2025-02-12 00:00:00-05:00,NKE,67.91701958832863,69.69671343140027,67.65728350203614,69.5139389038086,10810900
2025-02-13 00:00:00-05:00,NKE,69.69671342841886,70.80301198145656,68.90787580041477,70.4278335571289,9739600
2025-02-14 00:00:00-05:00,NKE,70.38933923078409,70.70680009471981,69.59087972674824,70.2642822265625,9254400
2025-02-18 00:00:00-05:00,NKE,71.66881897085078,74.72797153727888,71.66881897085078,74.64138793945312,28252400
2025-02-19 00:00:00-05:00,NKE,73.90064050601563,74.72795886312346,73.19837916960263,73.8621597290039,14184100
2025-02-20 00:00:00-05:00,NKE,73.9872203430519,74.33353263970756,73.43887480299178,74.29505920410156,10689600
2025-02-21 00:00:00-05:00,NKE,74.45859539740661,75.02617030364561,72.97711861678216,73.5927963256836,12823400
2025-02-24 00:00:00-05:00,NKE,75.88235105835578,78.00836439767968,75.75729404055706,77.2291488647461,24553500
2025-02-25 00:00:00-05:00,NKE,77.2580133525028,78.84531062299514,77.00789929832102,78.61443328857422,15522500
2025-02-26 00:00:00-05:00,NKE,78.97999274027264,79.30707570454712,77.76787384353992,78.08533477783203,16058100
2025-02-27 00:00:00-05:00,NKE,78.39316411139836,78.39316411139836,76.44031061252608,76.9790267944336,11651900
2025-02-28 00:00:00-05:00,NKE,76.23829342268968,76.97902818620491,75.2089565053875,76.41145324707031,14113800
2025-03-03 00:00:00-05:00,NKE,77.33965530167843,78.2775170600842,75.30923696863658,75.81201171875,8628800
2025-03-04 00:00:00-05:00,NKE,75.12552429114103,76.04405189444948,74.23600887925568,74.75811767578125,10034100
2025-03-05 00:00:00-05:00,NKE,74.76778081542545,75.71530576074711,73.9266043881007,75.23187255859375,9853600
2025-03-06 00:00:00-05:00,NKE,74.19733874444806,75.73466043130949,74.19733874444806,75.13520050048828,9623700
2025-03-07 00:00:00-05:00,NKE,74.9128156082191,76.38244936291301,74.41971165447733,75.98603057861328,9294300
2025-03-10 00:00:00-04:00,NKE,74.94182129753507,77.53302370254626,73.53986050611529,73.86859893798828,15822600
2025-03-11 00:00:00-04:00,NKE,73.3948392819701,73.5592048159715,71.18071412003722,71.71248626708984,12837000
2025-03-12 00:00:00-04:00,NKE,71.89619110226425,72.03155181756478,70.80363464973698,71.14203643798828,12304900
2025-03-13 00:00:00-04:00,NKE,70.75528594468133,71.4901065000695,69.29531556369584,70.2331771850586,10195900
2025-03-14 00:00:00-04:00,NKE,70.85197106177996,71.10335839992231,68.95691373744215,69.28565216064453,12183000
2025-03-17 00:00:00-04:00,NKE,69.74974729201571,71.49977326067679,69.64339138906445,71.258056640625,15996900
2025-03-18 00:00:00-04:00,NKE,71.4417657911635,71.7028238796072,70.31053374552363,70.8809814453125,8972300
2025-03-19 00:00:00-04:00,NKE,70.23318479559285,70.99701024651688,69.89478298229898,70.57158660888672,10830500
2025-03-20 00:00:00-04:00,NKE,70.50389517482051,71.20971088308849,69.15028075760031,69.47901916503906,25202300
2025-03-21 00:00:00-04:00,NKE,64.38362830243913,66.45272912922914,63.01067982177527,65.68890380859375,77287000
2025-03-24 00:00:00-04:00,NKE,66.28836708196621,66.60743480795291,64.48033138792071,65.15713500976562,26552500
2025-03-25 00:00:00-04:00,NKE,65.3214894509585,65.79525928235715,64.04522614046996,64.33528900146484,17394100
2025-03-26 00:00:00-04:00,NKE,64.18059588286005,64.38363696351655,62.79797648701294,63.56180191040039,18688300
2025-03-27 00:00:00-04:00,NKE,63.329756735955016,64.8767416847182,63.12671565298667,63.61981964111328,16435800
2025-03-28 00:00:00-04:00,NKE,63.67782436232815,63.67782436232815,61.04794646387535,61.19297790527344,19600300
2025-03-31 00:00:00-04:00,NKE,60.75788833880252,61.86978624028472,60.57418503966059,61.37668228149414,17400000
2025-04-01 00:00:00-04:00,NKE,61.71509074189338,63.00102496304031,61.2026489865514,62.61427688598633,13489500
2025-04-02 00:00:00-04:00,NKE,62.16951964329046,63.23307133067395,62.03415892180198,62.807647705078125,11161400
2025-04-03 00:00:00-04:00,NKE,54.50226319387175,56.73572612115413,53.56440520342923,53.738441467285156,71499500
2025-04-04 00:00:00-04:00,NKE,51.45663306843408,57.257831702952366,50.760488052035,55.35310363769531,67775700
2025-04-07 00:00:00-04:00,NKE,53.56439973821726,55.2854207404145,51.63066694894303,53.76744079589844,45374400
2025-04-08 00:00:00-04:00,NKE,56.822743855834474,56.822743855834474,50.634796866735456,51.50497817993164,30404300
2025-04-09 00:00:00-04:00,NKE,51.51464450754676,57.576897736601985,50.741152066711784,57.35451889038086,44732500
2025-04-10 00:00:00-04:00,NKE,55.33376821523471,55.35310598743366,50.54777840093139,52.597537994384766,53919800
2025-04-11 00:00:00-04:00,NKE,52.597538467154266,53.20666169953303,51.10856318917805,52.587867736816406,22617100
2025-04-14 00:00:00-04:00,NKE,53.796452648780814,54.81166175836777,52.85859094297131,53.574073791503906,28346600
2025-04-15 00:00:00-04:00,NKE,52.86825895922033,53.554733268825565,52.37515499328206,53.01329040527344,15977100
2025-04-16 00:00:00-04:00,NKE,52.90693142458056,53.32268427821676,51.572654738764314,51.77569580078125,19094900
2025-04-17 00:00:00-04:00,NKE,52.03675218108553,54.16385911435237,51.87238665453767,53.912471771240234,18935100
2025-04-21 00:00:00-04:00,NKE,53.40004078631528,54.49260105475757,51.7273620450258,54.26055145263672,17280900
2025-04-22 00:00:00-04:00,NKE,54.772984176745744,56.16527049397092,54.37656909201688,55.16939926147461,16852200
2025-04-23 00:00:00-04:00,NKE,57.0451238344202,57.238497873214435,54.82133160904409,55.488468170166016,21660300
2025-04-24 00:00:00-04:00,NKE,55.894552004000886,56.755062572873086,55.23708250880131,56.54235076904297,14508500
2025-04-25 00:00:00-04:00,NKE,56.28129732211802,56.31997286679007,54.73431241826557,55.710845947265625,17156000
2025-04-28 00:00:00-04:00,NKE,55.81720353480619,56.15560902844091,54.918017379721434,55.4111213684082,13321200
2025-04-29 00:00:00-04:00,NKE,55.111390351719855,55.82687318264813,54.86000668524954,55.63349914550781,12968000
2025-04-30 00:00:00-04:00,NKE,54.009164085208134,54.71497619813286,52.935941664081824,54.531272888183594,17205900
2025-05-01 00:00:00-04:00,NKE,54.8019899137914,55.31442794485995,54.395904092559476,54.879337310791016,10527000
2025-05-02 00:00:00-04:00,NKE,55.9525595159093,56.755060426701846,55.411116673256736,56.648704528808594,14723900
2025-05-05 00:00:00-04:00,NKE,56.194278584126586,56.40699038922362,55.391781326510944,55.449790954589844,15971000
2025-05-06 00:00:00-04:00,NKE,55.2564184594445,55.80753203456314,54.90834595130583,55.150062561035156,11440300
2025-05-07 00:00:00-04:00,NKE,55.952561633700476,56.861418476786284,55.65283538825973,56.677711486816406,11883500
2025-05-08 00:00:00-04:00,NKE,57.7122617059164,58.38906901291181,56.85175108646209,56.958106994628906,19009000
2025-05-09 00:00:00-04:00,NKE,57.18048466423429,57.41253424889092,56.290969247707096,56.368316650390625,13954400
2025-05-12 00:00:00-04:00,NKE,60.31313383417065,61.36701847598902,59.76202021937878,60.506507873535156,29776600
2025-05-13 00:00:00-04:00,NKE,60.53551531868764,60.69988086189187,59.91672131647822,60.32280349731445,17003100
2025-05-14 00:00:00-04:00,NKE,59.99406264971772,60.786892845832384,59.481624610066305,59.68466567993164,13736300
2025-05-15 00:00:00-04:00,NKE,58.630786573855666,60.603195206649474,58.41807475415148,60.33247375488281,14371100
2025-05-16 00:00:00-04:00,NKE,60.42915086931093,61.63773388669715,60.42915086931093,61.01893997192383,12950600
2025-05-19 00:00:00-04:00,NKE,60.090755464838175,60.36147690915183,59.71367442529738,60.023075103759766,15105300
2025-05-20 00:00:00-04:00,NKE,60.42915404272839,61.09629057557108,60.21644224024107,60.48716735839844,10771800
2025-05-21 00:00:00-04:00,NKE,59.14321882310345,59.71367017465973,57.895963908940395,57.99264907836914,17354700
2025-05-22 00:00:00-04:00,NKE,58.572770867355906,59.57830916462297,58.16668504351691,59.28824996948242,16764500
2025-05-23 00:00:00-04:00,NKE,57.87662780541918,58.37939881520482,57.5188882422593,58.03132629394531,14282400
2025-05-27 00:00:00-04:00,NKE,59.104548607092276,60.75788939296401,58.82415644435064,60.74822235107422,16642100
2025-05-28 00:00:00-04:00,NKE,60.66120007874667,61.01893961708792,59.52029742190441,59.73300552368164,10015600
2025-05-29 00:00:00-04:00,NKE,60.419486720667265,60.8159018218166,59.10454774466864,59.404273986816406,12218000
2025-05-30 00:00:00-04:00,NKE,58.9788545268129,59.09487747020641,58.108673230604346,58.58243942260742,18155100
2025-06-02 00:00:00-04:00,NKE,58.44617500946916,59.954776638524216,58.00819293321091,59.92557907104492,14065300
2025-06-03 00:00:00-04:00,NKE,59.60439506159408,60.78207731956885,58.84522488707983,60.7042121887207,10286100
2025-06-04 00:00:00-04:00,NKE,60.71394931807891,61.35632181887389,60.60688661581076,61.09353256225586,10242300
2025-06-05 00:00:00-04:00,NKE,61.25898981562648,61.959761159901255,60.56795346936323,60.99620056152344,12336300
2025-06-06 00:00:00-04:00,NKE,60.99620126920625,61.40498579571392,60.46089146959182,61.12273025512695,13299600
2025-06-09 00:00:00-04:00,NKE,61.60937536557721,61.794303199290674,60.22730267579171,60.256500244140625,11640000
2025-06-10 00:00:00-04:00,NKE,60.71395116733281,62.44641331415898,60.587422177815306,62.164154052734375,15287000
2025-06-11 00:00:00-04:00,NKE,62.679997311988195,63.11797567903666,60.90860642260196,61.4244499206543,10238700
2025-06-12 00:00:00-04:00,NKE,61.06433511763581,61.249259241047646,60.11050579338923,61.12273025512695,9830500
2025-06-13 00:00:00-04:00,NKE,60.10077407223385,61.10326352857713,58.50457597027656,58.91335678100586,16509700
2025-06-16 00:00:00-04:00,NKE,59.740656727486254,60.51928949014209,59.60439645812321,60.246768951416016,13681600
2025-06-17 00:00:00-04:00,NKE,59.66279307813626,59.66279307813626,58.08606123045611,58.39751434326172,13649700
2025-06-18 00:00:00-04:00,NKE,58.397511722454134,58.835493802935304,57.7843368097805,57.920597076416016,14194300
2025-06-20 00:00:00-04:00,NKE,58.15419029718144,58.436445835724264,57.609145503389826,58.19312286376953,19084000
2025-06-23 00:00:00-04:00,NKE,57.98873000046727,59.66278945184497,57.85246602318468,59.15667724609375,15921300
2025-06-24 00:00:00-04:00,NKE,59.69199789428975,60.3246354427775,58.86469749775535,59.77959060668945,12564000
2025-06-25 00:00:00-04:00,NKE,59.808788916186394,59.886650338719036,58.74790058037929,59.20534896850586,12186200
2025-06-26 00:00:00-04:00,NKE,59.915852846687855,61.05460262832507,59.195615181252144,60.86967849731445,39659800
2025-06-27 00:00:00-04:00,NKE,67.92604469527953,72.20853067300436,67.82871698739154,70.11595153808594,117530300
2025-06-30 00:00:00-04:00,NKE,69.541700219027,69.79475818104684,68.18882513171827,69.14265441894531,31090400
2025-07-01 00:00:00-04:00,NKE,70.06728353287386,71.96520724013982,69.91156068635316,71.4493637084961,27512900
2025-07-02 00:00:00-04:00,NKE,71.21576840418466,74.78774798849355,71.0503105590062,74.34976959228516,36882300
2025-07-03 00:00:00-04:00,NKE,74.23297188800315,74.97267583053305,73.56140550885883,74.34976959228516,12022600
2025-07-07 00:00:00-04:00,NKE,74.0091120292139,75.43011721732958,73.82418420435128,74.48602294921875,17296900
2025-07-08 00:00:00-04:00,NKE,74.09670622449374,74.26217148326836,71.68294658320843,71.94573211669922,19572400
2025-07-09 00:00:00-04:00,NKE,72.15012827730767,72.9190297949974,71.45909189636257,71.59535217285156,12076700
2025-07-10 00:00:00-04:00,NKE,71.16710681916078,73.48353888153817,71.00164155171186,72.62704467773438,13033000
2025-07-11 00:00:00-04:00,NKE,71.72188771489508,71.86787557003358,70.46634018130487,70.69019317626953,12771400
2025-07-14 00:00:00-04:00,NKE,70.40792808941788,70.64152347729751,69.13291815615817,70.3203353881836,11385400
2025-07-15 00:00:00-04:00,NKE,70.33007660858082,70.93351284992686,69.6682378022837,70.0672836303711,9708300
2025-07-16 00:00:00-04:00,NKE,69.9796915073694,70.76805559734387,69.24972255720691,70.17434692382812,9008600
2025-07-17 00:00:00-04:00,NKE,70.19380648029134,71.25469096576437,70.11594135503817,71.03083801269531,9180400
2025-07-18 00:00:00-04:00,NKE,71.32283371673154,71.32283371673154,70.19381890325472,70.53446960449219,8801000
2025-07-21 00:00:00-04:00,NKE,70.98218325531526,72.8119694750218,70.96272068330524,72.0430679321289,12743900
2025-07-22 00:00:00-04:00,NKE,72.09173501530238,73.52247538133085,72.0625374446697,73.37648010253906,11297500
2025-07-23 00:00:00-04:00,NKE,74.11617591087813,75.147862896349,73.79498781801841,74.70014953613281,16428100
2025-07-24 00:00:00-04:00,NKE,74.46656989247731,75.46905942255349,73.39595022226862,73.40567779541016,10037800
2025-07-25 00:00:00-04:00,NKE,73.88258533972039,74.52495407715297,73.51272969712451,74.23296356201172,7208400
2025-07-28 00:00:00-04:00,NKE,76.89005400945202,77.85361083495178,75.48851140826886,77.12364196777344,22631100
2025-07-29 00:00:00-04:00,NKE,76.65647665419247,77.25018534233567,75.68318469666305,76.23796081542969,12885500
2025-07-30 00:00:00-04:00,NKE,75.70264632720728,76.2087622971811,73.93125528355536,74.63202667236328,14601700
2025-07-31 00:00:00-04:00,NKE,74.31083588098971,74.35950344676554,72.32531949250932,72.69517517089844,16700000
2025-08-01 00:00:00-04:00,NKE,71.4785599319647,72.7049023867144,70.59286073346196,72.62704467773438,11911600
2025-08-04 00:00:00-04:00,NKE,73.0260914616274,73.24995187017306,72.17933224488016,72.82170104980469,8839000
2025-08-05 00:00:00-04:00,NKE,72.90929881357218,73.6879278677325,72.25718760585781,72.39344787597656,6533800
2025-08-06 00:00:00-04:00,NKE,72.48105384638546,73.95072679321295,72.26692842591184,73.46408081054688,7579800
2025-08-07 00:00:00-04:00,NKE,74.2816285536002,74.3108261189789,72.02359191491445,72.36424255371094,8717600
2025-08-08 00:00:00-04:00,NKE,72.21825418363007,72.95795808810163,71.42989014076565,72.20852661132812,6739000
2025-08-11 00:00:00-04:00,NKE,72.33505849167804,72.79250690301177,71.0989809642606,72.0430679321289,6985700
2025-08-12 00:00:00-04:00,NKE,72.72437380690691,73.6976657316768,72.35451812309238,72.89956665039062,6397700
2025-08-13 00:00:00-04:00,NKE,73.4640743914201,75.61504855578141,73.18181885506124,75.13813018798828,13472600
2025-08-14 00:00:00-04:00,NKE,73.88259362641328,74.55416000555762,73.33754509872531,74.34976959228516,7990500
2025-08-15 00:00:00-04:00,NKE,74.69041572656404,75.43011962398792,74.12591208769379,74.91427612304688,9767700
2025-08-18 00:00:00-04:00,NKE,75.0505387723069,76.16982593899122,74.79748079990911,75.36199188232422,9069100
2025-08-19 00:00:00-04:00,NKE,76.11142037135045,76.68566642924387,74.63202001357244,74.82667541503906,7684800
2025-08-20 00:00:00-04:00,NKE,74.6417672073746,75.48852651030039,74.12592362613734,74.22325134277344,6282600
2025-08-21 00:00:00-04:00,NKE,73.67819472801116,74.19404567861766,73.12341863549851,74.14537811279297,6354900
2025-08-22 00:00:00-04:00,NKE,74.49575255242509,77.0263096552212,74.21349704962017,76.28660583496094,10985900
2025-08-25 00:00:00-04:00,NKE,76.37422529590856,78.02881874445754,76.29636015287294,77.05552673339844,12488900
2025-08-26 00:00:00-04:00,NKE,76.89005096901069,77.35723429280715,76.28660738944589,76.54940032958984,6874800
2025-08-27 00:00:00-04:00,NKE,76.85113055031921,77.38644408658831,75.57612048745962,75.97516632080078,12636700
2025-08-28 00:00:00-04:00,NKE,76.48127387797233,76.55913900661902,75.64424230908875,75.83889770507812,7478600
2025-08-29 00:00:00-04:00,NKE,75.67344474300025,77.01658488321911,75.06027352313187,75.30359649658203,14208800
2025-09-02 00:00:00-04:00,NKE,74.00238865931139,74.40351571642387,72.39789535929683,72.6816177368164,15078700
2025-09-03 00:00:00-04:00,NKE,72.78923655363829,73.55234830758148,72.30984717614893,73.12187194824219,8300100
2025-09-04 00:00:00-04:00,NKE,73.13165760876444,74.12957125776539,72.89685571444967,73.71866607666016,11096200
2025-09-05 00:00:00-04:00,NKE,73.18058350918903,73.77737761059569,72.03590832819474,72.30985260009766,13758400
2025-09-08 00:00:00-04:00,NKE,72.65226630388214,72.9653379760709,72.1141708684558,72.54464721679688,13793300
2025-09-09 00:00:00-04:00,NKE,72.38811719684874,72.93599829360964,71.4684732371122,72.00656127929688,8740200
2025-09-10 00:00:00-04:00,NKE,73.62083655977088,73.82628916144083,71.74240637517312,72.64248657226562,11359300
2025-09-11 00:00:00-04:00,NKE,72.79902632135538,73.89477353279437,72.40768483260514,72.72075653076172,9803400
2025-09-12 00:00:00-04:00,NKE,72.63269215231372,72.67182704276239,70.37270634447715,71.41954040527344,11806000
2025-09-15 00:00:00-04:00,NKE,71.59565230623927,71.6250016115576,71.00864380721896,71.44889831542969,10323800
2025-09-16 00:00:00-04:00,NKE,71.22387775748686,71.79131504302825,70.5292427399647,71.17495727539062,8813600
2025-09-17 00:00:00-04:00,NKE,71.48803201499382,71.73261950751319,70.05964195438683,70.7444839477539,11108700
2025-09-18 00:00:00-04:00,NKE,71.85002483547758,72.00655695070063,70.07920629808632,70.53903198242188,14918400
2025-09-19 00:00:00-04:00,NKE,70.45097919706168,70.68578108577402,69.20847062984824,69.355224609375,33415600
2025-09-22 00:00:00-04:00,NKE,69.25739648495703,70.92058847739845,68.90518989245116,69.73678588867188,12336300
2025-09-23 00:00:00-04:00,NKE,70.0205067845706,70.85210276302321,69.1986963957613,69.39436340332031,10432400
2025-09-24 00:00:00-04:00,NKE,69.13999743407865,69.98137908872177,68.92475922509293,69.67809295654297,10024500
2025-09-25 00:00:00-04:00,NKE,69.61938920057813,69.61938920057813,67.55507011477485,67.74095153808594,13075300
2025-09-26 00:00:00-04:00,NKE,67.87790954457068,67.93661561092576,66.55713874694449,67.8094253540039,15627600
2025-09-29 00:00:00-04:00,NKE,68.25947358063465,68.44536246200835,67.25177431381108,68.04424285888672,18479300
2025-09-30 00:00:00-04:00,NKE,68.55297993995462,68.68994833430277,67.3300425159764,68.22034454345703,40567700
2025-10-01 00:00:00-04:00,NKE,72.74031324231474,73.0729560881994,70.05963661845117,72.59355926513672,57921900
2025-10-02 00:00:00-04:00,NKE,73.37624189958726,75.30359238109119,72.28048733343519,72.95555114746094,26254400
2025-10-03 00:00:00-04:00,NKE,73.16100700586584,73.16100700586584,70.36292559230155,70.37271118164062,18794900
2025-10-06 00:00:00-04:00,NKE,70.46076163197728,70.82275380839046,69.47263353543669,69.62916564941406,14039600
2025-10-07 00:00:00-04:00,NKE,69.68787002882179,70.03029101752531,67.40831286025329,67.41809844970703,17368000
2025-10-08 00:00:00-04:00,NKE,67.41809668463229,67.92683535964142,67.1832873291965,67.59419250488281,13051800
2025-10-09 00:00:00-04:00,NKE,68.04424902526252,68.15186812799817,66.42018435795603,66.58650207519531,13410900
2025-10-10 00:00:00-04:00,NKE,66.70390227289971,67.00718837968644,63.4753443368562,63.807987213134766,18806100
2025-10-13 00:00:00-04:00,NKE,64.27758317025649,66.05817962669263,64.13083666182209,65.92121124267578,13191200
2025-10-14 00:00:00-04:00,NKE,65.03093035392492,66.5278047669053,64.62980324235832,66.17559814453125,9483700
2025-10-15 00:00:00-04:00,NKE,67.09524128987819,68.02467075568632,66.65497933432349,66.97783660888672,13001500
2025-10-16 00:00:00-04:00,NKE,67.11481199789897,67.5452884088385,65.1385481793665,65.39291381835938,15349700
2025-10-17 00:00:00-04:00,NKE,65.18745366016505,66.30277199197711,64.88416756803547,65.91143798828125,10054000
2025-10-20 00:00:00-04:00,NKE,66.09732267272402,66.70390235122778,66.00927475679919,66.1560287475586,9670000
2025-10-21 00:00:00-04:00,NKE,66.28321080097258,67.78987065805877,65.95057539232369,66.8800048828125,9659200
2025-10-22 00:00:00-04:00,NKE,66.7430301256714,67.85834839370247,66.48865706644162,67.58441162109375,8096100
2025-10-23 00:00:00-04:00,NKE,67.59420207819018,68.37688511205842,67.25178104995479,68.17143249511719,9124900
2025-10-24 00:00:00-04:00,NKE,68.20077034654392,68.56276249514018,67.4180949083651,67.61376190185547,7102900
2025-10-27 00:00:00-04:00,NKE,68.52363829400134,68.91497980625279,66.78217640191187,67.10502624511719,9838100
2025-10-28 00:00:00-04:00,NKE,66.63541682569567,67.12459180902086,65.59836824959598,65.97013854980469,11262400
2025-10-29 00:00:00-04:00,NKE,65.55923375739779,65.73533705104389,63.543827738066284,63.9351692199707,15143100
2025-10-30 00:00:00-04:00,NKE,63.76885180786629,64.57109849054372,63.172057724679895,63.49491500854492,13895200
2025-10-31 00:00:00-04:00,NKE,63.59275077546026,63.83733827844279,62.85898826651264,63.19162368774414,17822500
2025-11-03 00:00:00-05:00,NKE,63.31880894340134,63.445991747744465,60.990335054731624,61.29362487792969,22633300
2025-11-04 00:00:00-05:00,NKE,61.06860449712519,61.23492593588423,59.79675025836438,59.90436935424805,13725400
2025-11-05 00:00:00-05:00,NKE,59.95328375937023,61.48929288275359,59.54237857166156,60.765316009521484,20979800
2025-11-06 00:00:00-05:00,NKE,60.54029748808268,61.12730598014302,60.33484115696348,60.550079345703125,15164600
2025-11-07 00:00:00-05:00,NKE,60.403327797119765,60.83380043328516,58.98471961751467,59.767398834228516,15504800
2025-11-10 00:00:00-05:00,NKE,60.41310624590806,60.74574536075692,59.18038701564974,59.483673095703125,13063100
2025-11-11 00:00:00-05:00,NKE,60.39353994390034,62.22305324416469,59.91415057442945,61.782798767089844,17646400
2025-11-12 00:00:00-05:00,NKE,62.71222890846503,63.7786342116589,62.360026069263704,62.810062408447266,14812200
2025-11-13 00:00:00-05:00,NKE,64.2873769103466,64.82547239022541,63.47534462769969,64.60044860839844,21923600
2025-11-14 00:00:00-05:00,NKE,63.534049601151494,63.65144682074916,62.369810745355124,62.78071594238281,17760100
2025-11-17 00:00:00-05:00,NKE,61.70452951847503,62.16435517785227,60.91206473505847,61.538211822509766,17064700
2025-11-18 00:00:00-05:00,NKE,61.049037132639164,61.40123997251275,60.3446239886744,61.137088775634766,14614600
2025-11-19 00:00:00-05:00,NKE,61.078391387864556,61.85128879102779,60.66748244320331,61.283843994140625,11732100
2025-11-20 00:00:00-05:00,NKE,61.587128965580995,62.4480779507281,60.08046917460077,60.10003662109375,13886600
2025-11-21 00:00:00-05:00,NKE,60.66747892341676,62.12522199503446,60.207656983492285,61.44037628173828,12476900
2025-11-24 00:00:00-05:00,NKE,61.15665152003011,61.70452881576984,60.589210510253906,60.589210510253906,16681700
2025-11-25 00:00:00-05:00,NKE,60.990333900549075,62.73179928851538,60.53050824584607,62.30132293701172,11527200
2025-11-26 00:00:00-05:00,NKE,62.125223586439155,63.465565743060324,61.60669929251225,62.937255859375,13791000
2025-11-28 00:00:00-05:00,NKE,63.074222741017486,63.37750883826724,62.58504776392161,63.23075485229492,4941400
2025-12-01 00:00:00-05:00,NKE,62.78768418914595,64.9734846443512,62.60061231076207,64.38272857666016,12047300
2025-12-02 00:00:00-05:00,NKE,64.4418076486732,64.46150377607103,63.58521390365872,63.9298210144043,9051200
2025-12-03 00:00:00-05:00,NKE,64.07750589268086,65.63316928836846,63.97904780057159,64.63872528076172,12028300
2025-12-04 00:00:00-05:00,NKE,64.58949829553791,65.0817963122903,64.00859024146847,64.67811584472656,10619500
2025-12-05 00:00:00-05:00,NKE,64.68795815600353,65.06210946650994,63.880589687044356,64.84549713134766,10917900
2025-12-08 00:00:00-05:00,NKE,64.58949502843662,64.78641873229962,62.2953883394989,62.56122970581055,12867300
2025-12-09 00:00:00-05:00,NKE,62.531689306321155,62.964913943184506,62.00001032934389,62.35446548461914,9300200
2025-12-10 00:00:00-05:00,NKE,62.994453029405996,65.13102834998018,62.777840702692146,64.77657318115234,20302100
2025-12-11 00:00:00-05:00,NKE,64.81595868539333,66.77530268865083,64.55011354971157,66.696533203125,16153500
2025-12-12 00:00:00-05:00,NKE,67.11990878838311,68.07496812837108,66.08608747592564,66.43069458007812,14829200
2025-12-15 00:00:00-05:00,NKE,66.37162801053161,67.29714325463979,65.66271760270592,66.73592376708984,15287500
2025-12-16 00:00:00-05:00,NKE,66.25346961482708,67.14944812103592,65.71193877841881,66.08609008789062,16376700
2025-12-17 00:00:00-05:00,NKE,65.53470958627788,65.80055472197226,64.60919442285609,64.67811584472656,13205500
2025-12-18 00:00:00-05:00,NKE,64.99318510708291,65.96793305941291,64.39258093648779,64.61903381347656,35650000
2025-12-19 00:00:00-05:00,NKE,58.28808726496187,59.449910911488324,57.32318358081777,57.805633544921875,108652700
2025-12-22 00:00:00-05:00,NKE,58.08132028849413,58.16993407964069,56.25981541624509,56.338584899902344,38695900
2025-12-23 00:00:00-05:00,NKE,56.29920230093564,56.71273083806883,56.11213040403289,56.45673751831055,23276700
2025-12-24 00:00:00-05:00,NKE,57.97301342145365,59.64682736945881,57.97301342145365,59.07575988769531,36073300
2025-12-26 00:00:00-05:00,NKE,59.0757614024262,59.99143600463867,58.9379185601036,59.99143600463867,22303600
2025-12-29 00:00:00-05:00,NKE,59.60744661599452,60.798806952010096,59.57790618003809,60.26712417602539,18062100
2025-12-30 00:00:00-05:00,NKE,60.35573505680147,60.35573505680147,59.70590183618617,60.24742889404297,13507800
