Date,Symbol,Company,Open,High,Low,Close,Volume
2023-08-21 00:00:00-04:00,AAPL,Apple Inc.,172.73374028357344,173.77959243029935,171.4214870063081,173.4934539794922,46311900
2023-08-22 00:00:00-04:00,AAPL,Apple Inc.,174.69719959083847,175.30892111024494,173.89801113995804,174.86492919921875,42038900
2023-08-23 00:00:00-04:00,AAPL,Apple Inc.,176.13773826499084,179.1273031269572,175.95027131734813,178.70303344726562,52722800
2023-08-24 00:00:00-04:00,AAPL,Apple Inc.,178.25903609639087,178.68330576322634,173.66121814414575,174.0262908935547,54945800
2023-08-25 00:00:00-04:00,AAPL,Apple Inc.,175.0129348306344,176.7593040006282,173.4737548580186,176.2265167236328,51449600
2023-08-28 00:00:00-04:00,AAPL,Apple Inc.,177.6867593505913,178.1800870283186,176.1673167274641,177.78543090820312,43820700
2023-08-29 00:00:00-04:00,AAPL,Apple Inc.,177.3019791564373,182.43258442181371,177.10465107991652,181.66299438476562,53003900
2023-08-30 00:00:00-04:00,AAPL,Apple Inc.,182.47204640358012,185.34321714142652,182.27471834075723,185.1458740234375,60813900
2023-08-31 00:00:00-04:00,AAPL,Apple Inc.,185.33331658628876,186.59623408851635,184.97812009783948,185.3629150390625,60794500
2023-09-01 00:00:00-04:00,AAPL,Apple Inc.,186.961330634287,187.38558521498553,185.76747101772168,186.93173217773438,45766500
2023-09-05 00:00:00-04:00,AAPL,Apple Inc.,185.7674844117445,187.44479564304942,185.1064270757959,187.1685333251953,45280000
2023-09-06 00:00:00-04:00,AAPL,Apple Inc.,185.88584392275033,186.3298508313997,179.048330235654,180.4691162109375,81755800
2023-09-07 00:00:00-04:00,AAPL,Apple Inc.,172.84230680208358,175.8318868790433,171.22419235116297,175.1905517578125,112488800
2023-09-08 00:00:00-04:00,AAPL,Apple Inc.,175.96999075471308,177.8347687964352,175.417451102765,175.80224609375,65551300
2023-09-11 00:00:00-04:00,AAPL,Apple Inc.,177.66705421097663,177.8939807491613,174.9734739911946,176.96652221679688,58953100
2023-09-12 00:00:00-04:00,AAPL,Apple Inc.,177.09475937210624,177.72621814105926,172.48708107979573,173.94732666015625,90370200
2023-09-13 00:00:00-04:00,AAPL,Apple Inc.,174.15453395453247,174.93400012779577,171.65829707262085,171.88523864746094,84267900
2023-09-14 00:00:00-04:00,AAPL,Apple Inc.,171.6780505009118,173.75003299454158,171.2636570132194,173.39483642578125,60895800
2023-09-15 00:00:00-04:00,AAPL,Apple Inc.,174.1249606133089,174.1446979390041,171.50046839224674,172.67457580566406,109259500
2023-09-18 00:00:00-04:00,AAPL,Apple Inc.,174.12494029407293,176.98624997924455,173.8190795297471,175.59506225585938,67257600
2023-09-19 00:00:00-04:00,AAPL,Apple Inc.,175.1510553991506,177.23289871202428,174.7662604292434,176.6803741455078,51826900
2023-09-20 00:00:00-04:00,AAPL,Apple Inc.,176.86782730089922,177.30195805066697,173.0593371622532,173.1481475830078,58436200
2023-09-21 00:00:00-04:00,AAPL,Apple Inc.,172.22071489897561,173.9473619674597,171.53992021743218,171.60897827148438,63149100
2023-09-22 00:00:00-04:00,AAPL,Apple Inc.,172.33907993619778,174.71692282922322,171.72735846610487,172.4574737548828,56725400
2023-09-25 00:00:00-04:00,AAPL,Apple Inc.,171.87536866413782,174.60840835340898,171.82603288281885,173.73028564453125,46172700
2023-09-26 00:00:00-04:00,AAPL,Apple Inc.,172.48711848209095,172.86203732750283,169.36928354767613,169.665283203125,64588900
2023-09-27 00:00:00-04:00,AAPL,Apple Inc.,170.3164478696235,170.73084132501634,166.7940959712009,168.15567016601562,66921800
2023-09-28 00:00:00-04:00,AAPL,Apple Inc.,167.0801950701548,169.73430008001054,165.38314684947002,168.4121856689453,56294400
2023-09-29 00:00:00-04:00,AAPL,Apple Inc.,169.7244355134215,170.7604265076125,168.06684691168314,168.9252471923828,51861100
2023-10-02 00:00:00-04:00,AAPL,Apple Inc.,168.93514418826848,171.97404472395215,168.64900568223578,171.43138122558594,52164500
2023-10-03 00:00:00-04:00,AAPL,Apple Inc.,169.96124934298015,171.31297744317223,168.54047825044546,170.09938049316406,49594600
2023-10-04 00:00:00-04:00,AAPL,Apple Inc.,168.80686354725646,171.88523853747708,168.68846972057472,171.3425750732422,53020300
2023-10-05 00:00:00-04:00,AAPL,Apple Inc.,171.47084810780015,173.10869980697885,170.3756599300563,172.57591247558594,48527900
2023-10-06 00:00:00-04:00,AAPL,Apple Inc.,171.48072926712837,175.61481822954005,170.8689926183437,175.12149047851562,57266700
2023-10-09 00:00:00-04:00,AAPL,Apple Inc.,174.45055415802327,176.66066786762835,173.45403753652568,176.60147094726562,42390800
2023-10-10 00:00:00-04:00,AAPL,Apple Inc.,175.7233217666065,177.3216985969386,175.5753144327677,176.0094451904297,43698000
2023-10-11 00:00:00-04:00,AAPL,Apple Inc.,175.82201043112758,177.45000107017458,175.23002615297557,177.40066528320312,47551100
2023-10-12 00:00:00-04:00,AAPL,Apple Inc.,177.6670640281674,179.90676118500224,176.6507950071692,178.29852294921875,56743100
2023-10-13 00:00:00-04:00,AAPL,Apple Inc.,178.9990143278533,179.50220314362676,175.7627859383901,176.46331787109375,51427100
2023-10-16 00:00:00-04:00,AAPL,Apple Inc.,174.39137034887403,176.69027961186137,174.15456759445175,176.3350830078125,52517000
2023-10-17 00:00:00-04:00,AAPL,Apple Inc.,174.29266779074965,176.03905203817294,172.467364361049,174.78599548339844,57549400
2023-10-18 00:00:00-04:00,AAPL,Apple Inc.,173.2369290366687,175.21023951884263,172.7731998689447,173.4934539794922,54764400
2023-10-19 00:00:00-04:00,AAPL,Apple Inc.,173.69080766680926,175.46679037407037,172.85215962113486,173.11856079101562,59302900
2023-10-20 00:00:00-04:00,AAPL,Apple Inc.,172.97056355030566,173.0790962513972,170.3361953203569,170.572998046875,64244000
2023-10-23 00:00:00-04:00,AAPL,Apple Inc.,168.62928473640696,171.68790756499885,167.6623515662161,170.69139099121094,55980100
2023-10-24 00:00:00-04:00,AAPL,Apple Inc.,170.74067811302473,171.35239949336875,169.16202383806623,171.12547302246094,43816600
2023-10-25 00:00:00-04:00,AAPL,Apple Inc.,169.58633193718455,170.75057806188605,168.3727349771656,168.81674194335938,57157000
2023-10-26 00:00:00-04:00,AAPL,Apple Inc.,168.0964590692853,169.09299056011605,163.45918215856796,164.66290283203125,70625300
2023-10-27 00:00:00-04:00,AAPL,Apple Inc.,164.68267291441106,166.70531969794123,164.60373866788856,165.97518920898438,58499100
2023-10-30 00:00:00-04:00,AAPL,Apple Inc.,166.76447575317525,168.88577853365425,166.61646843152695,168.01751708984375,51131000
2023-10-31 00:00:00-04:00,AAPL,Apple Inc.,167.09008588386948,168.61938959873203,165.6594236135805,168.4911346435547,44846000
2023-11-01 00:00:00-04:00,AAPL,Apple Inc.,168.71806981976965,171.90496247869652,167.849808268541,171.6484375,56934900
2023-11-02 00:00:00-04:00,AAPL,Apple Inc.,173.17776232760195,175.40759814141026,173.118565411641,175.20040893554688,77334800
2023-11-03 00:00:00-04:00,AAPL,Apple Inc.,171.91485064572058,174.46042350768224,171.0367278993792,174.2926788330078,79829200
2023-11-06 00:00:00-05:00,AAPL,Apple Inc.,174.02625271257716,177.03553909275448,173.85852313161243,176.8382110595703,63841300
2023-11-07 00:00:00-05:00,AAPL,Apple Inc.,176.7888772337267,180.00538292517788,176.5816880659098,179.39366149902344,70530000
2023-11-08 00:00:00-05:00,AAPL,Apple Inc.,179.91661457451394,181.00192645947115,179.16674685036813,180.44940185546875,49340300
2023-11-09 00:00:00-05:00,AAPL,Apple Inc.,180.51844768984608,181.6629563158929,179.38378514108624,179.9757843017578,53763500
2023-11-10 00:00:00-05:00,AAPL,Apple Inc.,181.75415237279827,184.32284238950194,181.31944959381738,184.15487670898438,66133400
2023-11-13 00:00:00-05:00,AAPL,Apple Inc.,183.58186108306094,183.7893232540613,181.9912524470517,182.5741424560547,43627500
2023-11-14 00:00:00-05:00,AAPL,Apple Inc.,185.43920547847273,185.8442707665973,184.05607409829287,185.18234252929688,60108400
2023-11-15 00:00:00-05:00,AAPL,Apple Inc.,185.5874067506803,187.21752694473682,185.51824264456812,185.74546813964844,53790500
2023-11-16 00:00:00-05:00,AAPL,Apple Inc.,187.2866746678448,188.6599317940755,186.37774261703024,187.42498779296875,54412900
2023-11-17 00:00:00-05:00,AAPL,Apple Inc.,187.95848017105547,188.08691917335904,186.29872264128753,187.4052276611328,50922700
2023-11-20 00:00:00-05:00,AAPL,Apple Inc.,187.6028350817968,189.59850904887813,187.592960955599,189.14404296875,46505100
2023-11-21 00:00:00-05:00,AAPL,Apple Inc.,189.10454089065857,189.21321658430173,187.454657232623,188.34381103515625,38134500
2023-11-22 00:00:00-05:00,AAPL,Apple Inc.,189.18351601571032,190.60615861015532,188.53146207138292,189.00567626953125,39617700
2023-11-24 00:00:00-05:00,AAPL,Apple Inc.,188.57100791556658,188.60064536615056,186.970525284031,187.68185424804688,24048300
2023-11-27 00:00:00-05:00,AAPL,Apple Inc.,187.63246733233092,188.37343380166539,186.6247487130357,187.5040283203125,40552600
2023-11-28 00:00:00-05:00,AAPL,Apple Inc.,187.49414676130317,188.77849160556613,187.11871894105684,188.10667419433594,38415400
2023-11-29 00:00:00-05:00,AAPL,Apple Inc.,188.60063575450744,189.77630481775705,186.69388951411068,187.0890655517578,43014200
2023-11-30 00:00:00-05:00,AAPL,Apple Inc.,187.55341843722022,188.02764780463457,185.92329832735996,187.66209411621094,48794400
2023-12-01 00:00:00-05:00,AAPL,Apple Inc.,188.0375263099119,189.25270705783993,186.95076949469112,188.9365692138672,45704800
2023-12-04 00:00:00-05:00,AAPL,Apple Inc.,187.69172432124148,187.7608884211111,185.19219887595256,187.14834594726562,43389500
2023-12-05 00:00:00-05:00,AAPL,Apple Inc.,187.91895861640964,192.0584780958342,187.88930609245244,191.0902862548828,66628400
2023-12-06 00:00:00-05:00,AAPL,Apple Inc.,192.10787423934497,192.41413792119363,189.79606282635905,190.0035400390625,41089700
2023-12-07 00:00:00-05:00,AAPL,Apple Inc.,191.29777821822415,192.6512720749557,191.2582515665674,191.93006896972656,47477700
2023-12-08 00:00:00-05:00,AAPL,Apple Inc.,191.86091528323507,193.629363703371,191.33730018286,193.3527374267578,53406400
2023-12-11 00:00:00-05:00,AAPL,Apple Inc.,190.78404615931,191.15947399253523,189.11439931154695,190.8531951904297,60943700
2023-12-12 00:00:00-05:00,AAPL,Apple Inc.,190.75440470261375,192.3746507369947,189.4107849369075,192.36477661132812,52696900
2023-12-13 00:00:00-05:00,AAPL,Apple Inc.,192.74016578029781,195.6151188726379,192.50306619330016,195.5756072998047,70404200
2023-12-14 00:00:00-05:00,AAPL,Apple Inc.,195.63488831127654,197.2156075489979,193.79729107961322,195.7238006591797,66831600
2023-12-15 00:00:00-05:00,AAPL,Apple Inc.,195.1508114803035,196.01032777733312,194.62719637119332,195.19033813476562,128538400
2023-12-18 00:00:00-05:00,AAPL,Apple Inc.,193.7281513997374,194.26165570440122,192.04863040265064,193.5305633544922,55751900
2023-12-19 00:00:00-05:00,AAPL,Apple Inc.,193.79731295132126,194.5777909959987,193.53056080250687,194.5679168701172,40714100
2023-12-20 00:00:00-05:00,AAPL,Apple Inc.,194.5283508193705,195.29895458209847,192.48329162597656,192.48329162597656,52242800
2023-12-21 00:00:00-05:00,AAPL,Apple Inc.,193.73800782299358,194.7061996333918,191.16931844438724,192.33509826660156,46482500
2023-12-22 00:00:00-05:00,AAPL,Apple Inc.,192.829067964765,193.05630849032943,190.6456956495467,191.2681121826172,37149600
2023-12-26 00:00:00-05:00,AAPL,Apple Inc.,191.27801448490152,191.55464074590694,190.5074106042434,190.72476196289062,28919300
2023-12-27 00:00:00-05:00,AAPL,Apple Inc.,190.17150836602553,191.16933772508392,188.78836199381533,190.82354736328125,48087700
2023-12-28 00:00:00-05:00,AAPL,Apple Inc.,191.80165040931152,192.3153914106068,190.8433325169925,191.24839782714844,34049900
2023-12-29 00:00:00-05:00,AAPL,Apple Inc.,191.56452296375952,192.0585006042798,189.4206618129017,190.21102905273438,42672100
2024-01-02 00:00:00-05:00,AAPL,Apple Inc.,184.89579853453512,186.1702691079172,181.6750702031571,183.40399169921875,82488700
2024-01-03 00:00:00-05:00,AAPL,Apple Inc.,182.00107849721155,183.64108748001073,181.22058557437447,182.0307159423828,58414500
2024-01-04 00:00:00-05:00,AAPL,Apple Inc.,179.95604798314233,180.88472835710988,178.70135563320858,179.7189483642578,71983600
2024-01-05 00:00:00-05:00,AAPL,Apple Inc.,179.79796753554595,180.5586821654936,177.99988188294327,178.99771118164062,62379700
2024-01-08 00:00:00-05:00,AAPL,Apple Inc.,179.89677561800764,183.36450834315934,179.313885613353,183.32498168945312,59144500
2024-01-09 00:00:00-05:00,AAPL,Apple Inc.,181.7047275700206,182.9199083051763,180.52905841182087,182.9100341796875,42841800
2024-01-10 00:00:00-05:00,AAPL,Apple Inc.,182.12955368013527,184.1548498527509,181.70472508990332,183.9473876953125,46792900
2024-01-11 00:00:00-05:00,AAPL,Apple Inc.,184.293153408918,184.7970202008086,181.40832608034748,183.35459899902344,49128400
2024-01-12 00:00:00-05:00,AAPL,Apple Inc.,183.81896194364214,184.49077939116623,182.95944565085554,183.68064880371094,40477800
2024-01-16 00:00:00-05:00,AAPL,Apple Inc.,179.96593271976667,182.04062970854807,178.7507369031224,181.41822814941406,65603000
2024-01-17 00:00:00-05:00,AAPL,Apple Inc.,179.08665457169852,180.72664884969066,178.12833676151584,180.4796600341797,47317400
2024-01-18 00:00:00-05:00,AAPL,Apple Inc.,183.8485869578717,186.86185345428623,183.59172402252184,186.35800170898438,78005800
2024-01-19 00:00:00-05:00,AAPL,Apple Inc.,187.04957995238564,189.63801803091337,186.5457281731689,189.25271606445312,68903000
2024-01-22 00:00:00-05:00,AAPL,Apple Inc.,189.9838116367789,192.97731505960866,189.94428498185601,191.55465698242188,60133900
2024-01-23 00:00:00-05:00,AAPL,Apple Inc.,192.67104017695664,193.39224330006388,191.49537099853464,192.8291015625,42355600
2024-01-24 00:00:00-05:00,AAPL,Apple Inc.,193.06618924735707,194.0146328029546,191.99919590043444,192.1572723388672,53631300
2024-01-25 00:00:00-05:00,AAPL,Apple Inc.,192.86863967517039,193.90599578100486,190.78405333725613,191.83128356933594,54822100
2024-01-26 00:00:00-05:00,AAPL,Apple Inc.,191.93006387634745,192.41415228379137,189.6281264159501,190.1023406982422,44594000
2024-01-29 00:00:00-05:00,AAPL,Apple Inc.,189.69728055859,189.88499446653958,187.29655655692048,189.420654296875,47145600
2024-01-30 00:00:00-05:00,AAPL,Apple Inc.,188.6401800108733,189.4898221386195,185.21197404804863,185.7751007080078,55859400
2024-01-31 00:00:00-05:00,AAPL,Apple Inc.,184.78712556686926,184.84641553917146,182.129538862794,182.17892456054688,55467800
2024-02-01 00:00:00-05:00,AAPL,Apple Inc.,181.77390231724044,184.69824158324056,181.6059517240919,184.6093292236328,64885400
2024-02-02 00:00:00-05:00,AAPL,Apple Inc.,177.69360884630905,185.0736348136651,177.09095561888776,183.61146545410156,102551700
2024-02-05 00:00:00-05:00,AAPL,Apple Inc.,185.88375846902116,186.97051518171523,183.60158444736317,185.41941833496094,69668800
2024-02-06 00:00:00-05:00,AAPL,Apple Inc.,184.60931480628852,187.02980210381148,184.5204024536245,187.01992797851562,43490800
2024-02-07 00:00:00-05:00,AAPL,Apple Inc.,188.3437817688575,188.74884702540382,186.33823388644547,187.12860107421875,53439000
2024-02-08 00:00:00-05:00,AAPL,Apple Inc.,187.1088621926835,187.25704946443747,185.0934399218184,186.0517578125,40962000
2024-02-09 00:00:00-05:00,AAPL,Apple Inc.,186.61559077121817,187.9411516715375,185.97260641439556,186.81344604492188,45155200
2024-02-12 00:00:00-05:00,AAPL,Apple Inc.,186.38803740610462,186.63534135369167,184.7756108376818,185.13172912597656,41781900
2024-02-13 00:00:00-05:00,AAPL,Apple Inc.,183.76663306878044,184.20189045877694,181.53099558275042,183.04449462890625,56529500
2024-02-14 00:00:00-05:00,AAPL,Apple Inc.,183.32148884677065,183.52921572281525,180.4725423642709,182.16409301757812,54630500
2024-02-15 00:00:00-05:00,AAPL,Apple Inc.,181.57057328309747,182.50043860227981,179.3943014199978,181.87722778320312,65434500
2024-02-16 00:00:00-05:00,AAPL,Apple Inc.,181.44197861733377,182.8565652037317,179.7108507918506,180.3439483642578,49752500
2024-02-20 00:00:00-05:00,AAPL,Apple Inc.,179.82958150821406,180.46267918496486,178.05889139634897,179.60206604003906,53665600
2024-02-21 00:00:00-05:00,AAPL,Apple Inc.,179.9779444437335,180.91769653606136,178.71174929095213,180.35385131835938,41371400
2024-02-22 00:00:00-05:00,AAPL,Apple Inc.,181.50134277124772,182.96539328132977,180.49235334512917,182.38174438476562,52292200
2024-02-23 00:00:00-05:00,AAPL,Apple Inc.,183.01485026342843,183.04452553646294,180.26483093781445,180.5517120361328,45119700
2024-02-26 00:00:00-05:00,AAPL,Apple Inc.,180.2746995194681,180.78908088671756,178.70183486744935,179.2063446044922,40867400
2024-02-27 00:00:00-05:00,AAPL,Apple Inc.,179.1470080612827,181.93658908973126,177.62360710096542,180.66050720214844,54318900
2024-02-28 00:00:00-05:00,AAPL,Apple Inc.,180.5417731107642,181.14519536218177,178.18744973320082,179.46353149414062,48953900
2024-02-29 00:00:00-05:00,AAPL,Apple Inc.,179.31517776545977,180.6011615069905,177.59393659501978,178.80078125,136682600
2024-03-01 00:00:00-05:00,AAPL,Apple Inc.,177.61370457626955,178.5831318593588,175.46710804516843,177.72251892089844,73563100
2024-03-04 00:00:00-05:00,AAPL,Apple Inc.,174.25038035125658,174.99229230011673,171.9158301484072,173.2117156982422,81510100
2024-03-05 00:00:00-05:00,AAPL,Apple Inc.,168.91849794898403,170.1846930657021,167.7907924514621,168.285400390625,95132400
2024-03-06 00:00:00-05:00,AAPL,Apple Inc.,169.2152850514215,169.39335177885377,166.8609461620447,167.29620361328125,68587700
2024-03-07 00:00:00-05:00,AAPL,Apple Inc.,167.32585131213037,168.88881413208614,166.67298033709926,167.17747497558594,71765100
2024-03-08 00:00:00-05:00,AAPL,Apple Inc.,167.1775154100546,171.8268279085278,167.118164861082,168.88885498046875,76267000
2024-03-11 00:00:00-04:00,AAPL,Apple Inc.,171.07500788792643,172.49948126334272,170.1946063009313,170.88705444335938,60139500
2024-03-12 00:00:00-04:00,AAPL,Apple Inc.,171.28272310113206,172.15323790323208,169.16580172767317,171.3618621826172,59825400
2024-03-13 00:00:00-04:00,AAPL,Apple Inc.,170.90685960163916,171.32232852748163,168.9185256992457,169.2845458984375,52488700
2024-03-14 00:00:00-04:00,AAPL,Apple Inc.,171.04531257693264,172.43020869953008,170.1945863604126,171.13433837890625,72913500
2024-03-15 00:00:00-04:00,AAPL,Apple Inc.,169.3241083834579,170.7584686279297,168.45359343487303,170.7584686279297,121752700
2024-03-18 00:00:00-04:00,AAPL,Apple Inc.,173.67661275318792,175.7935338090815,171.64871749027145,171.8465576171875,75604200
2024-03-19 00:00:00-04:00,AAPL,Apple Inc.,172.45991109697533,174.7054356079408,171.1640405724947,174.18115234375,55215200
2024-03-20 00:00:00-04:00,AAPL,Apple Inc.,173.82502584048726,176.7432098388672,173.2018149693641,176.7432098388672,53423100
2024-03-21 00:00:00-04:00,AAPL,Apple Inc.,175.14068113790177,175.57593855649498,168.99764365136926,169.5219268798828,106181300
2024-03-22 00:00:00-04:00,AAPL,Apple Inc.,169.90769220539175,171.18378897881232,168.22602844508845,170.42208862304688,71160100
2024-03-25 00:00:00-04:00,AAPL,Apple Inc.,168.73060430640257,170.08582558853854,167.62267196511613,169.00758361816406,54288300
2024-03-26 00:00:00-04:00,AAPL,Apple Inc.,168.16668772081567,169.5713723598813,167.7512188918725,167.87982177734375,57388400
2024-03-27 00:00:00-04:00,AAPL,Apple Inc.,168.57227437363676,171.72787530814264,168.27550660374618,171.4409942626953,60273300
2024-03-28 00:00:00-04:00,AAPL,Apple Inc.,169.89782982249778,170.37264922530974,168.67119667981044,169.6307373046875,65672700
2024-04-01 00:00:00-04:00,AAPL,Apple Inc.,169.34385933496506,169.40320986933065,167.65229363436822,168.1963653564453,46240500
2024-04-02 00:00:00-04:00,AAPL,Apple Inc.,167.25662806803024,167.51381877100314,166.41578850586058,167.0192108154297,49329500
2024-04-03 00:00:00-04:00,AAPL,Apple Inc.,166.9697540235435,168.83937157047524,166.7620271262386,167.8204803466797,47691700
2024-04-04 00:00:00-04:00,AAPL,Apple Inc.,168.45359969390546,170.06602673515292,166.9994659423828,166.9994659423828,53704400
2024-04-05 00:00:00-04:00,AAPL,Apple Inc.,167.7611226870966,168.5524984345705,167.12802510796487,167.75123596191406,42104800
2024-04-08 00:00:00-04:00,AAPL,Apple Inc.,167.20716991074772,167.37533481002382,166.4256959559663,166.6334228515625,37425500
2024-04-09 00:00:00-04:00,AAPL,Apple Inc.,166.88071513080217,168.2458378687617,166.53449863101693,167.8402557373047,42373800
2024-04-10 00:00:00-04:00,AAPL,Apple Inc.,166.97964653177021,167.2665125006067,165.30786924976792,165.97064208984375,49709300
2024-04-11 00:00:00-04:00,AAPL,Apple Inc.,166.5246149420751,173.56784300454478,166.3465633103838,173.15235900878906,91070300
2024-04-12 00:00:00-04:00,AAPL,Apple Inc.,172.38075949507746,176.43655077441642,172.33131077483722,174.6460723876953,101670900
2024-04-15 00:00:00-04:00,AAPL,Apple Inc.,173.46890241983837,174.72521085075485,170.63974431610336,170.82769775390625,73531800
2024-04-16 00:00:00-04:00,AAPL,Apple Inc.,169.8978273072319,171.88614579113815,166.45536027289515,167.5533905029297,73711200
2024-04-17 00:00:00-04:00,AAPL,Apple Inc.,167.780901063059,168.80967890645843,166.18826293945312,166.18826293945312,50901200
2024-04-18 00:00:00-04:00,AAPL,Apple Inc.,166.21793076697907,166.8213530127437,164.75389559967167,165.2386016845703,43122900
2024-04-19 00:00:00-04:00,AAPL,Apple Inc.,164.41761547732168,164.6055538581374,162.31058034320984,163.2206573486328,68149400
2024-04-22 00:00:00-04:00,AAPL,Apple Inc.,163.73503344203667,165.4562595890904,162.993121456103,164.05157470703125,48116400
2024-04-23 00:00:00-04:00,AAPL,Apple Inc.,163.56685559955991,165.24851961582092,163.14148491226467,165.10012817382812,49537800
2024-04-24 00:00:00-04:00,AAPL,Apple Inc.,164.74401450706145,167.47426013692973,164.41758653276062,167.19728088378906,48251800
2024-04-25 00:00:00-04:00,AAPL,Apple Inc.,167.7017887376114,168.7701438382538,166.33666581552853,168.0579071044922,50558300
2024-04-26 00:00:00-04:00,AAPL,Apple Inc.,168.04800546826704,169.49225225997063,167.35554224826544,167.47425842285156,44838400
2024-04-29 00:00:00-04:00,AAPL,Apple Inc.,171.50037962888564,174.13169791183088,171.23330216655395,171.6289825439453,68169400
2024-04-30 00:00:00-04:00,AAPL,Apple Inc.,171.46079655206535,173.10289859543835,168.1667057400835,168.49314880371094,65934800
2024-05-01 00:00:00-04:00,AAPL,Apple Inc.,167.75123767315736,170.84748833564953,167.28630498280754,167.47425842285156,50383100
2024-05-02 00:00:00-04:00,AAPL,Apple Inc.,170.64963546996492,171.54982559320527,169.04711048582428,171.16403198242188,94214900
2024-05-03 00:00:00-04:00,AAPL,Apple Inc.,184.637145231003,184.98337684032407,180.69018337477516,181.4024200439453,163224100
2024-05-06 00:00:00-04:00,AAPL,Apple Inc.,180.38352481626606,182.21356516877455,178.47433028646978,179.75042724609375,78569700
2024-05-07 00:00:00-04:00,AAPL,Apple Inc.,181.47164781905605,182.9060078076493,179.36462828599997,180.43296813964844,77305800
2024-05-08 00:00:00-04:00,AAPL,Apple Inc.,180.878116710922,181.09574539643793,179.49320552179933,180.76930236816406,45057100
2024-05-09 00:00:00-04:00,AAPL,Apple Inc.,180.5912561815798,182.66861565405213,180.14611203583203,182.57958984375,48983000
2024-05-10 00:00:00-04:00,AAPL,Apple Inc.,183.15411695720846,183.34232534295325,180.41028294678514,181.32159423828125,50759500
2024-05-13 00:00:00-04:00,AAPL,Apple Inc.,183.68902280376187,185.33335221774516,182.8767582325011,184.52108764648438,72044800
2024-05-14 00:00:00-04:00,AAPL,Apple Inc.,185.73944844741243,186.52199740854093,184.53096697721375,185.6602020263672,52393600
2024-05-15 00:00:00-04:00,AAPL,Apple Inc.,186.13568203158255,188.849800179078,185.6007724639543,187.9285888671875,70400000
2024-05-16 00:00:00-04:00,AAPL,Apple Inc.,188.67151097089564,189.29556710780693,187.86916171755817,188.04745483398438,52845200
2024-05-17 00:00:00-04:00,AAPL,Apple Inc.,187.72054713149117,189.00827490956243,187.39366134142406,188.0771484375,41282900
2024-05-20 00:00:00-04:00,AAPL,Apple Inc.,187.54228461702792,190.10782534306233,187.22529890901677,189.2361297607422,44361300
2024-05-21 00:00:00-04:00,AAPL,Apple Inc.,189.28565540299905,190.91016932460286,189.11726241831752,190.5337677001953,42309400
2024-05-22 00:00:00-04:00,AAPL,Apple Inc.,190.45451683728567,190.99932654838926,188.47340160760692,189.09744262695312,34648500
2024-05-23 00:00:00-04:00,AAPL,Apple Inc.,189.1766947549615,189.19651013997458,184.86777806929078,185.11541748046875,51005900
2024-05-24 00:00:00-04:00,AAPL,Apple Inc.,187.03712172304932,188.78049792280623,186.26447277204775,188.1861572265625,36327000
2024-05-28 00:00:00-04:00,AAPL,Apple Inc.,189.70169698060212,191.17763337385156,187.31446444482384,188.19606018066406,52280100
2024-05-29 00:00:00-04:00,AAPL,Apple Inc.,187.81962268312432,190.4346940804733,187.72056087959155,188.49319458007812,53068000
2024-05-30 00:00:00-04:00,AAPL,Apple Inc.,188.9587703074631,190.36536034504638,188.83000809203267,189.4837646484375,49889100
2024-05-31 00:00:00-04:00,AAPL,Apple Inc.,189.6323431713606,190.7516780595243,188.1167913020161,190.4346923828125,75158300
2024-06-03 00:00:00-04:00,AAPL,Apple Inc.,191.07855630297723,193.14883318833753,190.7021546904014,192.19789123535156,50080500
2024-06-04 00:00:00-04:00,AAPL,Apple Inc.,192.80214765697744,193.47573474401025,191.20734917579057,192.514892578125,47471400
2024-06-05 00:00:00-04:00,AAPL,Apple Inc.,193.5549597642067,195.04079624688396,193.02996541617088,194.02052307128906,54156800
2024-06-06 00:00:00-04:00,AAPL,Apple Inc.,193.84224299284628,194.64459232913165,192.33659102362645,192.64366149902344,41181800
2024-06-07 00:00:00-04:00,AAPL,Apple Inc.,192.8120142553044,195.08039942896673,192.3068353639325,195.03086853027344,53103900
2024-06-10 00:00:00-04:00,AAPL,Apple Inc.,195.04080033594326,195.43703247512377,190.33565137548777,191.29649353027344,97010200
2024-06-11 00:00:00-04:00,AAPL,Apple Inc.,191.82151547309627,205.20396127210728,191.80171519932296,205.1940460205078,172373300
2024-06-12 00:00:00-04:00,AAPL,Apple Inc.,205.41194501546696,218.12080209568063,204.94638168818946,211.05813598632812,198134300
2024-06-13 00:00:00-04:00,AAPL,Apple Inc.,212.71233505249734,214.7033502990969,209.60198493072278,212.21705627441406,97862700
2024-06-14 00:00:00-04:00,AAPL,Apple Inc.,211.83075578674166,213.13828400218216,209.3048308005582,210.4835968017578,70122700
2024-06-17 00:00:00-04:00,AAPL,Apple Inc.,211.35528688913016,216.88260054537645,210.71143044440285,214.62413024902344,93728300
2024-06-18 00:00:00-04:00,AAPL,Apple Inc.,215.5354294813442,216.5656178731208,210.98877362098574,212.26658630371094,79943300
2024-06-20 00:00:00-04:00,AAPL,Apple Inc.,211.90998899500866,212.2170745602359,206.87796947703916,207.7001190185547,86172500
2024-06-21 00:00:00-04:00,AAPL,Apple Inc.,208.40344951202738,209.88928617334648,205.1544212217866,205.5308380126953,241805100
2024-06-24 00:00:00-04:00,AAPL,Apple Inc.,205.75861973380415,210.69159220230495,204.63928484253907,206.17465209960938,80727000
2024-06-25 00:00:00-04:00,AAPL,Apple Inc.,207.1751328027417,209.3840873125504,206.64023830581658,207.0959014892578,55549700
2024-06-26 00:00:00-04:00,AAPL,Apple Inc.,209.5029437835443,212.83121810497767,208.6510635966682,211.23641967773438,66213200
2024-06-27 00:00:00-04:00,AAPL,Apple Inc.,212.66284034706985,213.70292898101007,210.34493889866226,212.0784149169922,49772700
2024-06-28 00:00:00-04:00,AAPL,Apple Inc.,213.73265291439517,214.02982326645972,208.31430073755797,208.6312713623047,82542700
2024-07-01 00:00:00-04:00,AAPL,Apple Inc.,210.0873668962765,215.4561875080808,209.91897391071575,214.703369140625,60402900
2024-07-02 00:00:00-04:00,AAPL,Apple Inc.,214.10903193760322,218.29910171758146,213.068958487467,218.1901397705078,58046200
2024-07-03 00:00:00-04:00,AAPL,Apple Inc.,217.92267103394255,219.45803833007812,216.96182895702523,219.45803833007812,37369800
2024-07-05 00:00:00-04:00,AAPL,Apple Inc.,219.55710192478037,224.3117817727132,219.55710192478037,224.20281982421875,60412400
2024-07-08 00:00:00-04:00,AAPL,Apple Inc.,224.9457357840812,225.69856928044194,221.14199799041046,225.66885375976562,59085900
2024-07-09 00:00:00-04:00,AAPL,Apple Inc.,225.77778797195694,227.23390886254342,224.23252052432466,226.5207061767578,48076100
2024-07-10 00:00:00-04:00,AAPL,Apple Inc.,227.13489091066097,230.87919792745691,227.08536000113173,230.78013610839844,62627700
2024-07-11 00:00:00-04:00,AAPL,Apple Inc.,229.2051413563895,230.19569903805672,223.63821202212716,225.4212188720703,64710600
2024-07-12 00:00:00-04:00,AAPL,Apple Inc.,226.7584454352943,230.44332094014862,226.5207061684713,228.36314392089844,53046500
2024-07-15 00:00:00-04:00,AAPL,Apple Inc.,234.24706826366577,234.9899864993383,230.88907844301437,232.18670654296875,62631300
2024-07-16 00:00:00-04:00,AAPL,Apple Inc.,232.78106107648213,234.03907359612094,230.13627381333595,232.60276794433594,43234300
2024-07-17 00:00:00-04:00,AAPL,Apple Inc.,227.28346685481674,229.27449755440023,224.50000206743292,226.71885681152344,57345900
2024-07-18 00:00:00-04:00,AAPL,Apple Inc.,228.10564083206222,228.26413370193544,220.1712785785942,222.063232421875,66034600
2024-07-19 00:00:00-04:00,AAPL,Apple Inc.,222.6971648700337,224.65846466815103,221.17169771561296,222.1919708251953,49151500
2024-07-22 00:00:00-04:00,AAPL,Apple Inc.,224.86647978572938,225.62921338494564,220.98349573063444,221.8452911376953,48201800
2024-07-23 00:00:00-04:00,AAPL,Apple Inc.,222.25141967209163,224.7971601400939,220.57737479075328,222.8853759765625,39960300
2024-07-24 00:00:00-04:00,AAPL,Apple Inc.,221.88490694575157,222.67735606492835,215.0797809310421,216.47645568847656,61777600
2024-07-25 00:00:00-04:00,AAPL,Apple Inc.,216.86274569098651,218.7646293872906,212.5934452947531,215.4363555908203,51391200
2024-07-26 00:00:00-04:00,AAPL,Apple Inc.,216.6349499920164,217.41749898154802,213.9703475571551,215.90194702148438,41601300
2024-07-29 00:00:00-04:00,AAPL,Apple Inc.,214.91139345300462,217.22929471632008,213.71281205128278,216.17930603027344,36311800
2024-07-30 00:00:00-04:00,AAPL,Apple Inc.,217.1203256536185,218.24956072806748,214.07930652606245,216.7340087890625,41643800
2024-07-31 00:00:00-04:00,AAPL,Apple Inc.,219.34909118598728,221.70662325926872,218.54674189777583,219.98304748535156,50036300
2024-08-01 00:00:00-04:00,AAPL,Apple Inc.,222.2514024343897,222.36036437427163,214.97081319041698,216.29815673828125,62501000
2024-08-02 00:00:00-04:00,AAPL,Apple Inc.,217.0807092384795,223.46981835778237,215.6543188775265,217.7840118408203,105568600
2024-08-05 00:00:00-04:00,AAPL,Apple Inc.,197.21010696314244,211.484045462397,194.14928763761037,207.2939910888672,119548600
2024-08-06 00:00:00-04:00,AAPL,Apple Inc.,203.36148541473497,208.00720313955475,199.17143085232243,205.27325439453125,69660500
2024-08-07 00:00:00-04:00,AAPL,Apple Inc.,204.9463646139573,211.62272838414273,204.441185671316,207.83880615234375,63516400
2024-08-08 00:00:00-04:00,AAPL,Apple Inc.,211.0977289070064,212.1774330540979,206.85814362500793,211.29583740234375,47161100
2024-08-09 00:00:00-04:00,AAPL,Apple Inc.,210.09728825409005,214.7330909034816,209.96851092003678,214.1981964111328,42201600
2024-08-12 00:00:00-04:00,AAPL,Apple Inc.,214.27753840147545,217.68898821235913,213.81143620679725,215.7254180908203,38028100
2024-08-13 00:00:00-04:00,AAPL,Apple Inc.,217.19312608520667,220.04923895369578,217.19312608520667,219.43438720703125,44155300
2024-08-14 00:00:00-04:00,AAPL,Apple Inc.,218.7402072098891,221.17979111862692,217.8774142480331,219.8806610107422,41960600
2024-08-15 00:00:00-04:00,AAPL,Apple Inc.,222.73677426147512,223.48055242779947,220.9120269929499,222.85577392578125,46414000
2024-08-16 00:00:00-04:00,AAPL,Apple Inc.,222.06239369045758,224.94825642777528,221.79462933024135,224.1747283935547,44340200
2024-08-19 00:00:00-04:00,AAPL,Apple Inc.,223.84746435464618,224.11522871504155,221.18968933533225,224.01605224609375,40687800
2024-08-20 00:00:00-04:00,AAPL,Apple Inc.,223.8970689622142,225.28544883578485,223.57971634413767,224.63092041015625,30299000
2024-08-21 00:00:00-04:00,AAPL,Apple Inc.,224.64083485973637,226.08871448701353,223.1830285060583,224.52182006835938,34765500
2024-08-22 00:00:00-04:00,AAPL,Apple Inc.,225.90029338876204,226.4457337259973,222.04256465043304,222.66734313964844,43695300
2024-08-23 00:00:00-04:00,AAPL,Apple Inc.,223.78798715352852,226.32674764036014,222.4690186706249,224.95819091796875,38677300
2024-08-26 00:00:00-04:00,AAPL,Apple Inc.,224.87886564108967,225.39455612332776,222.03267909150793,225.29537963867188,30602200
2024-08-27 00:00:00-04:00,AAPL,Apple Inc.,224.1251624880706,226.95152567852384,223.02437015551794,226.13832092285156,35934600
2024-08-28 00:00:00-04:00,AAPL,Apple Inc.,226.02922904592305,227.95313769677003,223.80780609600177,224.61109924316406,38052200
2024-08-29 00:00:00-04:00,AAPL,Apple Inc.,228.19113851748892,230.98773644426686,226.98125820388418,227.88369750976562,51906300
2024-08-30 00:00:00-04:00,AAPL,Apple Inc.,228.28038060324323,228.4886300006117,225.59285569982603,227.10025024414062,52990800
2024-09-03 00:00:00-04:00,AAPL,Apple Inc.,226.65401607692846,227.1002799762046,219.33523365285652,220.92196655273438,50190600
2024-09-04 00:00:00-04:00,AAPL,Apple Inc.,219.82114598403248,219.94014563997789,215.67581475954933,219.0178680419922,43840200
2024-09-05 00:00:00-04:00,AAPL,Apple Inc.,219.79140861107143,223.60946073514918,219.6823205428289,220.53518676757812,36615400
2024-09-06 00:00:00-04:00,AAPL,Apple Inc.,222.09215251756703,223.37145940933704,217.94683622588397,218.98812866210938,48423000
2024-09-09 00:00:00-04:00,AAPL,Apple Inc.,218.98812757352732,219.4343914347755,214.91222272734436,219.07737731933594,67180000
2024-09-10 00:00:00-04:00,AAPL,Apple Inc.,217.10388142289187,219.6426417511051,214.9320468059923,218.2840118408203,51591000
2024-09-11 00:00:00-04:00,AAPL,Apple Inc.,219.62280899168329,221.23927647566495,216.0824178921796,220.81285095214844,44587100
2024-09-12 00:00:00-04:00,AAPL,Apple Inc.,220.65420216028613,221.6954946800681,217.99644195502805,220.92196655273438,37455600
2024-09-13 00:00:00-04:00,AAPL,Apple Inc.,221.72521710949164,222.18139254741286,220.06907298412548,220.6541748046875,36766600
2024-09-16 00:00:00-04:00,AAPL,Apple Inc.,214.7436126542421,215.41797935337752,212.14535259122513,214.52545166015625,59357400
2024-09-17 00:00:00-04:00,AAPL,Apple Inc.,213.96018092212807,215.1006346980314,212.72055067344832,214.99154663085938,45519300
2024-09-18 00:00:00-04:00,AAPL,Apple Inc.,215.7452565018275,220.86245391858552,215.7353297749969,218.8592071533203,59894900
2024-09-19 00:00:00-04:00,AAPL,Apple Inc.,223.12354184254357,227.91347512552952,222.76652771175563,226.97134399414062,66781300
2024-09-20 00:00:00-04:00,AAPL,Apple Inc.,228.06222073119503,231.15633305592988,225.7317097608303,226.30690002441406,318679900
2024-09-23 00:00:00-04:00,AAPL,Apple Inc.,225.45399472077756,227.5464908680899,223.93668873737414,224.59121704101562,54146000
2024-09-24 00:00:00-04:00,AAPL,Apple Inc.,226.75314473243895,227.44734973367454,223.85737047004787,225.4837646484375,43556100
2024-09-25 00:00:00-04:00,AAPL,Apple Inc.,223.06402418257602,225.40444676008957,222.1615848378298,224.49208068847656,42308700
2024-09-26 00:00:00-04:00,AAPL,Apple Inc.,225.4143769570366,226.60441901953834,223.54005654723983,225.63255310058594,36636700
2024-09-27 00:00:00-04:00,AAPL,Apple Inc.,226.5647695239617,227.61597365379234,225.41438891191032,225.9003143310547,34026000
2024-09-30 00:00:00-04:00,AAPL,Apple Inc.,228.13159642889974,231.06704711914062,227.74483244888117,231.06704711914062,54541900
2024-10-01 00:00:00-04:00,AAPL,Apple Inc.,227.61592740519507,227.74483864724098,221.88387896470798,224.33338928222656,63285000
2024-10-02 00:00:00-04:00,AAPL,Apple Inc.,224.01605029183685,225.48376819979168,221.16986421787885,224.89866638183594,32880600
2024-10-03 00:00:00-04:00,AAPL,Apple Inc.,223.27228007150777,224.928424248049,221.46738631978812,223.79788208007812,34044200
2024-10-04 00:00:00-04:00,AAPL,Apple Inc.,226.00938361911108,226.10856009308668,222.27066963907552,224.91851806640625,37245100
2024-10-07 00:00:00-04:00,AAPL,Apple Inc.,222.63760820325265,223.81773870352313,219.4939074890314,219.85092163085938,39505400
2024-10-08 00:00:00-04:00,AAPL,Apple Inc.,222.43925780658088,224.10531361949606,221.3979653574062,223.89706420898438,31855700
2024-10-09 00:00:00-04:00,AAPL,Apple Inc.,223.36153007501719,227.84403724277382,222.96485445261254,227.63577270507812,33591100
2024-10-10 00:00:00-04:00,AAPL,Apple Inc.,225.8903660776275,227.59609839600836,225.2854259515482,227.13990783691406,28183500
2024-10-11 00:00:00-04:00,AAPL,Apple Inc.,227.39775944467098,227.50684750397573,225.45401269675094,225.6622772216797,31759200
2024-10-14 00:00:00-04:00,AAPL,Apple Inc.,226.80274288926017,229.8076053434174,226.70358155060512,229.3811798095703,39882100
2024-10-15 00:00:00-04:00,AAPL,Apple Inc.,231.67201972311165,235.51983687729248,230.44230106244424,231.9100341796875,64751400
2024-10-16 00:00:00-04:00,AAPL,Apple Inc.,229.678723998596,230.1943993440451,227.93331473028562,229.8572235107422,34082200
2024-10-17 00:00:00-04:00,AAPL,Apple Inc.,231.49350124327563,231.91003031839952,228.60765355789445,230.22412109375,32993800
2024-10-18 00:00:00-04:00,AAPL,Apple Inc.,234.2206950473064,234.2206950473064,232.0686987091599,233.0504913330078,46431500
2024-10-21 00:00:00-04:00,AAPL,Apple Inc.,232.5050605584077,234.8851598599691,232.5050605584077,234.51821899414062,36254500
2024-10-22 00:00:00-04:00,AAPL,Apple Inc.,231.94969236544068,234.26036494372266,230.67040061866737,233.90335083007812,38846600
2024-10-23 00:00:00-04:00,AAPL,Apple Inc.,232.13812257917175,233.18932661738793,225.87054472777703,228.8456573486328,52287000
2024-10-24 00:00:00-04:00,AAPL,Apple Inc.,228.0721096303277,228.9051525928802,226.5151420282862,228.6572265625,31109500
2024-10-25 00:00:00-04:00,AAPL,Apple Inc.,227.83412074973037,231.28524701350278,227.665532857223,229.49026489257812,38802300
2024-10-28 00:00:00-04:00,AAPL,Apple Inc.,231.38442210065006,232.78271346714027,230.62080565968694,231.4637451171875,36087100
2024-10-29 00:00:00-04:00,AAPL,Apple Inc.,231.1662580738538,232.38605001867157,230.3927299983884,231.7315216064453,35417200
2024-10-30 00:00:00-04:00,AAPL,Apple Inc.,230.68030356750913,231.53316974412917,227.64569128136466,228.19113159179688,47070900
2024-10-31 00:00:00-04:00,AAPL,Apple Inc.,227.43744214117888,227.92338265648337,223.50037517792762,224.03590393066406,64370100
2024-11-01 00:00:00-04:00,AAPL,Apple Inc.,219.1368672842602,223.4805363045207,218.44267740554844,221.06077575683594,65276700
2024-11-04 00:00:00-05:00,AAPL,Apple Inc.,219.15670083339904,220.94175615916865,217.88732075932978,220.16822814941406,44944500
2024-11-05 00:00:00-05:00,AAPL,Apple Inc.,219.9599923572388,222.09215031274817,219.3054639601429,221.59629821777344,28111300
2024-11-06 00:00:00-05:00,AAPL,Apple Inc.,220.76327216240406,224.19457534628128,219.35505401685137,220.8723602294922,54561100
2024-11-07 00:00:00-05:00,AAPL,Apple Inc.,222.7665171269793,225.9895557457087,222.7070172967094,225.59286499023438,42137700
2024-11-08 00:00:00-05:00,AAPL,Apple Inc.,225.5332770864524,227.0125473442273,224.7787582103861,225.32479858398438,38328800
2024-11-11 00:00:00-05:00,AAPL,Apple Inc.,223.3789433198207,224.07389700260043,219.90415975706793,222.61448669433594,42005600
2024-11-12 00:00:00-05:00,AAPL,Apple Inc.,222.93218846295187,223.96468891324545,221.75075962779928,222.61448669433594,40398300
2024-11-13 00:00:00-05:00,AAPL,Apple Inc.,222.39605879884869,225.01703765642938,221.15506473467502,223.49806213378906,48566200
2024-11-14 00:00:00-05:00,AAPL,Apple Inc.,223.3987876531247,227.2210402122622,223.3789275067786,226.5757293701172,44923900
2024-11-15 00:00:00-05:00,AAPL,Apple Inc.,224.76884409236825,225.28510187679902,222.65420045885568,223.37893676757812,47923700
2024-11-18 00:00:00-05:00,AAPL,Apple Inc.,223.62713486361545,228.08479108540536,223.54770942404784,226.37718200683594,44633700
2024-11-19 00:00:00-05:00,AAPL,Apple Inc.,225.34467799276683,228.501774994788,225.02699136706502,226.63531494140625,36211800
2024-11-20 00:00:00-05:00,AAPL,Apple Inc.,226.4168829534927,228.27340522879027,224.26251907255318,227.35011291503906,35169600
2024-11-21 00:00:00-05:00,AAPL,Apple Inc.,227.2309725554499,228.50174921258224,224.08381355701644,226.87356567382812,42108300
2024-11-22 00:00:00-05:00,AAPL,Apple Inc.,226.4168797117104,229.05771868234922,226.4168797117104,228.21383666992188,38168300
2024-11-25 00:00:00-05:00,AAPL,Apple Inc.,229.79240040372403,231.5694972757357,228.08479132337303,231.19223022460938,90152800
2024-11-26 00:00:00-05:00,AAPL,Apple Inc.,231.64890834638587,233.8727750720934,231.64890834638587,233.36643981933594,45986200
2024-11-27 00:00:00-05:00,AAPL,Apple Inc.,232.78070364946953,233.99191506726265,232.12545514826604,233.2373809814453,33498400
2024-11-29 00:00:00-05:00,AAPL,Apple Inc.,233.11825362062933,236.0966394139658,232.28430923421996,235.62010192871094,28481400
2024-12-02 00:00:00-05:00,AAPL,Apple Inc.,235.5605532676808,239.0551819380818,235.45134517492735,237.86383056640625,48137100
2024-12-03 00:00:00-05:00,AAPL,Apple Inc.,238.08222901174219,241.01097200063165,237.17878168890522,240.90176391601562,38861000
2024-12-04 00:00:00-05:00,AAPL,Apple Inc.,241.12017980186528,242.35125137710352,239.51185632927692,241.25917053222656,44383900
2024-12-05 00:00:00-05:00,AAPL,Apple Inc.,242.2321233137982,242.77814859306412,240.38552350615552,241.28895568847656,40033900
2024-12-06 00:00:00-05:00,AAPL,Apple Inc.,241.1599112680226,242.86752040520184,240.33588934668637,241.0904083251953,36870600
2024-12-09 00:00:00-05:00,AAPL,Apple Inc.,240.08769312504634,245.4587194212017,240.00826768189094,244.9722442626953,44649200
2024-12-10 00:00:00-05:00,AAPL,Apple Inc.,245.11121388943334,246.4217108653419,243.57237825215392,245.98487854003906,36914800
2024-12-11 00:00:00-05:00,AAPL,Apple Inc.,246.17352158557497,248.9930565140259,244.48575750906295,244.714111328125,45205800
2024-12-12 00:00:00-05:00,AAPL,Apple Inc.,245.11122473397327,246.9479020514793,243.9099357862414,246.17352294921875,32777500
2024-12-13 00:00:00-05:00,AAPL,Apple Inc.,246.03453629863122,247.4939314395242,244.46591792091505,246.34230041503906,33155300
2024-12-16 00:00:00-05:00,AAPL,Apple Inc.,246.2033097230519,249.56888515433104,245.86574781090837,249.2313232421875,51694800
2024-12-17 00:00:00-05:00,AAPL,Apple Inc.,248.2782646635714,252.0012472518288,247.98042302673983,251.6537628173828,51356400
2024-12-18 00:00:00-05:00,AAPL,Apple Inc.,250.34326772719038,252.4479889260113,245.95511429725673,246.26287841796875,56774100
2024-12-19 00:00:00-05:00,AAPL,Apple Inc.,245.71683140567848,250.184410158509,245.3097817058068,247.99032592773438,60882300
2024-12-20 00:00:00-05:00,AAPL,Apple Inc.,246.2529371403228,253.16279902630112,243.919877297432,252.65647888183594,147495300
2024-12-23 00:00:00-05:00,AAPL,Apple Inc.,252.93444954402884,253.80809906094288,251.62395254537785,253.43084716796875,40858800
2024-12-24 00:00:00-05:00,AAPL,Apple Inc.,253.64930053302467,256.34969006633503,253.4507293352449,256.33978271484375,23234700
2024-12-26 00:00:00-05:00,AAPL,Apple Inc.,256.32980188696064,258.2260444048055,255.77383898408218,257.15380859375,27237100
2024-12-27 00:00:00-05:00,AAPL,Apple Inc.,255.9724022209019,256.8361595932908,251.23677948504655,253.74855041503906,42355300
2024-12-30 00:00:00-05:00,AAPL,Apple Inc.,250.4127477342041,251.67360197393796,248.9434149702759,250.38296508789062,35557500
2024-12-31 00:00:00-05:00,AAPL,Apple Inc.,250.6212497119267,251.4551941340452,247.63292614272083,248.6157989501953,39480700
2025-01-02 00:00:00-05:00,AAPL,Apple Inc.,247.13651085819407,247.30529937932678,240.07775127221439,242.09312438964844,55740700
2025-01-03 00:00:00-05:00,AAPL,Apple Inc.,241.6066436767578,242.42072787413275,240.14723350152744,241.6066436767578,40244100
2025-01-06 00:00:00-05:00,AAPL,Apple Inc.,242.54980162717402,245.54804748087855,241.4477983095151,243.23483276367188,45045600
2025-01-07 00:00:00-05:00,AAPL,Apple Inc.,241.22937670987722,243.78086767976055,239.6111308132576,240.46493530273438,40856000
2025-01-08 00:00:00-05:00,AAPL,Apple Inc.,240.17702168463396,241.95413364050106,238.32049944087447,240.95140075683594,37628900
2025-01-10 00:00:00-05:00,AAPL,Apple Inc.,238.28079154222544,238.4297199246896,231.32130202918376,235.14356994628906,61710900
2025-01-13 00:00:00-05:00,AAPL,Apple Inc.,231.84748509521594,232.9792711307645,228.06493742769467,232.71121215820312,49630700
2025-01-14 00:00:00-05:00,AAPL,Apple Inc.,233.05869925952226,234.41882398797216,230.79512716232853,231.5992889404297,39435300
2025-01-15 00:00:00-05:00,AAPL,Apple Inc.,232.94949481929564,237.2383779015073,232.74100113522098,236.15621948242188,39832000
2025-01-16 00:00:00-05:00,AAPL,Apple Inc.,235.6399687194268,236.29520209930612,226.3871093224655,226.61544799804688,71759100
2025-01-17 00:00:00-05:00,AAPL,Apple Inc.,230.447655820989,230.61642921557544,226.83388128979956,228.3230743408203,68488300
2025-01-21 00:00:00-05:00,AAPL,Apple Inc.,222.38612124582832,222.80309340530198,217.79941234276583,221.03591918945312,98070400
2025-01-22 00:00:00-05:00,AAPL,Apple Inc.,218.2064601780486,222.5052654056773,218.2064601780486,222.2173614501953,64126500
2025-01-23 00:00:00-05:00,AAPL,Apple Inc.,223.1208199792776,225.394314538592,220.69839703644928,222.04859924316406,60234800
2025-01-24 00:00:00-05:00,AAPL,Apple Inc.,223.160517277336,224.00439930767484,219.81480209957203,221.1749267578125,54697900
2025-01-27 00:00:00-05:00,AAPL,Apple Inc.,222.40601266103107,230.47742834163907,222.36629236472388,228.2039337158203,94863400
2025-01-28 00:00:00-05:00,AAPL,Apple Inc.,229.1867797612423,238.4594833656038,229.14705946957608,236.5433807373047,75707600
2025-01-29 00:00:00-05:00,AAPL,Apple Inc.,232.43321505583046,238.1318651456976,232.3240069742682,237.63546752929688,45486100
2025-01-30 00:00:00-05:00,AAPL,Apple Inc.,236.95044029141235,239.05516137192973,235.50096771104396,235.8782196044922,55658300
2025-01-31 00:00:00-05:00,AAPL,Apple Inc.,245.40906406001392,245.40906406001392,231.75812916176676,234.2996826171875,100959800
2025-02-03 00:00:00-05:00,AAPL,Apple Inc.,228.33297872450572,230.15971829856622,224.0738787357251,226.3672332763672,73063300
2025-02-04 00:00:00-05:00,AAPL,Apple Inc.,225.61272492539547,231.45036595591674,225.01704170433482,231.12274169921875,45067300
2025-02-05 00:00:00-05:00,AAPL,Apple Inc.,226.88348940722173,230.99366099381652,226.62536810475493,230.79510498046875,39620300
2025-02-06 00:00:00-05:00,AAPL,Apple Inc.,229.62360070928509,232.11552641696264,228.76979621063217,231.53970336914062,29925300
2025-02-07 00:00:00-05:00,AAPL,Apple Inc.,230.92415271230007,232.314059831237,225.62261521840887,225.98995971679688,39707200
2025-02-10 00:00:00-05:00,AAPL,Apple Inc.,228.16659197494192,229.18034555631772,225.81107002878403,226.25831604003906,33115600
2025-02-11 00:00:00-05:00,AAPL,Apple Inc.,226.8049592810601,233.7919821040532,226.7353950927951,231.19793701171875,53718400
2025-02-12 00:00:00-05:00,AAPL,Apple Inc.,229.78663009476247,235.51142789245534,229.26980470124647,235.42196655273438,45243300
2025-02-13 00:00:00-05:00,AAPL,Apple Inc.,235.46174477414044,240.85854326211725,234.12993999243653,240.05349731445312,53614100
2025-02-14 00:00:00-05:00,AAPL,Apple Inc.,239.77520922194773,244.0489258287467,239.5168040933544,243.104736328125,40896200
2025-02-18 00:00:00-05:00,AAPL,Apple Inc.,242.65747382373942,243.6811760890431,240.3615975750387,242.97552490234375,48822500
2025-02-19 00:00:00-05:00,AAPL,Apple Inc.,243.16435439309654,244.50609250836237,241.6735241546838,243.37306213378906,32204200
2025-02-20 00:00:00-05:00,AAPL,Apple Inc.,243.4426355672204,245.27138364211797,242.7966000469895,244.3271942138672,32316900
2025-02-21 00:00:00-05:00,AAPL,Apple Inc.,244.44646835255205,247.16972378813352,243.72093519653038,244.04891967773438,53197400
2025-02-24 00:00:00-05:00,AAPL,Apple Inc.,243.43269920852308,247.33868242018207,242.92582237394555,245.58944702148438,51326400
2025-02-25 00:00:00-05:00,AAPL,Apple Inc.,246.48393846255715,248.47171215983582,243.41283173998391,245.52980041503906,48013300
2025-02-26 00:00:00-05:00,AAPL,Apple Inc.,242.8363877176575,243.48240813544444,237.66817887883008,238.89065551757812,44433600
2025-02-27 00:00:00-05:00,AAPL,Apple Inc.,237.94645181292123,240.9778097055873,235.61081167459415,235.84934997558594,41153600
2025-02-28 00:00:00-05:00,AAPL,Apple Inc.,235.50146657809572,240.61004395755495,228.79273089598732,240.361572265625,56833400
2025-03-03 00:00:00-05:00,AAPL,Apple Inc.,240.31188380351972,242.5381957053339,234.66661403302143,236.5748748779297,47184000
2025-03-04 00:00:00-05:00,AAPL,Apple Inc.,236.2568645897131,238.60243830930253,233.24537329325,234.48773193359375,53798100
2025-03-05 00:00:00-05:00,AAPL,Apple Inc.,233.9808533299346,235.10395038542654,227.82869096216822,234.2989044189453,47227600
2025-03-06 00:00:00-05:00,AAPL,Apple Inc.,233.00684447444675,236.4059358119138,231.73467047090975,233.8914031982422,45170400
2025-03-07 00:00:00-05:00,AAPL,Apple Inc.,233.67272217403436,239.8944479764648,233.3248557337566,237.6085205078125,46273600
2025-03-10 00:00:00-04:00,AAPL,Apple Inc.,234.10009611136832,234.71631625547707,222.84930513729455,226.08937072753906,72071200
2025-03-11 00:00:00-04:00,AAPL,Apple Inc.,222.44182022291236,224.45940937640347,216.12069905845206,219.48997497558594,76137400
2025-03-12 00:00:00-04:00,AAPL,Apple Inc.,218.7942505386503,220.39440897367027,213.5962265598192,215.653564453125,62547500
2025-03-13 00:00:00-04:00,AAPL,Apple Inc.,214.6298526174969,215.5144112677834,207.14588618522245,208.39817810058594,61368300
2025-03-14 00:00:00-04:00,AAPL,Apple Inc.,209.95860913307365,212.6421007492463,208.29881981801313,212.18492126464844,60107600
2025-03-17 00:00:00-04:00,AAPL,Apple Inc.,212.00600336087763,213.9043309003415,208.68642489319868,212.69178771972656,48073400
2025-03-18 00:00:00-04:00,AAPL,Apple Inc.,212.85081593904235,213.83475423543342,210.19713981325924,211.38980102539062,42432400
2025-03-19 00:00:00-04:00,AAPL,Apple Inc.,212.91044076829724,217.4226803637017,212.443312738742,213.92420959472656,54385400
2025-03-20 00:00:00-04:00,AAPL,Apple Inc.,212.6818553101102,216.16045933121794,210.92267131595005,212.7911834716797,48862900
2025-03-21 00:00:00-04:00,AAPL,Apple Inc.,210.26668206389348,217.50217651661012,209.98839498228966,216.9356689453125,94127800
2025-03-24 00:00:00-04:00,AAPL,Apple Inc.,219.64898417718916,220.1260455978378,217.24377992596973,219.38063049316406,44299500
2025-03-25 00:00:00-04:00,AAPL,Apple Inc.,219.42039321145907,222.7300380772677,218.73460889257407,222.38217163085938,34493600
2025-03-26 00:00:00-04:00,AAPL,Apple Inc.,222.1436270366165,223.64440576884627,219.12221792138408,220.1757354736328,34466100
2025-03-27 00:00:00-04:00,AAPL,Apple Inc.,220.03661426059983,223.61461307047793,219.21168633594712,222.48158264160156,37094800
2025-03-28 00:00:00-04:00,AAPL,Apple Inc.,220.31487416588553,222.44179120535847,216.34926057176412,216.5679168701172,39818600
2025-03-31 00:00:00-04:00,AAPL,Apple Inc.,215.6833836525119,224.24075018814546,214.90815310911736,220.7720947265625,65299300
2025-04-01 00:00:00-04:00,AAPL,Apple Inc.,218.46624988397502,222.31258685550372,217.56180927777046,221.82559204101562,36412700
2025-04-02 00:00:00-04:00,AAPL,Apple Inc.,219.9670353213626,223.8133724100327,219.66886624627372,222.5213165283203,35905900
2025-04-03 00:00:00-04:00,AAPL,Apple Inc.,204.2835010267849,206.22159255986557,200.01973301812973,201.9478759765625,103419000
2025-04-04 00:00:00-04:00,AAPL,Apple Inc.,192.70471987275084,198.65810753704542,186.19475800144227,187.22840881347656,125910900
2025-04-07 00:00:00-04:00,AAPL,Apple Inc.,176.1167553732534,192.96313526897592,173.55252535537636,180.35072326660156,160466300
2025-04-08 00:00:00-04:00,AAPL,Apple Inc.,185.5586861535385,189.1764339595553,168.1756135141289,171.36598205566406,120859500
2025-04-09 00:00:00-04:00,AAPL,Apple Inc.,170.89883496621582,199.38363475051753,170.83920418374143,197.6343994140625,184395900
2025-04-10 00:00:00-04:00,AAPL,Apple Inc.,187.9141823452429,193.58926741380884,181.88128226075605,189.25592041015625,121880000
2025-04-11 00:00:00-04:00,AAPL,Apple Inc.,184.96235041538483,198.32017705332044,184.92258644836306,196.9386749267578,87435900
2025-04-14 00:00:00-04:00,AAPL,Apple Inc.,210.14743595954587,211.63826622013798,199.9302804535287,201.28196716308594,101352900
2025-04-15 00:00:00-04:00,AAPL,Apple Inc.,200.6259945192588,202.26590170954893,198.57859009217825,200.90428161621094,51343900
2025-04-16 00:00:00-04:00,AAPL,Apple Inc.,197.1473753495745,199.4730666932086,191.19398828729797,193.08238220214844,59732400
2025-04-17 00:00:00-04:00,AAPL,Apple Inc.,195.99447418061752,197.61451451967758,193.2314700862815,195.77581787109375,52164700
2025-04-21 00:00:00-04:00,AAPL,Apple Inc.,192.08851517151226,192.6152739871965,188.64966000796989,191.97918701171875,46742500
2025-04-22 00:00:00-04:00,AAPL,Apple Inc.,194.92107095045932,200.35763286451953,194.7719939992729,198.51895141601562,52976400
2025-04-23 00:00:00-04:00,AAPL,Apple Inc.,204.7406939661261,206.72846769395255,201.56025903470575,203.34925842285156,52929200
2025-04-24 00:00:00-04:00,AAPL,Apple Inc.,203.63746952607698,207.55338601533765,201.69939326414854,207.09619140625,47311000
2025-04-25 00:00:00-04:00,AAPL,Apple Inc.,205.10841141990002,208.46775361357263,204.9394524859384,208.00062561035156,38222300
2025-04-28 00:00:00-04:00,AAPL,Apple Inc.,208.71623364812058,210.2070638884643,206.1917677806294,208.85537719726562,38743100
2025-04-29 00:00:00-04:00,AAPL,Apple Inc.,207.4142395090872,210.94254069563792,207.09618845243054,209.91883850097656,36827600
2025-04-30 00:00:00-04:00,AAPL,Apple Inc.,208.02050829648644,212.2743425468257,205.40658118436113,211.20094299316406,52286500
2025-05-01 00:00:00-04:00,AAPL,Apple Inc.,207.80184486864306,213.24834004791447,207.6229373664089,212.01593017578125,57365700
2025-05-02 00:00:00-04:00,AAPL,Apple Inc.,204.83013207172814,205.72463931330321,200.92416412992952,204.09466552734375,101010600
2025-05-05 00:00:00-04:00,AAPL,Apple Inc.,201.85841873478097,202.85230555244996,196.99831280299983,197.6741485595703,69018500
2025-05-06 00:00:00-04:00,AAPL,Apple Inc.,196.9982938696683,199.42336473268145,195.81556624383157,197.29644775390625,51216500
2025-05-07 00:00:00-04:00,AAPL,Apple Inc.,197.9524407308952,198.2207944248892,192.0686324392914,195.05029296875,68536700
2025-05-08 00:00:00-04:00,AAPL,Apple Inc.,196.51130456752412,198.82706269335065,193.48988012199126,196.28271484375,50478900
2025-05-09 00:00:00-04:00,AAPL,Apple Inc.,197.7834732241415,199.31405222350435,196.3323918231404,197.31634521484375,36453900
2025-05-12 00:00:00-04:00,AAPL,Apple Inc.,209.95526516858178,210.2538252478288,205.75556156059073,209.776123046875,63775800
2025-05-13 00:00:00-04:00,AAPL,Apple Inc.,209.41784747983854,212.37356332026266,207.99473291206186,211.90582275390625,51909300
2025-05-14 00:00:00-04:00,AAPL,Apple Inc.,211.40822571910564,212.9109724892217,209.56713314477625,211.3087158203125,49325800
2025-05-15 00:00:00-04:00,AAPL,Apple Inc.,209.9353730316401,211.93571508448807,208.53215118256114,210.43296813964844,45029500
2025-05-16 00:00:00-04:00,AAPL,Apple Inc.,211.33858120774948,211.54757782116647,208.7610423595207,210.24386596679688,54737900
2025-05-19 00:00:00-04:00,AAPL,Apple Inc.,206.90999202317107,208.47243269467637,203.2775387890809,207.7758026123047,46140500
2025-05-20 00:00:00-04:00,AAPL,Apple Inc.,206.67113760639387,207.46729276724128,204.04383620537516,205.8650360107422,42496600
2025-05-21 00:00:00-04:00,AAPL,Apple Inc.,204.18315305948536,206.04415370597744,199.74461367242378,201.1179656982422,59211800
2025-05-22 00:00:00-04:00,AAPL,Apple Inc.,199.7446272097534,201.77480849030061,198.7394754118135,200.39149475097656,46742400
2025-05-23 00:00:00-04:00,AAPL,Apple Inc.,192.73846975457602,196.74908474491085,192.52948833207407,194.33078002929688,78432900
2025-05-27 00:00:00-04:00,AAPL,Apple Inc.,197.34622283817185,199.77448939448533,196.4803970243206,199.24703979492188,56288500
2025-05-28 00:00:00-04:00,AAPL,Apple Inc.,199.6251894151235,201.75489573800118,198.9385057789635,199.4560089111328,45339700
2025-05-29 00:00:00-04:00,AAPL,Apple Inc.,202.60081106845576,202.8297005493605,197.55518975609246,198.98826599121094,51396800
2025-05-30 00:00:00-04:00,AAPL,Apple Inc.,198.4110493394953,200.98860329086406,195.83351057352263,199.88394165039062,70819900
2025-06-02 00:00:00-04:00,AAPL,Apple Inc.,199.31669015009302,201.15779807678393,199.15745607510846,200.7298583984375,35423300
2025-06-03 00:00:00-04:00,AAPL,Apple Inc.,200.38154929416936,202.78990771325485,199.99342573046133,202.2923126220703,46381600
2025-06-04 00:00:00-04:00,AAPL,Apple Inc.,201.93404589483336,205.24803106286797,201.12794426741362,201.844482421875,43604000
2025-06-05 00:00:00-04:00,AAPL,Apple Inc.,202.521183994692,203.765171611367,199.1872911078447,199.6649932861328,55126100
2025-06-06 00:00:00-04:00,AAPL,Apple Inc.,202.0236053289331,204.7106157617459,201.07817770068002,202.93917846679688,46607700
2025-06-09 00:00:00-04:00,AAPL,Apple Inc.,203.40692547634254,205.0091823144686,199.05794913802782,200.48106384277344,72862600
2025-06-10 00:00:00-04:00,AAPL,Apple Inc.,199.63515466910712,203.36711781582227,199.60530017876516,201.6951904296875,54672600
2025-06-11 00:00:00-04:00,AAPL,Apple Inc.,202.5211970741936,203.51638723180633,197.45568281643992,197.8238983154297,60989900
2025-06-12 00:00:00-04:00,AAPL,Apple Inc.,198.12244911144163,198.71955406677787,196.410720905765,198.2418670654297,43904600
2025-06-13 00:00:00-04:00,AAPL,Apple Inc.,198.7693188209708,199.4062398916536,194.758703844025,195.50509643554688,51447300
2025-06-16 00:00:00-04:00,AAPL,Apple Inc.,196.35101387226533,197.73432753277095,195.61456771612566,197.4656219482422,43020700
2025-06-17 00:00:00-04:00,AAPL,Apple Inc.,196.25149936947125,197.4357781067605,194.27108064091922,194.69900512695312,38856200
2025-06-18 00:00:00-04:00,AAPL,Apple Inc.,194.9975546383106,196.6197193940347,194.13174409281177,195.6344757080078,45394700
2025-06-20 00:00:00-04:00,AAPL,Apple Inc.,197.28651411005004,200.72986375748766,195.9131467510872,200.03323364257812,96813500
2025-06-23 00:00:00-04:00,AAPL,Apple Inc.,200.6602023375907,201.3269779408771,198.00304635957568,200.53082275390625,55814300
2025-06-24 00:00:00-04:00,AAPL,Apple Inc.,201.61557243039425,202.46149014710028,199.23706853700068,199.3365936279297,54064000
2025-06-25 00:00:00-04:00,AAPL,Apple Inc.,200.48105886821313,202.690382284235,199.65504919597097,200.5905303955078,39525700
2025-06-26 00:00:00-04:00,AAPL,Apple Inc.,200.461158146952,201.66534499125092,198.5006473897771,200.03323364257812,50799100
2025-06-27 00:00:00-04:00,AAPL,Apple Inc.,200.91894034324127,202.24254507531293,199.03803155248616,200.1128387451172,73188600
2025-06-30 00:00:00-04:00,AAPL,Apple Inc.,201.03834688076608,206.39247448465787,198.30157410241034,204.1831512451172,91912800
2025-07-01 00:00:00-04:00,AAPL,Apple Inc.,205.6759415551798,209.17901505124104,205.1484920031366,206.82041931152344,78788900
2025-07-02 00:00:00-04:00,AAPL,Apple Inc.,207.90517762155153,212.3138626915596,207.13887695509675,211.41819763183594,67941800
2025-07-03 00:00:00-04:00,AAPL,Apple Inc.,211.12958235725722,213.61755770997246,210.7912213537831,212.52285766601562,34955800
2025-07-07 00:00:00-04:00,AAPL,Apple Inc.,211.65705062020388,215.18997897032483,207.7957228576545,208.940185546875,50229000
2025-07-08 00:00:00-04:00,AAPL,Apple Inc.,209.08945658408672,210.41304612040562,207.4473837253886,208.9998779296875,42848900
2025-07-09 00:00:00-04:00,AAPL,Apple Inc.,208.52220905408606,210.31355451699514,206.22332203726856,210.1244659423828,48749400
2025-07-10 00:00:00-04:00,AAPL,Apple Inc.,209.49748097232364,212.45319704499605,209.0197939340788,211.3883514404297,44443600
2025-07-11 00:00:00-04:00,AAPL,Apple Inc.,209.55720483784353,211.10969909895366,208.8506131239295,210.1443634033203,39765800
2025-07-14 00:00:00-04:00,AAPL,Apple Inc.,208.92025854176603,209.89555581124029,206.54175471753558,207.61656188964844,38840100
2025-07-15 00:00:00-04:00,AAPL,Apple Inc.,208.21368905566166,210.87084499335577,207.9151289669034,208.10421752929688,42296300
2025-07-16 00:00:00-04:00,AAPL,Apple Inc.,209.28849593835915,211.37838618562168,207.63647661047767,209.149169921875,47490500
2025-07-17 00:00:00-04:00,AAPL,Apple Inc.,209.5571995447156,210.78127919114968,208.58190225319882,209.0098419189453,48068100
2025-07-18 00:00:00-04:00,AAPL,Apple Inc.,209.85575432940058,210.77132749863404,208.6913836081342,210.1642608642578,48974600
2025-07-21 00:00:00-04:00,AAPL,Apple Inc.,211.07984586548804,214.74213848423943,210.61210526026528,211.4580078125,51377400
2025-07-22 00:00:00-04:00,AAPL,Apple Inc.,212.1148098811231,213.91610146940232,211.2091832773312,213.36874389648438,46404100
2025-07-23 00:00:00-04:00,AAPL,Apple Inc.,213.96589762082587,214.11517007989065,211.38835859165647,213.11997985839844,46989300
2025-07-24 00:00:00-04:00,AAPL,Apple Inc.,212.87116805528336,214.65256693634578,212.50295255730364,212.73184204101562,46022600
2025-07-25 00:00:00-04:00,AAPL,Apple Inc.,213.66733592091674,214.20474714033003,212.37358560556336,212.85128784179688,40268800
2025-07-28 00:00:00-04:00,AAPL,Apple Inc.,213.00055398053098,213.81661722083774,212.03521828670327,213.0204620361328,37858000
2025-07-29 00:00:00-04:00,AAPL,Apple Inc.,213.14982178903043,213.7767964509494,209.80599741985404,210.2538299560547,51411700
2025-07-30 00:00:00-04:00,AAPL,Apple Inc.,210.88079278566187,211.36844143995228,206.72090512781878,208.0445098876953,45512500
2025-07-31 00:00:00-04:00,AAPL,Apple Inc.,207.4872131893059,208.83071086700429,206.1636083824018,206.57164001464844,80698400
2025-08-01 00:00:00-04:00,AAPL,Apple Inc.,209.85574027592583,212.5527122409286,200.53081350952442,201.40658569335938,104434500
2025-08-04 00:00:00-04:00,AAPL,Apple Inc.,203.52634207300898,206.88014336875773,200.70995198839026,202.37193298339844,75109300
2025-08-05 00:00:00-04:00,AAPL,Apple Inc.,202.42167200915333,204.35234334482283,201.18764593221573,201.94398498535156,44155100
2025-08-06 00:00:00-04:00,AAPL,Apple Inc.,204.6409599471833,214.3440641251077,204.60114383647723,212.22430419921875,108483100
2025-08-07 00:00:00-04:00,AAPL,Apple Inc.,217.8272171299369,219.78774287041324,215.5382768294147,218.9716796875,90224800
2025-08-08 00:00:00-04:00,AAPL,Apple Inc.,219.76786212559261,229.88894502591432,218.19545972697713,228.24688720703125,113854000
2025-08-11 00:00:00-04:00,AAPL,Apple Inc.,227.08116933177635,228.71513292468896,223.9327956372812,226.34388732910156,61806100
2025-08-12 00:00:00-04:00,AAPL,Apple Inc.,227.17084589508121,229.95058632959714,226.2343181614284,228.8048095703125,55626200
2025-08-13 00:00:00-04:00,AAPL,Apple Inc.,230.2195756343437,234.1351043372746,229.58191650034667,232.47125244140625,69878500
2025-08-14 00:00:00-04:00,AAPL,Apple Inc.,233.1985666998313,234.25466305951576,230.0003892485326,231.92327880859375,51916300
2025-08-15 00:00:00-04:00,AAPL,Apple Inc.,233.1387895567921,233.417757832359,228.49593650929467,230.73765563964844,56038700
2025-08-18 00:00:00-04:00,AAPL,Apple Inc.,230.8472538899505,232.26202593201924,229.26310933608104,230.0402374267578,37476200
2025-08-19 00:00:00-04:00,AAPL,Apple Inc.,230.4287923573085,232.01293684851592,228.50590285589897,229.71144104003906,39402600
2025-08-20 00:00:00-04:00,AAPL,Apple Inc.,229.13358225147155,229.6217843388592,224.93908515924198,225.17819213867188,42263900
2025-08-21 00:00:00-04:00,AAPL,Apple Inc.,225.43723377620466,225.6863136691638,222.95639256938466,224.072265625,30621200
2025-08-22 00:00:00-04:00,AAPL,Apple Inc.,225.33760837029214,228.2468598588307,224.58041092619504,226.9217529296875,42477800
2025-08-25 00:00:00-04:00,AAPL,Apple Inc.,225.6464693442017,228.45609804536198,225.3973894325087,226.323974609375,30983100
2025-08-26 00:00:00-04:00,AAPL,Apple Inc.,226.03502689374838,228.6453946309622,223.86305742355088,228.46604919433594,54575100
2025-08-27 00:00:00-04:00,AAPL,Apple Inc.,227.7686378094015,230.05020313892598,227.41991984776428,229.6417236328125,31259500
2025-08-28 00:00:00-04:00,AAPL,Apple Inc.,229.9704999102399,232.55096405412047,228.4959359400532,231.70408630371094,38074700
2025-08-29 00:00:00-04:00,AAPL,Apple Inc.,231.65426265633033,232.52107103838586,230.51845893056873,231.28562927246094,39418400
2025-09-02 00:00:00-04:00,AAPL,Apple Inc.,228.4062708029861,230.00038826150748,226.1346633063032,228.87454223632812,44075600
2025-09-03 00:00:00-04:00,AAPL,Apple Inc.,236.33698891571112,237.9709525201245,233.49747185558658,237.59234619140625,66427800
2025-09-04 00:00:00-04:00,AAPL,Apple Inc.,237.5723846793371,239.01704493171877,235.86868682669095,238.89749145507812,47549400
2025-09-05 00:00:00-04:00,AAPL,Apple Inc.,239.1167027112504,240.43185187342493,237.61226559630578,238.80784606933594,54870400
2025-09-08 00:00:00-04:00,AAPL,Apple Inc.,238.41928864081726,239.2661511981365,235.47017586985078,237.0045166015625,48999500
2025-09-09 00:00:00-04:00,AAPL,Apple Inc.,236.12775932745953,237.90120710535396,232.5011563745861,233.48751831054688,66313900
2025-09-10 00:00:00-04:00,AAPL,Apple Inc.,231.33545739080094,231.56460664903227,225.118417424808,225.955322265625,83440800
2025-09-11 00:00:00-04:00,AAPL,Apple Inc.,226.04500979013486,229.60186307827533,225.81584532196928,229.18341064453125,50208600
2025-09-12 00:00:00-04:00,AAPL,Apple Inc.,228.3764005514914,233.6469250222829,228.17713965402348,233.20855712890625,55824200
2025-09-15 00:00:00-04:00,AAPL,Apple Inc.,236.12775635652346,237.31337916896246,234.16500543557729,235.828857421875,42699500
2025-09-16 00:00:00-04:00,AAPL,Apple Inc.,236.30708253667353,240.33222235518573,235.45026224943368,237.2735137939453,63421100
2025-09-17 00:00:00-04:00,AAPL,Apple Inc.,238.09051246512186,239.21635855568803,236.85507060288438,238.11044311523438,46508000
2025-09-18 00:00:00-04:00,AAPL,Apple Inc.,239.08682096339746,240.31228984200703,235.77903252032195,237.0045166015625,44249600
2025-09-19 00:00:00-04:00,AAPL,Apple Inc.,240.34217704154452,245.3935247988757,239.32594197772087,244.59646606445312,163741300
2025-09-22 00:00:00-04:00,AAPL,Apple Inc.,247.38616206443075,255.69547916115815,247.2068166293636,255.13751220703125,105517400
2025-09-23 00:00:00-04:00,AAPL,Apple Inc.,254.93828225227924,256.3929004583055,252.64674396870498,253.4936065673828,60275200
2025-09-24 00:00:00-04:00,AAPL,Apple Inc.,254.2807025242173,254.79879299943292,250.11607847800005,251.38140869140625,42303700
2025-09-25 00:00:00-04:00,AAPL,Apple Inc.,252.27808820484515,256.22352044118514,250.7836088309123,255.9246063232422,55202100
2025-09-26 00:00:00-04:00,AAPL,Apple Inc.,253.1648258525147,256.65194458214916,252.84599627139946,254.5198211669922,46076300
2025-09-29 00:00:00-04:00,AAPL,Apple Inc.,253.6231329894407,254.06151607705354,252.07883445903423,253.4936065673828,40127700
2025-09-30 00:00:00-04:00,AAPL,Apple Inc.,253.92202035086734,254.97811672142575,252.17846100632588,253.69287109375,37704300
2025-10-01 00:00:00-04:00,AAPL,Apple Inc.,254.10134722927504,257.83756097799323,253.9917514638179,254.5098419189453,48713900
2025-10-02 00:00:00-04:00,AAPL,Apple Inc.,255.63566078088252,257.229778167004,253.21461153357077,256.18365478515625,42630200
2025-10-03 00:00:00-04:00,AAPL,Apple Inc.,253.73271197999827,258.2858846694617,253.01536064819075,257.07037353515625,49155600
2025-10-06 00:00:00-04:00,AAPL,Apple Inc.,257.0405037108186,258.1165459888059,254.11133663097664,255.74530029296875,44664100
2025-10-07 00:00:00-04:00,AAPL,Apple Inc.,255.86484387966763,256.45266881763376,254.48991791397023,255.53607177734375,31955800
2025-10-08 00:00:00-04:00,AAPL,Apple Inc.,255.5758888188916,257.56852798749276,255.16739414069707,257.1102294921875,36496900
2025-10-09 00:00:00-04:00,AAPL,Apple Inc.,256.86113993459566,257.0504430809132,252.20832947523735,253.10501098632812,38322000
2025-10-10 00:00:00-04:00,AAPL,Apple Inc.,254.00171816056968,255.436420799504,243.10197943699816,244.3673095703125,61999100
2025-10-13 00:00:00-04:00,AAPL,Apple Inc.,248.46219085423505,248.7710475029622,244.6562426215344,246.74851989746094,38142900
2025-10-14 00:00:00-04:00,AAPL,Apple Inc.,245.69241642712313,247.93413549962378,243.79940008876653,246.8581085205078,35478000
2025-10-15 00:00:00-04:00,AAPL,Apple Inc.,248.57178982967116,250.89321639065437,246.559219921403,248.42233276367188,33893600
2025-10-16 00:00:00-04:00,AAPL,Apple Inc.,247.33633482463924,248.1234206007849,244.2278226113223,246.53927612304688,39777000
2025-10-17 00:00:00-04:00,AAPL,Apple Inc.,247.10719170360767,252.44746537322095,246.35995200283696,251.36146545410156,49147000
2025-10-20 00:00:00-04:00,AAPL,Apple Inc.,254.94822099113512,263.4069798400544,254.68918336894043,261.27484130859375,90483000
2025-10-21 00:00:00-04:00,AAPL,Apple Inc.,260.9161783410852,264.3136317818121,260.86634411857244,261.8028869628906,46695900
2025-10-22 00:00:00-04:00,AAPL,Apple Inc.,261.68336485657886,261.882640960004,254.48993535873984,257.49884033203125,45015300
2025-10-23 00:00:00-04:00,AAPL,Apple Inc.,258.98332466328685,259.6608147081683,257.0604350924048,258.6246337890625,32754900
2025-10-24 00:00:00-04:00,AAPL,Apple Inc.,260.2287163700197,263.15789839957887,258.22610426270086,261.85272216796875,38253700
2025-10-27 00:00:00-04:00,AAPL,Apple Inc.,263.9051197703755,268.1295048126629,263.6759553344934,267.8206481933594,44888200
2025-10-28 00:00:00-04:00,AAPL,Apple Inc.,267.9999758056659,268.896687690681,267.16307106420925,268.00994873046875,41534800
2025-10-29 00:00:00-04:00,AAPL,Apple Inc.,268.28892986747474,270.4110953948544,266.1269030442272,268.7073974609375,51086700
2025-10-30 00:00:00-04:00,AAPL,Apple Inc.,270.98894793982623,273.1310593223432,267.49188695276854,270.401123046875,69886500
2025-10-31 00:00:00-04:00,AAPL,Apple Inc.,275.97053891965146,276.29934139392066,268.1693703205502,269.3749084472656,86167100
2025-11-03 00:00:00-05:00,AAPL,Apple Inc.,269.42476736726525,269.8531775103368,265.2701011373342,268.0597839355469,50194600
2025-11-04 00:00:00-05:00,AAPL,Apple Inc.,267.3424445625432,270.49081837885313,266.6350661079627,269.0461730957031,49274800
2025-11-05 00:00:00-05:00,AAPL,Apple Inc.,267.6213843438783,270.70003856307255,265.94757476828966,269.1457824707031,43683100
2025-11-06 00:00:00-05:00,AAPL,Apple Inc.,266.90407480138714,272.3937751745226,266.90407480138714,268.7771301269531,51204000
2025-11-07 00:00:00-05:00,AAPL,Apple Inc.,268.80702532983145,271.2878818962731,265.7881780523408,267.48193359375,48227400
2025-11-10 00:00:00-05:00,AAPL,Apple Inc.,268.2298525605972,272.98692304032335,266.733924572705,268.6985778808594,41312400
2025-11-11 00:00:00-05:00,AAPL,Apple Inc.,269.07757258136417,275.16101963639426,269.0675899882029,274.5028076171875,46208300
2025-11-12 00:00:00-05:00,AAPL,Apple Inc.,274.2535373864602,274.9815668240292,270.96250711171905,272.7276916503906,48398000
2025-11-13 00:00:00-05:00,AAPL,Apple Inc.,273.3658696206449,275.9488654308047,271.3513641926929,272.20904541015625,49602800
2025-11-14 00:00:00-05:00,AAPL,Apple Inc.,270.31420819279356,275.21088338895913,268.8681625557137,271.6705322265625,47431300
2025-11-17 00:00:00-05:00,AAPL,Apple Inc.,268.09027174019775,269.7557213346742,265.00866346949266,266.73394775390625,45018300
2025-11-18 00:00:00-05:00,AAPL,Apple Inc.,269.25705465795,269.97510130800674,264.59974924229334,266.7139892578125,45677300
2025-11-19 00:00:00-05:00,AAPL,Apple Inc.,264.80921977983166,271.47107967039307,264.77930243197466,267.83099365234375,40424500
2025-11-20 00:00:00-05:00,AAPL,Apple Inc.,270.09480618650156,274.68232536305425,265.1981613886433,265.5272521972656,45823600
2025-11-21 00:00:00-05:00,AAPL,Apple Inc.,265.2280517805383,272.5879921198442,264.9488130991126,270.75299072265625,59030800
2025-11-24 00:00:00-05:00,AAPL,Apple Inc.,270.164627965921,276.24807542504453,270.164627965921,275.1710205078125,65585800
2025-11-25 00:00:00-05:00,AAPL,Apple Inc.,274.52274228722064,279.6188865292943,274.5028075356392,276.2181396484375,46914200
2025-11-26 00:00:00-05:00,AAPL,Apple Inc.,276.2082055022192,278.7712367451818,275.8791146523587,276.7966003417969,33431400
2025-11-28 00:00:00-05:00,AAPL,Apple Inc.,276.50736791500816,278.242634823177,275.2407959413455,278.0930480957031,20135600
2025-12-01 00:00:00-05:00,AAPL,Apple Inc.,277.2553332443013,282.65065109438723,275.3904143522869,282.3315124511719,46587700
2025-12-02 00:00:00-05:00,AAPL,Apple Inc.,282.231773534172,286.619823290159,281.86278279875575,285.4131164550781,53669500
2025-12-03 00:00:00-05:00,AAPL,Apple Inc.,285.4231155973949,287.8365294074879,282.5309633672564,283.378662109375,43538700
2025-12-04 00:00:00-05:00,AAPL,Apple Inc.,283.3287830094401,283.95707766942763,277.83373081751637,279.9380187988281,43989100
2025-12-05 00:00:00-05:00,AAPL,Apple Inc.,279.77845592816414,280.37683325787106,277.2951945750906,278.0232238769531,47265800
2025-12-08 00:00:00-05:00,AAPL,Apple Inc.,277.374989388386,278.9108174051644,275.4003533668138,277.1356506347656,38211800
2025-12-09 00:00:00-05:00,AAPL,Apple Inc.,277.40493251311347,279.2698514894354,276.16830825817004,276.4275817871094,32193300
2025-12-10 00:00:00-05:00,AAPL,Apple Inc.,276.9960211276047,278.9905919368044,275.68957968235776,278.0232238769531,33038300
2025-12-11 00:00:00-05:00,AAPL,Apple Inc.,278.34237127554803,278.8310314000742,273.0667227973629,277.2752685546875,33248000
2025-12-12 00:00:00-05:00,AAPL,Apple Inc.,277.14559334691864,278.4620173164318,276.06853855760204,277.5245666503906,39532900
2025-12-15 00:00:00-05:00,AAPL,Apple Inc.,279.3894873363706,279.3894873363706,272.0993337942639,273.3658752441406,50409100
2025-12-16 00:00:00-05:00,AAPL,Apple Inc.,272.07941349564567,274.752131096348,271.0522107383373,273.8645324707031,37648600
2025-12-17 00:00:00-05:00,AAPL,Apple Inc.,274.2634587890498,275.41033087528734,270.9026119684932,271.10205078125,50138700
2025-12-18 00:00:00-05:00,AAPL,Apple Inc.,272.8672697170699,272.88723490520505,266.22537510199504,271.4511413574219,51630700
2025-12-19 00:00:00-05:00,AAPL,Apple Inc.,271.4112306527045,273.8545921928022,269.1673383776201,272.9271240234375,144632000
2025-12-22 00:00:00-05:00,AAPL,Apple Inc.,272.1192896847017,273.13654030849926,269.7756932559407,270.23443603515625,36571800
2025-12-23 00:00:00-05:00,AAPL,Apple Inc.,270.1048034873943,271.7603010837797,268.8282792538215,271.62066650390625,29642000
2025-12-24 00:00:00-05:00,AAPL,Apple Inc.,271.60070067851706,274.6823088952694,271.46109654935304,273.06671142578125,17910600
2025-12-26 00:00:00-05:00,AAPL,Apple Inc.,273.4158142002898,274.6225212124231,272.1193247047194,272.6578674316406,21521800
2025-12-29 00:00:00-05:00,AAPL,Apple Inc.,271.9497734782625,273.61522314661676,271.6107000753325,273.0168762207031,23715200
2025-12-30 00:00:00-05:00,AAPL,Apple Inc.,272.06942798009953,273.3359694836473,271.54086793463244,272.33868408203125,22139600
2025-12-31 00:00:00-05:00,AAPL,Apple Inc.,272.3187639976345,272.9370761103812,271.0123224859311,271.12200927734375,27293600
2026-01-02 00:00:00-05:00,AAPL,Apple Inc.,271.52095990203577,277.0857995993762,268.26979943372277,270.27435302734375,37838100
2026-01-05 00:00:00-05:00,AAPL,Apple Inc.,269.9053759278346,270.7730094869922,265.41759095171795,266.5345458984375,45647200
2026-01-06 00:00:00-05:00,AAPL,Apple Inc.,266.27524679504927,266.8237416838396,261.4084883511094,261.6478271484375,52352100
2026-01-07 00:00:00-05:00,AAPL,Apple Inc.,262.485556491205,262.96423405428067,259.10474402829175,259.6233215332031,48309800
2026-01-08 00:00:00-05:00,AAPL,Apple Inc.,256.3222864925608,258.58614386359903,255.00587765735156,258.3368225097656,50419300
2026-01-09 00:00:00-05:00,AAPL,Apple Inc.,258.3767027680543,259.5036402038468,255.52448097015204,258.6659240722656,39997000
2026-01-12 00:00:00-05:00,AAPL,Apple Inc.,258.45648066308013,260.5906555331263,256.1028713590674,259.54351806640625,45263800
2026-01-13 00:00:00-05:00,AAPL,Apple Inc.,258.01770778709204,261.0993163539261,257.68861696081353,260.34136962890625,45730800
2026-01-14 00:00:00-05:00,AAPL,Apple Inc.,258.78557762508564,261.1092696408236,256.0131254420647,259.2543029785156,40019400
2026-01-15 00:00:00-05:00,AAPL,Apple Inc.,259.94247342351326,260.3314293980394,256.35223934409396,257.50909423828125,39388600
2026-01-16 00:00:00-05:00,AAPL,Apple Inc.,257.1998957308392,258.1971811198186,254.23795690818102,254.83633422851562,72142800
2026-01-20 00:00:00-05:00,AAPL,Apple Inc.,252.04394930256512,254.09835490933511,242.75922413209136,246.0303192138672,80267500
2026-01-21 00:00:00-05:00,AAPL,Apple Inc.,248.02489020045314,250.87712721718017,244.51444112970407,246.9777374267578,54641700
2026-01-22 00:00:00-05:00,AAPL,Apple Inc.,248.52352576906395,250.31864258405668,247.47637302553753,247.67584228515625,39708300
2026-01-23 00:00:00-05:00,AAPL,Apple Inc.,246.64863719927277,248.73296007338791,244.0157890837153,247.36666870117188,41689000
2026-01-26 00:00:00-05:00,AAPL,Apple Inc.,250.7973501838168,255.86356228737432,249.121917868832,254.71669006347656,55969200
2026-01-27 00:00:00-05:00,AAPL,Apple Inc.,258.4664899667647,261.2389423700868,257.5090739976807,257.56890869140625,49648300
2026-01-28 00:00:00-05:00,AAPL,Apple Inc.,256.9505880888889,258.1572949521919,253.81911240916085,255.74388122558594,41288000
2026-01-29 00:00:00-05:00,AAPL,Apple Inc.,257.29964922744847,258.94516415300217,253.7193980705993,257.5788879394531,67253000
2026-01-30 00:00:00-05:00,AAPL,Apple Inc.,254.4773517832236,261.1890792690021,251.49546251262876,258.7756652832031,92443400
2026-02-02 00:00:00-05:00,AAPL,Apple Inc.,259.3241194003358,269.7557160843994,258.50633807413067,269.27703857421875,73913400
2026-02-03 00:00:00-05:00,AAPL,Apple Inc.,268.4692659190308,271.1419837262723,266.88355520832346,268.7485046386719,64394700
2026-02-04 00:00:00-05:00,AAPL,Apple Inc.,271.55083028665655,278.19275421850585,271.55083028665655,275.7394104003906,90545700
2026-02-05 00:00:00-05:00,AAPL,Apple Inc.,277.37501624935936,278.7412924914769,272.48832346973,275.1610412597656,52977400
2026-02-06 00:00:00-05:00,AAPL,Apple Inc.,276.3677049075235,280.1474248180158,276.1782182606431,277.364990234375,50453400
2026-02-09 00:00:00-05:00,AAPL,Apple Inc.,277.41494619870406,277.70443813431814,271.2160169672847,274.13079833984375,44623400
2026-02-10 00:00:00-05:00,AAPL,Apple Inc.,274.40031021957236,274.87943562430115,272.4537718732244,273.19244384765625,34376900
2026-02-11 00:00:00-05:00,AAPL,Apple Inc.,274.2106536370846,279.6808719096702,273.9610989943363,275.00921630859375,51931300
2026-02-12 00:00:00-05:00,AAPL,Apple Inc.,275.09909064411113,275.22886395053104,259.7165366668213,261.2637939453125,81077200
2026-02-13 00:00:00-05:00,AAPL,Apple Inc.,261.5432690161623,261.7628783299504,254.9949421084194,255.32435607910156,56290700
2026-02-17 00:00:00-05:00,AAPL,Apple Inc.,257.5903108294174,265.8156532326085,255.08478749757862,263.4099426269531,58469100
2026-02-18 00:00:00-05:00,AAPL,Apple Inc.,263.13045584681157,266.3447212846438,261.9825104325609,263.8791198730469,34203300
2026-02-19 00:00:00-05:00,AAPL,Apple Inc.,262.13220471573277,264.00886051677537,259.5867290635135,260.11578369140625,30845300
2026-02-20 00:00:00-05:00,AAPL,Apple Inc.,258.50868117461044,264.2783836675007,257.7001265171608,264.1086730957031,42070500
2026-02-23 00:00:00-05:00,AAPL,Apple Inc.,263.0206001676805,268.95002088588865,262.91081074777924,265.705810546875,37308200
2026-02-24 00:00:00-05:00,AAPL,Apple Inc.,267.38283777638213,274.4003442568012,267.233111068832,271.6552429199219,47014600
2026-02-25 00:00:00-05:00,AAPL,Apple Inc.,271.29586819299504,274.45024283739696,270.567157599074,273.74151611328125,33714300
2026-02-26 00:00:00-05:00,AAPL,Apple Inc.,274.4602128097023,275.61811956353745,270.31758130113775,272.4637756347656,32345100
2026-02-27 00:00:00-05:00,AAPL,Apple Inc.,272.3240124520744,272.3240124520744,262.4217010495403,263.7093811035156,72366500
2026-03-02 00:00:00-05:00,AAPL,Apple Inc.,261.94253069595567,266.05518620599753,259.73647625260065,264.2484130859375,41827900
2026-03-03 00:00:00-05:00,AAPL,Apple Inc.,263.0106738027697,265.08695529305965,259.6666350681776,263.2801818847656,38568900
2026-03-04 00:00:00-05:00,AAPL,Apple Inc.,264.17854815272653,265.67587606267574,260.95432154975975,262.0523376464844,39803100
2026-03-05 00:00:00-05:00,AAPL,Apple Inc.,260.3254337562426,261.09405110124777,256.79173142961054,259.8263244628906,49658600
2026-03-06 00:00:00-05:00,AAPL,Apple Inc.,258.16927189629365,258.3090066542827,253.916851068475,257.0013427734375,41120000
2026-03-09 00:00:00-04:00,AAPL,Apple Inc.,255.2345148744848,260.68477987096253,253.22808575123491,259.41705322265625,38218500
2026-03-10 00:00:00-04:00,AAPL,Apple Inc.,257.19102845716964,262.01244158439727,256.4922936817907,260.3653564453125,30590800
2026-03-11 00:00:00-04:00,AAPL,Apple Inc.,260.62486739620806,261.6630231774062,259.08760235948154,260.3453674316406,26218900
2026-03-12 00:00:00-04:00,AAPL,Apple Inc.,258.1992253881205,258.48871731031414,253.72719511663234,255.30438232421875,40794000
2026-03-13 00:00:00-04:00,AAPL,Apple Inc.,255.024890934378,255.87336762960538,249.07551643845036,249.6744384765625,36930000
2026-03-16 00:00:00-04:00,AAPL,Apple Inc.,251.66090222791988,253.43773019062647,249.4348789230203,252.36964416503906,32074200
2026-03-17 00:00:00-04:00,AAPL,Apple Inc.,252.5093881906664,254.67552076289968,251.7307636559193,253.77711486816406,32361600
2026-03-18 00:00:00-04:00,AAPL,Apple Inc.,252.1799767808244,254.48585937367065,248.55643828829037,249.49476623535156,35757900
2026-03-19 00:00:00-04:00,AAPL,Apple Inc.,248.95572868612365,251.38140795985734,246.85947863088072,248.5165252685547,34864100
2026-03-20 00:00:00-04:00,AAPL,Apple Inc.,247.53824109812177,248.75606899357115,245.56177255944445,247.54823303222656,88331100
2026-03-23 00:00:00-04:00,AAPL,Apple Inc.,253.51758537106093,254.14646797882926,249.83415620831627,251.04200744628906,40546100
2026-03-24 00:00:00-04:00,AAPL,Apple Inc.,249.90403139868116,254.37604644028636,249.10545347620703,251.1917266845703,45152300
2026-03-25 00:00:00-04:00,AAPL,Apple Inc.,253.6473574345128,254.5457480998694,251.15181088451408,252.16998291015625,28476700
2026-03-26 00:00:00-04:00,AAPL,Apple Inc.,251.67088153367666,256.5421934269488,250.32329549316128,252.43951416015625,41796700
2026-03-27 00:00:00-04:00,AAPL,Apple Inc.,253.4477020992108,255.03488128462607,247.6281009352486,248.35679626464844,47900000
2026-03-30 00:00:00-04:00,AAPL,Apple Inc.,249.62453299565456,250.4230956915925,245.07264337813007,246.19065856933594,39446200
2026-03-31 00:00:00-04:00,AAPL,Apple Inc.,247.46837564153284,255.02488248828539,246.65982101631488,253.337890625,49598100
2026-04-01 00:00:00-04:00,AAPL,Apple Inc.,253.62737973002484,255.7236296181179,252.8787157917901,255.17462158203125,40059400
2026-04-02 00:00:00-04:00,AAPL,Apple Inc.,253.74717405681358,255.6737439434535,250.20349485503914,255.464111328125,31289400
2026-04-06 00:00:00-04:00,AAPL,Apple Inc.,256.053045051996,261.6929736576745,256.003115847535,258.3988342285156,29329900
2026-04-07 00:00:00-04:00,AAPL,Apple Inc.,255.70368128016966,255.7436185540334,245.2623079794448,253.0484161376953,62148000
2026-04-08 00:00:00-04:00,AAPL,Apple Inc.,257.98960165960847,259.2872736156141,256.0730086009651,258.43878173828125,41032800
2026-04-09 00:00:00-04:00,AAPL,Apple Inc.,258.5386040524215,260.65482250105316,255.6138310165902,260.02593994140625,28121600
2026-04-10 00:00:00-04:00,AAPL,Apple Inc.,259.5168819122501,261.7229364827484,258.5585701252562,260.0159912109375,31291500
2026-04-13 00:00:00-04:00,AAPL,Apple Inc.,259.2673359057164,259.71651601158027,256.2027973984465,258.73828125,36234700
2026-04-14 00:00:00-04:00,AAPL,Apple Inc.,258.78816168339415,261.4633801130582,256.73183388682423,258.368896484375,48370700
2026-04-15 00:00:00-04:00,AAPL,Apple Inc.,257.7001261657452,266.08515659729386,257.35074355126085,265.95538330078125,49913500
2026-04-16 00:00:00-04:00,AAPL,Apple Inc.,266.3246925362851,266.6840670491935,260.804545264895,262.9307556152344,43323100
2026-04-17 00:00:00-04:00,AAPL,Apple Inc.,266.4844323486072,271.8149160854778,266.24486962975914,269.7486267089844,61436200
2026-04-20 00:00:00-04:00,AAPL,Apple Inc.,269.84841238867654,273.7913879220191,269.80850557942483,272.5635681152344,36590200
2026-04-21 00:00:00-04:00,AAPL,Apple Inc.,271.0163536236942,272.3140256362382,264.9272139873882,265.69586181640625,50209800
2026-04-22 00:00:00-04:00,AAPL,Apple Inc.,267.3429346055621,273.2523721409737,266.39461467279705,272.68341064453125,43249200
2026-04-23 00:00:00-04:00,AAPL,Apple Inc.,274.56001085217736,275.2787294551341,271.1660737405759,272.9429016113281,33399600
2026-04-24 00:00:00-04:00,AAPL,Apple Inc.,272.2741016414235,272.5735550213531,269.16962610782736,270.5771179199219,38157100
2026-04-27 00:00:00-04:00,AAPL,Apple Inc.,265.6159889280984,267.88193422863776,264.59781690250213,267.1332702636719,41466800
2026-04-28 00:00:00-04:00,AAPL,Apple Inc.,271.8548539018017,272.7432830913257,268.181416710472,270.2277526855469,40018900
2026-04-29 00:00:00-04:00,AAPL,Apple Inc.,267.07336249706583,270.55716597281076,266.56429174844374,269.688720703125,30047900
2026-04-30 00:00:00-04:00,AAPL,Apple Inc.,270.018146234023,275.50834883767226,267.6623648300734,270.86663818359375,91848200
2026-05-01 00:00:00-04:00,AAPL,Apple Inc.,278.36321169794013,286.7083346607987,277.87409435408995,279.6409606933594,79915400
2026-05-04 00:00:00-04:00,AAPL,Apple Inc.,279.16182884121525,280.13010214166496,274.3703610857382,276.33685302734375,46668400
2026-05-05 00:00:00-04:00,AAPL,Apple Inc.,276.43668191704,284.0630869835518,276.00745521106614,283.67376708984375,49311700
2026-05-06 00:00:00-04:00,AAPL,Apple Inc.,281.4177950537395,287.5168959460148,280.5693031693742,286.9978332519531,58336100
2026-05-07 00:00:00-04:00,AAPL,Apple Inc.,288.75467457606095,291.60959552514373,285.2709015174152,286.9279479980469,45224300
2026-05-08 00:00:00-04:00,AAPL,Apple Inc.,289.49338424193445,294.2349225642168,289.48339230776435,292.7974853515625,52692800
2026-05-11 00:00:00-04:00,AAPL,Apple Inc.,291.72841688276577,293.6267735875138,289.979924827367,292.42779541015625,42247300
2026-05-12 00:00:00-04:00,AAPL,Apple Inc.,292.3078994315659,295.0155556946294,292.3078994315659,294.54595947265625,45748100
2026-05-13 00:00:00-04:00,AAPL,Apple Inc.,293.24708951115105,300.6607090744109,293.24708951115105,298.6124572753906,52684300
2026-05-14 00:00:00-04:00,AAPL,Apple Inc.,299.5616620172475,300.1911240450107,295.12548538387824,297.9530334472656,35324900
2026-05-15 00:00:00-04:00,AAPL,Apple Inc.,297.643304079477,302.93875555297063,296.26448829773227,299.9713134765625,54862800
2026-05-18 00:00:00-04:00,AAPL,Apple Inc.,299.98126929450746,300.4009207908792,294.6558756451712,297.5833435058594,34483000
2026-05-19 00:00:00-04:00,AAPL,Apple Inc.,296.7140952726279,300.2510533099592,296.09463441963413,298.7123718261719,42243600
2026-05-20 00:00:00-04:00,AAPL,Apple Inc.,297.9230626302997,302.5390768782648,297.82314269813475,301.98956298828125,38229800
2026-05-21 00:00:00-04:00,AAPL,Apple Inc.,300.80056674721834,305.27671719779084,300.1411318265125,304.7271728515625,42965100
2026-05-22 00:00:00-04:00,AAPL,Apple Inc.,305.85620846339293,311.13165741506583,305.57645096183757,308.55389404296875,43670200
2026-05-26 00:00:00-04:00,AAPL,Apple Inc.,309.29325163060713,311.5513139598484,307.4048960873393,308.0643005371094,48000500
2026-05-27 00:00:00-04:00,AAPL,Apple Inc.,308.0643052358437,312.9900803339556,308.0343323058515,310.5821533203125,50430900
2026-05-28 00:00:00-04:00,AAPL,Apple Inc.,310.412282475935,312.5304508120942,309.30325358892543,312.24072265625,48220400
2026-05-29 00:00:00-04:00,AAPL,Apple Inc.,311.5113496628706,314.7285763294451,309.2632884033746,311.7911071777344,70026800
2026-06-01 00:00:00-04:00,AAPL,Apple Inc.,309.363197507879,310.67206624496237,304.7571540774977,306.0460510253906,48849900
2026-06-02 00:00:00-04:00,AAPL,Apple Inc.,307.1950545511415,315.1781903378333,306.42572903356995,314.92840576171875,44534700
2026-06-03 00:00:00-04:00,AAPL,Apple Inc.,313.9092501546009,316.6668815001487,308.5838566628498,309.9926452636719,50836700
2026-06-04 00:00:00-04:00,AAPL,Apple Inc.,312.96009909963743,313.26982953176514,309.38316692864953,310.9618225097656,44869100
2026-06-05 00:00:00-04:00,AAPL,Apple Inc.,312.5903972939029,314.8984348439246,306.8853260765596,307.0751647949219,65310500
2026-06-08 00:00:00-04:00,AAPL,Apple Inc.,308.4739595974908,317.1265012321255,300.9105055796523,301.2801818847656,77949100
2026-06-09 00:00:00-04:00,AAPL,Apple Inc.,300.0212482417878,300.4908444635933,287.5320194610898,290.29962158203125,70108800
2026-06-10 00:00:00-04:00,AAPL,Apple Inc.,290.4894628291428,294.4960172141002,287.1323727394638,291.3287353515625,52793300
2026-06-11 00:00:00-04:00,AAPL,Apple Inc.,293.4668864344149,296.7440586571729,289.3404406054596,295.375244140625,42572500
2026-06-12 00:00:00-04:00,AAPL,Apple Inc.,295.7749221682621,296.88398158337014,289.3704417369658,290.879150390625,38742100
2026-06-15 00:00:00-04:00,AAPL,Apple Inc.,293.8665449684006,297.5233947188816,291.4486474146935,296.1645812988281,45732600
2026-06-16 00:00:00-04:00,AAPL,Apple Inc.,294.99559499590845,300.2210994929347,293.71669913987887,298.9821472167969,39874400
2026-06-17 00:00:00-04:00,AAPL,Apple Inc.,300.59074812548096,301.8096980081642,294.10632015937927,295.6949768066406,42745100
2026-06-18 00:00:00-04:00,AAPL,Apple Inc.,297.8530937792582,300.31099586682666,295.3652492546472,297.7532043457031,85962200
2026-06-22 00:00:00-04:00,AAPL,Apple Inc.,297.05381866220307,302.1594314563154,296.5043047694293,296.75408935546875,44879900
2026-06-23 00:00:00-04:00,AAPL,Apple Inc.,297.2836155142734,301.3800886038737,293.9264950024863,294.04638671875,52010900
2026-06-24 00:00:00-04:00,AAPL,Apple Inc.,295.1054570720635,299.4417438827621,292.68755959702736,292.8274230957031,53081900
2026-06-25 00:00:00-04:00,AAPL,Apple Inc.,287.1523472601469,288.55113481081804,273.5141152813601,274.91290283203125,107013700
2026-06-26 00:00:00-04:00,AAPL,Apple Inc.,274.7630284991681,285.70360492137456,273.9737007161028,283.53546142578125,261775500
2026-06-29 00:00:00-04:00,AAPL,Apple Inc.,286.4829438934296,288.12151489662153,279.6088673150861,281.4972229003906,66427000
2026-06-30 00:00:00-04:00,AAPL,Apple Inc.,280.9277417485351,289.69017405322865,280.45814550695326,289.11065673828125,65100200
2026-07-01 00:00:00-04:00,AAPL,Apple Inc.,293.1871503157195,296.33442991747245,288.95081360688545,294.1263427734375,50164200
2026-07-02 00:00:00-04:00,AAPL,Apple Inc.,293.866538367699,309.15337194761725,293.4269150966668,308.3640441894531,75352800
2026-07-06 00:00:00-04:00,AAPL,Apple Inc.,307.0951430290638,313.9292760509671,306.7354678654279,312.3905944824219,53590000
2026-07-07 00:00:00-04:00,AAPL,Apple Inc.,315.0183186077797,315.20815732134815,309.88273318392555,310.3923034667969,42490000
2026-07-08 00:00:00-04:00,AAPL,Apple Inc.,311.6412289475945,314.5487250421545,306.7854009831778,313.1199645996094,41323500
2026-07-09 00:00:00-04:00,AAPL,Apple Inc.,310.24243869469103,316.2572401947346,307.8944576262147,315.947509765625,48124500
2026-07-10 00:00:00-04:00,AAPL,Apple Inc.,314.4488202226986,316.6369356310425,311.9010296470402,315.0483093261719,34132300
2026-07-13 00:00:00-04:00,AAPL,Apple Inc.,316.7468014245228,323.171283634363,315.5078797345754,317.03656005859375,43257800
2026-07-14 00:00:00-04:00,AAPL,Apple Inc.,313.48965629761443,315.91755515351207,311.64124426456783,314.58868408203125,36336800
2026-07-15 00:00:00-04:00,AAPL,Apple Inc.,317.34631234952286,328.44675508114506,317.0465830462295,327.2178039550781,60957600
2026-07-16 00:00:00-04:00,AAPL,Apple Inc.,327.72736328456057,334.3915986652446,326.50841333986017,332.97283935546875,62970600
2026-07-17 00:00:00-04:00,AAPL,Apple Inc.,331.693929977533,334.7013154010385,328.71648699084636,333.452392578125,63407100
2026-07-20 00:00:00-04:00,AAPL,Apple Inc.,333.2226134619852,333.4224228207836,323.4010672140761,326.3085632324219,53468000
2026-07-21 00:00:00-04:00,AAPL,Apple Inc.,322.85156758462244,329.3159936819017,321.94234806189104,327.45758056640625,41338900
2026-07-22 00:00:00-04:00,AAPL,Apple Inc.,327.58746619388995,328.7164973399543,323.0613709608057,325.60919189453125,38755900
2026-07-23 00:00:00-04:00,AAPL,Apple Inc.,321.4527900194849,323.0214140443725,319.0748358849152,321.3828430175781,40840800
2026-07-24 00:00:00-04:00,AAPL,Apple Inc.,321.5127284115298,334.0818750563203,321.3428614810286,332.7330322265625,47489400
2026-07-27 00:00:00-04:00,AAPL,Apple Inc.,334.2517370375488,339.277401491225,333.73216560461384,336.61968994140625,49604300
2026-07-28 00:00:00-04:00,AAPL,Apple Inc.,339.73698155301014,342.59453283396704,335.31080637618777,339.78692626953125,51859000
2026-07-29 00:00:00-04:00,AAPL,Apple Inc.,339.43727163464206,344.2730974331505,337.0593175600121,337.8985900878906,56090800
2026-07-30 00:00:00-04:00,AAPL,Apple Inc.,332.8129674612056,334.4615395264105,329.30598233808786,333.1426696777344,74817800
2026-07-31 00:00:00-04:00,AAPL,Apple Inc.,304.54735603914753,310.4222943774597,299.7415030462749,308.6438293457031,132489100
2026-08-03 00:00:00-04:00,AAPL,Apple Inc.,309.313234694189,311.5313230344714,302.29929450581176,303.1585693359375,75052000
2026-08-04 00:00:00-04:00,AAPL,Apple Inc.,302.46913991298527,310.1525156602479,301.0603512911937,309.1134033203125,68001000
2026-08-05 00:00:00-04:00,AAPL,Apple Inc.,309.09342362565195,311.4414048335362,305.40663118634393,310.7320251464844,49438800
2026-08-06 00:00:00-04:00,AAPL,Apple Inc.,314.06913775686996,316.0174696892129,308.96355554648414,312.14080810546875,46139900
2026-08-07 00:00:00-04:00,AAPL,Apple Inc.,311.1816431226555,314.53873325457766,310.47223295908327,313.05999755859375,34437200
2026-08-10 00:00:00-04:00,AAPL,Apple Inc.,306.8299865722656,308.260009765625,304.6099853515625,308.260009765625,44812500
2026-08-11 00:00:00-04:00,AAPL,Apple Inc.,307.75,309.9700012207031,302.7900085449219,304.9100036621094,37476700
2026-08-12 00:00:00-04:00,AAPL,Apple Inc.,305.1000061035156,305.6600036621094,300.57000732421875,302.25,41657800
2026-08-13 00:00:00-04:00,AAPL,Apple Inc.,304.2099914550781,306.0,302.04998779296875,305.260009765625,40349300
2026-08-14 00:00:00-04:00,AAPL,Apple Inc.,306.0,307.489990234375,304.29998779296875,305.92999267578125,28229400
2026-08-17 00:00:00-04:00,AAPL,Apple Inc.,306.2099914550781,307.6600036621094,302.94000244140625,305.5899963378906,38169300
2026-08-18 00:00:00-04:00,AAPL,Apple Inc.,,,,,46451172
2023-08-21 00:00:00-04:00,MSFT,Microsoft,311.23877242073405,315.9769051965937,310.3675190796091,315.10565185546875,24040000
2023-08-22 00:00:00-04:00,MSFT,Microsoft,318.6494284839002,319.2172084832267,314.6944471815671,315.67340087890625,16084600
2023-08-23 00:00:00-04:00,MSFT,Microsoft,317.00491418385315,322.2716918616051,316.65247518341954,320.11798095703125,21166400
2023-08-24 00:00:00-04:00,MSFT,Microsoft,325.84476921608996,325.97203798658785,313.2260407459276,313.23583984375,23281400
2023-08-25 00:00:00-04:00,MSFT,Microsoft,314.70426538436715,318.5123799630537,312.09044570865603,316.1824951171875,21684100
2023-08-28 00:00:00-04:00,MSFT,Microsoft,318.8061314202153,319.2858092722639,314.949050654982,316.88739013671875,14808500
2023-08-29 00:00:00-04:00,MSFT,Microsoft,315.1056925945481,322.056271402599,315.1056925945481,321.4982604980469,19284600
2023-08-30 00:00:00-04:00,MSFT,Microsoft,321.7528000842896,322.86879202505213,319.57952117301215,321.8702697753906,15222100
2023-08-31 00:00:00-04:00,MSFT,Microsoft,322.2716344766663,323.94563727355137,319.9025529034829,320.8619384765625,26411000
2023-09-01 00:00:00-04:00,MSFT,Microsoft,324.33717196139406,325.00285335659055,319.9025125671937,321.7429504394531,14942000
2023-09-05 00:00:00-04:00,MSFT,Microsoft,322.07580143984785,327.8026871669536,321.74296073160247,326.530029296875,18553900
2023-09-06 00:00:00-04:00,MSFT,Microsoft,326.3636529709045,327.4209100280818,323.23098856949474,325.8741760253906,17535800
2023-09-07 00:00:00-04:00,MSFT,Microsoft,324.3175746347369,326.0698802204904,322.10512974677425,322.96661376953125,18381000
2023-09-08 00:00:00-04:00,MSFT,Microsoft,323.14287386196446,329.0851309217736,322.5261281543159,327.2348937988281,19530100
2023-09-11 00:00:00-04:00,MSFT,Microsoft,330.1423875895978,331.29757584054045,328.37048350695864,330.8276672363281,16583300
2023-09-12 00:00:00-04:00,MSFT,Microsoft,328.75231798743556,329.7019045004539,324.5036614898463,324.78753662109375,17565500
2023-09-13 00:00:00-04:00,MSFT,Microsoft,324.33721264984047,329.76062559468676,324.2001746396606,328.98724365234375,16544400
2023-09-14 00:00:00-04:00,MSFT,Microsoft,332.01216654665086,333.68616913545833,329.4864789543326,331.5716552734375,20267000
2023-09-15 00:00:00-04:00,MSFT,Microsoft,329.82917548465673,330.29905425690873,322.7121612017879,323.2701721191406,37679800
2023-09-18 00:00:00-04:00,MSFT,Microsoft,320.90106058890035,323.4463465779978,319.4913646526402,322.1345520019531,16834200
2023-09-19 00:00:00-04:00,MSFT,Microsoft,319.3053983263758,322.45763099664185,317.6803313099975,321.7331848144531,16505900
2023-09-20 00:00:00-04:00,MSFT,Microsoft,322.5750893265996,322.65339248865484,313.76450476801705,314.0190124511719,21436500
2023-09-21 00:00:00-04:00,MSFT,Microsoft,312.54080796824985,318.50263318201627,308.37045511046944,312.80511474609375,35560400
2023-09-22 00:00:00-04:00,MSFT,Microsoft,314.5574539286877,314.68472270748657,309.49624944861836,310.3381652832031,21447900
2023-09-25 00:00:00-04:00,MSFT,Microsoft,309.92700700519936,310.98429393163934,308.3704739123921,310.8570251464844,17836000
2023-09-26 00:00:00-04:00,MSFT,Microsoft,308.49767963479206,309.2318948987817,303.4952107676556,305.57061767578125,26297600
2023-09-27 00:00:00-04:00,MSFT,Microsoft,305.7272320635668,307.68513948600474,303.17217721742753,306.2069396972656,19410100
2023-09-28 00:00:00-04:00,MSFT,Microsoft,304.4448112128742,308.8403337798226,302.93724397750015,307.0390625,19683600
2023-09-29 00:00:00-04:00,MSFT,Microsoft,311.06252155319055,312.7463230222275,308.35083070419796,309.1046142578125,24147300
2023-10-02 00:00:00-04:00,MSFT,Microsoft,309.62346914878606,315.1154148364271,308.5466141242197,315.02728271484375,20570000
2023-10-03 00:00:00-04:00,MSFT,Microsoft,314.0777307403494,314.6259723470464,304.66020007739525,306.7943420410156,21033500
2023-10-04 00:00:00-04:00,MSFT,Microsoft,307.4208356407086,313.3043570607618,307.3914682241067,312.2470703125,20720100
2023-10-05 00:00:00-04:00,MSFT,Microsoft,312.3743651035606,313.24564832750764,308.27254628304615,312.638671875,16965600
2023-10-06 00:00:00-04:00,MSFT,Microsoft,309.8878196065806,322.2618102249638,309.6430811517103,320.3724365234375,25673600
2023-10-09 00:00:00-04:00,MSFT,Microsoft,317.9152672966711,323.3484492911128,316.37830256029935,322.8785705566406,19891200
2023-10-10 00:00:00-04:00,MSFT,Microsoft,323.9945568948938,324.13162477364205,320.7738202479149,321.4786682128906,20557100
2023-10-11 00:00:00-04:00,MSFT,Microsoft,324.2393029495446,325.8154342155564,322.21289114367397,325.4238586425781,20063200
2023-10-12 00:00:00-04:00,MSFT,Microsoft,323.6128199146543,326.608416662478,321.8017491013521,324.1903991699219,19313100
2023-10-13 00:00:00-04:00,MSFT,Microsoft,325.3846484410319,326.80411343693316,319.4913278140148,320.83251953125,21072400
2023-10-16 00:00:00-04:00,MSFT,Microsoft,324.0826582883067,329.06555964733286,323.6421469834392,325.63922119140625,22158000
2023-10-17 00:00:00-04:00,MSFT,Microsoft,322.6533636519186,326.44190989346447,320.5192516418675,325.0713806152344,18338500
2023-10-18 00:00:00-04:00,MSFT,Microsoft,325.4923293025366,328.52709196343386,321.3905106177838,323.16241455078125,23153600
2023-10-19 00:00:00-04:00,MSFT,Microsoft,325.1595033838665,329.78996567974724,323.9456102144574,324.34698486328125,25052100
2023-10-20 00:00:00-04:00,MSFT,Microsoft,324.7385967213242,324.93439945615916,318.60056637565555,319.7948913574219,25027700
2023-10-23 00:00:00-04:00,MSFT,Microsoft,318.62015086662296,325.7273662724693,317.56289372065373,322.3891296386719,24374700
2023-10-24 00:00:00-04:00,MSFT,Microsoft,324.3273920928105,324.8560355263617,320.70528084515973,323.5736083984375,31153600
2023-10-25 00:00:00-04:00,MSFT,Microsoft,337.7586388732426,338.9138270951405,330.51438652342347,333.5002136230469,55053800
2023-10-26 00:00:00-04:00,MSFT,Microsoft,333.37295718073534,334.4400133073603,320.0591786565096,320.98919677734375,37828500
2023-10-27 00:00:00-04:00,MSFT,Microsoft,323.47569046023347,329.63331810351394,321.4884154812009,322.8687438964844,29856500
2023-10-30 00:00:00-04:00,MSFT,Microsoft,326.393023266436,332.3059131853902,324.8462593748241,330.2109375,22828100
2023-10-31 00:00:00-04:00,MSFT,Microsoft,331.7184951865434,331.8653322788638,327.64604386616816,330.9940490722656,20265300
2023-11-01 00:00:00-04:00,MSFT,Microsoft,332.63870122035286,340.10812307119625,332.50163335597534,338.7865295410156,28158800
2023-11-02 00:00:00-04:00,MSFT,Microsoft,339.93194035995595,341.48847346531505,337.5139230484177,340.9892272949219,24348100
2023-11-03 00:00:00-04:00,MSFT,Microsoft,342.27161121053757,346.9314407134558,340.01999961550734,345.3748779296875,23637700
2023-11-06 00:00:00-05:00,MSFT,Microsoft,346.0112633950899,350.0151812088652,345.91336203130555,349.02642822265625,23828300
2023-11-07 00:00:00-05:00,MSFT,Microsoft,351.83603801636735,354.83163466533523,350.10330030774577,352.9422607421875,25833900
2023-11-08 00:00:00-05:00,MSFT,Microsoft,354.06800138493276,356.211912585882,352.9617788165993,355.5560302734375,26767800
2023-11-09 00:00:00-05:00,MSFT,Microsoft,354.6749477041347,357.11256296700316,352.77577495327927,353.0988464355469,24847300
2023-11-10 00:00:00-05:00,MSFT,Microsoft,353.88202716517856,362.31083557483976,353.47088326732273,361.889892578125,28042100
2023-11-13 00:00:00-05:00,MSFT,Microsoft,360.4704270478989,360.7151655370174,358.1992466988061,358.96282958984375,19986500
2023-11-14 00:00:00-05:00,MSFT,Microsoft,363.20168005612413,364.1218990717547,359.61870535436486,362.47723388671875,27683900
2023-11-15 00:00:00-05:00,MSFT,Microsoft,364.20368992773217,366.0184363495822,360.1131537221127,362.6243896484375,26860100
2023-11-16 00:00:00-05:00,MSFT,Microsoft,363.88976551430744,369.17705042836303,363.12463294088235,369.00048828125,27182300
2023-11-17 00:00:00-05:00,MSFT,Microsoft,366.4893122703207,367.2348369276998,360.00530734381556,362.8009948730469,40157000
2023-11-20 00:00:00-05:00,MSFT,Microsoft,364.1448242296059,371.6490149349355,363.9290160684621,370.24627685546875,52465100
2023-11-21 00:00:00-05:00,MSFT,Microsoft,368.5100468166504,369.0495522871196,364.0467481750121,365.9595947265625,28423100
2023-11-22 00:00:00-05:00,MSFT,Microsoft,370.79563367244174,372.5515261398846,367.82338415552084,370.64849853515625,23345300
2023-11-24 00:00:00-05:00,MSFT,Microsoft,370.1383806452385,370.766197129462,367.99014782412655,370.2364807128906,10176600
2023-11-27 00:00:00-05:00,MSFT,Microsoft,369.59884307126106,373.3852898149662,369.02991062580026,371.3939514160156,22179200
2023-11-28 00:00:00-05:00,MSFT,Microsoft,371.1389984757335,375.70036771009086,370.952617308365,375.4060974121094,20453100
2023-11-29 00:00:00-05:00,MSFT,Microsoft,376.44584793002184,376.97553440384473,370.24629493974936,371.6294250488281,28963400
2023-11-30 00:00:00-05:00,MSFT,Microsoft,371.27628513665223,372.8457964517108,368.3138546072338,371.68829345703125,30554400
2023-12-01 00:00:00-05:00,MSFT,Microsoft,369.57924804408185,370.95255911244834,364.23310896058763,367.37213134765625,33040500
2023-12-04 00:00:00-05:00,MSFT,Microsoft,362.06521566015255,362.47719398696046,355.98337139108264,362.1044616699219,32063300
2023-12-05 00:00:00-05:00,MSFT,Microsoft,359.46569619705787,365.96930725334886,358.65149873187244,365.41998291015625,23065000
2023-12-06 00:00:00-05:00,MSFT,Microsoft,366.42064545969674,367.0484320232483,361.0156519151652,361.7709655761719,21182100
2023-12-07 00:00:00-05:00,MSFT,Microsoft,361.211844686289,364.37047528705625,359.33824414976533,363.8800048828125,23118900
2023-12-08 00:00:00-05:00,MSFT,Microsoft,362.1633422956095,367.3230703614092,361.2118285564288,367.09747314453125,20154400
2023-12-11 00:00:00-05:00,MSFT,Microsoft,361.4570668899954,364.51759731266617,359.12242306000167,364.2232971191406,27708800
2023-12-12 00:00:00-05:00,MSFT,Microsoft,363.7818485501349,367.2838138794258,363.3992673247469,367.24456787109375,24838300
2023-12-13 00:00:00-05:00,MSFT,Microsoft,368.8533485777596,370.4424978188213,363.70340938140794,367.23480224609375,30955500
2023-12-14 00:00:00-05:00,MSFT,Microsoft,366.19503694947514,366.6364723191659,357.1900068696794,358.9556884765625,43277500
2023-12-15 00:00:00-05:00,MSFT,Microsoft,359.8581597688427,365.30236955673547,359.2990162951195,363.6642150878906,78502300
2023-12-18 00:00:00-05:00,MSFT,Microsoft,362.4085843593443,365.89091216563435,361.65324079721444,365.5475769042969,21802900
2023-12-19 00:00:00-05:00,MSFT,Microsoft,364.4097116072821,366.14599609375,362.7911651705603,366.14599609375,20603700
2023-12-20 00:00:00-05:00,MSFT,Microsoft,367.8527690284867,368.8631367699809,363.46796282422974,363.5562438964844,26316700
2023-12-21 00:00:00-05:00,MSFT,Microsoft,365.45926060979707,367.2740068711911,362.98730085105643,366.42059326171875,17708000
2023-12-22 00:00:00-05:00,MSFT,Microsoft,366.5578942670101,368.0293052394396,365.60638064073504,367.44073486328125,17107500
2023-12-26 00:00:00-05:00,MSFT,Microsoft,367.8527728468658,369.7558002532684,366.38136175547834,367.5192565917969,12673100
2023-12-27 00:00:00-05:00,MSFT,Microsoft,366.56772847108294,367.9116124252774,365.7044958750045,366.94049072265625,14905400
2023-12-28 00:00:00-05:00,MSFT,Microsoft,368.2157530058411,369.2849749136942,367.02882298863733,368.1274719238281,14327000
2023-12-29 00:00:00-05:00,MSFT,Microsoft,368.8337398258849,369.9716347431921,366.361779793351,368.87298583984375,18730800
2024-01-02 00:00:00-05:00,MSFT,Microsoft,366.7345478799601,368.735675683701,359.77968054105025,363.8015441894531,25258600
2024-01-03 00:00:00-05:00,MSFT,Microsoft,361.9770201686724,366.14601909825154,361.48654970636903,363.5367126464844,23083500
2024-01-04 00:00:00-05:00,MSFT,Microsoft,363.6053166389914,365.9889954484458,360.1720240549271,360.9273376464844,20901500
2024-01-05 00:00:00-05:00,MSFT,Microsoft,361.9376851103461,364.96878822939505,359.5147604251864,360.7409362792969,21004600
2024-01-08 00:00:00-05:00,MSFT,Microsoft,362.26139076236115,368.04896487668356,361.9769395114855,367.5486755371094,23134000
2024-01-09 00:00:00-05:00,MSFT,Microsoft,364.91979160608497,368.8239167777909,364.1154129764403,368.62774658203125,20830000
2024-01-10 00:00:00-05:00,MSFT,Microsoft,369.1966857666869,376.84804200266086,369.1476507008414,375.4747009277344,25514200
2024-01-11 00:00:00-05:00,MSFT,Microsoft,378.64317007041507,383.2339660876797,373.1302872544769,377.2992858886719,27850800
2024-01-12 00:00:00-05:00,MSFT,Microsoft,378.14291678732616,381.2721208089887,377.3189299826169,381.0661315917969,21661200
2024-01-16 00:00:00-05:00,MSFT,Microsoft,386.15716028479716,386.52010359232963,380.2322694497991,382.8317565917969,27202300
2024-01-17 00:00:00-05:00,MSFT,Microsoft,380.58540492477397,382.67478358686355,377.47580955942465,382.0469970703125,22234100
2024-01-18 00:00:00-05:00,MSFT,Microsoft,384.2541423864291,386.4808672893111,382.68463107425833,386.3631591796875,23392100
2024-01-19 00:00:00-05:00,MSFT,Microsoft,388.21711414753673,391.0716552734375,386.0001785110236,391.0716552734375,29331100
2024-01-22 00:00:00-05:00,MSFT,Microsoft,392.3959014424087,392.98447186970276,386.088459710553,388.95281982421875,27016900
2024-01-23 00:00:00-05:00,MSFT,Microsoft,388.2073445307626,391.7681646348443,386.42202498468174,391.29730224609375,20525900
2024-01-24 00:00:00-05:00,MSFT,Microsoft,393.8869938433054,397.89903829237466,392.81777191847715,394.8875427246094,24867000
2024-01-25 00:00:00-05:00,MSFT,Microsoft,396.613997943498,399.25273113363767,394.858105500646,397.15350341796875,21021200
2024-01-26 00:00:00-05:00,MSFT,Microsoft,396.66300059602537,398.4287118822507,394.75997317345707,396.23138427734375,17803300
2024-01-29 00:00:00-05:00,MSFT,Microsoft,398.3207945584323,402.16609543170915,396.62375630100183,401.9110412597656,24510200
2024-01-30 00:00:00-05:00,MSFT,Microsoft,404.40264755037606,405.1775691973873,398.7033841260815,400.8025817871094,33477600
2024-01-31 00:00:00-05:00,MSFT,Microsoft,399.20363992935813,407.4043201802484,389.639467600293,390.0024108886719,47871100
2024-02-01 00:00:00-05:00,MSFT,Microsoft,394.1714429462631,400.2238610760148,394.1420159186215,396.08428955078125,30657700
2024-02-02 00:00:00-05:00,MSFT,Microsoft,396.11370188933375,404.7852149654356,395.86846668943514,403.3824768066406,28256700
2024-02-05 00:00:00-05:00,MSFT,Microsoft,402.08760781050484,403.32360273614995,396.290244380319,397.9186096191406,25352300
2024-02-06 00:00:00-05:00,MSFT,Microsoft,398.14423897907153,400.1944015675409,395.23084373526007,397.76165771484375,18382600
2024-02-07 00:00:00-05:00,MSFT,Microsoft,399.67450426882596,406.4037434899342,399.63525825649936,406.15850830078125,22340500
2024-02-08 00:00:00-05:00,MSFT,Microsoft,406.15852265638233,407.6397528307197,404.66750343056947,406.2173767089844,21225300
2024-02-09 00:00:00-05:00,MSFT,Microsoft,407.3356632361391,412.79951062359436,407.17870911735395,412.5346374511719,22032800
2024-02-12 00:00:00-05:00,MSFT,Microsoft,412.5444947169564,412.7210568909958,406.8452305904798,407.34552001953125,21202900
2024-02-13 00:00:00-05:00,MSFT,Microsoft,397.22219404093613,402.25442543992307,395.70174768308635,398.5758972167969,27824900
2024-02-14 00:00:00-05:00,MSFT,Microsoft,401.03272774217567,402.7721928081846,397.5930862054174,402.42822265625,20401200
2024-02-15 00:00:00-05:00,MSFT,Microsoft,401.10153638347543,402.07445398469247,397.31792461353893,399.54876708984375,21825500
2024-02-16 00:00:00-05:00,MSFT,Microsoft,400.92465682975353,401.2489827226472,396.48261574205486,397.0919189453125,22296500
2024-02-20 00:00:00-05:00,MSFT,Microsoft,396.2860326967427,397.51447618664315,391.1462443294289,395.84381103515625,24307900
2024-02-21 00:00:00-05:00,MSFT,Microsoft,393.2690069492409,395.35244235543763,390.3698682526408,395.24432373046875,18518900
2024-02-22 00:00:00-05:00,MSFT,Microsoft,403.1162117164581,405.7106689082216,401.5241536683513,404.551025390625,27009900
2024-02-23 00:00:00-05:00,MSFT,Microsoft,408.5016799323737,408.6883757427927,401.9172111140197,403.2635803222656,16295900
2024-02-26 00:00:00-05:00,MSFT,Microsoft,404.3642838981377,405.05222425854834,400.3349831970826,400.51190185546875,16193500
2024-02-27 00:00:00-05:00,MSFT,Microsoft,400.9540958991776,401.2784217577938,396.8855068799419,400.4529113769531,14835800
2024-02-28 00:00:00-05:00,MSFT,Microsoft,401.14080998935714,402.2414904650158,398.33014591696406,400.6887512207031,13183100
2024-02-29 00:00:00-05:00,MSFT,Microsoft,401.59293981884394,407.05705416129825,398.9198455368932,406.5067138671875,31947300
2024-03-01 00:00:00-05:00,MSFT,Microsoft,404.17756158377745,408.6982397267373,403.7943028017663,408.3346252441406,17823400
2024-03-04 00:00:00-05:00,MSFT,Microsoft,406.3101300793095,410.1527047870807,405.2094495475142,407.7646179199219,17596000
2024-03-05 00:00:00-05:00,MSFT,Microsoft,406.82113009418805,407.10613735676765,393.73086019090937,395.7061767578125,26919200
2024-03-06 00:00:00-05:00,MSFT,Microsoft,396.02071283324057,398.17294829822555,391.5197089331465,395.1558837890625,22344100
2024-03-07 00:00:00-05:00,MSFT,Microsoft,399.11635103541613,402.71323699020854,395.30325783772497,402.08428955078125,18718500
2024-03-08 00:00:00-05:00,MSFT,Microsoft,400.9246137706761,403.34221201538827,397.357209279769,399.2146301269531,18002200
2024-03-11 00:00:00-04:00,MSFT,Microsoft,396.79713300835283,398.6840056449402,394.3402457274735,397.54400634765625,16120800
2024-03-12 00:00:00-04:00,MSFT,Microsoft,400.5904729541975,408.4033849510457,399.77479973523793,408.1183776855469,22457000
2024-03-13 00:00:00-04:00,MSFT,Microsoft,410.88979275530687,410.96839994406946,404.3544792559954,407.9415283203125,17115900
2024-03-14 00:00:00-04:00,MSFT,Microsoft,412.99286375239626,420.4421618629372,410.7816654727546,417.8869934082031,34157300
2024-03-15 00:00:00-04:00,MSFT,Microsoft,412.0592402980969,415.31215606424155,405.6713345351322,409.2387390136719,45079900
2024-03-18 00:00:00-04:00,MSFT,Microsoft,407.10619591579865,413.4744581297676,406.6442999374372,410.1232604980469,20106000
2024-03-19 00:00:00-04:00,MSFT,Microsoft,410.62439098905713,414.3981955018545,408.3837114296865,414.1426696777344,19837900
2024-03-20 00:00:00-04:00,MSFT,Microsoft,414.72254166213037,418.61424242329224,413.4056537780831,417.8968505859375,17860100
2024-03-21 00:00:00-04:00,MSFT,Microsoft,422.41748239432127,423.3904300401875,419.7935438740281,421.9654235839844,21296200
2024-03-22 00:00:00-04:00,MSFT,Microsoft,422.2897491598315,422.446963535343,418.7223444405752,421.3462829589844,17648500
2024-03-25 00:00:00-04:00,MSFT,Microsoft,417.9066492539799,420.03924040543956,414.3392444656493,415.56768798828125,18060500
2024-03-26 00:00:00-04:00,MSFT,Microsoft,418.2702713092194,418.6437229454669,414.0837561023913,414.3785705566406,16725600
2024-03-27 00:00:00-04:00,MSFT,Microsoft,417.1204243635022,417.13026150811925,411.78407332169564,414.1623229980469,16705000
2024-03-28 00:00:00-04:00,MSFT,Microsoft,413.70045116356334,414.59476162825587,411.89218593509474,413.464599609375,21871200
2024-04-01 00:00:00-04:00,MSFT,Microsoft,416.6388658317179,420.5109217375922,414.93868940887074,417.2481689453125,16316000
2024-04-02 00:00:00-04:00,MSFT,Microsoft,412.8651299341305,415.0960026612766,410.6342871982826,414.1722106933594,17912000
2024-04-03 00:00:00-04:00,MSFT,Microsoft,412.49169510873463,415.960818454912,411.86271762245,413.19927978515625,16502300
2024-04-04 00:00:00-04:00,MSFT,Microsoft,417.66098731056826,421.27754806630895,410.368962888124,410.6736145019531,19370900
2024-04-05 00:00:00-04:00,MSFT,Microsoft,412.76686502075876,419.15477140454254,411.1060069616712,418.18182373046875,16554800
2024-04-08 00:00:00-04:00,MSFT,Microsoft,417.8378673566601,419.91146556821536,416.00009070624833,417.2678527832031,14272400
2024-04-09 00:00:00-04:00,MSFT,Microsoft,419.08592477391875,420.3634939121141,414.3490398303801,418.9286804199219,12496900
2024-04-10 00:00:00-04:00,MSFT,Microsoft,414.90926057255786,416.71752584552905,412.46221066374153,415.9608154296875,16216600
2024-04-11 00:00:00-04:00,MSFT,Microsoft,418.4766338120234,421.96540116941117,415.07628079166767,420.55023193359375,17966400
2024-04-12 00:00:00-04:00,MSFT,Microsoft,416.7371231732088,417.8476407951663,412.53093421008157,414.62420654296875,19253800
2024-04-15 00:00:00-04:00,MSFT,Microsoft,419.2432078029309,419.4594150607099,406.30031376342345,406.5067138671875,20273500
2024-04-16 00:00:00-04:00,MSFT,Microsoft,407.4206432860486,411.18458077665684,406.59513289625886,407.4304504394531,16765600
2024-04-17 00:00:00-04:00,MSFT,Microsoft,410.054408065017,411.6563030616971,403.2537321874578,404.7377014160156,15855500
2024-04-18 00:00:00-04:00,MSFT,Microsoft,403.54861503604855,404.78689570186344,396.98382006074763,397.29827880859375,21029900
2024-04-19 00:00:00-04:00,MSFT,Microsoft,397.06245162548737,398.4874581931933,390.9103965002531,392.23712158203125,30565800
2024-04-22 00:00:00-04:00,MSFT,Microsoft,393.18052011404563,395.9027700554988,388.9252051027742,394.04534912109375,20286900
2024-04-23 00:00:00-04:00,MSFT,Microsoft,397.26879155025864,401.16052215978465,396.10914808184776,400.5413818359375,15734500
2024-04-24 00:00:00-04:00,MSFT,Microsoft,402.4970536697523,405.3568737379943,399.76499652417516,402.00567626953125,15065300
2024-04-25 00:00:00-04:00,MSFT,Microsoft,387.23483657897395,392.9937947660836,381.338308328151,392.158447265625,40586500
2024-04-26 00:00:00-04:00,MSFT,Microsoft,405.06201771927783,405.8776909237546,398.7625564960581,399.3128967285156,29694700
2024-04-29 00:00:00-04:00,MSFT,Microsoft,398.2614054374624,399.3129603314087,392.3059134087563,395.3131408691406,19582100
2024-04-30 00:00:00-04:00,MSFT,Microsoft,394.5662074998568,395.2246663994194,382.4586913890698,382.61590576171875,28781400
2024-05-01 00:00:00-04:00,MSFT,Microsoft,385.8393454420747,394.7922572147303,383.57902141142335,388.1291809082031,23562500
2024-05-02 00:00:00-04:00,MSFT,Microsoft,390.80226783236736,393.0331103770738,387.84416635932274,390.9791564941406,17709400
2024-05-03 00:00:00-04:00,MSFT,Microsoft,395.34253307709054,400.1285433474104,394.92976293452625,399.6470031738281,17446700
2024-05-06 00:00:00-04:00,MSFT,Microsoft,401.7108501382599,406.7916755135943,399.36205183771864,406.4084167480469,16996600
2024-05-07 00:00:00-04:00,MSFT,Microsoft,407.50911609687097,407.5189532422579,402.03516456718575,402.2808532714844,20018200
2024-05-08 00:00:00-04:00,MSFT,Microsoft,401.1309897393213,405.1209713289568,399.69614631705593,403.4601135253906,11792300
2024-05-09 00:00:00-04:00,MSFT,Microsoft,403.48965172941627,405.60256858412407,402.04500095122404,405.20947265625,14689700
2024-05-10 00:00:00-04:00,MSFT,Microsoft,405.8187609135271,408.2166849740278,404.698406069441,407.58770751953125,13402300
2024-05-13 00:00:00-04:00,MSFT,Microsoft,410.8013229086305,411.13545592488975,403.7353138522874,406.5852966308594,15440200
2024-05-14 00:00:00-04:00,MSFT,Microsoft,404.9145973369448,410.29026696650755,404.4527014093116,409.3763122558594,15109300
2024-05-15 00:00:00-04:00,MSFT,Microsoft,411.433999213995,417.2525598208021,410.81374213755174,416.5338439941406,22239500
2024-05-16 00:00:00-04:00,MSFT,Microsoft,415.273599957198,418.83761399416454,413.84605341031005,414.47613525390625,17530100
2024-05-17 00:00:00-04:00,MSFT,Microsoft,416.00221762948183,416.37634285020215,411.56198942365705,413.708251953125,15352200
2024-05-20 00:00:00-04:00,MSFT,Microsoft,413.7082803966284,420.1667782061981,413.49168315107727,418.7589111328125,16272100
2024-05-21 00:00:00-04:00,MSFT,Microsoft,420.2258450310574,426.27085809319817,418.27649987771593,422.40167236328125,21453300
2024-05-22 00:00:00-04:00,MSFT,Microsoft,423.43539455106486,425.71950537683756,420.5212017999642,423.8587341308594,18073700
2024-05-23 00:00:00-04:00,MSFT,Microsoft,426.2708180980622,426.89107515061806,418.83764844643395,420.3931884765625,17211700
2024-05-24 00:00:00-04:00,MSFT,Microsoft,420.58025544710625,424.39037161476875,417.84327052223153,423.5043029785156,11855300
2024-05-28 00:00:00-04:00,MSFT,Microsoft,422.9825388810405,424.15412896604386,419.999421868943,423.661865234375,15718000
2024-05-29 00:00:00-04:00,MSFT,Microsoft,419.1034967099491,424.27226587320916,419.1034967099491,422.5296630859375,15517100
2024-05-30 00:00:00-04:00,MSFT,Microsoft,417.7349716036768,417.7349716036768,407.8306281783295,408.2539978027344,28394500
2024-05-31 00:00:00-04:00,MSFT,Microsoft,410.3017776619535,410.3017776619535,398.2511723788605,408.70684814453125,47995300
2024-06-03 00:00:00-04:00,MSFT,Microsoft,409.10061352017095,409.9866820502357,402.59290271558996,407.1217041015625,17484700
2024-06-04 00:00:00-04:00,MSFT,Microsoft,406.0485695449918,409.99653346155753,403.3411195872324,409.63226318359375,14348900
2024-06-05 00:00:00-04:00,MSFT,Microsoft,411.3453811328119,417.5183569725432,409.8587351784671,417.449462890625,16988000
2024-06-06 00:00:00-04:00,MSFT,Microsoft,417.44944957036887,418.7293231019465,414.0724979392672,417.9515380859375,14861300
2024-06-07 00:00:00-04:00,MSFT,Microsoft,419.60557647742206,419.6843254469309,416.45507688003147,417.29193115234375,13621700
2024-06-10 00:00:00-04:00,MSFT,Microsoft,418.1288206635897,421.45649821147657,417.3313558315188,421.249755859375,13982900
2024-06-11 00:00:00-04:00,MSFT,Microsoft,418.89671156901073,426.1231387794062,418.67025946007556,425.98529052734375,14551100
2024-06-12 00:00:00-04:00,MSFT,Microsoft,428.5844790234761,436.53944727057524,426.54650007534946,434.23565673828125,22366200
2024-06-13 00:00:00-04:00,MSFT,Microsoft,434.02896428414414,436.52967260389505,432.5718527345657,434.7476501464844,15960600
2024-06-14 00:00:00-04:00,MSFT,Microsoft,431.4986893853765,436.2835084137765,429.9628289677156,435.7223205566406,13582000
2024-06-17 00:00:00-04:00,MSFT,Microsoft,435.7419888452348,443.96279884211964,433.90092737019853,441.43255615234375,20790000
2024-06-18 00:00:00-04:00,MSFT,Microsoft,442.7518432687409,443.1752129183503,438.00644366410285,439.4339904785156,17112500
2024-06-20 00:00:00-04:00,MSFT,Microsoft,439.3945864733692,439.62103860195157,434.442414629224,438.80389404296875,19877400
2024-06-21 00:00:00-04:00,MSFT,Microsoft,440.45787995794916,443.6083496603445,439.60134591371855,442.82073974609375,34187100
2024-06-24 00:00:00-04:00,MSFT,Microsoft,442.84039572999666,445.74476346815527,439.50286359400394,440.7433776855469,15913700
2024-06-25 00:00:00-04:00,MSFT,Microsoft,441.3144201727987,444.4353853435752,439.83762902888526,443.97265625,16413400
2024-06-26 00:00:00-04:00,MSFT,Microsoft,442.05279974277113,446.5816317625772,441.25533495755695,445.1639099121094,16507000
2024-06-27 00:00:00-04:00,MSFT,Microsoft,445.18358463488477,449.1118693221635,444.7799248025884,445.8432312011719,14806300
2024-06-28 00:00:00-04:00,MSFT,Microsoft,446.059848949654,448.3341049043701,439.50289267468526,440.0345458984375,28362300
2024-07-01 00:00:00-04:00,MSFT,Microsoft,441.71806471797646,450.2932899171113,438.7644825324962,449.6632080078125,17662800
2024-07-02 00:00:00-04:00,MSFT,Microsoft,446.18782328625804,452.4789376582484,446.09918938158694,452.1737365722656,13979800
2024-07-03 00:00:00-04:00,MSFT,Microsoft,451.1005881786126,453.88678735468443,450.79538710423196,453.6406555175781,9932800
2024-07-05 00:00:00-04:00,MSFT,Microsoft,452.4986178155469,461.10340760685847,451.8685359116121,460.32562255859375,16000300
2024-07-08 00:00:00-04:00,MSFT,Microsoft,459.33123257528905,460.46346308739743,457.2735739768986,459.0260314941406,12962300
2024-07-09 00:00:00-04:00,MSFT,Microsoft,459.77428381745585,460.09916463101644,450.91353744838284,452.4297180175781,17207200
2024-07-10 00:00:00-04:00,MSFT,Microsoft,454.0837473649462,459.24266153927346,451.76024698147666,459.0359191894531,18196100
2024-07-11 00:00:00-04:00,MSFT,Microsoft,455.81652839633193,457.58866578342753,444.5633568384772,447.6646423339844,23111200
2024-07-12 00:00:00-04:00,MSFT,Microsoft,447.3003093014831,449.29889867197954,443.67725577045155,446.5323791503906,16324300
2024-07-15 00:00:00-04:00,MSFT,Microsoft,446.2863044349352,450.18505497376174,444.4452428142979,446.93609619140625,14429400
2024-07-16 00:00:00-04:00,MSFT,Microsoft,447.19204922721934,447.27079820143007,439.7490242805094,442.56475830078125,17175700
2024-07-17 00:00:00-04:00,MSFT,Microsoft,435.74198947896895,437.9670310742686,432.38474735385836,436.6575927734375,21778000
2024-07-18 00:00:00-04:00,MSFT,Microsoft,437.46494130393756,437.7701424222079,427.67873564964367,433.5563659667969,20794800
2024-07-19 00:00:00-04:00,MSFT,Microsoft,426.3988669076758,434.31447643242683,425.3158806469495,430.3468017578125,20940400
2024-07-22 00:00:00-04:00,MSFT,Microsoft,434.95437784378936,437.7208974938516,432.1189340633458,436.0865783691406,15808800
2024-07-23 00:00:00-04:00,MSFT,Microsoft,437.0316974699668,441.45224583194545,436.24408758502966,437.9670104980469,13107100
2024-07-24 00:00:00-04:00,MSFT,Microsoft,433.6351660700269,434.64922823221025,420.9741263094996,422.26385498046875,26805800
2024-07-25 00:00:00-04:00,MSFT,Microsoft,422.1653487650477,423.14987619224735,411.05005574464656,411.92626953125,29943800
2024-07-26 00:00:00-04:00,MSFT,Microsoft,411.7293557750341,422.28349032231534,410.8137224917234,418.68994140625,23583800
2024-07-29 00:00:00-04:00,MSFT,Microsoft,424.9023450000168,425.46353285919287,418.12882136064246,420.1274108886719,15125800
2024-07-30 00:00:00-04:00,MSFT,Microsoft,421.1020622928212,422.4114705197089,410.90234276735913,416.3763427734375,32687600
2024-07-31 00:00:00-04:00,MSFT,Microsoft,413.99380325758636,415.25399722383173,405.83206207673004,411.8770751953125,42891400
2024-08-01 00:00:00-04:00,MSFT,Microsoft,414.2792724511176,420.84605305704525,406.69839983005807,410.65618896484375,30296400
2024-08-02 00:00:00-04:00,MSFT,Microsoft,406.1077265801338,408.57890014493404,398.0838337068482,402.16961669921875,29437900
2024-08-05 00:00:00-04:00,MSFT,Microsoft,383.1485859534076,394.83492274068107,379.61410573718445,389.0360412597656,40709200
2024-08-06 00:00:00-04:00,MSFT,Microsoft,393.8109820824443,399.3932659734361,392.33419089963513,393.427001953125,24946500
2024-08-07 00:00:00-04:00,MSFT,Microsoft,402.31721163613224,403.7349031701521,391.3200295318529,392.2651672363281,20650900
2024-08-08 00:00:00-04:00,MSFT,Microsoft,396.2132187300544,399.58028569311574,393.7519001712231,396.4593505859375,20203000
2024-08-09 00:00:00-04:00,MSFT,Microsoft,397.7786234799922,401.736413003281,396.0360207139592,399.7378234863281,19276700
2024-08-12 00:00:00-04:00,MSFT,Microsoft,400.76172633567404,402.43543495594565,397.98535182009545,400.5155944824219,16762900
2024-08-13 00:00:00-04:00,MSFT,Microsoft,403.25262318981254,408.5297063190277,403.23294345576085,407.604248046875,19414300
2024-08-14 00:00:00-04:00,MSFT,Microsoft,408.38197108714223,411.2568044389076,406.0683556338293,410.41009521484375,18267000
2024-08-15 00:00:00-04:00,MSFT,Microsoft,414.0495635460023,415.34161674551206,411.9388929382302,415.2627258300781,20752100
2024-08-16 00:00:00-04:00,MSFT,Microsoft,414.83859034033384,415.5684441235936,411.5837759699612,412.7377624511719,22775600
2024-08-19 00:00:00-04:00,MSFT,Microsoft,413.22102581055816,415.97281647426513,410.7552711189502,415.7558288574219,15234000
2024-08-20 00:00:00-04:00,MSFT,Microsoft,415.92353667507666,420.0265262237166,415.86436096713305,418.9810485839844,16387600
2024-08-21 00:00:00-04:00,MSFT,Microsoft,418.27087232284174,420.5590998224222,415.9432144212139,418.330078125,16067300
2024-08-22 00:00:00-04:00,MSFT,Microsoft,418.54707521874735,420.94381179948715,408.9306313403218,409.8577575683594,19361900
2024-08-23 00:00:00-04:00,MSFT,Microsoft,411.26821033098173,413.51697764071497,406.4451792024677,411.080810546875,18493800
2024-08-26 00:00:00-04:00,MSFT,Microsoft,410.6665125068156,411.5640508373135,405.7054152115458,407.8259582519531,13152800
2024-08-27 00:00:00-04:00,MSFT,Microsoft,407.2045864016282,408.6840392458711,404.6303529004273,408.1711730957031,13492900
2024-08-28 00:00:00-04:00,MSFT,Microsoft,409.1969879073614,409.3153393341326,401.7306743732061,404.9756164550781,14882700
2024-08-29 00:00:00-04:00,MSFT,Microsoft,409.25610570352524,416.268697643249,404.9755591436319,407.4610290527344,17045200
2024-08-30 00:00:00-04:00,MSFT,Microsoft,409.90708149754283,411.7711764633265,406.4846126518204,411.4259948730469,24308300
2024-09-03 00:00:00-04:00,MSFT,Microsoft,412.18542969380115,414.1284456363182,401.45446023053216,403.8314514160156,20313600
2024-09-04 00:00:00-04:00,MSFT,Microsoft,400.3498254636215,405.6068015782242,398.830912042889,403.2988586425781,15135800
2024-09-05 00:00:00-04:00,MSFT,Microsoft,402.0363656944642,407.44131080829675,400.56678553175374,402.79583740234375,14195500
2024-09-06 00:00:00-04:00,MSFT,Microsoft,403.4567088273818,405.02492545418863,395.3098443703073,396.1975402832031,19609500
2024-09-09 00:00:00-04:00,MSFT,Microsoft,401.66155199530795,403.0522412027111,396.641279237834,400.1623840332031,15295100
2024-09-10 00:00:00-04:00,MSFT,Microsoft,402.6084639940855,410.627073483588,402.11531302402886,408.5262756347656,19594300
2024-09-11 00:00:00-04:00,MSFT,Microsoft,409.8084532189213,418.1821469994098,403.9695325309428,417.24517822265625,19266900
2024-09-12 00:00:00-04:00,MSFT,Microsoft,417.51145302107784,421.5158363092752,414.0002206806835,421.1509094238281,17395700
2024-09-13 00:00:00-04:00,MSFT,Microsoft,419.9969653323754,425.9147773030141,419.63203841011375,424.6917724609375,15874600
2024-09-16 00:00:00-04:00,MSFT,Microsoft,424.70160374609685,427.5914610863902,422.3542004104568,425.43145751953125,13834700
2024-09-17 00:00:00-04:00,MSFT,Microsoft,434.1997005769437,435.79750485485505,426.3487157034463,429.18927001953125,18874200
2024-09-18 00:00:00-04:00,MSFT,Microsoft,429.04136013434226,430.05724996700025,424.5142376703877,424.90875244140625,18898000
2024-09-19 00:00:00-04:00,MSFT,Microsoft,435.1860014052933,435.452292084435,430.91529729082623,432.6807861328125,21706600
2024-09-20 00:00:00-04:00,MSFT,Microsoft,431.2309485866615,433.22326773049826,428.2720426762547,429.3076477050781,55167100
2024-09-23 00:00:00-04:00,MSFT,Microsoft,428.33121902605126,430.48135010026584,424.4945200082598,427.57177734375,15128900
2024-09-24 00:00:00-04:00,MSFT,Microsoft,427.06875254523504,427.4139642542688,420.2632749795507,423.2912292480469,17015800
2024-09-25 00:00:00-04:00,MSFT,Microsoft,423.94215074360574,427.1870925626301,422.69943076362244,426.19091796875,13396400
2024-09-26 00:00:00-04:00,MSFT,Microsoft,429.1300753187062,429.33719028271923,423.2517246244965,425.40185546875,14492000
2024-09-27 00:00:00-04:00,MSFT,Microsoft,425.6089779793521,425.93447445668835,421.6144673905514,422.15692138671875,14896100
2024-09-30 00:00:00-04:00,MSFT,Microsoft,422.3443332995087,424.52408219664926,419.54323948144145,424.40570068359375,16807300
2024-10-01 00:00:00-04:00,MSFT,Microsoft,422.58108089859957,422.61066875300435,413.07311568923785,414.9273681640625,19092900
2024-10-02 00:00:00-04:00,MSFT,Microsoft,416.79143435299875,417.02816727140424,411.00184714518315,411.4161071777344,16582300
2024-10-03 00:00:00-04:00,MSFT,Microsoft,411.90923284957546,413.8029154833907,408.6149883911416,410.83416748046875,13686400
2024-10-04 00:00:00-04:00,MSFT,Microsoft,412.5109097932594,414.00023534021534,409.28571331626097,410.36077880859375,19169700
2024-10-07 00:00:00-04:00,MSFT,Microsoft,410.30164800432675,411.39642881924686,403.39753373502316,403.9301452636719,20919800
2024-10-08 00:00:00-04:00,MSFT,Microsoft,405.2714886364785,409.9662958214234,402.57890342121186,409.029296875,19229300
2024-10-09 00:00:00-04:00,MSFT,Microsoft,410.16345770936994,414.6215611700433,408.62482928829195,411.7415466308594,14974300
2024-10-10 00:00:00-04:00,MSFT,Microsoft,409.5422300326898,411.63318565964227,407.49070481788846,410.14385986328125,13848400
2024-10-11 00:00:00-04:00,MSFT,Microsoft,410.4396908978323,411.41612015597997,407.589263932771,410.6172180175781,14144900
2024-10-14 00:00:00-04:00,MSFT,Microsoft,412.0473616280092,418.2314942204609,411.8007861364326,413.39862060546875,16653100
2024-10-15 00:00:00-04:00,MSFT,Microsoft,416.39697063938524,416.6928792987612,409.57177766327413,413.00408935546875,18900200
2024-10-16 00:00:00-04:00,MSFT,Microsoft,409.4829836231505,410.65665522282575,404.85722518493617,410.4199523925781,15508900
2024-10-17 00:00:00-04:00,MSFT,Microsoft,416.57447660649984,416.7125733271007,409.89722324961605,411.0117492675781,14820000
2024-10-18 00:00:00-04:00,MSFT,Microsoft,411.4260201751563,413.90161766396704,410.5580696214905,412.4320373535156,17145300
2024-10-21 00:00:00-04:00,MSFT,Microsoft,410.4199513395574,413.22104518863654,408.08242059822123,413.04351806640625,14206100
2024-10-22 00:00:00-04:00,MSFT,Microsoft,412.75749822543423,424.68188532771023,412.3136804024992,421.6539611816406,25482200
2024-10-23 00:00:00-04:00,MSFT,Microsoft,424.95801224079617,425.1749998576998,416.7421308498749,418.7837829589844,19654400
2024-10-24 00:00:00-04:00,MSFT,Microsoft,419.5037443233538,420.14486459281426,416.61388718387514,418.9119873046875,13581600
2024-10-25 00:00:00-04:00,MSFT,Microsoft,420.914242666979,426.5953216047658,420.72684288279277,422.2851867675781,16899100
2024-10-28 00:00:00-04:00,MSFT,Microsoft,425.74710969864265,426.02327304477956,420.46051551603273,420.7465515136719,14882400
2024-10-29 00:00:00-04:00,MSFT,Microsoft,422.1372373224,427.2364316805858,419.9673609785876,426.03314208984375,17644100
2024-10-30 00:00:00-04:00,MSFT,Microsoft,431.44794042425275,432.4934181148105,426.1810914644013,426.6051940917969,29749100
2024-10-31 00:00:00-04:00,MSFT,Microsoft,409.6703738017444,410.4594334413064,400.73448031809437,400.7838134765625,53971000
2024-11-01 00:00:00-04:00,MSFT,Microsoft,403.40736208449033,409.80845197934053,401.9180365381017,404.74871826171875,24230400
2024-11-04 00:00:00-05:00,MSFT,Microsoft,404.18653972407174,404.7980722358363,400.01450160866744,402.8648986816406,19672300
2024-11-05 00:00:00-05:00,MSFT,Microsoft,402.7761220934701,409.21667261639857,402.49008610038965,405.82379150390625,17626000
2024-11-06 00:00:00-05:00,MSFT,Microsoft,406.77063429083336,414.6906371773605,404.89663664059157,414.42431640625,26681800
2024-11-07 00:00:00-05:00,MSFT,Microsoft,415.5092700597973,421.0029789570154,414.12845339700306,419.6024169921875,19901800
2024-11-08 00:00:00-05:00,MSFT,Microsoft,419.4939322441371,420.65776126477715,416.0024150826717,416.75201416015625,16891400
2024-11-11 00:00:00-05:00,MSFT,Microsoft,416.7322894657105,418.99092936118404,410.301611581567,412.2840881347656,24503300
2024-11-12 00:00:00-05:00,MSFT,Microsoft,412.52079883366196,418.626010434167,411.48519380527927,417.2353210449219,19401200
2024-11-13 00:00:00-05:00,MSFT,Microsoft,415.8643777407356,423.44901221052845,412.481339102593,419.3756103515625,21502200
2024-11-14 00:00:00-05:00,MSFT,Microsoft,419.17829445283394,422.304884622317,414.24678510633004,421.04241943359375,30246900
2024-11-15 00:00:00-05:00,MSFT,Microsoft,414.06929022111444,417.0084507566798,407.9739514183208,409.3153076171875,28247600
2024-11-18 00:00:00-05:00,MSFT,Microsoft,409.1871181522339,412.66876311229754,406.45507236642675,410.06494140625,24727000
2024-11-19 00:00:00-05:00,MSFT,Microsoft,407.4511618868994,412.2150169012381,405.912533336808,412.06707763671875,18133500
2024-11-20 00:00:00-05:00,MSFT,Microsoft,411.1596548604422,411.57391488876465,404.9558076834049,409.7985534667969,19191700
2024-11-21 00:00:00-05:00,MSFT,Microsoft,414.5818472703372,414.85856338751086,405.47983232208855,408.0295715332031,20780200
2024-11-22 00:00:00-05:00,MSFT,Microsoft,406.54717570369087,412.50647998528166,406.2408124943726,412.1111755371094,24814600
2024-11-25 00:00:00-05:00,MSFT,Microsoft,413.474991137145,416.1433187151558,409.9863774439722,413.88018798828125,27691100
2024-11-26 00:00:00-05:00,MSFT,Microsoft,414.6707766023476,424.0099980685231,413.93946191933657,422.9722900390625,23458900
2024-11-27 00:00:00-05:00,MSFT,Microsoft,420.12605489536344,422.22122564388053,417.07228524559736,418.0309143066406,18332400
2024-11-29 00:00:00-05:00,MSFT,Microsoft,415.1649667399431,419.89881842784905,412.90180567999255,418.4954528808594,16271900
2024-12-02 00:00:00-05:00,MSFT,Microsoft,416.62759418862754,427.92358362660957,416.37063273208213,425.9272766113281,20207200
2024-12-03 00:00:00-05:00,MSFT,Microsoft,424.80058218242306,427.3997530713115,422.7251964040861,426.1446533203125,18302000
2024-12-04 00:00:00-05:00,MSFT,Microsoft,427.95323167121506,434.5153999624501,427.55792723241916,432.2917785644531,26009400
2024-12-05 00:00:00-05:00,MSFT,Microsoft,432.78587611481566,439.4468472719849,431.05639296725934,437.4307556152344,21697800
2024-12-06 00:00:00-05:00,MSFT,Microsoft,437.1145294101148,440.8699968788184,436.5907442566123,438.3696594238281,18821000
2024-12-09 00:00:00-05:00,MSFT,Microsoft,437.41103647885797,443.0738395996816,435.33565050126293,440.7909240722656,19144400
2024-12-10 00:00:00-05:00,MSFT,Microsoft,439.1800467406791,444.34871163189086,436.42274787532307,438.1324462890625,18469500
2024-12-11 00:00:00-05:00,MSFT,Microsoft,438.8440482605507,445.07020661100427,438.8440482605507,443.72613525390625,19200200
2024-12-12 00:00:00-05:00,MSFT,Microsoft,443.8446618873549,450.81202644259827,443.8446618873549,444.2893981933594,20834800
2024-12-13 00:00:00-05:00,MSFT,Microsoft,443.1825720342727,446.13750815775296,440.3560864798084,442.0262756347656,20177800
2024-12-16 00:00:00-05:00,MSFT,Microsoft,442.02629379074256,446.87873364714176,440.0596337652838,446.295654296875,23598800
2024-12-17 00:00:00-05:00,MSFT,Microsoft,445.7224537683285,449.9522746519603,444.2993336430134,449.1319885253906,22733500
2024-12-18 00:00:00-05:00,MSFT,Microsoft,446.0287948744165,447.34318887069384,431.89642797238076,432.2621154785156,24444500
2024-12-19 00:00:00-05:00,MSFT,Microsoft,436.4425256398133,437.98423408144293,431.2046739034814,431.9063415527344,22963700
2024-12-20 00:00:00-05:00,MSFT,Microsoft,428.03224964237955,438.53762947103075,423.6047919913248,431.4813537597656,64263700
2024-12-23 00:00:00-05:00,MSFT,Microsoft,431.619738686297,432.5190736490341,427.755575118412,430.147216796875,19152500
2024-12-24 00:00:00-05:00,MSFT,Microsoft,429.55422661934296,434.44620567192754,429.0996280307953,434.1793518066406,7164500
2024-12-26 00:00:00-05:00,MSFT,Microsoft,433.9322924323696,435.7705018127553,431.5110338839644,432.9736633300781,8194200
2024-12-27 00:00:00-05:00,MSFT,Microsoft,429.5048044431988,430.1175308072659,421.35152651661633,425.4825134277344,18117700
2024-12-30 00:00:00-05:00,MSFT,Microsoft,421.0649558192297,422.5374777077036,416.9537232035626,419.849365234375,13158700
2024-12-31 00:00:00-05:00,MSFT,Microsoft,421.1044562623139,421.727075036825,415.72823181420273,416.5583801269531,13246500
2025-01-02 00:00:00-05:00,MSFT,Microsoft,420.54113855935236,421.0748161119684,409.98635677531166,413.672607421875,16896500
2025-01-03 00:00:00-05:00,MSFT,Microsoft,416.1433125624827,419.0587393010629,414.62138898974536,418.38671875,16662900
2025-01-06 00:00:00-05:00,MSFT,Microsoft,422.9821587186512,429.22807073060386,420.4917138753096,422.83392333984375,20573600
2025-01-07 00:00:00-05:00,MSFT,Microsoft,423.9704579117962,425.6011074871905,415.8665816173968,417.4181823730469,18139100
2025-01-08 00:00:00-05:00,MSFT,Microsoft,418.4954097350683,421.9642686702226,416.5979364179098,419.58251953125,15054600
2025-01-10 00:00:00-05:00,MSFT,Microsoft,419.651700779007,419.73074959963856,410.15435142162687,414.0382995605469,20201100
2025-01-13 00:00:00-05:00,MSFT,Microsoft,410.3717995418403,413.593589604229,407.45640284839305,412.2989501953125,17604800
2025-01-14 00:00:00-05:00,MSFT,Microsoft,412.9116788431012,414.8190446806072,405.90480416806594,410.7967834472656,16935900
2025-01-15 00:00:00-05:00,MSFT,Microsoft,414.2161660512409,423.1304056035061,413.3662329233126,421.3119812011719,19637800
2025-01-16 00:00:00-05:00,MSFT,Microsoft,423.67398737859014,424.45470380326,419.4145196873236,419.6022644042969,15300000
2025-01-17 00:00:00-05:00,MSFT,Microsoft,429.00073529985997,429.38617742561485,423.1501581318877,424.00006103515625,26197500
2025-01-21 00:00:00-05:00,MSFT,Microsoft,425.1564304696716,425.84820570918225,420.61035394801814,423.4763488769531,26085700
2025-01-22 00:00:00-05:00,MSFT,Microsoft,432.4301508467356,442.02630472978717,430.88844231911156,440.9688720703125,27803800
2025-01-23 00:00:00-05:00,MSFT,Microsoft,436.81803684476205,441.51234832669104,436.3238987940327,441.4728088378906,18389300
2025-01-24 00:00:00-05:00,MSFT,Microsoft,439.94102216929423,441.4135440071518,436.225094129831,438.8539123535156,15549500
2025-01-27 00:00:00-05:00,MSFT,Microsoft,419.03899970511213,430.09781275609777,418.53496919379126,429.4653015136719,35647800
2025-01-28 00:00:00-05:00,MSFT,Microsoft,429.5047775015721,443.1232202686072,426.322527413146,441.9570617675781,23491700
2025-01-29 00:00:00-05:00,MSFT,Microsoft,441.4530954449331,441.6408703345489,435.23682974085557,437.1441955566406,23581400
2025-01-30 00:00:00-05:00,MSFT,Microsoft,413.86040812362955,417.90245411076046,408.3161931892364,410.1247253417969,54586300
2025-01-31 00:00:00-05:00,MSFT,Microsoft,414.06796458574274,415.7579084081136,410.0456732964256,410.19390869140625,34161900
2025-02-03 00:00:00-05:00,MSFT,Microsoft,406.77449861931177,410.5398286087579,403.8689641166184,406.10247802734375,25679100
2025-02-04 00:00:00-05:00,MSFT,Microsoft,407.8516865143663,409.0672770356713,404.9362598096777,407.5354309082031,20532100
2025-02-05 00:00:00-05:00,MSFT,Microsoft,407.5156591589932,408.97828849654115,405.5885086845079,408.44464111328125,16316700
2025-02-06 00:00:00-05:00,MSFT,Microsoft,409.1463070589971,413.29707875974475,409.1463070589971,410.9449768066406,16309800
2025-02-07 00:00:00-05:00,MSFT,Microsoft,411.59727657785896,413.7418190108213,403.31551731813784,404.9461669921875,22886800
2025-02-10 00:00:00-05:00,MSFT,Microsoft,408.8597595122439,410.5892429521528,406.1024904859577,407.3872375488281,20817900
2025-02-11 00:00:00-05:00,MSFT,Microsoft,404.8374480391833,407.6540108795472,404.50140761463905,406.6163330078125,18140600
2025-02-12 00:00:00-05:00,MSFT,Microsoft,402.43594449354754,405.93445069964594,399.62924369400855,404.2445068359375,19121700
2025-02-13 00:00:00-05:00,MSFT,Microsoft,402.22836193070845,406.18146622486773,401.59585076694265,405.72686767578125,23891700
2025-02-14 00:00:00-05:00,MSFT,Microsoft,403.00918147910807,404.11604605641566,401.12157021752904,403.64166259765625,22758500
2025-02-18 00:00:00-05:00,MSFT,Microsoft,403.2166455935164,405.78616946504144,401.7342314553049,404.8374328613281,21423100
2025-02-19 00:00:00-05:00,MSFT,Microsoft,403.098050601273,410.6188170610077,402.8707362463259,409.9072570800781,24114200
2025-02-20 00:00:00-05:00,MSFT,Microsoft,411.24417583261857,415.2250013636158,408.52096684547683,412.07598876953125,23508700
2025-02-21 00:00:00-05:00,MSFT,Microsoft,413.27418223243296,413.97725680128366,403.91626425407014,404.2331237792969,27524800
2025-02-24 00:00:00-05:00,MSFT,Microsoft,404.5302202614153,405.38182745676596,395.429748735741,400.06414794921875,26443700
2025-02-25 00:00:00-05:00,MSFT,Microsoft,397.192427276834,398.004445961788,392.8352988072402,394.0235900878906,29387400
2025-02-26 00:00:00-05:00,MSFT,Microsoft,394.13250979931917,399.66804717869115,390.40913086553707,395.83575439453125,19619000
2025-02-27 00:00:00-05:00,MSFT,Microsoft,397.36074580317216,401.7871994813194,388.3494237890168,388.7059020996094,21127400
2025-02-28 00:00:00-05:00,MSFT,Microsoft,388.83463352266693,393.7562160246685,382.8039671137811,393.1224365234375,32845700
2025-03-03 00:00:00-05:00,MSFT,Microsoft,394.93457905310964,394.93457905310964,382.3979130752632,384.7052001953125,23007700
2025-03-04 00:00:00-05:00,MSFT,Microsoft,379.6648014174362,388.75535997703025,377.2881889484286,384.82403564453125,29342900
2025-03-05 00:00:00-05:00,MSFT,Microsoft,385.5469260754551,397.7568203379533,385.02209070764377,397.1131286621094,23433100
2025-03-06 00:00:00-05:00,MSFT,Microsoft,390.438848896208,398.23217304119834,388.8544303529959,393.0234375,23304600
2025-03-07 00:00:00-05:00,MSFT,Microsoft,388.497925986767,390.9537458547577,381.7839796807534,389.478271484375,22034100
2025-03-10 00:00:00-04:00,MSFT,Microsoft,382.08104715568106,382.6355890788174,373.5450301742595,376.4563903808594,32840100
2025-03-11 00:00:00-04:00,MSFT,Microsoft,375.3076750122287,382.23947903620126,373.2380400086461,376.7435607910156,30380200
2025-03-12 00:00:00-04:00,MSFT,Microsoft,379.21921226907705,381.4670864515663,375.2581813231993,379.53607177734375,24253600
2025-03-13 00:00:00-04:00,MSFT,Microsoft,379.42714079198,381.5661010325616,373.7727778338423,375.07989501953125,20473000
2025-03-14 00:00:00-04:00,MSFT,Microsoft,376.08007458561946,386.42827981726157,375.8127158813028,384.7745361328125,19952800
2025-03-17 00:00:00-04:00,MSFT,Microsoft,382.9327228246585,388.884151955574,381.8137266185015,384.9132385253906,22474300
2025-03-18 00:00:00-04:00,MSFT,Microsoft,383.2990634136601,383.5961286419255,377.38722360904,379.78363037109375,19486900
2025-03-19 00:00:00-04:00,MSFT,Microsoft,381.7740797920575,385.8836435250732,380.2589866011294,384.0417785644531,19185500
2025-03-20 00:00:00-04:00,MSFT,Microsoft,381.98206039861145,387.97313863322194,379.5460345045817,383.07135009765625,18470500
2025-03-21 00:00:00-04:00,MSFT,Microsoft,379.4865916093534,387.92357710345186,379.07067004050685,387.4482727050781,39675900
2025-03-24 00:00:00-04:00,MSFT,Microsoft,391.54789342681113,391.54789342681113,386.0123564410982,389.25048828125,21004500
2025-03-25 00:00:00-04:00,MSFT,Microsoft,390.08236222676067,392.4985634335279,388.81483346341923,391.3102722167969,15775000
2025-03-26 00:00:00-04:00,MSFT,Microsoft,391.15183295239507,391.45881045430576,384.7844825194778,386.17083740234375,16108400
2025-03-27 00:00:00-04:00,MSFT,Microsoft,386.3292739557081,388.41870337339975,383.62585932715103,386.7748718261719,13766800
2025-03-28 00:00:00-04:00,MSFT,Microsoft,384.2992410074857,385.339029849346,373.2578723723651,375.1096496582031,21632000
2025-03-31 00:00:00-04:00,MSFT,Microsoft,368.91063894364476,373.3965054432232,363.6622546184452,371.7328796386719,35184700
2025-04-01 00:00:00-04:00,MSFT,Microsoft,371.0000917512926,379.12021808448793,369.59394254927554,378.4666442871094,19689500
2025-04-02 00:00:00-04:00,MSFT,Microsoft,374.2877261088344,381.32844426453147,372.95087209109226,378.4171142578125,16092600
2025-04-03 00:00:00-04:00,MSFT,Microsoft,371.1386925275575,373.80248816308017,365.75168821202425,369.47503662109375,30198000
2025-04-04 00:00:00-04:00,MSFT,Microsoft,360.5825648601157,370.94065262193254,355.97787229621173,356.3343505859375,49209900
2025-04-07 00:00:00-04:00,MSFT,Microsoft,347.4616768226877,367.38565979064595,341.43101018463227,354.3736572265625,50425000
2025-04-08 00:00:00-04:00,MSFT,Microsoft,364.6723167446661,370.0097901278565,346.83776558065426,351.10577392578125,35868900
2025-04-09 00:00:00-04:00,MSFT,Microsoft,350.0957251156184,389.39905670107095,349.66000929830324,386.68572998046875,50199700
2025-04-10 00:00:00-04:00,MSFT,Microsoft,378.33787067807094,380.1599412978202,364.21678559967916,377.6347961425781,38024400
2025-04-11 00:00:00-04:00,MSFT,Microsoft,376.93173851590154,386.25003769690613,375.1987873888056,384.6656494140625,23839200
2025-04-14 00:00:00-04:00,MSFT,Microsoft,389.38915847164185,390.8052198187617,380.46692636349223,384.0318603515625,19251200
2025-04-15 00:00:00-04:00,MSFT,Microsoft,384.72502208345617,388.0720978871573,380.4173951184577,381.97210693359375,17199900
2025-04-16 00:00:00-04:00,MSFT,Microsoft,376.9614484928254,377.892263018399,364.4148689208335,367.98968505859375,21967800
2025-04-17 00:00:00-04:00,MSFT,Microsoft,370.1088619054277,370.6733161182554,363.31570773511413,364.197021484375,21120200
2025-04-21 00:00:00-04:00,MSFT,Microsoft,359.2853342749941,360.9291658129438,352.20499720618693,355.6213684082031,20807300
2025-04-22 00:00:00-04:00,MSFT,Microsoft,359.83987920585236,364.18709517298703,356.3541524572501,363.2463684082031,19485000
2025-04-23 00:00:00-04:00,MSFT,Microsoft,372.3963282706759,376.68416126561135,369.38593623911186,370.74261474609375,20545500
2025-04-24 00:00:00-04:00,MSFT,Microsoft,372.0398589139721,384.6656455709585,371.53481777720657,383.5268249511719,22232300
2025-04-25 00:00:00-04:00,MSFT,Microsoft,383.2297451406492,388.33947870228997,380.8531326101871,388.0325012207031,18973200
2025-04-28 00:00:00-04:00,MSFT,Microsoft,388.1414067328739,388.9138065441973,382.87325863987553,387.3492126464844,16579400
2025-04-29 00:00:00-04:00,MSFT,Microsoft,387.48784509297593,391.2508426713115,386.5768248872523,390.201171875,14974000
2025-04-30 00:00:00-04:00,MSFT,Microsoft,386.49757125114587,392.79562598704683,380.69467558939255,391.4092712402344,36461100
2025-05-01 00:00:00-04:00,MSFT,Microsoft,426.90997818196183,432.73269823374693,420.7604863894309,421.255615234375,58938100
2025-05-02 00:00:00-04:00,MSFT,Microsoft,427.533877248033,435.1588741169636,425.80092616148227,431.0393981933594,30757400
2025-05-05 00:00:00-04:00,MSFT,Microsoft,428.652877068793,435.2182909345157,427.9002714913439,431.9207458496094,20136100
2025-05-06 00:00:00-04:00,MSFT,Microsoft,427.98945134811964,433.46557600489854,426.96948697979536,429.088623046875,15104200
2025-05-07 00:00:00-04:00,MSFT,Microsoft,429.61342097536215,433.8517229596541,426.9100064238295,429.1282043457031,23295300
2025-05-08 00:00:00-04:00,MSFT,Microsoft,433.66356271096413,439.3476626606329,431.41568853142036,433.9012451171875,23491300
2025-05-09 00:00:00-04:00,MSFT,Microsoft,435.7133964534002,436.4461774951318,431.6335394854884,434.4557800292969,15324200
2025-05-12 00:00:00-04:00,MSFT,Microsoft,441.59557651706575,444.99215360101994,435.495584693897,444.88323974609375,22821900
2025-05-13 00:00:00-04:00,MSFT,Microsoft,443.41763796979524,446.2794975271711,441.021200788799,444.764404296875,23618800
2025-05-14 00:00:00-04:00,MSFT,Microsoft,443.77414887416586,449.47801330220653,443.77414887416586,448.5273742675781,19902800
2025-05-15 00:00:00-04:00,MSFT,Microsoft,447.1979616790238,452.57502540604634,446.860659567107,449.5392761230469,21992300
2025-05-16 00:00:00-04:00,MSFT,Microsoft,448.4678177382938,450.7595102326154,445.17414935289,450.67022705078125,23849800
2025-05-19 00:00:00-04:00,MSFT,Microsoft,447.3071495873714,455.9481214834615,447.2277665675242,455.23382568359375,21336500
2025-05-20 00:00:00-04:00,MSFT,Microsoft,451.9797952414424,454.7080036018212,450.719869916101,454.53936767578125,15441800
2025-05-21 00:00:00-04:00,MSFT,Microsoft,450.967885651573,454.1524403651085,448.22974686474834,448.9837341308594,19216900
2025-05-22 00:00:00-04:00,MSFT,Microsoft,451.3448676580097,456.6028569421555,450.30316997101943,451.25555419921875,18025600
2025-05-23 00:00:00-04:00,MSFT,Microsoft,446.4142434023006,450.0948358464348,445.3527151156796,446.6126403808594,16883500
2025-05-27 00:00:00-04:00,MSFT,Microsoft,452.86273735527834,457.29731705224054,452.5055743512772,457.03936767578125,20974300
2025-05-28 00:00:00-04:00,MSFT,Microsoft,457.56514563572654,458.8548319074409,453.309132497874,453.7357177734375,17086300
2025-05-29 00:00:00-04:00,MSFT,Microsoft,457.8925405838875,458.0612067791374,451.7019977235154,455.0452880859375,13974800
2025-05-30 00:00:00-04:00,MSFT,Microsoft,456.07703188956276,458.02149174118404,451.93016282180776,456.7119445800781,34770500
2025-06-02 00:00:00-04:00,MSFT,Microsoft,453.51752207653715,458.44810948050275,453.2695031394806,458.3092346191406,16626500
2025-06-03 00:00:00-04:00,MSFT,Microsoft,457.8131864599202,460.4620419695056,457.20800452370844,459.3013000488281,15743800
2025-06-04 00:00:00-04:00,MSFT,Microsoft,460.3231275179124,461.9997378828715,459.35088242690273,460.19415283203125,14162700
2025-06-05 00:00:00-04:00,MSFT,Microsoft,461.2755213187348,465.92835889810493,460.35289815926444,463.9739685058594,20131700
2025-06-06 00:00:00-04:00,MSFT,Microsoft,466.3648469522318,469.5890928719542,465.06523024972654,466.6525573730469,15285600
2025-06-09 00:00:00-04:00,MSFT,Microsoft,465.9779957450024,469.67841894667356,464.90653697170796,469.0038146972656,16469900
2025-06-10 00:00:00-04:00,MSFT,Microsoft,467.45617352695865,469.0534009468453,463.25968221899245,467.1883239746094,15375900
2025-06-11 00:00:00-04:00,MSFT,Microsoft,466.29544434484353,471.7022694228479,465.9383115986028,468.8748474121094,16399200
2025-06-12 00:00:00-04:00,MSFT,Microsoft,471.2557893550323,476.6130223697302,469.7676758011157,475.0752868652344,18950600
2025-06-13 00:00:00-04:00,MSFT,Microsoft,472.6348110082228,475.3828499324856,469.0137405811006,471.1962890625,16814500
2025-06-16 00:00:00-04:00,MSFT,Microsoft,471.44428961660435,476.8808754060361,471.23596219473825,475.3431701660156,15626100
2025-06-17 00:00:00-04:00,MSFT,Microsoft,471.63279762120845,474.9463269378011,470.3232503868908,474.25189208984375,15414100
2025-06-18 00:00:00-04:00,MSFT,Microsoft,474.21223862682587,477.18846606590637,470.70028177150056,476.4344787597656,17526500
2025-06-20 00:00:00-04:00,MSFT,Microsoft,478.4086860483398,479.62891980922967,473.09114443804276,473.616943359375,37576200
2025-06-23 00:00:00-04:00,MSFT,Microsoft,474.42052531416374,483.884936234588,468.76571183115124,482.1488037109375,24864000
2025-06-24 00:00:00-04:00,MSFT,Microsoft,485.07541514458467,487.9524285572733,482.9424282150726,486.2261962890625,22305600
2025-06-25 00:00:00-04:00,MSFT,Microsoft,488.1409520653471,490.64097201284227,485.5119574284625,488.3691101074219,17495100
2025-06-26 00:00:00-04:00,MSFT,Microsoft,489.0735376490357,494.0934387633337,488.9048714420965,493.50811767578125,21578900
2025-06-27 00:00:00-04:00,MSFT,Microsoft,493.60726767719865,495.3434002058453,489.12309627390664,492.0100402832031,34539200
2025-06-30 00:00:00-04:00,MSFT,Microsoft,493.1013206195562,496.79184348109624,491.404849352638,493.4683837890625,28369000
2025-07-01 00:00:00-04:00,MSFT,Microsoft,492.53583641461546,494.10330273882704,487.08935037246306,488.1508483886719,19945400
2025-07-02 00:00:00-04:00,MSFT,Microsoft,486.10716647659297,489.589361899926,484.82741061180644,487.1984558105469,16319600
2025-07-03 00:00:00-04:00,MSFT,Microsoft,489.8969147231798,496.1668406146565,489.5298515465148,494.8870544433594,13984800
2025-07-07 00:00:00-04:00,MSFT,Microsoft,493.4386378219278,494.7977767455099,491.3056810299541,493.77593994140625,13981600
2025-07-08 00:00:00-04:00,MSFT,Microsoft,493.2997134401056,494.25212791462184,490.1945116420166,492.68463134765625,11846600
2025-07-09 00:00:00-04:00,MSFT,Microsoft,496.3354652236218,502.76412671878114,495.77990524850594,499.5200500488281,18659500
2025-07-10 00:00:00-04:00,MSFT,Microsoft,499.06366987607214,500.4426696344743,493.8056807647675,497.5061340332031,16492100
2025-07-11 00:00:00-04:00,MSFT,Microsoft,494.5200000462786,501.0280145407016,493.85529597280816,499.3315734863281,16459500
2025-07-14 00:00:00-04:00,MSFT,Microsoft,497.5457914873048,499.9763890495242,497.0596840851599,499.0339050292969,12058800
2025-07-15 00:00:00-04:00,MSFT,Microsoft,499.03393728805895,504.2720960834484,498.80577924001653,501.811767578125,14927200
2025-07-16 00:00:00-04:00,MSFT,Microsoft,501.17679603649344,502.70460109528983,497.9128887743687,501.6133117675781,15154400
2025-07-17 00:00:00-04:00,MSFT,Microsoft,501.6728265840105,509.30189104591364,501.6133044647972,507.6451416015625,17503100
2025-07-18 00:00:00-04:00,MSFT,Microsoft,510.4030974050004,510.5618634291492,503.40897568442307,506.0082092285156,21209700
2025-07-21 00:00:00-04:00,MSFT,Microsoft,502.69469811942383,508.03210080948105,501.54388660874696,506.0181579589844,14066800
2025-07-22 00:00:00-04:00,MSFT,Microsoft,506.92092641726225,507.1491147296819,501.2660827636719,501.2660827636719,13868600
2025-07-23 00:00:00-04:00,MSFT,Microsoft,502.73439015336794,502.77408166088094,496.73234393031225,501.8613586425781,16396600
2025-07-24 00:00:00-04:00,MSFT,Microsoft,504.73836945889843,509.59953458867506,503.28001689239056,506.8316650390625,16107000
2025-07-25 00:00:00-04:00,MSFT,Microsoft,508.409026924469,514.1829150146133,506.3157616392057,509.6392517089844,19125700
2025-07-28 00:00:00-04:00,MSFT,Microsoft,510.0063088656235,510.91900158393673,506.07766717141,508.4388122558594,14308000
2025-07-29 00:00:00-04:00,MSFT,Microsoft,511.4448055642593,513.5182098314434,507.50623361872493,508.50823974609375,16469200
2025-07-30 00:00:00-04:00,MSFT,Microsoft,511.08764202727673,511.86149016920456,505.4030674134904,509.1729431152344,26380400
2025-07-31 00:00:00-04:00,MSFT,Microsoft,550.8301860551579,551.0484742016899,527.6851029610986,529.2723999023438,51617300
2025-08-01 00:00:00-04:00,MSFT,Microsoft,530.7605061500977,531.5541546097426,516.7325410439772,519.956787109375,28977600
2025-08-04 00:00:00-04:00,MSFT,Microsoft,524.0838536533402,533.9847498429226,523.9449485218581,531.3954467773438,25349000
2025-08-05 00:00:00-04:00,MSFT,Microsoft,532.9231983823397,533.0422426180032,523.0619638515897,523.5679321289062,19171600
2025-08-06 00:00:00-04:00,MSFT,Microsoft,526.6930052823053,527.4866537198485,519.8774501718309,520.7802124023438,21355700
2025-08-07 00:00:00-04:00,MSFT,Microsoft,522.6254396329194,523.9052559727172,513.4487398823029,516.7127075195312,16079100
2025-08-08 00:00:00-04:00,MSFT,Microsoft,518.4587582353118,520.502431840537,515.2940341981842,517.9031982421875,15531000
2025-08-11 00:00:00-04:00,MSFT,Microsoft,518.1611446296885,523.4092640243366,515.6015722772428,517.6353759765625,20194400
2025-08-12 00:00:00-04:00,MSFT,Microsoft,519.5996565820958,526.7723446368122,518.5579891899393,525.046142578125,18667000
2025-08-13 00:00:00-04:00,MSFT,Microsoft,527.8934364066101,528.4787877679453,515.2544004746543,516.454833984375,19619200
2025-08-14 00:00:00-04:00,MSFT,Microsoft,518.4191046945965,521.7822560401938,516.0182983192124,518.3397216796875,20269100
2025-08-15 00:00:00-04:00,MSFT,Microsoft,518.6274679925785,521.9310366989816,514.9667059909838,516.0480346679688,25213300
2025-08-18 00:00:00-04:00,MSFT,Microsoft,517.4568516493948,518.6770855269226,509.94683045407294,513.0023803710938,23760600
2025-08-19 00:00:00-04:00,MSFT,Microsoft,510.9189744125155,511.0776798784135,504.5200741760794,505.73040771484375,21481000
2025-08-20 00:00:00-04:00,MSFT,Microsoft,505.829663283555,506.9507137373093,500.4426991689255,501.7125549316406,27723000
2025-08-21 00:00:00-04:00,MSFT,Microsoft,500.5200933584279,504.43529989468334,499.55619671725805,501.0666198730469,18443300
2025-08-22 00:00:00-04:00,MSFT,Microsoft,501.0765850227361,507.5158151187978,499.2481684011306,504.037841796875,24324200
2025-08-25 00:00:00-04:00,MSFT,Microsoft,503.44159720621536,504.9917771303553,500.9473838488724,501.0865173339844,21638600
2025-08-26 00:00:00-04:00,MSFT,Microsoft,501.18583887731603,501.8019624337255,495.37267961289456,498.8804626464844,30835700
2025-08-27 00:00:00-04:00,MSFT,Microsoft,498.8407434548062,504.09746017877256,496.75395340313815,503.5509033203125,17277900
2025-08-28 00:00:00-04:00,MSFT,Microsoft,503.89867767213724,507.87350408410515,502.3186878124423,506.4326477050781,18015600
2025-08-29 00:00:00-04:00,MSFT,Microsoft,505.4588240002719,506.39291066950057,501.3150539612025,503.501220703125,20961600
2025-09-02 00:00:00-04:00,MSFT,Microsoft,497.32034095368414,502.81553721257154,493.68337117589067,501.9410705566406,18128000
2025-09-03 00:00:00-04:00,MSFT,Microsoft,500.619436889999,504.59426313425837,499.158687032213,502.16961669921875,16345100
2025-09-04 00:00:00-04:00,MSFT,Microsoft,501.1262461318779,504.95202275876863,499.983489561643,504.7731628417969,15509500
2025-09-05 00:00:00-04:00,MSFT,Microsoft,505.86625611105876,508.7479993566889,489.27134277765646,491.8847961425781,31994800
2025-09-08 00:00:00-04:00,MSFT,Microsoft,494.975206462802,498.04578670760833,491.9146033142146,495.0646667480469,16771000
2025-09-09 00:00:00-04:00,MSFT,Microsoft,498.27429847652155,499.0891451753406,494.5677922273047,495.2733154296875,14410500
2025-09-10 00:00:00-04:00,MSFT,Microsoft,499.81456783685906,500.06299449245154,493.5939546766565,497.2209777832031,21611800
2025-09-11 00:00:00-04:00,MSFT,Microsoft,499.08915061774627,500.00337405269875,494.7466575341409,497.8569641113281,18881600
2025-09-12 00:00:00-04:00,MSFT,Microsoft,503.4614629424367,509.32432605160386,500.67909648146514,506.6910095214844,23624900
2025-09-15 00:00:00-04:00,MSFT,Microsoft,505.58800862213144,512.2259313574772,503.80926524972944,512.1166381835938,17143800
2025-09-16 00:00:00-04:00,MSFT,Microsoft,513.6270820344445,513.9748550906477,505.3991924428879,505.83642578125,19711900
2025-09-17 00:00:00-04:00,MSFT,Microsoft,507.4064717390096,508.07226852063866,502.74598524416496,506.81024169921875,15816600
2025-09-18 00:00:00-04:00,MSFT,Microsoft,508.270968235188,509.84104161182444,504.4650853819943,505.2501220703125,18913700
2025-09-19 00:00:00-04:00,MSFT,Microsoft,507.34685812925306,516.0318444319288,507.09843147001845,514.6704711914062,52474100
2025-09-22 00:00:00-04:00,MSFT,Microsoft,512.3452424901319,514.48167541423,509.3143886623668,511.21240234375,20009300
2025-09-23 00:00:00-04:00,MSFT,Microsoft,510.56645428814153,511.35152134239047,504.1173079645634,506.0252380371094,19799600
2025-09-24 00:00:00-04:00,MSFT,Microsoft,507.16798604562155,509.2547456727144,503.72976965544393,506.9394226074219,13533700
2025-09-25 00:00:00-04:00,MSFT,Microsoft,505.10107733704126,506.8003375404676,501.8616142840625,503.8390808105469,15786500
2025-09-26 00:00:00-04:00,MSFT,Microsoft,506.849997214163,510.70558375978015,503.4316440082871,508.2411804199219,16213100
2025-09-29 00:00:00-04:00,MSFT,Microsoft,508.2809533120173,513.5972596483151,505.677446731691,511.3614196777344,17617800
2025-09-30 00:00:00-04:00,MSFT,Microsoft,510.0099885223437,514.8990082310244,506.45253207823936,514.6903686523438,19728200
2025-10-01 00:00:00-04:00,MSFT,Microsoft,511.56013673304216,517.2342231556227,508.4697238165545,516.4392700195312,22632300
2025-10-02 00:00:00-04:00,MSFT,Microsoft,514.3823296081488,518.3173691617891,507.4661094259624,512.4942626953125,21222900
2025-10-03 00:00:00-04:00,MSFT,Microsoft,513.8456285403139,517.2143082734997,511.75886906280147,514.0940551757812,15112300
2025-10-06 00:00:00-04:00,MSFT,Microsoft,515.3461902238155,527.6880704621805,514.9387971845453,525.2435302734375,21388600
2025-10-07 00:00:00-04:00,MSFT,Microsoft,524.9652461341774,526.4657528279373,518.1583800775612,520.682373046875,14615200
2025-10-08 00:00:00-04:00,MSFT,Microsoft,519.9868698926625,523.6337564909833,519.798063194055,521.5469360351562,13363400
2025-10-09 00:00:00-04:00,MSFT,Microsoft,519.0527457511332,521.0302122328587,514.1438325922749,519.1123657226562,18343600
2025-10-10 00:00:00-04:00,MSFT,Microsoft,516.3697201998212,520.2849266906686,506.42270727517143,507.74432373046875,24133800
2025-10-13 00:00:00-04:00,MSFT,Microsoft,513.1600441163425,513.1600441163425,508.45983088995337,510.8149108886719,14284200
2025-10-14 00:00:00-04:00,MSFT,Microsoft,507.0189143190136,512.0371506947121,502.815524609146,510.337890625,14684300
2025-10-15 00:00:00-04:00,MSFT,Microsoft,511.7192223799748,513.9351689053381,506.79041532984223,510.1988220214844,14694700
2025-10-16 00:00:00-04:00,MSFT,Microsoft,509.3541552294708,513.597241245564,504.93214864922606,508.3902282714844,15559600
2025-10-17 00:00:00-04:00,MSFT,Microsoft,505.8364332653001,512.235876086287,504.1173098719632,510.3478698730469,19867800
2025-10-20 00:00:00-04:00,MSFT,Microsoft,511.3713853844849,515.4356724346321,510.1988187679518,513.5376586914062,14665600
2025-10-21 00:00:00-04:00,MSFT,Microsoft,514.2431942660954,515.4257076122852,509.81124074780416,514.4021606445312,15586200
2025-10-22 00:00:00-04:00,MSFT,Microsoft,517.870184130928,521.9244631183706,514.4518312300626,517.2639770507812,18962700
2025-10-23 00:00:00-04:00,MSFT,Microsoft,519.1720024577996,520.6526156742948,515.3461954332505,517.283935546875,14023500
2025-10-24 00:00:00-04:00,MSFT,Microsoft,519.4999115166443,522.0437982801024,517.4330452189278,520.3147583007812,15532400
2025-10-27 00:00:00-04:00,MSFT,Microsoft,528.4333612309177,531.2157277722118,525.6807743511338,528.1749877929688,18734700
2025-10-28 00:00:00-04:00,MSFT,Microsoft,546.5385938392855,550.2351530342114,537.3667019364588,538.6585083007812,29986700
2025-10-29 00:00:00-04:00,MSFT,Microsoft,541.5104645203966,542.8321112501552,533.3521116884923,538.1417846679688,36023000
2025-10-30 00:00:00-04:00,MSFT,Microsoft,527.1414993194383,531.6032326010347,518.834126044735,522.4512329101562,41023100
2025-10-31 00:00:00-04:00,MSFT,Microsoft,525.5515477587454,525.9887810857076,511.85824179468614,514.5512084960938,34006400
2025-11-03 00:00:00-05:00,MSFT,Microsoft,516.5385956979154,521.6562086548496,511.3514766558802,513.776123046875,22374700
2025-11-04 00:00:00-05:00,MSFT,Microsoft,508.53927600780713,512.3054020147877,504.64393297114844,511.0931091308594,20958700
2025-11-05 00:00:00-05:00,MSFT,Microsoft,510.06960470137113,511.5900049686576,503.39189488693165,503.96826171875,23024300
2025-11-06 00:00:00-05:00,MSFT,Microsoft,502.47768369906356,502.51744045426454,492.6896676102462,493.9715576171875,27406500
2025-11-07 00:00:00-05:00,MSFT,Microsoft,493.8225155697467,496.2372153715257,490.1457889557352,493.6933288574219,24019800
2025-11-10 00:00:00-05:00,MSFT,Microsoft,496.8930989278779,503.6602390221828,495.6608820179433,502.8155822753906,26101500
2025-11-11 00:00:00-05:00,MSFT,Microsoft,501.6230817360039,506.39289163210333,499.18851875070465,505.4786682128906,17980000
2025-11-12 00:00:00-05:00,MSFT,Microsoft,506.1543604609167,508.4498505213197,495.9788149582036,507.9231872558594,26574900
2025-11-13 00:00:00-05:00,MSFT,Microsoft,507.09842927280135,510.2683558569415,498.13520636364063,500.12261962890625,25273100
2025-11-14 00:00:00-05:00,MSFT,Microsoft,495.0944623167857,508.38031503091224,494.30942559248354,506.96923828125,28505700
2025-11-17 00:00:00-05:00,MSFT,Microsoft,505.2501533046029,508.8970396915909,501.73242330739504,504.2961730957031,19092800
2025-11-18 00:00:00-05:00,MSFT,Microsoft,492.2524466910109,499.8145698875434,483.71651040889276,490.6824035644531,33815100
2025-11-19 00:00:00-05:00,MSFT,Microsoft,487.0156390818261,492.0736023312663,479.79137227085766,484.05438232421875,23245300
2025-11-20 00:00:00-05:00,MSFT,Microsoft,490.5255566668064,491.3817596467919,473.39186588492817,476.3088684082031,26802500
2025-11-21 00:00:00-05:00,MSFT,Microsoft,476.3785437287191,476.796695003642,466.19388806310616,470.0268249511719,31769200
2025-11-24 00:00:00-05:00,MSFT,Microsoft,472.8940955697233,474.7856658755464,465.9450303435204,471.8985290527344,34421000
2025-11-25 00:00:00-05:00,MSFT,Microsoft,471.9681767111092,477.0256407210385,462.82888433135173,474.8752136230469,28019800
2025-11-26 00:00:00-05:00,MSFT,Microsoft,484.1539100429923,486.14504291080743,479.06658014921754,483.3475036621094,25709100
2025-11-28 00:00:00-05:00,MSFT,Microsoft,485.4382224868377,490.44592067381114,484.49242217644115,489.82867431640625,14386700
2025-12-01 00:00:00-05:00,MSFT,Microsoft,486.27447583839387,487.68816317334665,482.5012705124726,484.5820007324219,23964000
2025-12-02 00:00:00-05:00,MSFT,Microsoft,484.56211884124775,491.312058367048,484.16389832530854,487.82757568359375,19562700
2025-12-03 00:00:00-05:00,MSFT,Microsoft,474.2082166599713,482.09308589504883,473.0931871020635,475.6119689941406,34615100
2025-12-04 00:00:00-05:00,MSFT,Microsoft,477.6329620200481,479.186043226252,474.3774403367437,478.7081604003906,22318200
2025-12-05 00:00:00-05:00,MSFT,Microsoft,480.3807061976695,481.2568095233099,476.7568601661199,481.01788330078125,22608700
2025-12-08 00:00:00-05:00,MSFT,Microsoft,482.74025101921535,490.11737199051475,482.2325023858298,488.8430480957031,21965900
2025-12-09 00:00:00-05:00,MSFT,Microsoft,486.93155551686203,489.93815525049575,486.33420957194573,489.8385925292969,14696100
2025-12-10 00:00:00-05:00,MSFT,Microsoft,481.88401246545567,482.10303829287767,472.973680864489,476.4382629394531,35756200
2025-12-11 00:00:00-05:00,MSFT,Microsoft,474.51683677020293,483.8751552220924,473.750231167373,481.3265075683594,24669200
2025-12-12 00:00:00-05:00,MSFT,Microsoft,477.69270598810584,480.31105063829824,474.22812377070755,476.4084167480469,21248100
2025-12-15 00:00:00-05:00,MSFT,Microsoft,477.97146396596463,478.588710310573,470.42505317808707,472.7148742675781,23727700
2025-12-16 00:00:00-05:00,MSFT,Microsoft,469.8177748762136,475.7712732838117,468.79234263095657,474.2779235839844,20705600
2025-12-17 00:00:00-05:00,MSFT,Microsoft,474.79560024235434,477.8718969329872,472.8940646732686,474.00909423828125,24527200
2025-12-18 00:00:00-05:00,MSFT,Microsoft,476.06992080908344,487.4293375934554,475.7712630284666,481.8342590332031,28573500
2025-12-19 00:00:00-05:00,MSFT,Microsoft,485.1992432324443,485.68709144559693,480.35083955461556,483.7656555175781,70836100
2025-12-22 00:00:00-05:00,MSFT,Microsoft,483.9647726311972,486.5632169440421,480.5499868948874,482.7701110839844,16963000
2025-12-23 00:00:00-05:00,MSFT,Microsoft,482.829854335465,485.66719456773416,482.5908977144131,484.6915588378906,14683600
2025-12-24 00:00:00-05:00,MSFT,Microsoft,483.5267014178325,486.99128356758627,482.680463867149,485.8563232421875,5855900
2025-12-26 00:00:00-05:00,MSFT,Microsoft,484.5521629916047,485.95591540329985,483.8054881161676,485.5477294921875,8842200
2025-12-29 00:00:00-05:00,MSFT,Microsoft,482.71034015280554,486.1848877649252,482.0333622504328,484.9404296875,10893400
2025-12-30 00:00:00-05:00,MSFT,Microsoft,483.77560983811236,487.5089841188462,483.3475235456682,485.3187561035156,13944500
2025-12-31 00:00:00-05:00,MSFT,Microsoft,485.6771523949816,485.97584057107747,481.15727202744546,481.4758605957031,15601600
2026-01-02 00:00:00-05:00,MSFT,Microsoft,482.24244872265706,482.5112407273309,468.07552715971417,470.84320068359375,25571600
2026-01-05 00:00:00-05:00,MSFT,Microsoft,471.95822796941724,473.95932625248497,467.41844739653146,470.75360107421875,25250300
2026-01-06 00:00:00-05:00,MSFT,Microsoft,471.69937935780575,476.617480129593,467.6673473241013,476.3885192871094,23037700
2026-01-07 00:00:00-05:00,MSFT,Microsoft,477.63296458601815,487.5288974221053,475.83099176167434,481.3265075683594,25564200
2026-01-08 00:00:00-05:00,MSFT,Microsoft,479.10639276886474,480.5201105081445,473.7502403609407,475.9902648925781,18162600
2026-01-09 00:00:00-05:00,MSFT,Microsoft,471.9582322108041,477.6927047258898,470.106493184136,477.15509033203125,18491000
2026-01-12 00:00:00-05:00,MSFT,Microsoft,474.5566738594685,478.85749783991434,473.57104241242143,475.06439208984375,23519900
2026-01-13 00:00:00-05:00,MSFT,Microsoft,472.57548334410274,473.6706125344443,463.88420753037366,468.5832824707031,28545800
2026-01-14 00:00:00-05:00,MSFT,Microsoft,464.3919508718589,466.12425727832346,455.14315976714454,457.3433532714844,28184300
2026-01-15 00:00:00-05:00,MSFT,Microsoft,462.06232415810086,462.191752665677,453.8787662235596,454.6354064941406,23225800
2026-01-16 00:00:00-05:00,MSFT,Microsoft,455.8001987238622,461.13645097900303,454.4562082505655,457.8211975097656,34246700
2026-01-20 00:00:00-05:00,MSFT,Microsoft,449.2194951600843,454.77474258752966,447.28809381488645,452.5048522949219,26130000
2026-01-21 00:00:00-05:00,MSFT,Microsoft,450.5933708341933,450.6829681667298,436.73507280530305,442.1409912109375,37980500
2026-01-22 00:00:00-05:00,MSFT,Microsoft,445.6354487179439,450.8323067932568,442.7284117030413,449.1398620605469,25349400
2026-01-23 00:00:00-05:00,MSFT,Microsoft,449.8665935761158,469.01134678020316,448.5325382185013,463.8841857910156,38000200
2026-01-26 00:00:00-05:00,MSFT,Microsoft,463.2470104625561,472.14737672642065,459.9516880286902,468.1949768066406,29291200
2026-01-27 00:00:00-05:00,MSFT,Microsoft,471.59986874099184,480.72919663912324,471.06225431764057,478.4493408203125,29213900
2026-01-28 00:00:00-05:00,MSFT,Microsoft,481.0676409982362,481.59528998521284,475.8807484603396,479.4946594238281,36875400
2026-01-29 00:00:00-05:00,MSFT,Microsoft,438.0392806211351,440.5381621786467,419.1533835040837,431.57806396484375,128855300
2026-01-30 00:00:00-05:00,MSFT,Microsoft,437.2229285851671,437.65101486434605,424.55932220203715,428.3822937011719,58566800
2026-02-02 00:00:00-05:00,MSFT,Microsoft,428.33251789753194,428.8303011436502,420.37795134689077,421.49298095703125,42219900
2026-02-03 00:00:00-05:00,MSFT,Microsoft,420.1390072256922,420.178808008447,406.7486263222299,409.3868713378906,61424100
2026-02-04 00:00:00-05:00,MSFT,Microsoft,409.17783910585314,417.93881231579195,407.4256323109538,412.35369873046875,45012400
2026-02-05 00:00:00-05:00,MSFT,Microsoft,405.6335909812077,406.4897635323938,390.5806313349955,391.9246520996094,66289200
2026-02-06 00:00:00-05:00,MSFT,Microsoft,397.4002746193236,400.0086538663787,391.17798428483076,399.3615417480469,53515300
2026-02-09 00:00:00-05:00,MSFT,Microsoft,403.0550898097971,413.05058563481117,399.0927243377603,411.76629638671875,45480500
2026-02-10 00:00:00-05:00,MSFT,Microsoft,417.75959730190846,421.80159473973595,410.8702943432265,411.437744140625,44857900
2026-02-11 00:00:00-05:00,MSFT,Microsoft,414.33481566901673,414.61357304478975,399.2320904458023,402.5771789550781,42491000
2026-02-12 00:00:00-05:00,MSFT,Microsoft,403.20440420967,404.3990960787573,396.24540458526855,400.05841064453125,40802400
2026-02-13 00:00:00-05:00,MSFT,Microsoft,402.65686886295305,403.7420326637702,396.2852191820681,399.5407409667969,34091600
2026-02-17 00:00:00-05:00,MSFT,Microsoft,397.45004705087115,398.7442713079252,392.78083787972264,395.1004943847656,32078800
2026-02-18 00:00:00-05:00,MSFT,Microsoft,396.3648548030424,400.77520665339193,394.56288205367116,397.8283386230469,23223400
2026-02-19 00:00:00-05:00,MSFT,Microsoft,399.82403795970674,403.55594539020564,395.8127368785549,397.5988464355469,28234000
2026-02-20 00:00:00-05:00,MSFT,Microsoft,395.2539159508346,399.2552593187824,394.3059873534157,396.37152099609375,34015200
2026-02-23 00:00:00-05:00,MSFT,Microsoft,394.14630950985264,394.50551684604494,382.27203437696886,383.6390686035156,43238300
2026-02-24 00:00:00-05:00,MSFT,Microsoft,383.30981969967445,388.5185091169527,380.88504821898124,388.1593017578125,33884700
2026-02-25 00:00:00-05:00,MSFT,Microsoft,389.68597856263057,400.60233728073825,389.31678308531696,399.7342224121094,43625500
2026-02-26 00:00:00-05:00,MSFT,Microsoft,403.8353349281015,406.6093255926281,397.8782360341113,400.851806640625,34405900
2026-02-27 00:00:00-05:00,MSFT,Microsoft,390.03523926255787,395.9624042352165,389.0374004516944,391.8912048339844,51367200
2026-03-02 00:00:00-05:00,MSFT,Microsoft,392.01092411942045,400.32293811697235,389.78576315389057,397.6886291503906,35474900
2026-03-03 00:00:00-05:00,MSFT,Microsoft,392.2903484387299,405.82103971635513,391.82136299902305,403.0570068359375,38199200
2026-03-04 00:00:00-05:00,MSFT,Microsoft,400.4027502952161,410.14166638677375,399.44483360720756,404.32427978515625,35808000
2026-03-05 00:00:00-05:00,MSFT,Microsoft,403.54596943015656,410.72040218284053,403.525993165685,409.79241943359375,39001300
2026-03-06 00:00:00-05:00,MSFT,Microsoft,408.31564337314285,412.1572983375802,407.6271321747383,408.0761413574219,31123900
2026-03-09 00:00:00-04:00,MSFT,Microsoft,404.044890641513,409.3234358422322,402.62794618065146,408.5251770019531,30131900
2026-03-10 00:00:00-04:00,MSFT,Microsoft,409.1438479339772,409.31349393117443,402.05918625996463,404.8830871582031,31706400
2026-03-11 00:00:00-04:00,MSFT,Microsoft,404.6934855668013,408.1260534422115,400.7220762180728,404.0049743652344,25512100
2026-03-12 00:00:00-04:00,MSFT,Microsoft,403.7555185610488,405.2422886286942,400.84181586601125,400.9914855957031,27263900
2026-03-13 00:00:00-04:00,MSFT,Microsoft,400.13336309353434,403.9251383935716,393.3979511212616,394.69512939453125,26848000
2026-03-16 00:00:00-04:00,MSFT,Microsoft,397.209690545171,399.7641553863696,393.9367805641587,399.08563232421875,27733700
2026-03-17 00:00:00-04:00,MSFT,Microsoft,399.4049101655112,403.5259891234105,396.8903674487218,398.5467834472656,26228300
2026-03-18 00:00:00-04:00,MSFT,Microsoft,396.271723303423,397.13983817793417,390.1549666521916,390.9432678222656,25908500
2026-03-19 00:00:00-04:00,MSFT,Microsoft,389.2569126674818,391.6417315076428,386.2234742615233,388.1792297363281,25138800
2026-03-20 00:00:00-04:00,MSFT,Microsoft,385.95408868282834,386.16362631018524,379.29849030352204,381.0447082519531,50853200
2026-03-23 00:00:00-04:00,MSFT,Microsoft,383.07032058481127,386.3731646745857,380.85511716508233,382.1722717285156,29680100
2026-03-24 00:00:00-04:00,MSFT,Microsoft,381.53362193174286,381.6434000325674,371.04635704379217,371.9344177246094,42733600
2026-03-25 00:00:00-04:00,MSFT,Microsoft,376.10542586510894,376.2451074667104,368.831172255135,370.2381286621094,31181200
2026-03-26 00:00:00-04:00,MSFT,Microsoft,370.01860155518807,373.9101668945663,364.4007640805619,365.1790771484375,36836600
2026-03-27 00:00:00-04:00,MSFT,Microsoft,361.11784971721505,361.6666793192034,355.73951450811694,355.9989318847656,37883400
2026-03-30 00:00:00-04:00,MSFT,Microsoft,361.1178525849577,364.5703662773937,355.51000344849933,358.1842041015625,44797000
2026-03-31 00:00:00-04:00,MSFT,Microsoft,363.7621155862403,372.09407550142714,362.28533367877645,369.3699951171875,45244400
2026-04-01 00:00:00-04:00,MSFT,Microsoft,372.682807332766,373.1817267376728,367.4042619540212,368.57171630859375,29417200
2026-04-02 00:00:00-04:00,MSFT,Microsoft,366.41637016886637,372.83249667260446,363.3629859357669,372.6528625488281,24099100
2026-04-06 00:00:00-04:00,MSFT,Microsoft,372.682794233078,372.92229624611906,368.70142726638517,372.0741271972656,16146600
2026-04-07 00:00:00-04:00,MSFT,Microsoft,369.5396147715723,371.64507045865594,365.7677853538718,371.48541259765625,21443300
2026-04-08 00:00:00-04:00,MSFT,Microsoft,384.148004001906,384.167949815935,370.6073237610428,373.52099609375,33064800
2026-04-09 00:00:00-04:00,MSFT,Microsoft,371.6949574789129,372.6927962909368,366.2567237727329,372.26373291015625,30435300
2026-04-10 00:00:00-04:00,MSFT,Microsoft,372.17393720824543,374.8281921461914,369.23030048358606,370.0684814453125,28111100
2026-04-13 00:00:00-04:00,MSFT,Microsoft,372.8025510733858,383.70895264062807,370.2181521550117,383.539306640625,35745800
2026-04-14 00:00:00-04:00,MSFT,Microsoft,387.0816509997633,393.83700889302276,385.684652281273,392.2604064941406,37504500
2026-04-15 00:00:00-04:00,MSFT,Microsoft,397.1398382929036,413.47445440771634,395.8725939925935,410.3312683105469,45063400
2026-04-16 00:00:00-04:00,MSFT,Microsoft,418.95258572248235,419.9105328997013,411.2492993874727,419.35174560546875,41642400
2026-04-17 00:00:00-04:00,MSFT,Microsoft,423.9018933176335,430.64726300981,419.78081413338697,421.87628173828125,48568200
2026-04-20 00:00:00-04:00,MSFT,Microsoft,420.2398034863272,422.4150847565369,415.40027922801784,417.1664733886719,27582200
2026-04-21 00:00:00-04:00,MSFT,Microsoft,419.33177508554746,426.25677891783357,416.2983670043314,423.2433166503906,32048500
2026-04-22 00:00:00-04:00,MSFT,Microsoft,425.2689090952171,432.7626880248645,422.7543663498755,431.984375,29378200
2026-04-23 00:00:00-04:00,MSFT,Microsoft,418.9825380949446,422.7443793162959,410.5208543154444,414.8514709472656,38308000
2026-04-24 00:00:00-04:00,MSFT,Microsoft,416.0688403922519,424.0316048781353,414.9013556123021,423.7023010253906,27457400
2026-04-27 00:00:00-04:00,MSFT,Microsoft,421.46715688013995,426.1869149113369,416.1686352924954,423.9018859863281,30867300
2026-04-28 00:00:00-04:00,MSFT,Microsoft,423.6524179624475,428.99086152362304,420.9881750222059,428.3222961425781,30438100
2026-04-29 00:00:00-04:00,MSFT,Microsoft,423.6623688360089,425.8975483734993,419.38166246548025,423.5426330566406,38288300
2026-04-30 00:00:00-04:00,MSFT,Microsoft,409.92216255995794,413.5243765293071,397.1498378648014,406.8987121582031,70909400
2026-05-01 00:00:00-04:00,MSFT,Microsoft,411.9078412872606,416.2085240460113,409.5529563541748,413.5443115234375,31372400
2026-05-04 00:00:00-04:00,MSFT,Microsoft,410.6505829404435,419.87060358807366,409.91216153093814,412.72607421875,28066500
2026-05-05 00:00:00-04:00,MSFT,Microsoft,414.42242364358015,415.8792597859335,407.916495085617,410.4909362792969,25700900
2026-05-06 00:00:00-04:00,MSFT,Microsoft,407.11822745622237,417.51572107575487,404.23445872829495,413.0653381347656,30285900
2026-05-07 00:00:00-04:00,MSFT,Microsoft,419.2020489501835,427.05506598481406,417.8549909144547,419.8606262207031,34942400
2026-05-08 00:00:00-04:00,MSFT,Microsoft,416.48795292910256,417.7252633012779,413.105264767488,414.22283935546875,33383800
2026-05-11 00:00:00-04:00,MSFT,Microsoft,406.9885016374445,411.79809190456297,404.6236285818644,411.7681579589844,35657900
2026-05-12 00:00:00-04:00,MSFT,Microsoft,413.58422243338293,414.6020070114768,405.76117016707224,406.8887023925781,38594200
2026-05-13 00:00:00-04:00,MSFT,Microsoft,402.3286237155428,405.4318878236479,400.1633000811369,404.3342590332031,29667100
2026-05-14 00:00:00-04:00,MSFT,Microsoft,403.6058516736889,410.94993067744383,400.013625877668,408.5451354980469,27077500
2026-05-15 00:00:00-04:00,MSFT,Microsoft,413.3746572242232,427.24464052002446,412.01761111071977,421.0081481933594,50771200
2026-05-18 00:00:00-04:00,MSFT,Microsoft,415.71960624154525,424.2012362508279,414.7117792841577,422.6246643066406,32564100
2026-05-19 00:00:00-04:00,MSFT,Microsoft,428.9708919761278,431.7648588737268,415.58987007798993,416.51788330078125,33018700
2026-05-20 00:00:00-04:00,MSFT,Microsoft,413.2749005432513,421.18775475321456,410.4110776678385,420.1499938964844,27864000
2026-05-21 00:00:00-04:00,MSFT,Microsoft,424.75,426.3399963378906,415.7099914550781,419.0899963378906,31393500
2026-05-22 00:00:00-04:00,MSFT,Microsoft,419.5400085449219,424.3999938964844,416.3299865722656,418.57000732421875,22390300
2026-05-26 00:00:00-04:00,MSFT,Microsoft,416.42999267578125,419.7699890136719,413.0199890136719,416.0299987792969,30398000
2026-05-27 00:00:00-04:00,MSFT,Microsoft,411.010009765625,415.94000244140625,409.5799865722656,412.6700134277344,28901500
2026-05-28 00:00:00-04:00,MSFT,Microsoft,412.9800109863281,429.489990234375,412.6700134277344,426.989990234375,47250500
2026-05-29 00:00:00-04:00,MSFT,Microsoft,432.54998779296875,450.3299865722656,432.3599853515625,450.239990234375,79654400
2026-06-01 00:00:00-04:00,MSFT,Microsoft,464.8399963378906,466.32000732421875,458.2699890136719,460.5199890136719,53628900
2026-06-02 00:00:00-04:00,MSFT,Microsoft,446.8800048828125,453.5,440.42999267578125,441.30999755859375,37036800
2026-06-03 00:00:00-04:00,MSFT,Microsoft,438.45001220703125,440.3900146484375,424.25,427.3399963378906,39037000
2026-06-04 00:00:00-04:00,MSFT,Microsoft,435.80999755859375,436.1499938964844,426.4100036621094,428.04998779296875,26899500
2026-06-05 00:00:00-04:00,MSFT,Microsoft,428.3399963378906,429.4700012207031,414.3999938964844,416.6700134277344,34782200
2026-06-08 00:00:00-04:00,MSFT,Microsoft,414.1400146484375,417.1600036621094,408.55999755859375,411.739990234375,32086700
2026-06-09 00:00:00-04:00,MSFT,Microsoft,409.0299987792969,411.9800109863281,398.4800109863281,403.4100036621094,35317300
2026-06-10 00:00:00-04:00,MSFT,Microsoft,398.54998779296875,405.0400085449219,397.1600036621094,397.3599853515625,32576000
2026-06-11 00:00:00-04:00,MSFT,Microsoft,395.2099914550781,396.8500061035156,384.0,390.3399963378906,47224100
2026-06-12 00:00:00-04:00,MSFT,Microsoft,391.42999267578125,391.739990234375,382.2699890136719,390.739990234375,34865800
2026-06-15 00:00:00-04:00,MSFT,Microsoft,396.79998779296875,401.75,392.8500061035156,399.760009765625,32266400
2026-06-16 00:00:00-04:00,MSFT,Microsoft,395.7900085449219,396.8399963378906,390.69000244140625,393.8299865722656,31506800
2026-06-17 00:00:00-04:00,MSFT,Microsoft,390.25,390.3699951171875,377.32000732421875,378.9100036621094,41987800
2026-06-18 00:00:00-04:00,MSFT,Microsoft,377.82000732421875,381.3699951171875,373.2799987792969,379.3999938964844,59714200
2026-06-22 00:00:00-04:00,MSFT,Microsoft,375.739990234375,381.6300048828125,367.07000732421875,367.3399963378906,45171100
2026-06-23 00:00:00-04:00,MSFT,Microsoft,372.3800048828125,377.2200012207031,370.6700134277344,373.94000244140625,40647600
2026-06-24 00:00:00-04:00,MSFT,Microsoft,371.57000732421875,378.8800048828125,364.7799987792969,365.4599914550781,44509900
2026-06-25 00:00:00-04:00,MSFT,Microsoft,362.7699890136719,364.2300109863281,349.20001220703125,352.8299865722656,66179000
2026-06-26 00:00:00-04:00,MSFT,Microsoft,357.1499938964844,376.6099853515625,355.42999267578125,372.9700012207031,186201600
2026-06-29 00:00:00-04:00,MSFT,Microsoft,377.5,380.5,359.8999938964844,368.57000732421875,51229900
2026-06-30 00:00:00-04:00,MSFT,Microsoft,371.0299987792969,374.1499938964844,367.45001220703125,373.0199890136719,44945700
2026-07-01 00:00:00-04:00,MSFT,Microsoft,380.8299865722656,388.8299865722656,374.8900146484375,384.2799987792969,48065800
2026-07-02 00:00:00-04:00,MSFT,Microsoft,384.4800109863281,392.20001220703125,383.70001220703125,390.489990234375,42128900
2026-07-06 00:00:00-04:00,MSFT,Microsoft,387.0400085449219,389.1499938964844,381.2200012207031,386.739990234375,34224500
2026-07-07 00:00:00-04:00,MSFT,Microsoft,392.489990234375,395.57000732421875,388.2200012207031,388.8399963378906,29297500
2026-07-08 00:00:00-04:00,MSFT,Microsoft,384.0299987792969,385.30999755859375,381.3299865722656,383.3399963378906,25908300
2026-07-09 00:00:00-04:00,MSFT,Microsoft,374.45001220703125,384.6499938964844,373.3500061035156,384.3599853515625,31083200
2026-07-10 00:00:00-04:00,MSFT,Microsoft,387.79998779296875,391.9100036621094,381.5,385.1000061035156,24644600
2026-07-13 00:00:00-04:00,MSFT,Microsoft,387.75,393.6499938964844,384.1499938964844,390.989990234375,28914900
2026-07-14 00:00:00-04:00,MSFT,Microsoft,382.82000732421875,388.19000244140625,378.6499938964844,384.92999267578125,27863900
2026-07-15 00:00:00-04:00,MSFT,Microsoft,387.79998779296875,398.9599914550781,386.3999938964844,395.6300048828125,36253700
2026-07-16 00:00:00-04:00,MSFT,Microsoft,398.30999755859375,405.989990234375,392.04998779296875,401.1000061035156,37047400
2026-07-17 00:00:00-04:00,MSFT,Microsoft,394.8599853515625,398.3900146484375,389.3900146484375,393.82000732421875,33049800
2026-07-20 00:00:00-04:00,MSFT,Microsoft,391.4100036621094,403.17999267578125,389.6499938964844,402.2900085449219,27915800
2026-07-21 00:00:00-04:00,MSFT,Microsoft,398.80999755859375,401.4700012207031,396.32000732421875,397.75,24126600
2026-07-22 00:00:00-04:00,MSFT,Microsoft,399.5799865722656,401.0,386.9599914550781,390.3399963378906,28142500
2026-07-23 00:00:00-04:00,MSFT,Microsoft,389.9700012207031,391.7799987792969,377.3900146484375,381.5799865722656,30351800
2026-07-24 00:00:00-04:00,MSFT,Microsoft,387.04998779296875,389.0299987792969,380.6499938964844,381.70001220703125,27659400
2026-07-27 00:00:00-04:00,MSFT,Microsoft,390.0799865722656,394.20001220703125,387.989990234375,389.1000061035156,27856200
2026-07-28 00:00:00-04:00,MSFT,Microsoft,393.1600036621094,400.32000732421875,391.29998779296875,393.3500061035156,32367500
2026-07-29 00:00:00-04:00,MSFT,Microsoft,393.3999938964844,401.25,388.739990234375,390.5400085449219,47209000
2026-07-30 00:00:00-04:00,MSFT,Microsoft,437.8999938964844,458.69000244140625,432.44000244140625,451.1000061035156,110160700
2026-07-31 00:00:00-04:00,MSFT,Microsoft,450.0,466.8399963378906,449.3299865722656,464.7200012207031,60846000
2026-08-03 00:00:00-04:00,MSFT,Microsoft,476.1300048828125,491.6499938964844,475.0,487.6499938964844,66762100
2026-08-04 00:00:00-04:00,MSFT,Microsoft,480.8999938964844,499.44000244140625,479.1700134277344,492.80999755859375,50455500
2026-08-05 00:00:00-04:00,MSFT,Microsoft,496.3599853515625,498.239990234375,485.67999267578125,487.4599914550781,33388900
2026-08-06 00:00:00-04:00,MSFT,Microsoft,488.54998779296875,501.55999755859375,488.5199890136719,499.8599853515625,36441500
2026-08-07 00:00:00-04:00,MSFT,Microsoft,499.2099914550781,505.17999267578125,498.7300109863281,499.989990234375,28846200
2026-08-10 00:00:00-04:00,MSFT,Microsoft,503.44000244140625,513.72998046875,502.2699890136719,506.05999755859375,31206100
2026-08-11 00:00:00-04:00,MSFT,Microsoft,504.3299865722656,505.3299865722656,499.54998779296875,503.80999755859375,23049800
2026-08-12 00:00:00-04:00,MSFT,Microsoft,499.989990234375,501.5,491.5199890136719,492.42999267578125,29001500
2026-08-13 00:00:00-04:00,MSFT,Microsoft,493.2699890136719,501.3399963378906,493.010009765625,496.8800048828125,23039000
2026-08-14 00:00:00-04:00,MSFT,Microsoft,496.3599853515625,500.010009765625,493.9200134277344,495.3999938964844,16217600
2026-08-17 00:00:00-04:00,MSFT,Microsoft,490.1400146484375,492.6600036621094,478.4100036621094,480.3500061035156,29635800
2026-08-18 00:00:00-04:00,MSFT,Microsoft,,,,,23714829
2023-08-21 00:00:00-04:00,GOOGL,Alphabet (Google),126.06217131195805,127.59854328866702,125.44761798387218,127.24170684814453,25248700
2023-08-22 00:00:00-04:00,GOOGL,Alphabet (Google),127.38049057746434,129.13493787485558,127.19217323593709,127.94548797607422,22054900
2023-08-23 00:00:00-04:00,GOOGL,Alphabet (Google),129.03580432978123,132.23742584663677,128.72853142638633,131.20655822753906,27819700
2023-08-24 00:00:00-04:00,GOOGL,Alphabet (Google),132.7726592046356,133.07002541485494,128.4311669842587,128.63931274414062,28500700
2023-08-25 00:00:00-04:00,GOOGL,Alphabet (Google),128.40144118659,129.61071958018746,126.13157509513833,128.73846435546875,26762900
2023-08-28 00:00:00-04:00,GOOGL,Alphabet (Google),130.15590206429079,131.37508724767054,128.9961871155132,129.85853576660156,20543300
2023-08-29 00:00:00-04:00,GOOGL,Alphabet (Google),131.07771469222826,135.36965904379704,131.07771469222826,133.38723754882812,43075600
2023-08-30 00:00:00-04:00,GOOGL,Alphabet (Google),133.5953920373494,135.08220825541576,132.89164083061692,134.68572998046875,28315800
2023-08-31 00:00:00-04:00,GOOGL,Alphabet (Google),134.81457768828804,136.78709265772878,134.59651009871462,134.97317504882812,30053800
2023-09-01 00:00:00-04:00,GOOGL,Alphabet (Google),136.25181824627185,136.25181824627185,133.66475792752385,134.46763610839844,21543700
2023-09-05 00:00:00-04:00,GOOGL,Alphabet (Google),134.24960452599169,135.22098695723608,133.3971625609101,134.5767059326172,19403100
2023-09-06 00:00:00-04:00,GOOGL,Alphabet (Google),134.824484524279,135.32999653967815,132.4951333142853,133.2781982421875,18684500
2023-09-07 00:00:00-04:00,GOOGL,Alphabet (Google),132.4158467757284,134.38836170715467,131.78147247047056,134.0711669921875,18844300
2023-09-08 00:00:00-04:00,GOOGL,Alphabet (Google),133.72425434486345,135.4588732667458,133.66478411606147,135.18133544921875,23558300
2023-09-11 00:00:00-04:00,GOOGL,Alphabet (Google),135.3398878687072,136.27162824714438,134.5964799231039,135.716552734375,20763400
2023-09-12 00:00:00-04:00,GOOGL,Alphabet (Google),135.06236368343136,135.66700281159663,134.00177610596597,134.15045166015625,18405500
2023-09-13 00:00:00-04:00,GOOGL,Alphabet (Google),133.9026662941698,135.69675546177504,132.9709257016799,135.50843811035156,20749500
2023-09-14 00:00:00-04:00,GOOGL,Alphabet (Google),136.3905946148167,137.48091727999335,135.04254749494362,136.88619995117188,24751000
2023-09-15 00:00:00-04:00,GOOGL,Alphabet (Google),136.76724102714817,137.30250324708538,135.28042505459356,136.1923370361328,38919600
2023-09-18 00:00:00-04:00,GOOGL,Alphabet (Google),135.40928098547076,137.93687104627568,135.40928098547076,136.99522399902344,21861300
2023-09-19 00:00:00-04:00,GOOGL,Alphabet (Google),136.21217538464424,137.1934794427395,135.41920378337616,136.82672119140625,20353700
2023-09-20 00:00:00-04:00,GOOGL,Alphabet (Google),136.86638038785247,136.86638038785247,132.44557384571905,132.5645294189453,29927500
2023-09-21 00:00:00-04:00,GOOGL,Alphabet (Google),130.28472870460357,131.06777845392287,128.92677497016894,129.29351806640625,31503900
2023-09-22 00:00:00-04:00,GOOGL,Alphabet (Google),129.61069078701092,130.86953246620288,128.46089800194463,129.1051788330078,26397300
2023-09-25 00:00:00-04:00,GOOGL,Alphabet (Google),128.6888779459716,130.0170965606432,127.82652953751189,129.95762634277344,20094600
2023-09-26 00:00:00-04:00,GOOGL,Alphabet (Google),128.62941408463055,129.2142247554818,126.10182382754034,127.4399642944336,25718700
2023-09-27 00:00:00-04:00,GOOGL,Alphabet (Google),127.43998300872549,129.74949092087255,127.43998300872549,129.3926544189453,22746500
2023-09-28 00:00:00-04:00,GOOGL,Alphabet (Google),128.69880291155567,132.12839883500152,128.64923934805705,131.1470947265625,22513100
2023-09-29 00:00:00-04:00,GOOGL,Alphabet (Google),132.10858259926832,132.87181919862218,129.2142486945193,129.70985412597656,30859800
2023-10-02 00:00:00-04:00,GOOGL,Alphabet (Google),130.05676271040824,133.2385405902459,130.01710581255713,132.99073791503906,22288000
2023-10-03 00:00:00-04:00,GOOGL,Alphabet (Google),132.76277495232893,133.0799545386721,130.68122625412332,131.2660369873047,22989400
2023-10-04 00:00:00-04:00,GOOGL,Alphabet (Google),131.6228374494966,134.3784165920743,131.3651281608359,134.0513153076172,26752300
2023-10-05 00:00:00-04:00,GOOGL,Alphabet (Google),133.88282775878906,134.2991344106199,132.27705624495698,133.88282775878906,19832600
2023-10-06 00:00:00-04:00,GOOGL,Alphabet (Google),132.832158631349,136.94569267381706,132.832158631349,136.37078857421875,27597600
2023-10-09 00:00:00-04:00,GOOGL,Alphabet (Google),135.73639678634393,137.718818202532,134.41808472961787,137.20338439941406,19278100
2023-10-10 00:00:00-04:00,GOOGL,Alphabet (Google),137.2826774721206,138.49195569665042,136.1229628059091,136.84654235839844,27786600
2023-10-11 00:00:00-04:00,GOOGL,Alphabet (Google),137.36196541642576,139.86972699986873,137.36196541642576,139.3146514892578,25884300
2023-10-12 00:00:00-04:00,GOOGL,Alphabet (Google),139.8102859466206,139.97878996715525,137.04479935307614,137.74856567382812,24765500
2023-10-13 00:00:00-04:00,GOOGL,Alphabet (Google),138.15494443848604,138.76949019803877,135.41919338050468,136.15269470214844,23420500
2023-10-16 00:00:00-04:00,GOOGL,Alphabet (Google),136.9555770964501,138.4027513362433,136.7771664348634,137.87741088867188,28501900
2023-10-17 00:00:00-04:00,GOOGL,Alphabet (Google),137.41157287703706,138.67039983915632,135.9743049621474,138.4919891357422,23515800
2023-10-18 00:00:00-04:00,GOOGL,Alphabet (Google),138.22433080496884,139.48317264449588,136.17253249534386,136.7474365234375,23375000
2023-10-19 00:00:00-04:00,GOOGL,Alphabet (Google),137.28269950188223,138.43250769080962,136.17254821584305,136.53929138183594,26066000
2023-10-20 00:00:00-04:00,GOOGL,Alphabet (Google),136.1229628278564,136.65820993362706,133.89273882524216,134.40817260742188,26335700
2023-10-23 00:00:00-04:00,GOOGL,Alphabet (Google),133.85307305839916,136.45005512078916,132.77265713198602,135.3002471923828,26317900
2023-10-24 00:00:00-04:00,GOOGL,Alphabet (Google),136.6185834917505,138.13513477372655,136.21218344241674,137.5899658203125,44814300
2023-10-25 00:00:00-04:00,GOOGL,Alphabet (Google),127.03356406868409,127.18223962045136,123.97071914254384,124.50597381591797,84366200
2023-10-26 00:00:00-04:00,GOOGL,Alphabet (Google),122.18653477861498,123.23722322101568,120.20411345783874,121.20523834228516,57061100
2023-10-27 00:00:00-04:00,GOOGL,Alphabet (Google),121.79997301237394,122.22619393308011,119.15344215145646,121.0962142944336,44566500
2023-10-30 00:00:00-04:00,GOOGL,Alphabet (Google),122.12706787862865,124.29782170383251,121.67111186993667,123.36608123779297,28940100
2023-10-31 00:00:00-04:00,GOOGL,Alphabet (Google),123.96080022210504,124.26808066290327,121.61163584513152,122.98941802978516,26292300
2023-11-01 00:00:00-04:00,GOOGL,Alphabet (Google),122.97951373794584,125.37824186558063,122.63259149838505,125.33859252929688,30082400
2023-11-02 00:00:00-04:00,GOOGL,Alphabet (Google),127.29127970850502,127.8463552955118,125.81437784316901,126.36945343017578,27124600
2023-11-03 00:00:00-04:00,GOOGL,Alphabet (Google),126.8947921921199,128.39151483515613,126.73619485751792,127.96530151367188,26393100
2023-11-06 00:00:00-05:00,GOOGL,Alphabet (Google),127.91572915468251,129.19438415583073,127.53906429208809,129.1051788330078,19052700
2023-11-07 00:00:00-05:00,GOOGL,Alphabet (Google),129.56115358521535,130.75060336661838,128.73844691253734,129.81886291503906,29757300
2023-11-08 00:00:00-05:00,GOOGL,Alphabet (Google),129.81889523707943,131.04800222119866,129.6305627425707,130.68124389648438,26425800
2023-11-09 00:00:00-05:00,GOOGL,Alphabet (Google),130.80015934584054,131.38496997848083,128.92677188940007,129.09527587890625,23747800
2023-11-10 00:00:00-05:00,GOOGL,Alphabet (Google),128.95651664701234,131.63278248151076,128.27257885187583,131.42462158203125,26913300
2023-11-13 00:00:00-05:00,GOOGL,Alphabet (Google),130.62172799705198,131.42460614060172,130.09638760374972,130.9290008544922,18324800
2023-11-14 00:00:00-05:00,GOOGL,Alphabet (Google),133.01056927107837,134.50729201715737,132.1482207824069,132.44557189941406,32395200
2023-11-15 00:00:00-05:00,GOOGL,Alphabet (Google),133.68458551793623,133.84318286371249,132.3960236763613,133.43678283691406,23861500
2023-11-16 00:00:00-05:00,GOOGL,Alphabet (Google),134.00175898157278,136.0139152227425,133.13941062812088,135.72645568847656,28013200
2023-11-17 00:00:00-05:00,GOOGL,Alphabet (Google),134.80465005712884,134.86412027691202,132.47529895112487,134.12071228027344,37240600
2023-11-20 00:00:00-05:00,GOOGL,Alphabet (Google),132.5149627101394,135.45885973926121,132.44557070034907,135.05245971679688,27815500
2023-11-21 00:00:00-05:00,GOOGL,Alphabet (Google),135.0920822273387,135.97425903159055,134.7649960482321,135.76611328125,22635300
2023-11-22 00:00:00-05:00,GOOGL,Alphabet (Google),136.26174217835015,138.19460010408307,136.26174217835015,137.2727813720703,17813900
2023-11-24 00:00:00-05:00,GOOGL,Alphabet (Google),136.81678966100844,136.91591676490268,134.79472681375032,135.4885711669922,12514300
2023-11-27 00:00:00-05:00,GOOGL,Alphabet (Google),134.83437943600723,137.20337221294994,134.8046443273795,135.21104431152344,23436500
2023-11-28 00:00:00-05:00,GOOGL,Alphabet (Google),134.88397405597584,136.04368893356298,134.22977126615422,135.99412536621094,18730000
2023-11-29 00:00:00-05:00,GOOGL,Alphabet (Google),136.360853061755,137.07451079768657,133.65483716334538,133.80352783203125,23967200
2023-11-30 00:00:00-05:00,GOOGL,Alphabet (Google),133.86299783029165,134.3586031424181,130.12612954194947,131.36514282226562,38988300
2023-12-01 00:00:00-05:00,GOOGL,Alphabet (Google),130.7010498046875,130.94885249162763,129.52150659490437,130.7010498046875,31442300
2023-12-04 00:00:00-05:00,GOOGL,Alphabet (Google),128.73844341976016,128.88711896664887,126.7758430151211,128.13380432128906,36669900
2023-12-05 00:00:00-05:00,GOOGL,Alphabet (Google),127.8166059548372,130.9785702409771,127.12276154831913,129.83868408203125,27384800
2023-12-06 00:00:00-05:00,GOOGL,Alphabet (Google),130.28474525326413,130.68122350903377,128.73845888121613,128.87722778320312,23576200
2023-12-07 00:00:00-05:00,GOOGL,Alphabet (Google),133.85306832170912,137.34213375268916,133.51606035882827,135.72645568847656,56767100
2023-12-08 00:00:00-05:00,GOOGL,Alphabet (Google),133.02046296777098,135.20112331976583,132.85195897633275,133.80352783203125,32260100
2023-12-11 00:00:00-05:00,GOOGL,Alphabet (Google),131.21647898449544,132.16803279885028,130.20543982265264,132.11846923828125,31138000
2023-12-12 00:00:00-05:00,GOOGL,Alphabet (Google),130.65148882726206,131.83103206038206,130.10631988027265,131.35525512695312,29032800
2023-12-13 00:00:00-05:00,GOOGL,Alphabet (Google),132.20766325298112,132.3266036748162,130.4135746418319,131.40478515625,30104800
2023-12-14 00:00:00-05:00,GOOGL,Alphabet (Google),132.20769564183271,132.54470366937534,128.55012552763398,130.7803497314453,38722400
2023-12-15 00:00:00-05:00,GOOGL,Alphabet (Google),130.46314245666346,132.33653000234125,130.0270073455555,131.43453979492188,50847100
2023-12-18 00:00:00-05:00,GOOGL,Alphabet (Google),131.46427872099582,135.94454015229283,131.26602448315583,134.60641479492188,32258000
2023-12-19 00:00:00-05:00,GOOGL,Alphabet (Google),135.63724599583907,136.26171347285958,134.8839314340303,135.44891357421875,25476800
2023-12-20 00:00:00-05:00,GOOGL,Alphabet (Google),137.74853672465744,140.45453739695972,136.85645324467703,137.1240692138672,49107200
2023-12-21 00:00:00-05:00,GOOGL,Alphabet (Google),138.26398757269197,139.4534374013907,137.9566995474428,139.18580627441406,27488300
2023-12-22 00:00:00-05:00,GOOGL,Alphabet (Google),139.53274123600997,140.74201955858857,139.4732710110759,140.2464141845703,26532200
2023-12-26 00:00:00-05:00,GOOGL,Alphabet (Google),140.34553045409487,141.42594657240042,139.94905219268907,140.27615356445312,16780300
2023-12-27 00:00:00-05:00,GOOGL,Alphabet (Google),140.34555481438278,140.83125362488414,138.66049922391264,139.1362762451172,19628600
2023-12-28 00:00:00-05:00,GOOGL,Alphabet (Google),139.54263593061398,139.8994723742898,138.5216901576727,138.99746704101562,16045700
2023-12-29 00:00:00-05:00,GOOGL,Alphabet (Google),138.40276427098348,139.12634389616656,137.56022906895078,138.4622344970703,18733000
2024-01-02 00:00:00-05:00,GOOGL,Alphabet (Google),137.3322465738531,138.2243301608941,135.28043314911363,136.95558166503906,23711200
2024-01-03 00:00:00-05:00,GOOGL,Alphabet (Google),136.04368487458785,138.40277146312937,135.87518085036012,137.69900512695312,24212100
2024-01-04 00:00:00-05:00,GOOGL,Alphabet (Google),137.20339508752366,137.93689651353586,135.15159662676552,135.1912384033203,27137700
2024-01-05 00:00:00-05:00,GOOGL,Alphabet (Google),135.54808767109367,135.9544877613099,133.9621442151988,134.53704833984375,22513900
2024-01-08 00:00:00-05:00,GOOGL,Alphabet (Google),135.09208465323874,137.78817866795262,135.06234954551326,137.6196746826172,21404000
2024-01-09 00:00:00-05:00,GOOGL,Alphabet (Google),137.28267283542516,140.24639807653827,136.93574306358877,139.7111358642578,24759600
2024-01-10 00:00:00-05:00,GOOGL,Alphabet (Google),139.76070104634456,141.74312233778207,139.67149571815168,141.02944946289062,21320200
2024-01-11 00:00:00-05:00,GOOGL,Alphabet (Google),142.22881788517725,143.94360802981913,139.40386155685738,140.83120727539062,24008700
2024-01-12 00:00:00-05:00,GOOGL,Alphabet (Google),141.41602290609686,141.94136334539857,140.57350292074238,141.3961944580078,18785500
2024-01-16 00:00:00-05:00,GOOGL,Alphabet (Google),140.75191120368166,143.08126226290798,140.20674232549314,141.23760986328125,22670500
2024-01-17 00:00:00-05:00,GOOGL,Alphabet (Google),140.10765256153263,140.59333617350276,137.6791740029759,140.22659301757812,20968600
2024-01-18 00:00:00-05:00,GOOGL,Alphabet (Google),140.80149369743117,142.9425126026269,140.74202347084398,142.2189178466797,25746400
2024-01-19 00:00:00-05:00,GOOGL,Alphabet (Google),143.4678445948608,145.16280645077472,143.11100813182492,145.0934295654297,34271900
2024-01-22 00:00:00-05:00,GOOGL,Alphabet (Google),145.80709257030463,147.0857476531187,144.55815747232313,144.70684814453125,32200400
2024-01-23 00:00:00-05:00,GOOGL,Alphabet (Google),144.60771819556675,145.8863732533205,144.2211466548808,145.7476043701172,21636100
2024-01-24 00:00:00-05:00,GOOGL,Alphabet (Google),147.23440805359084,148.53290657538915,146.79828811746683,147.39300537109375,25233500
2024-01-25 00:00:00-05:00,GOOGL,Alphabet (Google),148.7509891835985,151.7047926793007,148.22563362553456,150.53515625,29149100
2024-01-26 00:00:00-05:00,GOOGL,Alphabet (Google),149.7719550941985,151.19928591444616,149.68273462913356,150.8523712158203,26115500
2024-01-29 00:00:00-05:00,GOOGL,Alphabet (Google),150.7234988316385,152.42838247060587,150.0990312415879,152.16075134277344,27784300
2024-01-30 00:00:00-05:00,GOOGL,Alphabet (Google),151.4570029311418,152.26978786685433,149.86115304703833,150.1287841796875,36331800
2024-01-31 00:00:00-05:00,GOOGL,Alphabet (Google),142.35767251765228,142.7343374146145,138.64063248081334,138.86862182617188,71910000
2024-02-01 00:00:00-05:00,GOOGL,Alphabet (Google),140.8708500003378,141.8025904131777,139.55253804649774,139.91929626464844,40466500
2024-02-02 00:00:00-05:00,GOOGL,Alphabet (Google),138.0360130379911,141.3664819906908,135.3002766258251,141.12860107421875,62499600
2024-02-05 00:00:00-05:00,GOOGL,Alphabet (Google),141.56471810110367,144.19142038150497,141.52506120365902,142.41714477539062,38505400
2024-02-06 00:00:00-05:00,GOOGL,Alphabet (Google),143.37860403545926,144.08237020058561,141.93144506162201,142.8334503173828,29128200
2024-02-07 00:00:00-05:00,GOOGL,Alphabet (Google),143.48762970795593,144.3400713617922,142.66492315980338,144.26077270507812,25208900
2024-02-08 00:00:00-05:00,GOOGL,Alphabet (Google),144.54826480197747,145.0438701746272,143.82468519281807,144.6275634765625,22563800
2024-02-09 00:00:00-05:00,GOOGL,Alphabet (Google),145.39079803145248,148.12654961609974,144.89519261390646,147.69041442871094,26829500
2024-02-12 00:00:00-05:00,GOOGL,Alphabet (Google),147.11549911454978,148.02741119835667,146.07472479210762,146.2333221435547,21564100
2024-02-13 00:00:00-05:00,GOOGL,Alphabet (Google),143.64626652168468,145.38088541203197,142.42708147937856,143.8643341064453,27837700
2024-02-14 00:00:00-05:00,GOOGL,Alphabet (Google),144.79604121304055,145.2321762817776,142.82352674295169,144.6572723388672,22704200
2024-02-15 00:00:00-05:00,GOOGL,Alphabet (Google),141.88189508654546,142.25855998207064,139.22545774352974,141.51515197753906,37590700
2024-02-16 00:00:00-05:00,GOOGL,Alphabet (Google),141.73323445625792,141.93147358673406,138.9082776917751,139.28494262695312,31468900
2024-02-20 00:00:00-05:00,GOOGL,Alphabet (Google),138.43249472896153,140.83122289008293,138.26399071915645,139.87965393066406,25144700
2024-02-21 00:00:00-05:00,GOOGL,Alphabet (Google),140.20675080076072,141.43585751636738,139.44351432516038,141.29708862304688,23223300
2024-02-22 00:00:00-05:00,GOOGL,Alphabet (Google),143.65616072853092,143.7255527379726,141.5448922041246,142.82354736328125,27191900
2024-02-23 00:00:00-05:00,GOOGL,Alphabet (Google),142.40722734128093,143.40834461824574,142.1693313486327,142.69468688964844,19493800
2024-02-26 00:00:00-05:00,GOOGL,Alphabet (Google),140.89067986576057,141.18804608290887,136.18242932238044,136.36085510253906,53641800
2024-02-27 00:00:00-05:00,GOOGL,Alphabet (Google),136.8069057229925,138.02609065509074,135.8850719026194,137.6593475341797,33099200
2024-02-28 00:00:00-05:00,GOOGL,Alphabet (Google),136.6879649944579,136.79699878882042,134.21985975111554,135.18133544921875,37328600
2024-02-29 00:00:00-05:00,GOOGL,Alphabet (Google),136.0734054858856,137.63952022756177,135.20113521845195,137.2430419921875,42133000
2024-03-01 00:00:00-05:00,GOOGL,Alphabet (Google),137.21330186571015,137.64943703156058,135.7165790235201,135.9346466064453,31151100
2024-03-04 00:00:00-05:00,GOOGL,Alphabet (Google),134.46765773338637,134.46765773338637,130.7506173169925,132.17796325683594,55999400
2024-03-05 00:00:00-05:00,GOOGL,Alphabet (Google),130.72087171210643,132.06891886657937,129.5215001124862,131.50392150878906,40194800
2024-03-06 00:00:00-05:00,GOOGL,Alphabet (Google),131.94997037211849,132.4059339725702,129.6999328564518,130.24508666992188,35318600
2024-03-07 00:00:00-05:00,GOOGL,Alphabet (Google),131.6228467340528,133.75395856347797,130.45322550531313,133.19888305664062,37738200
2024-03-08 00:00:00-05:00,GOOGL,Alphabet (Google),133.03039878127268,136.87628613042892,132.82223787303235,134.2198486328125,39370400
2024-03-11 00:00:00-04:00,GOOGL,Alphabet (Google),134.93351836260592,137.8774153719074,134.93351836260592,136.45997619628906,32437800
2024-03-12 00:00:00-04:00,GOOGL,Alphabet (Google),135.82560336197784,138.15495459716567,135.82560336197784,137.28268432617188,27563400
2024-03-13 00:00:00-04:00,GOOGL,Alphabet (Google),137.77827534305533,139.8499018963494,137.76836868179808,138.5613250732422,23347200
2024-03-14 00:00:00-04:00,GOOGL,Alphabet (Google),139.9490687164518,142.32796881511524,139.225488997849,141.84228515625,42753400
2024-03-15 00:00:00-04:00,GOOGL,Alphabet (Google),141.24750739594128,141.92152332928583,138.7992160577711,139.93910217285156,49475400
2024-03-18 00:00:00-04:00,GOOGL,Alphabet (Google),147.3038223387608,150.81270155253688,145.87647651462308,146.38198852539062,69273700
2024-03-19 00:00:00-04:00,GOOGL,Alphabet (Google),146.8578050483476,147.4822576070713,144.79608463895917,145.73773193359375,24070400
2024-03-20 00:00:00-04:00,GOOGL,Alphabet (Google),146.69917689330697,147.5516186613226,145.45025691328723,147.43267822265625,21311500
2024-03-21 00:00:00-04:00,GOOGL,Alphabet (Google),148.15624755525624,149.0483310331233,145.6088290884326,146.3026885986328,24755600
2024-03-22 00:00:00-04:00,GOOGL,Alphabet (Google),147.8093327695821,150.24771771386577,147.67056387842288,149.44483947753906,29211800
2024-03-25 00:00:00-04:00,GOOGL,Alphabet (Google),148.622129594887,149.0582647076252,146.52076782406607,148.75099182128906,19229300
2024-03-26 00:00:00-04:00,GOOGL,Alphabet (Google),148.8996613684721,150.92172438957977,148.66176537347607,149.345703125,22149100
2024-03-27 00:00:00-04:00,GOOGL,Alphabet (Google),149.85121819279237,150.30718174477965,147.59125913003174,149.5439453125,22879200
2024-03-28 00:00:00-04:00,GOOGL,Alphabet (Google),149.5241557764802,150.09904473286645,148.8501245651844,149.6034393310547,24485400
2024-04-01 00:00:00-04:00,GOOGL,Alphabet (Google),149.3655526121771,154.3711700008442,149.28625393600836,154.1233673095703,31730800
2024-04-02 00:00:00-04:00,GOOGL,Alphabet (Google),152.15084190883346,153.34029171966787,150.81270141872292,153.20152282714844,24586000
2024-04-03 00:00:00-04:00,GOOGL,Alphabet (Google),152.2499745660593,153.71696221529052,151.38761094398126,153.55836486816406,24705000
2024-04-04 00:00:00-04:00,GOOGL,Alphabet (Google),152.15083657251893,153.40967834779974,149.12764102936788,149.20693969726562,34724700
2024-04-05 00:00:00-04:00,GOOGL,Alphabet (Google),148.71136073150413,152.07156486544667,148.2851473312489,151.15965270996094,23459200
2024-04-08 00:00:00-04:00,GOOGL,Alphabet (Google),151.4371697426533,153.9052898339039,151.26866573838439,153.48898315429688,20702000
2024-04-09 00:00:00-04:00,GOOGL,Alphabet (Google),154.71804473790476,157.16633590539362,153.8259613295697,155.22357177734375,31079500
2024-04-10 00:00:00-04:00,GOOGL,Alphabet (Google),154.83704643510924,155.23352470706243,153.32047998943062,154.7676544189453,22838600
2024-04-11 00:00:00-04:00,GOOGL,Alphabet (Google),155.5308692093835,158.27651186403895,155.0848274346832,158.00889587402344,27166400
2024-04-12 00:00:00-04:00,GOOGL,Alphabet (Google),156.57166307757163,158.8117940185791,155.75886296974886,156.3436737060547,25353700
2024-04-15 00:00:00-04:00,GOOGL,Alphabet (Google),157.46371316511042,157.8403780249784,153.23123975840457,153.49887084960938,27136500
2024-04-16 00:00:00-04:00,GOOGL,Alphabet (Google),152.83479243864417,154.28195170620987,152.0814625667883,153.04293823242188,20779500
2024-04-17 00:00:00-04:00,GOOGL,Alphabet (Google),154.25219116747795,155.69936532118263,153.2213387820589,154.103515625,21763100
2024-04-18 00:00:00-04:00,GOOGL,Alphabet (Google),153.97466932035476,155.5606125191913,153.26099639334586,154.63877868652344,19883000
2024-04-19 00:00:00-04:00,GOOGL,Alphabet (Google),154.82709650190313,154.98569383172432,150.96138111672357,152.7356414794922,32615600
2024-04-22 00:00:00-04:00,GOOGL,Alphabet (Google),152.95373142080075,156.2544650981797,152.70592872842704,154.9064178466797,26446200
2024-04-23 00:00:00-04:00,GOOGL,Alphabet (Google),155.58042632459905,157.572754235579,154.90639523489975,156.86898803710938,21151600
2024-04-24 00:00:00-04:00,GOOGL,Alphabet (Google),156.10578401898567,158.16750416167633,155.7885893241061,157.7313690185547,22779100
2024-04-25 00:00:00-04:00,GOOGL,Alphabet (Google),149.99992338282905,155.11457444082362,149.5439597867095,154.62887573242188,57109700
2024-04-26 00:00:00-04:00,GOOGL,Alphabet (Google),172.83741845240817,173.17444161155032,168.15890237210272,170.43869018554688,64665300
2024-04-29 00:00:00-04:00,GOOGL,Alphabet (Google),167.5740627254869,168.05976136758494,163.7579109650259,164.68963623046875,45610000
2024-04-30 00:00:00-04:00,GOOGL,Alphabet (Google),164.15440172797688,166.62252177219705,161.17086301864083,161.34927368164062,33562900
2024-05-01 00:00:00-04:00,GOOGL,Alphabet (Google),162.85591967019158,165.65112595593658,161.6565480783854,162.41978454589844,33493200
2024-05-02 00:00:00-04:00,GOOGL,Alphabet (Google),163.34161532186556,165.26456662605938,162.44953168316837,165.15553283691406,24294500
2024-05-03 00:00:00-04:00,GOOGL,Alphabet (Google),166.08726012108556,166.4837534702782,161.61690537224646,165.77008056640625,34662400
2024-05-06 00:00:00-04:00,GOOGL,Alphabet (Google),165.98815382038057,166.6621698501134,164.5707146259979,166.62252807617188,21871300
2024-05-07 00:00:00-04:00,GOOGL,Alphabet (Google),167.0190279549926,170.2503698758849,166.90999415668176,169.74485778808594,28039700
2024-05-08 00:00:00-04:00,GOOGL,Alphabet (Google),167.51463142881647,168.65451784133106,167.25692205611742,167.89129638671875,19569100
2024-05-09 00:00:00-04:00,GOOGL,Alphabet (Google),167.90117392580035,169.18975081513116,166.70180236639047,168.46617126464844,15346700
2024-05-10 00:00:00-04:00,GOOGL,Alphabet (Google),166.5531026323098,168.3571130403579,164.72927890360586,167.1676483154297,29799900
2024-05-13 00:00:00-04:00,GOOGL,Alphabet (Google),162.81628299043555,167.79216551552707,162.55857362347706,167.6533966064453,31327600
2024-05-14 00:00:00-04:00,GOOGL,Alphabet (Google),168.2778370057792,169.74482453915033,167.31636146118933,168.8428192138672,25127100
2024-05-15 00:00:00-04:00,GOOGL,Alphabet (Google),169.13030834306738,171.13254332493105,169.01135275898227,170.9937744140625,26948400
2024-05-16 00:00:00-04:00,GOOGL,Alphabet (Google),171.7669014209654,173.58081887894542,171.17218405543662,172.64907836914062,27867900
2024-05-17 00:00:00-04:00,GOOGL,Alphabet (Google),172.64906188294287,174.72070361370632,172.16337834950676,174.51254272460938,24479300
2024-05-20 00:00:00-04:00,GOOGL,Alphabet (Google),174.64144107055114,177.19876686370955,174.53240727269517,175.36502075195312,22554400
2024-05-21 00:00:00-04:00,GOOGL,Alphabet (Google),175.34515724447746,176.58417055209722,174.26474127015484,176.2868194580078,16989400
2024-05-22 00:00:00-04:00,GOOGL,Alphabet (Google),175.08745176039344,175.5929637561036,173.6700277652412,174.82974243164062,17880000
2024-05-23 00:00:00-04:00,GOOGL,Alphabet (Google),175.51367817186207,176.6832994864589,171.42987998310477,172.0246124267578,21024900
2024-05-24 00:00:00-04:00,GOOGL,Alphabet (Google),173.44204354526818,174.22510846580246,172.12373150315187,173.45196533203125,16579400
2024-05-28 00:00:00-04:00,GOOGL,Alphabet (Google),172.9167057345963,175.7119272031069,172.83740706265183,174.8495635986328,20572200
2024-05-29 00:00:00-04:00,GOOGL,Alphabet (Google),173.88808788543193,175.2856986187846,173.1843367499764,174.3539581298828,23388700
2024-05-30 00:00:00-04:00,GOOGL,Alphabet (Google),173.6600966913534,173.67992513855842,170.28006486489895,170.59725952148438,22931500
2024-05-31 00:00:00-04:00,GOOGL,Alphabet (Google),170.34945151502995,171.53890119050294,167.95072371750206,170.98382568359375,37638900
2024-06-03 00:00:00-04:00,GOOGL,Alphabet (Google),171.0235120658181,172.99602708676622,169.65565138830266,171.64797973632812,27459100
2024-06-04 00:00:00-04:00,GOOGL,Alphabet (Google),171.75698494771635,172.3219822936052,170.37920271129525,172.2624969482422,26879600
2024-06-05 00:00:00-04:00,GOOGL,Alphabet (Google),173.66010997413338,175.09736245061762,172.4012681621193,173.86827087402344,22068500
2024-06-06 00:00:00-04:00,GOOGL,Alphabet (Google),174.35395954744376,175.59297294708358,174.2052839893571,175.17666625976562,23251000
2024-06-07 00:00:00-04:00,GOOGL,Alphabet (Google),175.4938524938292,176.3066373799981,172.7680231459644,172.92662048339844,19661400
2024-06-10 00:00:00-04:00,GOOGL,Alphabet (Google),173.63118065101344,175.70518493273318,171.43808427850212,173.67086791992188,23726700
2024-06-11 00:00:00-04:00,GOOGL,Alphabet (Google),174.8716214180017,175.48687252833415,172.440371072749,175.2685546875,21540600
2024-06-12 00:00:00-04:00,GOOGL,Alphabet (Google),176.88609812176736,179.0295742492246,174.76247320161096,176.4296112060547,27864700
2024-06-13 00:00:00-04:00,GOOGL,Alphabet (Google),174.76244518542256,175.38762940788288,173.5418611176958,173.81971740722656,20913300
2024-06-14 00:00:00-04:00,GOOGL,Alphabet (Google),172.886928506799,175.7051941501706,172.81745685502335,175.437255859375,18063600
2024-06-17 00:00:00-04:00,GOOGL,Alphabet (Google),174.1174408030097,176.99524483970762,173.47240531751984,175.88381958007812,19618500
2024-06-18 00:00:00-04:00,GOOGL,Alphabet (Google),175.78457643329608,176.03266350713454,172.7678442779151,173.75025939941406,21869900
2024-06-20 00:00:00-04:00,GOOGL,Alphabet (Google),174.02812743639052,175.93343447480135,173.65104535533175,174.95101928710938,20160100
2024-06-21 00:00:00-04:00,GOOGL,Alphabet (Google),175.645657934706,179.466205138687,175.2586426839211,178.2555389404297,57759000
2024-06-24 00:00:00-04:00,GOOGL,Alphabet (Google),178.7814884925371,179.50589857307529,177.3028839492694,177.8486785888672,18298000
2024-06-25 00:00:00-04:00,GOOGL,Alphabet (Google),178.24559704633074,182.87986179667686,178.04713041446374,182.62185668945312,23130200
2024-06-26 00:00:00-04:00,GOOGL,Alphabet (Google),181.23257184786374,183.0981763241254,181.0837105201297,182.47300720214844,19839000
2024-06-27 00:00:00-04:00,GOOGL,Alphabet (Google),182.77070317530075,184.6264047984624,182.61193895476885,183.99130249023438,18848900
2024-06-28 00:00:00-04:00,GOOGL,Alphabet (Google),182.90965002904287,183.71344974735644,180.56770738280355,180.75624084472656,29156600
2024-07-01 00:00:00-04:00,GOOGL,Alphabet (Google),181.62950050025836,182.4730025766031,179.91274225321607,181.58981323242188,16006100
2024-07-02 00:00:00-04:00,GOOGL,Alphabet (Google),180.65699287814883,184.15006278268618,180.1707368089104,183.8225860595703,17372500
2024-07-03 00:00:00-04:00,GOOGL,Alphabet (Google),183.43558380831382,184.6660859724945,182.59208172180752,184.39816284179688,10242100
2024-07-05 00:00:00-04:00,GOOGL,Alphabet (Google),184.43785005315465,189.3995914027585,184.37831157968466,189.14158630371094,20967500
2024-07-08 00:00:00-04:00,GOOGL,Alphabet (Google),188.4469257746695,188.71486404073931,186.34315233953677,187.58358764648438,21035900
2024-07-09 00:00:00-04:00,GOOGL,Alphabet (Google),188.8538217724112,189.89579062187278,187.2759914489027,187.53399658203125,15121400
2024-07-10 00:00:00-04:00,GOOGL,Alphabet (Google),187.7026819141074,190.28279364749721,187.5836049591009,189.71714782714844,15952500
2024-07-11 00:00:00-04:00,GOOGL,Alphabet (Google),188.39735066829172,189.39961710579536,183.66384453862594,184.1501007080078,25625800
2024-07-12 00:00:00-04:00,GOOGL,Alphabet (Google),183.66383343758727,185.67829936578423,183.07835154835516,183.65391540527344,22898400
2024-07-15 00:00:00-04:00,GOOGL,Alphabet (Google),183.50505596969933,186.79965977611926,183.50505596969933,185.1027374267578,16474000
2024-07-16 00:00:00-04:00,GOOGL,Alphabet (Google),185.92637584595624,187.23626771226316,181.9669007256916,182.5126953125,18290700
2024-07-17 00:00:00-04:00,GOOGL,Alphabet (Google),181.56997921247492,182.14554307379208,178.52346250305996,179.63490295410156,20734100
2024-07-18 00:00:00-04:00,GOOGL,Alphabet (Google),180.53793067512186,181.10357651103143,175.11971708479683,176.33038330078125,25315700
2024-07-19 00:00:00-04:00,GOOGL,Alphabet (Google),177.511279614787,178.9104792954856,175.77466998349036,176.3006134033203,18881900
2024-07-22 00:00:00-04:00,GOOGL,Alphabet (Google),179.2081844529357,181.30204007198228,178.85093844213043,180.27992248535156,24100300
2024-07-23 00:00:00-04:00,GOOGL,Alphabet (Google),180.65700705961783,182.20506795075516,180.15089974687697,180.39898681640625,36352700
2024-07-24 00:00:00-04:00,GOOGL,Alphabet (Google),172.2716763828317,174.84185492699467,170.5052975643539,171.30909729003906,49585200
2024-07-25 00:00:00-04:00,GOOGL,Alphabet (Google),171.1999255778285,172.09303295252627,165.91070754972583,166.00001525878906,44852000
2024-07-26 00:00:00-04:00,GOOGL,Alphabet (Google),165.8710141586151,166.80382399385917,162.8046615111257,165.72216796875,41336900
2024-07-29 00:00:00-04:00,GOOGL,Alphabet (Google),167.53816257445885,169.12591074335177,166.70459365013758,168.23280334472656,20293800
2024-07-30 00:00:00-04:00,GOOGL,Alphabet (Google),168.93739420618675,169.91980941464726,167.15116408802947,168.98699951171875,18959700
2024-07-31 00:00:00-04:00,GOOGL,Alphabet (Google),171.9144211788754,172.91668748879763,168.70912533779483,170.2274169921875,25729100
2024-08-01 00:00:00-04:00,GOOGL,Alphabet (Google),168.94730744825696,172.718234225876,167.58779504728142,169.45339965820312,24531400
2024-08-02 00:00:00-04:00,GOOGL,Alphabet (Google),165.1664630337912,167.22061625981866,163.41000220136607,165.38478088378906,29130100
2024-08-05 00:00:00-04:00,GOOGL,Alphabet (Google),154.3101724717456,163.17183620146415,153.7445266292353,158.03147888183594,53630700
2024-08-06 00:00:00-04:00,GOOGL,Alphabet (Google),158.11087775486118,159.3413952637539,155.2132221455675,157.07882690429688,49004600
2024-08-07 00:00:00-04:00,GOOGL,Alphabet (Google),160.01618414211123,161.73294268414506,157.25745672144262,157.72386169433594,25138600
2024-08-08 00:00:00-04:00,GOOGL,Alphabet (Google),159.28181801513983,162.4374934400702,158.9841256428161,160.79019165039062,25578800
2024-08-09 00:00:00-04:00,GOOGL,Alphabet (Google),158.78564981676743,162.53672526881738,157.84292193770273,162.4176483154297,28602300
2024-08-12 00:00:00-04:00,GOOGL,Alphabet (Google),163.09245277727376,163.638232240746,160.60164879815585,161.04820251464844,15895300
2024-08-13 00:00:00-04:00,GOOGL,Alphabet (Google),162.1596237343071,163.46951549041373,161.72298810159427,162.9038848876953,18551700
2024-08-14 00:00:00-04:00,GOOGL,Alphabet (Google),161.15734902797854,161.9710818575429,156.5032484754406,159.14288330078125,40591100
2024-08-15 00:00:00-04:00,GOOGL,Alphabet (Google),159.27189898700752,160.40317542086007,158.38870962322818,160.06578063964844,31524300
2024-08-16 00:00:00-04:00,GOOGL,Alphabet (Google),160.23448454041534,163.79701137732062,159.8970897454957,161.7130889892578,24208600
2024-08-19 00:00:00-04:00,GOOGL,Alphabet (Google),164.01533548402497,165.4145503036196,163.0031359185699,165.3946990966797,22416200
2024-08-20 00:00:00-04:00,GOOGL,Alphabet (Google),165.62294626435101,167.34963797695062,165.54357171525163,165.9008026123047,18341500
2024-08-21 00:00:00-04:00,GOOGL,Alphabet (Google),163.8863376356894,165.57334208523812,163.41001462767,164.58099365234375,22902000
2024-08-22 00:00:00-04:00,GOOGL,Alphabet (Google),165.9801781592332,166.3076549289941,162.06040523845343,162.54666137695312,22493300
2024-08-23 00:00:00-04:00,GOOGL,Alphabet (Google),163.45962992213603,164.90845010892556,162.57644045039766,164.3527374267578,13955700
2024-08-26 00:00:00-04:00,GOOGL,Alphabet (Google),165.1069286953162,166.26797448558267,163.20162161831215,164.88861083984375,14190400
2024-08-27 00:00:00-04:00,GOOGL,Alphabet (Google),164.5710342489987,165.16644927065664,163.20160392643822,163.41990661621094,11821900
2024-08-28 00:00:00-04:00,GOOGL,Alphabet (Google),163.77715768210635,164.33288545251102,160.2940205808296,161.6039276123047,16407400
2024-08-29 00:00:00-04:00,GOOGL,Alphabet (Google),163.05275436266322,164.70005625165825,159.02382249929119,160.5421142578125,19699800
2024-08-30 00:00:00-04:00,GOOGL,Alphabet (Google),161.37568835446018,162.40773914692483,160.45281163127092,162.1298828125,22123800
2024-09-03 00:00:00-04:00,GOOGL,Alphabet (Google),160.48253740904792,160.61154750867587,155.28262786642628,156.15589904785156,38945300
2024-09-04 00:00:00-04:00,GOOGL,Alphabet (Google),155.4612837104589,157.78337502963737,154.76664294942685,155.2528839111328,19353800
2024-09-05 00:00:00-04:00,GOOGL,Alphabet (Google),155.1040553313884,158.22994668183233,154.78649658056972,156.036865234375,18688700
2024-09-06 00:00:00-04:00,GOOGL,Alphabet (Google),156.09641631309816,156.62235978730988,149.39806418549696,149.76522827148438,37912100
2024-09-09 00:00:00-04:00,GOOGL,Alphabet (Google),151.54385960268255,152.4282209390493,146.2873778721235,147.7679443359375,39260500
2024-09-10 00:00:00-04:00,GOOGL,Alphabet (Google),149.4969310708747,150.31174383865772,147.40029682558622,147.71827697753906,31118800
2024-09-11 00:00:00-04:00,GOOGL,Alphabet (Google),148.97025775559644,150.54025030429756,146.5854677760219,150.20240783691406,29607700
2024-09-12 00:00:00-04:00,GOOGL,Alphabet (Google),152.82572152419573,153.83926434476476,151.6829973666744,153.7100830078125,29621500
2024-09-13 00:00:00-04:00,GOOGL,Alphabet (Google),154.44535510677574,157.37667920350046,154.2267627397466,156.46250915527344,29591200
2024-09-16 00:00:00-04:00,GOOGL,Alphabet (Google),156.313451749423,157.2474993531957,155.60795803142506,157.05870056152344,18379800
2024-09-17 00:00:00-04:00,GOOGL,Alphabet (Google),158.0126274199818,159.53293380012653,157.3766823666018,158.31072998046875,20715600
2024-09-18 00:00:00-04:00,GOOGL,Alphabet (Google),158.84732423336595,159.483269373917,157.5953115022546,158.79763793945312,23677300
2024-09-19 00:00:00-04:00,GOOGL,Alphabet (Google),162.67291544318158,162.7523953061902,160.31791891468873,161.11285400390625,26587700
2024-09-20 00:00:00-04:00,GOOGL,Alphabet (Google),162.46426944453307,162.6928082081416,161.03338904917277,162.55369567871094,40896400
2024-09-23 00:00:00-04:00,GOOGL,Alphabet (Google),163.3088698512438,164.4416474906759,160.64583942390462,160.82470703125,24150900
2024-09-24 00:00:00-04:00,GOOGL,Alphabet (Google),161.9972041569506,162.18600293337994,159.67203168983335,161.2618865966797,23332100
2024-09-25 00:00:00-04:00,GOOGL,Alphabet (Google),160.44711769027916,161.77862539142924,160.27819642927898,160.4669952392578,18869200
2024-09-26 00:00:00-04:00,GOOGL,Alphabet (Google),162.60335078741144,163.0405658423745,161.25196569121914,161.69911193847656,20319300
2024-09-27 00:00:00-04:00,GOOGL,Alphabet (Google),161.7786145898017,164.65030615932238,161.59976214731748,162.91139221191406,21101300
2024-09-30 00:00:00-04:00,GOOGL,Alphabet (Google),162.2853907035285,165.09744958161895,162.22575806160205,164.7993621826172,20413900
2024-10-01 00:00:00-04:00,GOOGL,Alphabet (Google),166.62769139519463,168.08838020304094,163.53739254376728,165.93212890625,28338100
2024-10-02 00:00:00-04:00,GOOGL,Alphabet (Google),165.3657763102453,166.45881419785064,163.6864795384376,164.809326171875,17760200
2024-10-03 00:00:00-04:00,GOOGL,Alphabet (Google),163.36851452885276,165.58438388776636,162.88161307671416,164.809326171875,15073100
2024-10-04 00:00:00-04:00,GOOGL,Alphabet (Google),166.99534350266865,167.16426473931182,164.43168589066445,166.00167846679688,19047400
2024-10-07 00:00:00-04:00,GOOGL,Alphabet (Google),166.65751850550026,167.4126985535878,161.71900154638254,161.94754028320312,22463100
2024-10-08 00:00:00-04:00,GOOGL,Alphabet (Google),162.901468985077,163.68645779124333,161.8382399845631,163.33868408203125,23072700
2024-10-09 00:00:00-04:00,GOOGL,Alphabet (Google),162.41456443992033,163.7957583809211,158.72807525360884,160.8346405029297,31181800
2024-10-10 00:00:00-04:00,GOOGL,Alphabet (Google),159.8509116423071,162.03698715416354,159.38388779769477,161.05325317382812,14144100
2024-10-11 00:00:00-04:00,GOOGL,Alphabet (Google),161.10293319324816,162.86170956550862,160.21857182956228,162.20590209960938,15344300
2024-10-14 00:00:00-04:00,GOOGL,Alphabet (Google),162.60336327926677,165.17695235890986,162.36487818674945,163.91500854492188,19016100
2024-10-15 00:00:00-04:00,GOOGL,Alphabet (Google),164.73974614754195,166.61777276120088,163.5871060435806,164.41184997558594,20247200
2024-10-16 00:00:00-04:00,GOOGL,Alphabet (Google),163.48772512033995,164.74968410008972,162.70273632699872,164.11373901367188,16406000
2024-10-17 00:00:00-04:00,GOOGL,Alphabet (Google),164.68012315374543,165.3160682513299,161.7289364078274,161.89785766601562,21453400
2024-10-18 00:00:00-04:00,GOOGL,Alphabet (Google),162.1562116364337,163.66658684818702,162.0469078679096,162.38475036621094,19757700
2024-10-21 00:00:00-04:00,GOOGL,Alphabet (Google),161.9177244301946,163.45790836208016,161.58981312891888,163.0306396484375,20946500
2024-10-22 00:00:00-04:00,GOOGL,Alphabet (Google),161.9475365199372,164.71987068710104,161.9475365199372,164.09385681152344,16568100
2024-10-23 00:00:00-04:00,GOOGL,Alphabet (Google),163.71624709624942,164.7695447784646,160.90417320390316,161.74879455566406,18280500
2024-10-24 00:00:00-04:00,GOOGL,Alphabet (Google),161.79849749810091,162.29533007096418,159.9900196550578,161.68919372558594,22412500
2024-10-25 00:00:00-04:00,GOOGL,Alphabet (Google),162.63318258273335,164.5410179603954,162.38476628102538,164.22305297851562,19828900
2024-10-28 00:00:00-04:00,GOOGL,Alphabet (Google),167.68100328825437,167.68100328825437,162.91140727340738,165.6638641357422,32138600
2024-10-29 00:00:00-04:00,GOOGL,Alphabet (Google),166.66742827978365,169.3006496598447,166.0314832783505,168.60507202148438,42169000
2024-10-30 00:00:00-04:00,GOOGL,Alphabet (Google),179.5353953312524,180.86691803166593,172.95733750175077,173.3548126220703,68890800
2024-10-31 00:00:00-04:00,GOOGL,Alphabet (Google),172.03322375098372,175.6998499725552,169.91671248048732,170.02601623535156,44769000
2024-11-01 00:00:00-04:00,GOOGL,Alphabet (Google),168.99262234877236,171.22836871150324,167.81015851321018,170.2048797607422,31796500
2024-11-04 00:00:00-05:00,GOOGL,Alphabet (Google),168.8535086611848,169.64844379948434,166.9456734265419,168.1678924560547,21492700
2024-11-05 00:00:00-05:00,GOOGL,Alphabet (Google),168.35668494331603,169.4497227111904,167.77042612333224,168.66473388671875,18242100
2024-11-06 00:00:00-05:00,GOOGL,Alphabet (Google),172.69900637438644,175.81911434381482,172.4009037964916,175.39183044433594,33695500
2024-11-07 00:00:00-05:00,GOOGL,Alphabet (Google),176.2861274447148,179.93287650946746,176.06751991171046,179.60496520996094,25352900
2024-11-08 00:00:00-05:00,GOOGL,Alphabet (Google),179.50560202546419,179.7540183112244,176.95189049215537,177.22018432617188,22006200
2024-11-11 00:00:00-05:00,GOOGL,Alphabet (Google),177.44872793439595,179.40624953288767,177.33942415917616,179.20751953125,17450400
2024-11-12 00:00:00-05:00,GOOGL,Alphabet (Google),178.6808819487348,181.33396618962504,178.25359803223796,180.46946716308594,25134900
2024-11-13 00:00:00-05:00,GOOGL,Alphabet (Google),179.3167881349091,179.8136206226171,177.40893803944098,177.74679565429688,23184000
2024-11-14 00:00:00-05:00,GOOGL,Alphabet (Google),177.15060502189382,177.68719264307913,173.21569988978717,174.46771240234375,31007500
2024-11-15 00:00:00-05:00,GOOGL,Alphabet (Google),172.6294588087237,173.03686519817956,170.13536450155812,171.39732360839844,32504600
2024-11-18 00:00:00-05:00,GOOGL,Alphabet (Google),172.3213885251699,174.32859614097288,171.80467846165004,174.18948364257812,20135300
2024-11-19 00:00:00-05:00,GOOGL,Alphabet (Google),172.61950254558704,177.73687175049812,172.46051249052883,176.9916229248047,23434900
2024-11-20 00:00:00-05:00,GOOGL,Alphabet (Google),176.21655843045156,176.5544009125721,172.67911323618793,174.86517333984375,18997100
2024-11-21 00:00:00-05:00,GOOGL,Alphabet (Google),172.79836977486937,173.02692368437366,162.662987910428,166.56809997558594,59734400
2024-11-22 00:00:00-05:00,GOOGL,Alphabet (Google),164.79933862246295,165.40547485065514,162.86167983320792,163.7162322998047,38604600
2024-11-25 00:00:00-05:00,GOOGL,Alphabet (Google),165.0378364955745,167.56175439657423,164.56088148234778,166.58795166015625,33135300
2024-11-26 00:00:00-05:00,GOOGL,Alphabet (Google),166.56807852805025,168.74420743105776,166.51839224272408,168.0486297607422,20486700
2024-11-27 00:00:00-05:00,GOOGL,Alphabet (Google),167.9294049937709,168.40636000516253,166.95561742322607,168.15794372558594,19266500
2024-11-29 00:00:00-05:00,GOOGL,Alphabet (Google),167.43256870496816,168.35666996658753,166.10106111500806,167.8797149658203,14257200
2024-12-02 00:00:00-05:00,GOOGL,Alphabet (Google),167.7008703464783,170.98989954223964,167.50214035040204,170.4036407470703,23789100
2024-12-03 00:00:00-05:00,GOOGL,Alphabet (Google),170.40362122950918,171.58606987747282,169.7676762176285,170.2545623779297,22248700
2024-12-04 00:00:00-05:00,GOOGL,Alphabet (Google),170.06577798333072,173.80196851105399,169.976351762093,173.265380859375,31615100
2024-12-05 00:00:00-05:00,GOOGL,Alphabet (Google),174.24911120663256,174.9446737388749,171.2383071896845,171.5463409423828,21356200
2024-12-06 00:00:00-05:00,GOOGL,Alphabet (Google),170.94019551806315,173.9708769207123,170.77127428081718,173.6032257080078,21462400
2024-12-09 00:00:00-05:00,GOOGL,Alphabet (Google),173.05610866341627,175.34414569527965,172.74770667593938,174.45877075195312,25389600
2024-12-10 00:00:00-05:00,GOOGL,Alphabet (Google),181.89990276575224,185.39165905883286,180.10925267461994,184.2078399658203,54813000
2024-12-11 00:00:00-05:00,GOOGL,Alphabet (Google),184.34713540500275,194.59362011856473,183.88953404419317,194.38470458984375,67894100
2024-12-12 00:00:00-05:00,GOOGL,Alphabet (Google),193.98676747620544,194.16582489848338,190.71386920648584,190.9625701904297,34817500
2024-12-13 00:00:00-05:00,GOOGL,Alphabet (Google),190.01749841639386,191.72856243728444,188.65462185235455,188.8336944580078,25143500
2024-12-16 00:00:00-05:00,GOOGL,Alphabet (Google),191.86783751599637,197.96599073113543,191.61913652261555,195.63815307617188,44934900
2024-12-17 00:00:00-05:00,GOOGL,Alphabet (Google),196.22506444695088,200.37339478634232,193.96685539925252,194.40457153320312,43504000
2024-12-18 00:00:00-05:00,GOOGL,Alphabet (Google),194.20562099415744,195.97637074387896,186.76449197962535,187.42105102539062,34166100
2024-12-19 00:00:00-05:00,GOOGL,Alphabet (Google),190.63427019379503,192.0269895380088,187.40115762090377,187.5304718017578,32265200
2024-12-20 00:00:00-05:00,GOOGL,Alphabet (Google),184.81468445746083,191.88774144921763,184.2575966505468,190.41543579101562,63462900
2024-12-23 00:00:00-05:00,GOOGL,Alphabet (Google),191.6191324608379,194.08625719212253,189.16196548395996,193.6186981201172,25675000
2024-12-24 00:00:00-05:00,GOOGL,Alphabet (Google),193.82759815006608,195.09100341796875,192.7731083908338,195.09100341796875,10403300
2024-12-26 00:00:00-05:00,GOOGL,Alphabet (Google),194.1359900072514,195.7276824419866,193.37000187433253,194.5836639404297,12046600
2024-12-27 00:00:00-05:00,GOOGL,Alphabet (Google),193.9370152813754,194.3051030426647,189.65935551931798,191.75839233398438,18891400
2024-12-30 00:00:00-05:00,GOOGL,Alphabet (Google),188.81380244155494,191.54951344453465,188.13732782747584,190.24632263183594,14264700
2024-12-31 00:00:00-05:00,GOOGL,Alphabet (Google),190.0871254076539,190.96255767118524,187.53047217416017,188.31637573242188,17466900
2025-01-02 00:00:00-05:00,GOOGL,Alphabet (Google),189.65935593229025,191.00234725825092,186.52572974438567,188.44569396972656,20370800
2025-01-03 00:00:00-05:00,GOOGL,Alphabet (Google),190.37561071207793,192.20606135937345,188.99283394745663,190.79342651367188,18596200
2025-01-06 00:00:00-05:00,GOOGL,Alphabet (Google),192.97207816719848,197.1900526464094,192.84276396758787,195.84706115722656,29563600
2025-01-07 00:00:00-05:00,GOOGL,Alphabet (Google),196.085805432373,199.95559215597262,193.5888530048973,194.47422790527344,26487200
2025-01-08 00:00:00-05:00,GOOGL,Alphabet (Google),191.5693958945213,195.27005246800397,191.3803807232366,192.9422149658203,24864800
2025-01-10 00:00:00-05:00,GOOGL,Alphabet (Google),193.29042686618294,195.49889303629848,189.32115330540665,191.0421600341797,26665200
2025-01-13 00:00:00-05:00,GOOGL,Alphabet (Google),189.08238366148746,190.1866014129224,186.38645842630518,190.01748657226562,21823700
2025-01-14 00:00:00-05:00,GOOGL,Alphabet (Google),190.24630678281764,190.98245196740993,187.33152340912505,188.6745147705078,17174900
2025-01-15 00:00:00-05:00,GOOGL,Alphabet (Google),192.0866958313472,195.33970907887064,190.86309119272985,194.53392028808594,21776000
2025-01-16 00:00:00-05:00,GOOGL,Alphabet (Google),193.13124318936406,194.4642768734046,191.8081520804567,191.9076385498047,17815400
2025-01-17 00:00:00-05:00,GOOGL,Alphabet (Google),195.50881224351804,196.2051719482703,192.74325857357104,194.9815673828125,27735100
2025-01-21 00:00:00-05:00,GOOGL,Alphabet (Google),198.03563938794179,201.23889429991502,196.8418624454126,197.02093505859375,29971300
2025-01-22 00:00:00-05:00,GOOGL,Alphabet (Google),198.02566579041408,199.43828553458843,196.5036170079127,197.33924865722656,26200600
2025-01-23 00:00:00-05:00,GOOGL,Alphabet (Google),197.11045095911172,199.25923110054313,194.18572496319172,196.95127868652344,26951400
2025-01-24 00:00:00-05:00,GOOGL,Alphabet (Google),197.07068637933736,199.85612554750062,196.97119990354366,199.1697235107422,23877500
2025-01-27 00:00:00-05:00,GOOGL,Alphabet (Google),191.41022766272687,195.85700244066396,189.73894916830926,190.81333923339844,41728900
2025-01-28 00:00:00-05:00,GOOGL,Alphabet (Google),191.7484490804529,194.4642594397363,189.6891977496922,194.2852020263672,24157900
2025-01-29 00:00:00-05:00,GOOGL,Alphabet (Google),194.54386784853932,195.76747251851242,192.4249304706921,194.3946533203125,18218300
2025-01-30 00:00:00-05:00,GOOGL,Alphabet (Google),196.97119600589963,200.35352360288593,196.64290885768258,199.82627868652344,24354700
2025-01-31 00:00:00-05:00,GOOGL,Alphabet (Google),200.95039173473552,204.41230512426117,200.75143398674038,202.95989990234375,32001100
2025-02-03 00:00:00-05:00,GOOGL,Alphabet (Google),199.6471997728737,202.6912973186069,199.06026910715457,200.18438720703125,27838300
2025-02-04 00:00:00-05:00,GOOGL,Alphabet (Google),202.33317837712485,205.97416454187623,201.75619025433605,205.30764770507812,43856400
2025-02-05 00:00:00-05:00,GOOGL,Alphabet (Google),190.0771719028372,191.74843502310353,187.05295980973406,190.3358154296875,70373900
2025-02-06 00:00:00-05:00,GOOGL,Alphabet (Google),188.51536709730536,191.10186369392534,187.7394211542204,190.60446166992188,29297400
2025-02-07 00:00:00-05:00,GOOGL,Alphabet (Google),190.05730586169955,190.18662005870158,182.2878891065967,184.37696838378906,49315000
2025-02-10 00:00:00-05:00,GOOGL,Alphabet (Google),186.37651565839897,187.22208986080463,184.89425239135454,185.50108337402344,23105600
2025-02-11 00:00:00-05:00,GOOGL,Alphabet (Google),184.0685692836796,185.96864842614565,183.3224663388948,184.35707092285156,21239500
2025-02-12 00:00:00-05:00,GOOGL,Alphabet (Google),182.26797191010567,184.14815067534644,180.88519509524076,182.65594482421875,22072600
2025-02-13 00:00:00-05:00,GOOGL,Alphabet (Google),183.36227049888035,185.3120777313061,182.18839394998832,185.1728057861328,21402500
2025-02-14 00:00:00-05:00,GOOGL,Alphabet (Google),184.0984174978102,185.43145115453234,183.36227228593566,184.2675323486328,20448400
2025-02-18 00:00:00-05:00,GOOGL,Alphabet (Google),184.63561754552705,184.99374757151398,180.79567372558517,182.81512451171875,29916700
2025-02-19 00:00:00-05:00,GOOGL,Alphabet (Google),183.11356559747395,184.4963424448096,182.63604878465782,184.3073272705078,19549400
2025-02-20 00:00:00-05:00,GOOGL,Alphabet (Google),183.83977159439488,184.34711614040583,181.77057757262898,183.60101318359375,20441500
2025-02-21 00:00:00-05:00,GOOGL,Alphabet (Google),184.18795032658747,184.37696551099646,178.14949807767616,178.7264862060547,35199200
2025-02-24 00:00:00-05:00,GOOGL,Alphabet (Google),181.04437173412518,182.16848984705686,177.96047349552646,178.318603515625,29854200
2025-02-25 00:00:00-05:00,GOOGL,Alphabet (Google),177.11489600513676,177.81127094293745,173.7823117406095,174.50851440429688,41913400
2025-02-26 00:00:00-05:00,GOOGL,Alphabet (Google),174.16032642215686,175.16507289862997,170.68845533929954,171.8324737548828,35431300
2025-02-27 00:00:00-05:00,GOOGL,Alphabet (Google),173.08594510447406,173.65297546387492,167.06737815788244,167.6244659423828,39991000
2025-02-28 00:00:00-05:00,GOOGL,Alphabet (Google),167.80351036476668,169.7234897370402,165.90344649975822,169.39520263671875,48130600
2025-03-03 00:00:00-05:00,GOOGL,Alphabet (Google),171.0366301036563,172.46915017235435,165.06780660374991,166.14219665527344,40770500
2025-03-04 00:00:00-05:00,GOOGL,Alphabet (Google),165.37621562667857,172.38957139478455,164.93849945595062,170.03189086914062,45388000
2025-03-05 00:00:00-05:00,GOOGL,Alphabet (Google),169.6339770163835,172.87703249017144,168.18155654289944,172.12098693847656,30954900
2025-03-06 00:00:00-05:00,GOOGL,Alphabet (Google),169.64391728856972,173.9016770030345,169.61407438427003,171.4544677734375,28302000
2025-03-07 00:00:00-05:00,GOOGL,Alphabet (Google),170.3701228624436,174.06085227932917,169.38527664457013,172.9566192626953,27385800
2025-03-10 00:00:00-04:00,GOOGL,Alphabet (Google),167.57846950382446,167.77767157580016,163.0269878624875,165.19815063476562,43604000
2025-03-11 00:00:00-04:00,GOOGL,Alphabet (Google),164.24203571547733,166.0745791484602,160.7163659746686,163.37554931640625,39587400
2025-03-12 00:00:00-04:00,GOOGL,Alphabet (Google),165.90529913170525,166.96100335852913,162.86764957538162,166.4331512451172,28372400
2025-03-13 00:00:00-04:00,GOOGL,Alphabet (Google),165.36748287025196,165.45712989370372,161.4534078114044,162.10076904296875,31756200
2025-03-14 00:00:00-04:00,GOOGL,Alphabet (Google),162.60870791000892,165.81566708355933,161.79202188086273,164.81971740722656,31995900
2025-03-17 00:00:00-04:00,GOOGL,Alphabet (Google),164.36158101735924,165.62644141646544,163.0070887907617,163.62457275390625,31184300
2025-03-18 00:00:00-04:00,GOOGL,Alphabet (Google),163.01704455009593,163.58474319088282,156.08524293798212,160.0192413330078,42074800
2025-03-19 00:00:00-04:00,GOOGL,Alphabet (Google),161.10480349722013,165.19815700358515,160.3478872642785,163.22618103027344,34275600
2025-03-20 00:00:00-04:00,GOOGL,Alphabet (Google),160.91559589904986,164.22214090970084,160.30806599087495,162.14060974121094,28138500
2025-03-21 00:00:00-04:00,GOOGL,Alphabet (Google),160.55705156299513,163.57477782056455,160.2383403768693,163.32579040527344,36625800
2025-03-24 00:00:00-04:00,GOOGL,Alphabet (Google),166.39333970575962,167.6382769507109,164.4711486971212,167.0008544921875,30879100
2025-03-25 00:00:00-04:00,GOOGL,Alphabet (Google),168.29556886017417,169.93889491315255,167.63825363596857,169.86917114257812,24174400
2025-03-26 00:00:00-04:00,GOOGL,Alphabet (Google),168.31549307909538,168.92302298152063,164.17233883294872,164.39144897460938,28901600
2025-03-27 00:00:00-04:00,GOOGL,Alphabet (Google),163.96320493120362,164.7499985121227,161.34385234187698,161.5828857421875,24508300
2025-03-28 00:00:00-04:00,GOOGL,Alphabet (Google),159.8399478606563,161.16456257842086,153.00773337780885,153.70489501953125,48669300
2025-03-31 00:00:00-04:00,GOOGL,Alphabet (Google),152.489854834344,154.91000524190235,150.04978117819655,154.01365661621094,54603500
2025-04-01 00:00:00-04:00,GOOGL,Alphabet (Google),152.99776917438965,157.45963422172338,152.99776917438965,156.43380737304688,30672900
2025-04-02 00:00:00-04:00,GOOGL,Alphabet (Google),154.52158638151343,157.7683920561543,154.07341206604673,156.4039306640625,25041700
2025-04-03 00:00:00-04:00,GOOGL,Alphabet (Google),150.49794733089453,152.16118136873095,149.78086239042807,150.10952758789062,46883400
2025-04-04 00:00:00-04:00,GOOGL,Alphabet (Google),147.41051168463707,150.4581305746649,144.7911742710094,145.01028442382812,62259500
2025-04-07 00:00:00-04:00,GOOGL,Alphabet (Google),140.97668877946376,152.23092388429916,139.96081578919706,146.15562438964844,76794100
2025-04-08 00:00:00-04:00,GOOGL,Alphabet (Google),150.60750263275938,151.62337549950988,142.45067281990836,144.11390686035156,52200200
2025-04-09 00:00:00-04:00,GOOGL,Alphabet (Google),143.83505464618503,158.90377855359424,143.3271257672898,158.0671844482422,70406200
2025-04-10 00:00:00-04:00,GOOGL,Alphabet (Google),155.90595330498695,157.0811818078422,149.322725435418,152.20103454589844,48022000
2025-04-11 00:00:00-04:00,GOOGL,Alphabet (Google),152.28070771093053,157.03139218045564,152.2010451058409,156.5035400390625,33636200
2025-04-14 00:00:00-04:00,GOOGL,Alphabet (Google),159.35194610703772,161.06498074344722,156.92182649738766,158.42572021484375,30333000
2025-04-15 00:00:00-04:00,GOOGL,Alphabet (Google),158.48548058954378,159.00336349160088,154.58135959003184,155.67689514160156,27551500
2025-04-16 00:00:00-04:00,GOOGL,Alphabet (Google),152.47988970477897,155.25858239966342,150.89631829246227,152.70895385742188,28187400
2025-04-17 00:00:00-04:00,GOOGL,Alphabet (Google),153.66507223082013,154.0534920051937,147.89853016558348,150.54776000976562,33046600
2025-04-21 00:00:00-04:00,GOOGL,Alphabet (Google),148.2769899279801,148.346698501599,145.50825109483685,147.07188415527344,26049100
2025-04-22 00:00:00-04:00,GOOGL,Alphabet (Google),148.28695422864388,151.57359136677536,147.93836574543795,150.85650634765625,26971800
2025-04-23 00:00:00-04:00,GOOGL,Alphabet (Google),154.9797361333446,156.8919577671247,153.18702360261742,154.72079467773438,31128800
2025-04-24 00:00:00-04:00,GOOGL,Alphabet (Google),155.51752994672043,158.94359913409957,155.15898746904153,158.63485717773438,45894000
2025-04-25 00:00:00-04:00,GOOGL,Alphabet (Google),164.4014202116321,165.42724716152773,160.38772903857225,161.30401611328125,56034000
2025-04-28 00:00:00-04:00,GOOGL,Alphabet (Google),161.7720931027873,162.48917806099573,157.9576193461597,159.95947265625,29745800
2025-04-29 00:00:00-04:00,GOOGL,Alphabet (Google),159.6706470871033,160.088944095257,156.88198516909392,159.51129150390625,26809000
2025-04-30 00:00:00-04:00,GOOGL,Alphabet (Google),157.34012853089786,158.62491214751483,154.7705764946502,158.1568145751953,34981100
2025-05-01 00:00:00-04:00,GOOGL,Alphabet (Google),159.80013463025725,161.29405925789504,158.26637869922348,160.64669799804688,30203200
2025-05-02 00:00:00-04:00,GOOGL,Alphabet (Google),162.7481319399907,164.3018109241553,161.21436100650547,163.36561584472656,25715000
2025-05-05 00:00:00-04:00,GOOGL,Alphabet (Google),162.3397856484502,164.72010459701127,162.06092097475153,163.54489135742188,21341800
2025-05-06 00:00:00-04:00,GOOGL,Alphabet (Google),161.51314352018753,164.13249581033162,160.53711717512775,162.56884765625,21277200
2025-05-07 00:00:00-04:00,GOOGL,Alphabet (Google),163.41540177767422,164.33167352764482,147.24117583349363,150.766845703125,127490100
2025-05-08 00:00:00-04:00,GOOGL,Alphabet (Google),154.37217520033343,155.2984009569833,152.2806751349548,153.65509033203125,57498700
2025-05-09 00:00:00-04:00,GOOGL,Alphabet (Google),153.5455638933439,154.4220044950508,151.58354176260508,152.13131713867188,32435300
2025-05-12 00:00:00-04:00,GOOGL,Alphabet (Google),156.85211913184455,158.45559870977985,155.61713606908535,157.8181915283203,44138800
2025-05-13 00:00:00-04:00,GOOGL,Alphabet (Google),158.14684186881533,159.9196462677562,155.52750456311006,158.88385009765625,42382100
2025-05-14 00:00:00-04:00,GOOGL,Alphabet (Google),159.3121190412647,166.32359816964652,158.9635305710967,164.7001953125,48755900
2025-05-15 00:00:00-04:00,GOOGL,Alphabet (Google),165.1682887318073,165.53680044166376,161.71234217984835,163.29591369628906,33146700
2025-05-16 00:00:00-04:00,GOOGL,Alphabet (Google),167.05061660833445,168.66406524073284,164.94916241420358,165.51686096191406,42846900
2025-05-19 00:00:00-04:00,GOOGL,Alphabet (Google),163.8436563518303,165.9650337738735,163.5548376666196,165.8654327392578,30426100
2025-05-20 00:00:00-04:00,GOOGL,Alphabet (Google),165.75588463789506,167.8175076045031,162.24018376555952,163.31581115722656,46607700
2025-05-21 00:00:00-04:00,GOOGL,Alphabet (Google),163.02700354080346,172.43872486137178,162.89752522096424,167.8772735595703,73416000
2025-05-22 00:00:00-04:00,GOOGL,Alphabet (Google),171.15394376538748,176.05401394301808,170.0185618363875,170.1779022216797,74864400
2025-05-23 00:00:00-04:00,GOOGL,Alphabet (Google),168.3752347830085,169.2715985296926,167.2099755896054,167.78762817382812,35211400
2025-05-27 00:00:00-04:00,GOOGL,Alphabet (Google),169.4707843872067,172.4685871557562,169.31142880693562,172.19967651367188,37995700
2025-05-28 00:00:00-04:00,GOOGL,Alphabet (Google),172.45864324425892,174.56009759174123,171.21370619473115,171.66188049316406,34784000
2025-05-29 00:00:00-04:00,GOOGL,Alphabet (Google),173.29524158580244,173.71353862116436,169.93889608019336,171.16390991210938,29317300
2025-05-30 00:00:00-04:00,GOOGL,Alphabet (Google),170.65599853398413,171.51251594088006,166.7618313004814,171.04441833496094,52639900
2025-06-02 00:00:00-04:00,GOOGL,Alphabet (Google),167.16018492149544,169.18196148692468,166.7120106202351,168.34536743164062,38612300
2025-06-03 00:00:00-04:00,GOOGL,Alphabet (Google),166.8116037120677,167.79758408844376,164.61054841286258,165.50689697265625,45084900
2025-06-04 00:00:00-04:00,GOOGL,Alphabet (Google),166.0646474005772,167.5386486033552,165.68618167672102,167.3693389892578,26900800
2025-06-05 00:00:00-04:00,GOOGL,Alphabet (Google),169.65006425936653,170.23767092126516,166.9112026488037,167.52870178222656,36379100
2025-06-06 00:00:00-04:00,GOOGL,Alphabet (Google),170.1380845314093,173.79321800916722,170.1380845314093,172.97653198242188,35731800
2025-06-09 00:00:00-04:00,GOOGL,Alphabet (Google),174.04350210929846,175.96802000177186,173.87398751199405,175.58909606933594,28935900
2025-06-10 00:00:00-04:00,GOOGL,Alphabet (Google),175.6987675223273,180.5948038838724,174.41244383100403,178.09194946289062,61766100
2025-06-11 00:00:00-04:00,GOOGL,Alphabet (Google),179.2586188457646,179.8569029175766,176.24720547354727,176.8455047607422,31646800
2025-06-12 00:00:00-04:00,GOOGL,Alphabet (Google),175.6788256293735,176.2172980493167,174.25290075490625,175.2001953125,20941900
2025-06-13 00:00:00-04:00,GOOGL,Alphabet (Google),171.949458947436,176.62611964590695,171.89959814035095,174.17311096191406,27663100
2025-06-16 00:00:00-04:00,GOOGL,Alphabet (Google),174.23296058008373,176.43668073159893,174.15318632141427,176.2671661376953,27389200
2025-06-17 00:00:00-04:00,GOOGL,Alphabet (Google),175.20018931566514,176.85547082344988,174.08338020939252,175.44947814941406,24973000
2025-06-18 00:00:00-04:00,GOOGL,Alphabet (Google),175.50931582595604,176.0577543370001,172.70731159680278,172.8269805908203,28707500
2025-06-20 00:00:00-04:00,GOOGL,Alphabet (Google),173.45517315134433,173.8440631360939,164.98933381824614,166.1659698486328,75659900
2025-06-23 00:00:00-04:00,GOOGL,Alphabet (Google),165.7970070061314,166.86395520731054,161.53914984557392,164.72007751464844,57671000
2025-06-24 00:00:00-04:00,GOOGL,Alphabet (Google),166.4451757427373,167.74148079179992,165.65742968002243,166.2956085205078,40524300
2025-06-25 00:00:00-04:00,GOOGL,Alphabet (Google),167.15314653822034,171.86968681108624,167.0733722889804,170.1944580078125,35479000
2025-06-26 00:00:00-04:00,GOOGL,Alphabet (Google),171.9394978428303,173.19592338119924,169.4565906415466,173.0463409423828,31796700
2025-06-27 00:00:00-04:00,GOOGL,Alphabet (Google),173.04631507807895,178.17169244521818,171.24146651329573,178.02212524414062,108140200
2025-06-30 00:00:00-04:00,GOOGL,Alphabet (Google),180.265759020371,180.71447592478233,174.08339834249907,175.72869873046875,63378900
2025-07-01 00:00:00-04:00,GOOGL,Alphabet (Google),175.24007631497474,175.58907153758963,173.03635642713306,175.33978271484375,35904500
2025-07-02 00:00:00-04:00,GOOGL,Alphabet (Google),175.04063318866915,178.35119606008848,174.5719841997796,178.13182067871094,29128900
2025-07-03 00:00:00-04:00,GOOGL,Alphabet (Google),177.99221838299502,179.15888824066795,176.5463462627362,179.019287109375,21689700
2025-07-07 00:00:00-04:00,GOOGL,Alphabet (Google),178.5506411042797,178.78996387462078,175.18025102838192,176.28709411621094,34175600
2025-07-08 00:00:00-04:00,GOOGL,Alphabet (Google),177.3440914457585,177.44379785510552,172.3184197808512,173.864013671875,40442500
2025-07-09 00:00:00-04:00,GOOGL,Alphabet (Google),174.75148618121452,178.92956979741228,172.27854501653255,176.11758422851562,43025600
2025-07-10 00:00:00-04:00,GOOGL,Alphabet (Google),175.1303863111691,177.92240891673904,173.8839422139032,177.11471557617188,29252400
2025-07-11 00:00:00-04:00,GOOGL,Alphabet (Google),176.2870917998284,180.91389212460822,175.97797606848104,179.67742919921875,34282900
2025-07-14 00:00:00-04:00,GOOGL,Alphabet (Google),180.49507959550706,183.14751640721383,179.16886118965368,181.04351806640625,32536600
2025-07-15 00:00:00-04:00,GOOGL,Alphabet (Google),182.2899779932072,183.69597077242528,181.08342846821492,181.48228454589844,33448300
2025-07-16 00:00:00-04:00,GOOGL,Alphabet (Google),182.71874486155866,183.80564050002502,181.51218023918355,182.4495086669922,33104200
2025-07-17 00:00:00-04:00,GOOGL,Alphabet (Google),181.62187886390834,183.53641535247564,179.96659729454643,183.0577850341797,31992600
2025-07-18 00:00:00-04:00,GOOGL,Alphabet (Google),184.87259850820493,185.88970124039062,183.1874187229756,184.5335693359375,34014500
2025-07-21 00:00:00-04:00,GOOGL,Alphabet (Google),185.720180506412,189.74868135121883,185.62045888710102,189.55923461914062,45803100
2025-07-22 00:00:00-04:00,GOOGL,Alphabet (Google),190.9552485801447,191.10481579575136,186.9267476808465,190.7957000732422,44660200
2025-07-23 00:00:00-04:00,GOOGL,Alphabet (Google),190.95524958744798,191.9823183810532,188.64184187130752,189.68885803222656,58681900
2025-07-24 00:00:00-04:00,GOOGL,Alphabet (Google),196.46951227536783,197.38689334762466,190.45666688872916,191.6233367919922,74881700
2025-07-25 00:00:00-04:00,GOOGL,Alphabet (Google),191.43387927305906,193.77720042486192,190.71592620592727,192.63046264648438,39785900
2025-07-28 00:00:00-04:00,GOOGL,Alphabet (Google),193.0991291078416,193.49800038051387,190.29712498462092,192.0321807861328,38139500
2025-07-29 00:00:00-04:00,GOOGL,Alphabet (Google),191.88259792418754,195.36267559548023,191.53360267868564,195.1931610107422,41389200
2025-07-30 00:00:00-04:00,GOOGL,Alphabet (Google),195.04360005779435,197.0379108346005,194.13618500265545,195.970947265625,32445400
2025-07-31 00:00:00-04:00,GOOGL,Alphabet (Google),195.15328548422434,195.43248777249184,190.54641729704366,191.35411071777344,51329200
2025-08-01 00:00:00-04:00,GOOGL,Alphabet (Google),188.49227361862017,190.2871562824159,187.28572417197353,188.5919952392578,34832200
2025-08-04 00:00:00-04:00,GOOGL,Alphabet (Google),189.74866576237366,194.71450986073793,189.57915119577783,194.4851531982422,31547400
2025-08-05 00:00:00-04:00,GOOGL,Alphabet (Google),194.15610566816423,197.29713862348967,193.33843105874547,194.1162109375,31602300
2025-08-06 00:00:00-04:00,GOOGL,Alphabet (Google),193.94670749735778,196.07065317332066,193.11906676548202,195.5321807861328,21562900
2025-08-07 00:00:00-04:00,GOOGL,Alphabet (Google),196.49942519635405,196.9780554903085,193.77719542929833,195.96096801757812,26321800
2025-08-08 00:00:00-04:00,GOOGL,Alphabet (Google),196.65896623314958,202.03363260270996,196.60910542589713,200.84701538085938,39161800
2025-08-11 00:00:00-04:00,GOOGL,Alphabet (Google),200.36839577051538,200.90685295750995,198.50372015999918,200.42822265625,25832400
2025-08-12 00:00:00-04:00,GOOGL,Alphabet (Google),200.7971688962253,203.9182700251912,200.01938893683175,202.76156616210938,30397900
2025-08-13 00:00:00-04:00,GOOGL,Alphabet (Google),203.5493232968563,203.94817934449617,196.94814463612107,201.385498046875,28342900
2025-08-14 00:00:00-04:00,GOOGL,Alphabet (Google),200.92679533252792,203.85843438375156,200.65755913802832,202.36270141601562,25230400
2025-08-15 00:00:00-04:00,GOOGL,Alphabet (Google),203.270115954676,205.85274455493158,200.70741950553764,203.31996154785156,34931400
2025-08-18 00:00:00-04:00,GOOGL,Alphabet (Google),203.61911775674488,204.68608127587706,201.91399064284568,202.92111206054688,18526600
2025-08-19 00:00:00-04:00,GOOGL,Alphabet (Google),202.45245084896237,202.86128819689205,199.39119181596234,200.99661254882812,24240200
2025-08-20 00:00:00-04:00,GOOGL,Alphabet (Google),200.15898342104597,200.70742189093835,196.04074228977996,198.7530059814453,28955500
2025-08-21 00:00:00-04:00,GOOGL,Alphabet (Google),199.18177795410156,201.9040077554449,198.86268094385764,199.18177795410156,19774600
2025-08-22 00:00:00-04:00,GOOGL,Alphabet (Google),202.15329588435108,207.9467659198768,200.7273710651735,205.5037384033203,42827000
2025-08-25 00:00:00-04:00,GOOGL,Alphabet (Google),205.84277405344866,209.92115104730735,204.69605147341804,207.8969268798828,29928900
2025-08-26 00:00:00-04:00,GOOGL,Alphabet (Google),206.91970861500775,207.25875300984708,205.11485980130033,206.55076599121094,28464100
2025-08-27 00:00:00-04:00,GOOGL,Alphabet (Google),205.11485047791405,208.31572581537765,205.0649896678173,206.88978576660156,23022900
2025-08-28 00:00:00-04:00,GOOGL,Alphabet (Google),206.66045236066026,211.6163158130296,206.31144189175058,211.0379638671875,32339300
2025-08-29 00:00:00-04:00,GOOGL,Alphabet (Google),209.91115472146953,214.03937701544265,209.6020390158818,212.30433654785156,39728400
2025-09-02 00:00:00-04:00,GOOGL,Alphabet (Google),207.84705371453168,211.07782715720617,205.61342035910417,210.748779296875,47523000
2025-09-03 00:00:00-04:00,GOOGL,Alphabet (Google),225.5665221360729,230.65200537566233,224.15054812619755,230.0038604736328,103336100
2025-09-04 00:00:00-04:00,GOOGL,Alphabet (Google),228.996719869086,231.70898363627637,225.46679662750995,231.63919067382812,51684200
2025-09-05 00:00:00-04:00,GOOGL,Alphabet (Google),231.53945928914177,235.08932974831836,231.24030965390477,234.3314971923828,46588900
2025-09-08 00:00:00-04:00,GOOGL,Alphabet (Google),235.01017746372742,237.66498669397225,233.21368944217105,233.5829620361328,32474700
2025-09-09 00:00:00-04:00,GOOGL,Alphabet (Google),233.71271899928072,240.00041962038168,232.77455216251747,239.1620635986328,38061000
2025-09-10 00:00:00-04:00,GOOGL,Alphabet (Google),238.4334648921733,241.1880848518513,237.38552753776509,238.70294189453125,35141100
2025-09-11 00:00:00-04:00,GOOGL,Alphabet (Google),239.41157085914617,241.77693788592924,235.78865459463688,239.90060424804688,30599300
2025-09-12 00:00:00-04:00,GOOGL,Alphabet (Google),239.90058949520323,241.6072568290254,237.53522261387997,240.3297576904297,26771600
2025-09-15 00:00:00-04:00,GOOGL,Alphabet (Google),244.18222746714693,251.91709313601174,244.18222746714693,251.11865234375,58383800
2025-09-16 00:00:00-04:00,GOOGL,Alphabet (Google),251.58774200911427,252.54585880051692,248.98283818718852,250.66954040527344,34109700
2025-09-17 00:00:00-04:00,GOOGL,Alphabet (Google),250.7294115061419,251.10867430438276,245.7990560449756,249.04270935058594,34108000
2025-09-18 00:00:00-04:00,GOOGL,Alphabet (Google),251.18851917528045,253.49402106561863,249.31220074129322,251.537841796875,31239500
2025-09-19 00:00:00-04:00,GOOGL,Alphabet (Google),252.7554645478164,255.5000944688687,251.31827407979023,254.22259521484375,55571400
2025-09-22 00:00:00-04:00,GOOGL,Alphabet (Google),253.9331335021276,255.28050326976958,249.8112090563098,252.03684997558594,32290500
2025-09-23 00:00:00-04:00,GOOGL,Alphabet (Google),252.54585863312587,253.8632882566711,249.9908602190898,251.16856384277344,26628000
2025-09-24 00:00:00-04:00,GOOGL,Alphabet (Google),251.1685566625181,251.8572116525034,245.95874917105462,246.65737915039062,28201000
2025-09-25 00:00:00-04:00,GOOGL,Alphabet (Google),243.92272782855147,246.0086580355356,240.26988667693965,245.3100128173828,31020400
2025-09-26 00:00:00-04:00,GOOGL,Alphabet (Google),246.58752699597628,248.93292875938775,245.4896689933639,246.0585479736328,18503200
2025-09-29 00:00:00-04:00,GOOGL,Alphabet (Google),247.3659922504587,250.65953566268354,242.295910900337,243.5734100341797,32505800
2025-09-30 00:00:00-04:00,GOOGL,Alphabet (Google),242.33584768941728,242.8149061000678,238.78280195485732,242.6252899169922,34724300
2025-10-01 00:00:00-04:00,GOOGL,Alphabet (Google),240.2798631456683,245.81902814560354,238.1440427490887,244.4217529296875,31658200
2025-10-02 00:00:00-04:00,GOOGL,Alphabet (Google),244.6712510924991,246.32801300536266,241.82682587144092,245.210205078125,25483300
2025-10-03 00:00:00-04:00,GOOGL,Alphabet (Google),244.0125741538274,245.8190372139174,241.18809864914257,244.8708953857422,30249600
2025-10-06 00:00:00-04:00,GOOGL,Alphabet (Google),244.30198799944458,250.82922509816828,244.10238160883648,249.94094848632812,28894700
2025-10-07 00:00:00-04:00,GOOGL,Alphabet (Google),247.78518329877946,249.95094390133718,245.04055349112926,245.2800750732422,23181300
2025-10-08 00:00:00-04:00,GOOGL,Alphabet (Google),244.4816510919942,245.52958847857047,243.3438778825467,244.14230346679688,21307100
2025-10-09 00:00:00-04:00,GOOGL,Alphabet (Google),243.99259549865826,244.28202248032238,238.68297718710045,241.05833435058594,27892100
2025-10-10 00:00:00-04:00,GOOGL,Alphabet (Google),240.95854254659665,243.6133519117745,235.37946202105573,236.10804748535156,33180300
2025-10-13 00:00:00-04:00,GOOGL,Alphabet (Google),239.74092459803205,244.02254038501275,239.2419009980627,243.6732177734375,24995000
2025-10-14 00:00:00-04:00,GOOGL,Alphabet (Google),240.75891236992726,246.63740953871613,240.0403171957297,244.97067260742188,22111600
2025-10-15 00:00:00-04:00,GOOGL,Alphabet (Google),246.76716258187247,251.61767243328853,245.5096286311317,250.53977966308594,27007700
2025-10-16 00:00:00-04:00,GOOGL,Alphabet (Google),251.27834055068328,256.4581925767255,249.61160360230107,250.9689483642578,27997200
2025-10-17 00:00:00-04:00,GOOGL,Alphabet (Google),250.27029536389298,253.72354516932393,247.32605934645667,252.8053436279297,29671600
2025-10-20 00:00:00-04:00,GOOGL,Alphabet (Google),254.19265795496185,256.82748687148535,253.73354951664797,256.04901123046875,22350200
2025-10-21 00:00:00-04:00,GOOGL,Alphabet (Google),254.24254216862593,254.38226816359625,243.6732110393333,249.9709014892578,47312100
2025-10-22 00:00:00-04:00,GOOGL,Alphabet (Google),253.87326076642051,255.85936494298178,248.8031791754094,251.19850158691406,35029400
2025-10-23 00:00:00-04:00,GOOGL,Alphabet (Google),252.4859893541776,254.54196425508994,251.35820631599307,252.58580017089844,19901400
2025-10-24 00:00:00-04:00,GOOGL,Alphabet (Google),256.07894057309267,261.16898745224296,254.82142179583195,259.4124450683594,28655100
2025-10-27 00:00:00-04:00,GOOGL,Alphabet (Google),264.3028491565017,269.61246721569535,263.76389517627246,268.744140625,35235200
2025-10-28 00:00:00-04:00,GOOGL,Alphabet (Google),269.1633589320839,270.20133657580493,265.9795858431389,266.94769287109375,29738600
2025-10-29 00:00:00-04:00,GOOGL,Alphabet (Google),267.2271543584551,274.802329420885,267.14732397902117,274.0338439941406,43580300
2025-10-30 00:00:00-04:00,GOOGL,Alphabet (Google),291.02060225143094,291.02060225143094,279.51311834988803,280.93035888671875,74876000
2025-10-31 00:00:00-04:00,GOOGL,Alphabet (Google),282.65691333682474,285.44147330040244,276.48898951038876,280.640869140625,39267900
2025-11-03 00:00:00-05:00,GOOGL,Alphabet (Google),281.62895336390585,284.97241759660864,279.25359613963377,283.16595458984375,29786000
2025-11-04 00:00:00-05:00,GOOGL,Alphabet (Google),276.20955057551157,280.7207127582489,275.72051721535576,276.9980163574219,30078400
2025-11-05 00:00:00-05:00,GOOGL,Alphabet (Google),278.32538223121895,285.8606559032848,276.7983714286328,283.7547607421875,31010300
2025-11-06 00:00:00-05:00,GOOGL,Alphabet (Google),284.77279318145315,287.78691520805194,280.59100344938025,284.1939392089844,37173600
2025-11-07 00:00:00-05:00,GOOGL,Alphabet (Google),282.6569436244069,283.225837847663,274.65261591386644,278.2854919433594,34479600
2025-11-10 00:00:00-05:00,GOOGL,Alphabet (Google),283.8645774088431,290.2320924976737,282.30759586857965,289.5334777832031,29557300
2025-11-11 00:00:00-05:00,GOOGL,Alphabet (Google),287.1881040319325,291.3499745796257,286.7589510126267,290.74114990234375,19842100
2025-11-12 00:00:00-05:00,GOOGL,Alphabet (Google),291.11038092678234,291.43975353768866,283.1359940674285,286.15008544921875,24829900
2025-11-13 00:00:00-05:00,GOOGL,Alphabet (Google),281.7886277548892,282.2876513282579,276.6985812149319,278.0260009765625,29494000
2025-11-14 00:00:00-05:00,GOOGL,Alphabet (Google),270.88000309409097,278.0160347166159,270.17139808707816,275.8702392578125,31647200
2025-11-17 00:00:00-05:00,GOOGL,Alphabet (Google),285.22190446328057,293.3759628274161,283.01622885841863,284.46337890625,52670200
2025-11-18 00:00:00-05:00,GOOGL,Alphabet (Google),287.3577599014325,288.236015842567,277.65674001133203,283.724853515625,49158700
2025-11-19 00:00:00-05:00,GOOGL,Alphabet (Google),286.5992292728396,303.21670857801746,286.07026549054086,292.2381896972656,68198900
2025-11-20 00:00:00-05:00,GOOGL,Alphabet (Google),303.94529376978943,305.8216273232207,288.1062900504894,288.884765625,62025200
2025-11-21 00:00:00-05:00,GOOGL,Alphabet (Google),295.8411659039572,303.3265199413647,293.27617727722287,299.0748291015625,74137700
2025-11-24 00:00:00-05:00,GOOGL,Alphabet (Google),310.52242205466104,318.85612204740676,308.9954110970811,317.9578552246094,85165100
2025-11-25 00:00:00-05:00,GOOGL,Alphabet (Google),325.5729598317621,328.187838552192,317.0296784660599,322.8083801269531,88632100
2025-11-26 00:00:00-05:00,GOOGL,Alphabet (Google),320.053780820363,323.86632857763385,316.1713929045335,319.3252258300781,51373400
2025-11-28 00:00:00-05:00,GOOGL,Alphabet (Google),322.73855239479167,326.2117679837596,316.1714145243143,319.5547790527344,26018600
2025-12-01 00:00:00-05:00,GOOGL,Alphabet (Google),317.0796263275952,319.2254218425781,313.27706870792247,314.2751159667969,41183000
2025-12-02 00:00:00-05:00,GOOGL,Alphabet (Google),316.1214443613123,317.75825630619534,313.29698432996054,315.1932678222656,35854700
2025-12-03 00:00:00-05:00,GOOGL,Alphabet (Google),315.2731119453438,320.95197190330543,313.48659911430565,319.00579833984375,41838300
2025-12-04 00:00:00-05:00,GOOGL,Alphabet (Google),321.6007694211511,321.73048997615604,314.0854750084747,316.999755859375,31240900
2025-12-05 00:00:00-05:00,GOOGL,Alphabet (Google),318.8660555204289,322.528901747787,318.5467035992101,320.642578125,28851700
2025-12-08 00:00:00-05:00,GOOGL,Alphabet (Google),319.63395301128804,320.0234606774875,310.81544458829893,313.31219482421875,33909400
2025-12-09 00:00:00-05:00,GOOGL,Alphabet (Google),311.96391713296777,317.57660631064704,311.4945269093235,316.66778564453125,30194000
2025-12-10 00:00:00-05:00,GOOGL,Alphabet (Google),315.4194206321133,320.8923078304596,314.27092168020465,319.7937316894531,33428900
2025-12-11 00:00:00-05:00,GOOGL,Alphabet (Google),319.6638831462354,320.7025396818571,308.19882663213485,312.0238342285156,42353700
2025-12-12 00:00:00-05:00,GOOGL,Alphabet (Google),313.29221022339095,314.46067218572114,305.1627773855729,308.887939453125,35940200
2025-12-15 00:00:00-05:00,GOOGL,Alphabet (Google),310.9152814169449,311.01515750934647,304.4836511834585,307.8193054199219,29151900
2025-12-16 00:00:00-05:00,GOOGL,Alphabet (Google),304.55358908476643,310.3660001485481,302.1966411442108,306.1714782714844,30585000
2025-12-17 00:00:00-05:00,GOOGL,Alphabet (Google),307.60959033164653,307.6894729197007,295.7350329501308,296.3342590332031,43930400
2025-12-18 00:00:00-05:00,GOOGL,Alphabet (Google),301.32777470817274,303.56485302569047,298.8410213827925,302.0668029785156,33518000
2025-12-19 00:00:00-05:00,GOOGL,Alphabet (Google),301.33777770154796,306.85059101726483,300.5787559089981,306.7607116699219,59943200
2025-12-22 00:00:00-05:00,GOOGL,Alphabet (Google),309.47716491524386,309.7268399185022,304.90310178792384,309.3772888183594,26429900
2025-12-23 00:00:00-05:00,GOOGL,Alphabet (Google),309.2274800840275,314.5305745464577,308.91788552805923,313.94134521484375,25478700
2025-12-24 00:00:00-05:00,GOOGL,Alphabet (Google),314.3608103937755,314.67040497756983,311.51453957359615,313.68170166015625,10097400
2025-12-26 00:00:00-05:00,GOOGL,Alphabet (Google),314.0711877312235,314.6803801033015,311.87403553475036,313.1024475097656,10899000
2025-12-29 00:00:00-05:00,GOOGL,Alphabet (Google),310.96521879647884,313.61176774066803,310.2161937852231,313.1523742675781,19621800
2025-12-30 00:00:00-05:00,GOOGL,Alphabet (Google),312.09376543928346,316.5379928503015,312.0538089034933,313.4420166015625,17380900
2025-12-31 00:00:00-05:00,GOOGL,Alphabet (Google),312.4433102220648,314.17104176667254,311.03513952358344,312.5931091308594,16377700
2026-01-02 00:00:00-05:00,GOOGL,Alphabet (Google),316.4880510777925,322.0807776535599,309.92658419973367,314.7403259277344,32009400
2026-01-05 00:00:00-05:00,GOOGL,Alphabet (Google),317.24707928114736,318.60529679570504,314.2210191795431,316.1285400390625,30195600
2026-01-06 00:00:00-05:00,GOOGL,Alphabet (Google),315.9886856047422,320.5227923064431,311.3746963103618,313.9313659667969,31212100
2026-01-07 00:00:00-05:00,GOOGL,Alphabet (Google),313.95131240372154,325.725993751253,313.7815504740342,321.5614318847656,35104400
2026-01-08 00:00:00-05:00,GOOGL,Alphabet (Google),328.54234711069296,329.8905982345552,321.08205673508803,325.0169372558594,31896100
2026-01-09 00:00:00-05:00,GOOGL,Alphabet (Google),326.6647962522232,330.3999246926398,325.37646465172014,328.14288330078125,26214200
2026-01-12 00:00:00-05:00,GOOGL,Alphabet (Google),325.37643895257156,333.6057474535575,324.57749116547984,331.4285583496094,33923900
2026-01-13 00:00:00-05:00,GOOGL,Alphabet (Google),334.5146010595183,340.04737751020235,333.18631289711504,335.53326416015625,33517600
2026-01-14 00:00:00-05:00,GOOGL,Alphabet (Google),334.62442706687915,336.08252056576845,330.05039437456895,335.4034118652344,28525600
2026-01-15 00:00:00-05:00,GOOGL,Alphabet (Google),337.21104566866205,337.2510022020921,330.3100250775331,332.3473815917969,28442400
2026-01-16 00:00:00-05:00,GOOGL,Alphabet (Google),333.97528525413946,334.2149635116852,327.27401649506595,329.5710144042969,40341600
2026-01-20 00:00:00-05:00,GOOGL,Alphabet (Google),320.4528849486331,327.30398324237245,320.01345448184367,321.5814208984375,35361000
2026-01-21 00:00:00-05:00,GOOGL,Alphabet (Google),320.50283121296127,332.0478012719212,318.9348648307384,327.953125,35386600
2026-01-22 00:00:00-05:00,GOOGL,Alphabet (Google),334.0152418739244,334.71431361791133,328.32263943252485,330.1103210449219,26253600
2026-01-23 00:00:00-05:00,GOOGL,Alphabet (Google),332.05776231305794,333.2562145369407,327.0243361197249,327.5036926269531,27280000
2026-01-26 00:00:00-05:00,GOOGL,Alphabet (Google),327.3838548641184,335.4034148973675,326.5749102768944,332.8267822265625,26042100
2026-01-27 00:00:00-05:00,GOOGL,Alphabet (Google),334.93402312381306,337.4707297257924,333.04649592160257,334.1150817871094,21636200
2026-01-28 00:00:00-05:00,GOOGL,Alphabet (Google),335.62313448097893,337.1012215187292,331.5084951745387,335.5732116699219,27434400
2026-01-29 00:00:00-05:00,GOOGL,Alphabet (Google),339.85759500876696,341.84502871736817,326.115503846963,337.8102722167969,39785600
2026-01-30 00:00:00-05:00,GOOGL,Alphabet (Google),339.5580079569619,339.5580079569619,331.8580393103398,337.56060791015625,31024000
2026-02-02 00:00:00-05:00,GOOGL,Alphabet (Google),335.78293445124825,344.3817273143538,335.1937050748485,343.24322509765625,32006100
2026-02-03 00:00:00-05:00,GOOGL,Alphabet (Google),346.8884575284791,348.5463032010534,337.0312933144156,339.26837158203125,36506700
2026-02-04 00:00:00-05:00,GOOGL,Alphabet (Google),342.514142570529,342.86369366519597,328.09291217000737,332.6070556640625,70618400
2026-02-05 00:00:00-05:00,GOOGL,Alphabet (Google),311.814107165092,332.25749685616427,306.06158556074746,330.8193664550781,88205800
2026-02-06 00:00:00-05:00,GOOGL,Alphabet (Google),326.75466854448496,329.95052083207565,319.50412705068965,322.4402770996094,56380500
2026-02-09 00:00:00-05:00,GOOGL,Alphabet (Google),320.5127991892576,327.2740180221729,316.84758707958963,323.8984069824219,39640100
2026-02-10 00:00:00-05:00,GOOGL,Alphabet (Google),320.5527401483992,321.25184233940706,314.2009923012897,318.16583251953125,39170000
2026-02-11 00:00:00-05:00,GOOGL,Alphabet (Google),318.55535268111106,320.64263210541753,309.25745775560665,310.5557556152344,45406400
2026-02-12 00:00:00-05:00,GOOGL,Alphabet (Google),311.68427643298344,315.8288752987113,306.80064932708433,308.5982971191406,47761300
2026-02-13 00:00:00-05:00,GOOGL,Alphabet (Google),307.32996759040856,308.2287915112591,303.31517401115394,305.32257080078125,38499700
2026-02-17 00:00:00-05:00,GOOGL,Alphabet (Google),299.6499434457439,304.0442171582303,295.86486207725466,301.6273498535156,39247600
2026-02-18 00:00:00-05:00,GOOGL,Alphabet (Google),301.6972906518214,304.983022308801,300.8583862777236,302.9356689453125,28482100
2026-02-19 00:00:00-05:00,GOOGL,Alphabet (Google),301.42763905495286,305.0728879320441,299.64995428739604,302.456298828125,25834400
2026-02-20 00:00:00-05:00,GOOGL,Alphabet (Google),303.9243808328656,316.08853909864735,303.504913437054,314.5705261230469,53210800
2026-02-23 00:00:00-05:00,GOOGL,Alphabet (Google),318.6352220336332,319.1046122516075,309.4671633706354,311.0850524902344,31423000
2026-02-24 00:00:00-05:00,GOOGL,Alphabet (Google),310.11633870149166,311.8640638461802,305.53230897934316,310.495849609375,25615600
2026-02-25 00:00:00-05:00,GOOGL,Alphabet (Google),311.6543207518016,313.2322838254539,309.03773161827513,312.49322509765625,29963600
2026-02-26 00:00:00-05:00,GOOGL,Alphabet (Google),312.23361045347764,312.73296049797625,301.95697800388234,306.9804382324219,36431200
2026-02-27 00:00:00-05:00,GOOGL,Alphabet (Google),303.7446468483449,311.9639287272481,303.4050620118916,311.354736328125,44640600
2026-03-02 00:00:00-05:00,GOOGL,Alphabet (Google),302.83581985466094,308.0889612664211,300.908305641281,306.12152099609375,34790200
2026-03-03 00:00:00-05:00,GOOGL,Alphabet (Google),298.2018299939976,303.5448811012492,296.3242691134317,303.1853332519531,35497000
2026-03-04 00:00:00-05:00,GOOGL,Alphabet (Google),302.49628364637806,305.07291645770977,300.3590508331652,302.7359619140625,29536200
2026-03-05 00:00:00-05:00,GOOGL,Alphabet (Google),302.6460567428228,302.9056980180265,297.6026034525966,300.4888610839844,35752300
2026-03-06 00:00:00-05:00,GOOGL,Alphabet (Google),295.7050936872067,300.1393243405422,294.7962729857715,298.1319274902344,25576900
2026-03-09 00:00:00-04:00,GOOGL,Alphabet (Google),294.1842573074437,306.6168332730834,293.9044256827884,306.1770935058594,29312100
2026-03-10 00:00:00-04:00,GOOGL,Alphabet (Google),305.98724420005084,309.3252467158022,305.3875962722132,306.8567199707031,23239700
2026-03-11 00:00:00-04:00,GOOGL,Alphabet (Google),306.56689883882945,311.23412470378855,305.7374076911934,308.5157470703125,24125700
2026-03-12 00:00:00-04:00,GOOGL,Alphabet (Google),306.636841807898,308.7555713296518,300.8502897843219,303.3687744140625,24928300
2026-03-13 00:00:00-04:00,GOOGL,Alphabet (Google),306.8267356773544,307.50632242162294,300.26065041451466,302.09954833984375,23693100
2026-03-16 00:00:00-04:00,GOOGL,Alphabet (Google),304.16832484157635,306.3070315122431,302.8391017033621,305.3775939941406,23519700
2026-03-17 00:00:00-04:00,GOOGL,Alphabet (Google),305.67739809365116,311.2341070358109,305.3176276402165,310.7344055175781,21955200
2026-03-18 00:00:00-04:00,GOOGL,Alphabet (Google),309.0853604878573,312.28346234614037,306.74676108497374,307.5063171386719,20009800
2026-03-19 00:00:00-04:00,GOOGL,Alphabet (Google),303.8285227221892,307.8760927647981,302.16951004441273,306.9466552734375,25075800
2026-03-20 00:00:00-04:00,GOOGL,Alphabet (Google),305.2776414809433,305.8173276578073,298.0919312440676,300.8203125,44364100
2026-03-23 00:00:00-04:00,GOOGL,Alphabet (Google),301.92965766257777,305.7973733016039,300.75036931754545,301.87969970703125,29326900
2026-03-24 00:00:00-04:00,GOOGL,Alphabet (Google),299.02141279307426,299.7409842283802,290.15668188195673,290.2666320800781,36864300
2026-03-25 00:00:00-04:00,GOOGL,Alphabet (Google),293.2648285118823,295.82329783701033,289.0673235725591,290.7563171386719,29460700
2026-03-26 00:00:00-04:00,GOOGL,Alphabet (Google),287.7381369232671,287.7781215852462,278.33375052565475,280.7523193359375,39080600
2026-03-27 00:00:00-04:00,GOOGL,Alphabet (Google),277.1144865271076,279.203235317384,273.7864876697142,274.1762390136719,35890600
2026-03-30 00:00:00-04:00,GOOGL,Alphabet (Google),276.2550012483934,276.9245842043685,271.9475460941929,273.33673095703125,35141200
2026-03-31 00:00:00-04:00,GOOGL,Alphabet (Google),277.87403020607053,287.9080147834651,276.9245851168754,287.3883361816406,43875400
2026-04-01 00:00:00-04:00,GOOGL,Alphabet (Google),290.6663854824321,300.34059988895723,290.23664948178913,297.2124938964844,37684500
2026-04-02 00:00:00-04:00,GOOGL,Alphabet (Google),290.5164904801884,297.90206355243157,289.2772403921399,295.59344482421875,21666500
2026-04-06 00:00:00-04:00,GOOGL,Alphabet (Google),295.69337737406744,300.4405418912755,295.0037868253031,299.8109130859375,16945500
2026-04-07 00:00:00-04:00,GOOGL,Alphabet (Google),302.54929810267237,305.4475608650088,297.5422790326475,305.27764892578125,23205400
2026-04-08 00:00:00-04:00,GOOGL,Alphabet (Google),320.25872115869026,321.88772251879675,314.8319393907938,317.1305847167969,33547100
2026-04-09 00:00:00-04:00,GOOGL,Alphabet (Google),315.72141928886384,319.3492572184689,310.8743084256086,318.29986572265625,23739200
2026-04-10 00:00:00-04:00,GOOGL,Alphabet (Google),319.8289680511782,321.6378852163977,316.1311948927162,317.0506286621094,19152600
2026-04-13 00:00:00-04:00,GOOGL,Alphabet (Google),316.9507009019676,321.43801087893695,315.28168437302884,321.1181945800781,18866400
2026-04-14 00:00:00-04:00,GOOGL,Alphabet (Google),324.59612530340485,333.09105123243734,323.5567375910905,332.7112731933594,27721400
2026-04-15 00:00:00-04:00,GOOGL,Alphabet (Google),332.69130668872015,337.278563176308,330.70247381548376,336.91876220703125,24918800
2026-04-16 00:00:00-04:00,GOOGL,Alphabet (Google),338.5477782390461,339.67710854893676,334.3202924195682,335.81939697265625,20541500
2026-04-17 00:00:00-04:00,GOOGL,Alphabet (Google),337.4484504303517,342.1156763245155,336.0392884001999,341.4760437011719,25581900
2026-04-20 00:00:00-04:00,GOOGL,Alphabet (Google),340.55660000710446,341.1962021124509,336.40905286572576,337.2185974121094,18784200
2026-04-21 00:00:00-04:00,GOOGL,Alphabet (Google),337.48841459650436,339.13742351057505,331.1522029907326,332.0916442871094,23123800
2026-04-22 00:00:00-04:00,GOOGL,Alphabet (Google),336.818816762841,339.6171637007564,334.96994545488326,339.1174621582031,20293000
2026-04-23 00:00:00-04:00,GOOGL,Alphabet (Google),340.9763246437424,341.7558578013153,335.97930940305434,338.6877136230469,18650300
2026-04-24 00:00:00-04:00,GOOGL,Alphabet (Google),338.5277988797623,345.06387272769797,335.1897964239415,344.19439697265625,26426100
2026-04-27 00:00:00-04:00,GOOGL,Alphabet (Google),345.77347673538645,352.9691603649003,342.5254168368208,350.130859375,28576900
2026-04-28 00:00:00-04:00,GOOGL,Alphabet (Google),348.34192077884484,352.20963620070955,345.91337868788094,349.5711975097656,27824100
2026-04-29 00:00:00-04:00,GOOGL,Alphabet (Google),347.36252924438134,355.5776236260777,344.0045190996302,349.7311096191406,35376300
2026-04-30 00:00:00-04:00,GOOGL,Alphabet (Google),373.8467067603946,385.6096696957082,365.60163158627074,384.5702819824219,72040000
2026-05-01 00:00:00-04:00,GOOGL,Alphabet (Google),381.4022037517389,386.52914645154755,378.82372671588394,385.45977783203125,30105200
2026-05-04 00:00:00-04:00,GOOGL,Alphabet (Google),385.39979379858875,387.14874909409923,379.56328378663693,383.0212097167969,26298600
2026-05-05 00:00:00-04:00,GOOGL,Alphabet (Google),385.99945170269467,392.58551415458055,383.79074899852696,388.1981201171875,23878600
2026-05-06 00:00:00-04:00,GOOGL,Alphabet (Google),394.0146525811788,399.61131576273664,392.52555179602564,397.8023986816406,31308500
2026-05-07 00:00:00-04:00,GOOGL,Alphabet (Google),399.6812819584635,399.8611671879692,392.4455831227277,397.7524108886719,24433500
2026-05-08 00:00:00-04:00,GOOGL,Alphabet (Google),396.7630105926761,401.76002583943523,396.1233780013978,400.56072998046875,21461800
2026-05-11 00:00:00-04:00,GOOGL,Alphabet (Google),393.41500861238904,397.2027547509894,388.23810807955056,388.40802001953125,30753700
2026-05-12 00:00:00-04:00,GOOGL,Alphabet (Google),387.10877062384725,388.28805889354703,382.541491402114,387.1187744140625,26017500
2026-05-13 00:00:00-04:00,GOOGL,Alphabet (Google),385.3698394939953,403.4590416115898,384.77019153718186,402.3796691894531,28144600
2026-05-14 00:00:00-04:00,GOOGL,Alphabet (Google),397.04285074569174,402.6894719958145,395.6037078837972,400.8305969238281,21136700
2026-05-15 00:00:00-04:00,GOOGL,Alphabet (Google),396.0834349796574,399.30151410906007,392.9452946767326,396.54315185546875,20309700
2026-05-18 00:00:00-04:00,GOOGL,Alphabet (Google),395.4538101055549,408.36608091552193,394.29449886421145,396.70306396484375,26837200
2026-05-19 00:00:00-04:00,GOOGL,Alphabet (Google),396.72302500471704,396.91291402359946,385.8794958446922,387.4285888671875,39545700
2026-05-20 00:00:00-04:00,GOOGL,Alphabet (Google),387.4685872554011,393.62488340369265,382.6714341601505,388.6778564453125,31744400
2026-05-21 00:00:00-04:00,GOOGL,Alphabet (Google),385.46976743485186,392.2656959548347,382.7913440893277,387.4285888671875,24852800
2026-05-22 00:00:00-04:00,GOOGL,Alphabet (Google),387.1187843592316,388.5079387636157,381.54209816202837,382.74139404296875,20442100
2026-05-26 00:00:00-04:00,GOOGL,Alphabet (Google),384.2804712769477,389.0276356997364,382.3716078175452,388.6478576660156,27747400
2026-05-27 00:00:00-04:00,GOOGL,Alphabet (Google),386.4391861502527,393.64487351491664,385.66962629134815,388.5978698730469,23087300
2026-05-28 00:00:00-04:00,GOOGL,Alphabet (Google),387.76839182151133,391.6360768291116,384.9300907577927,389.8971252441406,24357500
2026-05-29 00:00:00-04:00,GOOGL,Alphabet (Google),385.0100143138995,385.0100143138995,378.2340629764561,380.1129455566406,44415800
2026-06-01 00:00:00-04:00,GOOGL,Alphabet (Google),376.2952290661171,378.3340198477676,373.2970198869562,376.14532470703125,28672100
2026-06-02 00:00:00-04:00,GOOGL,Alphabet (Google),366.371163421305,373.31702687507857,358.2260345973877,361.6340026855469,50412300
2026-06-03 00:00:00-04:00,GOOGL,Alphabet (Google),361.81388965190393,366.2312646097652,357.8662353535933,358.77569580078125,55441600
2026-06-04 00:00:00-04:00,GOOGL,Alphabet (Google),358.68575901079333,373.0271992966173,357.99616844622375,371.96783447265625,44055500
2026-06-05 00:00:00-04:00,GOOGL,Alphabet (Google),366.1213024821565,371.8578661166277,363.90262653478294,368.30999755859375,37471200
2026-06-08 00:00:00-04:00,GOOGL,Alphabet (Google),365.17999267578125,366.20001220703125,360.5299987792969,363.30999755859375,27942500
2026-06-09 00:00:00-04:00,GOOGL,Alphabet (Google),367.0899963378906,372.0799865722656,357.29998779296875,364.260009765625,29535100
2026-06-10 00:00:00-04:00,GOOGL,Alphabet (Google),363.19000244140625,368.55999755859375,355.20001220703125,356.3800048828125,32357100
2026-06-11 00:00:00-04:00,GOOGL,Alphabet (Google),355.92999267578125,358.79998779296875,346.3599853515625,357.7699890136719,35538200
2026-06-12 00:00:00-04:00,GOOGL,Alphabet (Google),362.6199951171875,366.57000732421875,354.94000244140625,359.67999267578125,24704600
2026-06-15 00:00:00-04:00,GOOGL,Alphabet (Google),367.92999267578125,372.989990234375,366.54998779296875,369.3500061035156,27727500
2026-06-16 00:00:00-04:00,GOOGL,Alphabet (Google),369.6000061035156,376.0,367.05999755859375,373.25,24876100
2026-06-17 00:00:00-04:00,GOOGL,Alphabet (Google),369.1300048828125,372.3299865722656,362.0199890136719,363.7900085449219,24543600
2026-06-18 00:00:00-04:00,GOOGL,Alphabet (Google),365.75,369.4800109863281,358.6700134277344,368.0299987792969,44470100
2026-06-22 00:00:00-04:00,GOOGL,Alphabet (Google),357.95001220703125,358.9200134277344,341.7200012207031,349.67999267578125,52814800
2026-06-23 00:00:00-04:00,GOOGL,Alphabet (Google),340.69000244140625,349.2900085449219,340.20001220703125,346.1300048828125,34007700
2026-06-24 00:00:00-04:00,GOOGL,Alphabet (Google),349.0400085449219,353.4800109863281,341.92999267578125,345.2900085449219,44997300
2026-06-25 00:00:00-04:00,GOOGL,Alphabet (Google),336.7300109863281,345.57000732421875,335.8399963378906,343.7099914550781,44491400
2026-06-26 00:00:00-04:00,GOOGL,Alphabet (Google),342.54998779296875,346.3599853515625,330.20001220703125,337.3900146484375,114706300
2026-06-29 00:00:00-04:00,GOOGL,Alphabet (Google),341.8299865722656,354.3500061035156,340.6700134277344,353.6499938964844,34213900
2026-06-30 00:00:00-04:00,GOOGL,Alphabet (Google),353.8699951171875,358.6199951171875,350.3999938964844,357.3699951171875,35237200
2026-07-01 00:00:00-04:00,GOOGL,Alphabet (Google),358.3699951171875,362.9700012207031,356.42999267578125,361.2099914550781,26736400
2026-07-02 00:00:00-04:00,GOOGL,Alphabet (Google),359.4800109863281,364.2099914550781,353.4200134277344,359.9100036621094,25974800
2026-07-06 00:00:00-04:00,GOOGL,Alphabet (Google),361.54998779296875,367.92999267578125,357.3800048828125,366.4599914550781,26915800
2026-07-07 00:00:00-04:00,GOOGL,Alphabet (Google),369.07000732421875,373.1600036621094,365.5,367.0299987792969,24045600
2026-07-08 00:00:00-04:00,GOOGL,Alphabet (Google),364.760009765625,367.8399963378906,358.0199890136719,361.9200134277344,22094800
2026-07-09 00:00:00-04:00,GOOGL,Alphabet (Google),354.30999755859375,359.6499938964844,351.0799865722656,358.8900146484375,24729100
2026-07-10 00:00:00-04:00,GOOGL,Alphabet (Google),357.5299987792969,357.82000732421875,352.75,357.17999267578125,18146100
2026-07-13 00:00:00-04:00,GOOGL,Alphabet (Google),356.19000244140625,358.1300048828125,351.75,352.510009765625,15901700
2026-07-14 00:00:00-04:00,GOOGL,Alphabet (Google),351.20001220703125,360.1600036621094,351.0899963378906,359.510009765625,18259400
2026-07-15 00:00:00-04:00,GOOGL,Alphabet (Google),357.9700012207031,373.6499938964844,357.760009765625,370.9200134277344,28284600
2026-07-16 00:00:00-04:00,GOOGL,Alphabet (Google),373.05999755859375,375.2699890136719,352.29998779296875,354.4599914550781,41158500
2026-07-17 00:00:00-04:00,GOOGL,Alphabet (Google),346.0,348.5199890136719,341.3599853515625,346.7699890136719,29959300
2026-07-20 00:00:00-04:00,GOOGL,Alphabet (Google),350.8800048828125,359.67999267578125,350.5199890136719,351.989990234375,24736600
2026-07-21 00:00:00-04:00,GOOGL,Alphabet (Google),351.32000732421875,351.32000732421875,347.0,347.1499938964844,23369800
2026-07-22 00:00:00-04:00,GOOGL,Alphabet (Google),348.1600036621094,349.94000244140625,341.7300109863281,342.0899963378906,39334100
2026-07-23 00:00:00-04:00,GOOGL,Alphabet (Google),321.1300048828125,324.489990234375,314.8999938964844,317.69000244140625,69419700
2026-07-24 00:00:00-04:00,GOOGL,Alphabet (Google),318.4200134277344,324.17999267578125,317.32000732421875,319.739990234375,31806600
2026-07-27 00:00:00-04:00,GOOGL,Alphabet (Google),325.0400085449219,330.4200134277344,324.45001220703125,326.55999755859375,28471600
2026-07-28 00:00:00-04:00,GOOGL,Alphabet (Google),327.8999938964844,335.8800048828125,324.44000244140625,333.7099914550781,29511900
2026-07-29 00:00:00-04:00,GOOGL,Alphabet (Google),334.6700134277344,342.5,331.6199951171875,336.7099914550781,27501600
2026-07-30 00:00:00-04:00,GOOGL,Alphabet (Google),334.20001220703125,336.510009765625,330.3399963378906,333.6600036621094,30168000
2026-07-31 00:00:00-04:00,GOOGL,Alphabet (Google),340.8299865722656,358.5799865722656,340.0,356.1300048828125,46498000
2026-08-03 00:00:00-04:00,GOOGL,Alphabet (Google),365.45001220703125,376.69000244140625,363.3500061035156,373.510009765625,38669700
2026-08-04 00:00:00-04:00,GOOGL,Alphabet (Google),368.2200012207031,380.5199890136719,367.5,377.6499938964844,35705700
2026-08-05 00:00:00-04:00,GOOGL,Alphabet (Google),383.3399963378906,384.4800109863281,356.7699890136719,362.42999267578125,46926300
2026-08-06 00:00:00-04:00,GOOGL,Alphabet (Google),360.7699890136719,364.1300048828125,356.8800048828125,357.75,25235900
2026-08-07 00:00:00-04:00,GOOGL,Alphabet (Google),356.7200012207031,358.8999938964844,353.7799987792969,354.29998779296875,19859900
2026-08-10 00:00:00-04:00,GOOGL,Alphabet (Google),355.17999267578125,357.6099853515625,352.7099914550781,357.5199890136719,18991400
2026-08-11 00:00:00-04:00,GOOGL,Alphabet (Google),355.8900146484375,356.80999755859375,343.3900146484375,343.79998779296875,29081800
2026-08-12 00:00:00-04:00,GOOGL,Alphabet (Google),346.30999755859375,346.4800109863281,340.8800048828125,343.5400085449219,25012000
2026-08-13 00:00:00-04:00,GOOGL,Alphabet (Google),345.7699890136719,347.92999267578125,343.760009765625,346.3599853515625,17866100
2026-08-14 00:00:00-04:00,GOOGL,Alphabet (Google),346.79998779296875,350.45001220703125,344.5,345.8999938964844,17808600
2026-08-17 00:00:00-04:00,GOOGL,Alphabet (Google),346.2699890136719,347.25,341.92999267578125,344.0,18291300
2026-08-18 00:00:00-04:00,GOOGL,Alphabet (Google),,,,,19171000
2023-08-21 00:00:00-04:00,AMZN,Amazon,133.74000549316406,135.19000244140625,132.7100067138672,134.67999267578125,41442500
2023-08-22 00:00:00-04:00,AMZN,Amazon,135.0800018310547,135.64999389648438,133.72999572753906,134.25,32905400
2023-08-23 00:00:00-04:00,AMZN,Amazon,134.5,135.9499969482422,133.22000122070312,135.52000427246094,42801000
2023-08-24 00:00:00-04:00,AMZN,Amazon,136.39999389648438,136.77999877929688,131.8300018310547,131.83999633789062,43646300
2023-08-25 00:00:00-04:00,AMZN,Amazon,132.47000122070312,133.8699951171875,130.5800018310547,133.25999450683594,44147500
2023-08-28 00:00:00-04:00,AMZN,Amazon,133.77999877929688,133.9499969482422,131.85000610351562,133.13999938964844,34108400
2023-08-29 00:00:00-04:00,AMZN,Amazon,133.3800048828125,135.13999938964844,133.25,134.91000366210938,38646100
2023-08-30 00:00:00-04:00,AMZN,Amazon,134.92999267578125,135.67999267578125,133.9199981689453,135.07000732421875,36137000
2023-08-31 00:00:00-04:00,AMZN,Amazon,135.05999755859375,138.7899932861328,135.0,138.00999450683594,58781300
2023-09-01 00:00:00-04:00,AMZN,Amazon,139.4600067138672,139.9600067138672,136.8800048828125,138.1199951171875,40991500
2023-09-05 00:00:00-04:00,AMZN,Amazon,137.72999572753906,137.8000030517578,135.82000732421875,137.27000427246094,40636700
2023-09-06 00:00:00-04:00,AMZN,Amazon,136.32000732421875,137.4499969482422,134.61000061035156,135.36000061035156,41785500
2023-09-07 00:00:00-04:00,AMZN,Amazon,133.89999389648438,138.02999877929688,133.16000366210938,137.85000610351562,48498900
2023-09-08 00:00:00-04:00,AMZN,Amazon,136.86000061035156,138.85000610351562,136.75,138.22999572753906,38348200
2023-09-11 00:00:00-04:00,AMZN,Amazon,138.75,143.6199951171875,138.63999938964844,143.10000610351562,56764500
2023-09-12 00:00:00-04:00,AMZN,Amazon,142.32000732421875,143.0,140.61000061035156,141.22999572753906,42668500
2023-09-13 00:00:00-04:00,AMZN,Amazon,140.9499969482422,144.97999572753906,140.8699951171875,144.85000610351562,60465200
2023-09-14 00:00:00-04:00,AMZN,Amazon,145.0800018310547,145.86000061035156,142.9499969482422,144.72000122070312,64033600
2023-09-15 00:00:00-04:00,AMZN,Amazon,142.69000244140625,143.57000732421875,140.08999633789062,140.38999938964844,102909300
2023-09-18 00:00:00-04:00,AMZN,Amazon,140.47999572753906,141.75,139.22000122070312,139.97999572753906,42823500
2023-09-19 00:00:00-04:00,AMZN,Amazon,138.6999969482422,138.83999633789062,135.55999755859375,137.6300048828125,61482500
2023-09-20 00:00:00-04:00,AMZN,Amazon,138.5500030517578,139.3699951171875,135.1999969482422,135.2899932861328,46263700
2023-09-21 00:00:00-04:00,AMZN,Amazon,131.94000244140625,132.24000549316406,129.30999755859375,129.3300018310547,70343300
2023-09-22 00:00:00-04:00,AMZN,Amazon,131.11000061035156,132.02999877929688,128.52000427246094,129.1199951171875,59904300
2023-09-25 00:00:00-04:00,AMZN,Amazon,129.36000061035156,131.77999877929688,128.77000427246094,131.27000427246094,46017800
2023-09-26 00:00:00-04:00,AMZN,Amazon,130.1199951171875,130.38999938964844,125.27999877929688,125.9800033569336,73048200
2023-09-27 00:00:00-04:00,AMZN,Amazon,125.76000213623047,127.4800033569336,124.12999725341797,125.9800033569336,66553400
2023-09-28 00:00:00-04:00,AMZN,Amazon,124.04000091552734,126.58000183105469,123.04000091552734,125.9800033569336,54555000
2023-09-29 00:00:00-04:00,AMZN,Amazon,128.1999969482422,129.14999389648438,126.31999969482422,127.12000274658203,62411700
2023-10-02 00:00:00-04:00,AMZN,Amazon,127.27999877929688,130.47000122070312,126.54000091552734,129.4600067138672,48029700
2023-10-03 00:00:00-04:00,AMZN,Amazon,128.05999755859375,128.52000427246094,124.25,124.72000122070312,51565000
2023-10-04 00:00:00-04:00,AMZN,Amazon,126.05999755859375,127.36000061035156,125.68000030517578,127.0,44203900
2023-10-05 00:00:00-04:00,AMZN,Amazon,126.70999908447266,126.7300033569336,124.33000183105469,125.95999908447266,39660600
2023-10-06 00:00:00-04:00,AMZN,Amazon,124.16000366210938,128.4499969482422,124.12999725341797,127.95999908447266,46836700
2023-10-09 00:00:00-04:00,AMZN,Amazon,126.22000122070312,128.7899932861328,124.76000213623047,128.25999450683594,38773700
2023-10-10 00:00:00-04:00,AMZN,Amazon,128.82000732421875,130.74000549316406,128.0500030517578,129.47999572753906,42178600
2023-10-11 00:00:00-04:00,AMZN,Amazon,129.74000549316406,132.0500030517578,129.61000061035156,131.8300018310547,40741800
2023-10-12 00:00:00-04:00,AMZN,Amazon,132.1699981689453,134.47999572753906,131.22999572753906,132.3300018310547,55528600
2023-10-13 00:00:00-04:00,AMZN,Amazon,132.97999572753906,133.30999755859375,128.9499969482422,129.7899932861328,45786600
2023-10-16 00:00:00-04:00,AMZN,Amazon,130.69000244140625,133.07000732421875,130.42999267578125,132.5500030517578,42832900
2023-10-17 00:00:00-04:00,AMZN,Amazon,130.38999938964844,132.5800018310547,128.7100067138672,131.47000122070312,49344600
2023-10-18 00:00:00-04:00,AMZN,Amazon,129.89999389648438,130.6699981689453,127.51000213623047,128.1300048828125,42699500
2023-10-19 00:00:00-04:00,AMZN,Amazon,130.57000732421875,132.24000549316406,127.47000122070312,128.39999389648438,60961400
2023-10-20 00:00:00-04:00,AMZN,Amazon,128.0500030517578,128.1699981689453,124.97000122070312,125.16999816894531,56406400
2023-10-23 00:00:00-04:00,AMZN,Amazon,124.62999725341797,127.87999725341797,123.9800033569336,126.55999755859375,48260000
2023-10-24 00:00:00-04:00,AMZN,Amazon,127.73999786376953,128.8000030517578,126.33999633789062,128.55999755859375,46477400
2023-10-25 00:00:00-04:00,AMZN,Amazon,126.04000091552734,126.33999633789062,120.79000091552734,121.38999938964844,74577500
2023-10-26 00:00:00-04:00,AMZN,Amazon,120.62999725341797,121.63999938964844,118.3499984741211,119.56999969482422,100419500
2023-10-27 00:00:00-04:00,AMZN,Amazon,126.19999694824219,130.02000427246094,125.5199966430664,127.73999786376953,125309300
2023-10-30 00:00:00-04:00,AMZN,Amazon,129.72000122070312,133.0,128.55999755859375,132.7100067138672,72485500
2023-10-31 00:00:00-04:00,AMZN,Amazon,132.75,133.57000732421875,131.7100067138672,133.08999633789062,51589400
2023-11-01 00:00:00-04:00,AMZN,Amazon,133.9600067138672,137.35000610351562,133.7100067138672,137.0,61529400
2023-11-02 00:00:00-04:00,AMZN,Amazon,138.72999572753906,138.80999755859375,136.47000122070312,138.07000732421875,52236700
2023-11-03 00:00:00-04:00,AMZN,Amazon,138.99000549316406,139.49000549316406,137.4499969482422,138.60000610351562,44059800
2023-11-06 00:00:00-05:00,AMZN,Amazon,138.75999450683594,140.72999572753906,138.36000061035156,139.74000549316406,44970400
2023-11-07 00:00:00-05:00,AMZN,Amazon,140.5500030517578,143.3699951171875,140.5,142.7100067138672,53553500
2023-11-08 00:00:00-05:00,AMZN,Amazon,142.97000122070312,143.1199951171875,141.22000122070312,142.0800018310547,44521700
2023-11-09 00:00:00-05:00,AMZN,Amazon,142.02000427246094,142.64999389648438,139.83999633789062,140.60000610351562,36235400
2023-11-10 00:00:00-05:00,AMZN,Amazon,140.4600067138672,143.64999389648438,139.91000366210938,143.55999755859375,49287800
2023-11-13 00:00:00-05:00,AMZN,Amazon,142.0800018310547,143.22999572753906,140.6699981689453,142.58999633789062,35680600
2023-11-14 00:00:00-05:00,AMZN,Amazon,145.0,147.25999450683594,144.67999267578125,145.8000030517578,56674600
2023-11-15 00:00:00-05:00,AMZN,Amazon,147.05999755859375,147.2899932861328,142.58999633789062,143.1999969482422,63875700
2023-11-16 00:00:00-05:00,AMZN,Amazon,140.91000366210938,143.32000732421875,139.52000427246094,142.8300018310547,49653500
2023-11-17 00:00:00-05:00,AMZN,Amazon,142.66000366210938,145.22999572753906,142.5399932861328,145.17999267578125,49636700
2023-11-20 00:00:00-05:00,AMZN,Amazon,145.1300048828125,146.6300048828125,144.72999572753906,146.1300048828125,41951200
2023-11-21 00:00:00-05:00,AMZN,Amazon,143.91000366210938,144.0500030517578,141.5,143.89999389648438,71226000
2023-11-22 00:00:00-05:00,AMZN,Amazon,144.57000732421875,147.74000549316406,144.57000732421875,146.7100067138672,45669100
2023-11-24 00:00:00-05:00,AMZN,Amazon,146.6999969482422,147.1999969482422,145.32000732421875,146.74000549316406,22378400
2023-11-27 00:00:00-05:00,AMZN,Amazon,147.52999877929688,149.25999450683594,146.8800048828125,147.72999572753906,53762400
2023-11-28 00:00:00-05:00,AMZN,Amazon,146.97999572753906,147.60000610351562,145.52999877929688,147.02999877929688,42711700
2023-11-29 00:00:00-05:00,AMZN,Amazon,147.85000610351562,148.5399932861328,145.97000122070312,146.32000732421875,40610900
2023-11-30 00:00:00-05:00,AMZN,Amazon,144.75999450683594,146.92999267578125,144.3300018310547,146.08999633789062,65814000
2023-12-01 00:00:00-05:00,AMZN,Amazon,146.0,147.25,145.5500030517578,147.02999877929688,39951800
2023-12-04 00:00:00-05:00,AMZN,Amazon,145.25,145.35000610351562,142.80999755859375,144.83999633789062,48294200
2023-12-05 00:00:00-05:00,AMZN,Amazon,143.5500030517578,148.57000732421875,143.1300048828125,146.8800048828125,46822400
2023-12-06 00:00:00-05:00,AMZN,Amazon,147.5800018310547,147.85000610351562,144.27999877929688,144.52000427246094,39679000
2023-12-07 00:00:00-05:00,AMZN,Amazon,146.14999389648438,147.9199981689453,145.33999633789062,146.8800048828125,52352800
2023-12-08 00:00:00-05:00,AMZN,Amazon,145.47999572753906,147.83999633789062,145.39999389648438,147.4199981689453,41906000
2023-12-11 00:00:00-05:00,AMZN,Amazon,145.66000366210938,146.19000244140625,143.63999938964844,145.88999938964844,50907300
2023-12-12 00:00:00-05:00,AMZN,Amazon,145.52000427246094,147.5,145.3000030517578,147.47999572753906,44944300
2023-12-13 00:00:00-05:00,AMZN,Amazon,148.1199951171875,149.4600067138672,146.82000732421875,148.83999633789062,52766200
2023-12-14 00:00:00-05:00,AMZN,Amazon,149.92999267578125,150.5399932861328,145.52000427246094,147.4199981689453,58400800
2023-12-15 00:00:00-05:00,AMZN,Amazon,148.3800048828125,150.57000732421875,147.8800048828125,149.97000122070312,110089300
2023-12-18 00:00:00-05:00,AMZN,Amazon,150.55999755859375,154.85000610351562,150.0500030517578,154.07000732421875,62512800
2023-12-19 00:00:00-05:00,AMZN,Amazon,154.39999389648438,155.1199951171875,152.69000244140625,153.7899932861328,43171300
2023-12-20 00:00:00-05:00,AMZN,Amazon,152.89999389648438,155.6300048828125,151.55999755859375,152.1199951171875,50322100
2023-12-21 00:00:00-05:00,AMZN,Amazon,153.3000030517578,153.97000122070312,152.10000610351562,153.83999633789062,36305700
2023-12-22 00:00:00-05:00,AMZN,Amazon,153.77000427246094,154.35000610351562,152.7100067138672,153.4199981689453,29514100
2023-12-26 00:00:00-05:00,AMZN,Amazon,153.55999755859375,153.97999572753906,153.02999877929688,153.41000366210938,25067200
2023-12-27 00:00:00-05:00,AMZN,Amazon,153.55999755859375,154.77999877929688,153.1199951171875,153.33999633789062,31434700
2023-12-28 00:00:00-05:00,AMZN,Amazon,153.72000122070312,154.0800018310547,152.9499969482422,153.3800048828125,27057000
2023-12-29 00:00:00-05:00,AMZN,Amazon,153.10000610351562,153.88999938964844,151.02999877929688,151.94000244140625,39823200
2024-01-02 00:00:00-05:00,AMZN,Amazon,151.5399932861328,152.3800048828125,148.38999938964844,149.92999267578125,47339400
2024-01-03 00:00:00-05:00,AMZN,Amazon,149.1999969482422,151.0500030517578,148.3300018310547,148.47000122070312,49425500
2024-01-04 00:00:00-05:00,AMZN,Amazon,145.58999633789062,147.3800048828125,144.0500030517578,144.57000732421875,56039800
2024-01-05 00:00:00-05:00,AMZN,Amazon,144.69000244140625,146.58999633789062,144.52999877929688,145.24000549316406,45153100
2024-01-08 00:00:00-05:00,AMZN,Amazon,146.74000549316406,149.39999389648438,146.14999389648438,149.10000610351562,46757100
2024-01-09 00:00:00-05:00,AMZN,Amazon,148.3300018310547,151.7100067138672,148.2100067138672,151.3699951171875,43812600
2024-01-10 00:00:00-05:00,AMZN,Amazon,152.05999755859375,154.4199981689453,151.8800048828125,153.72999572753906,44421800
2024-01-11 00:00:00-05:00,AMZN,Amazon,155.0399932861328,157.1699981689453,153.1199951171875,155.17999267578125,49072700
2024-01-12 00:00:00-05:00,AMZN,Amazon,155.38999938964844,156.1999969482422,154.00999450683594,154.6199951171875,40484200
2024-01-16 00:00:00-05:00,AMZN,Amazon,153.52999877929688,154.99000549316406,152.14999389648438,153.16000366210938,41384600
2024-01-17 00:00:00-05:00,AMZN,Amazon,151.49000549316406,152.14999389648438,149.91000366210938,151.7100067138672,34953400
2024-01-18 00:00:00-05:00,AMZN,Amazon,152.77000427246094,153.77999877929688,151.82000732421875,153.5,37850200
2024-01-19 00:00:00-05:00,AMZN,Amazon,153.8300018310547,155.75999450683594,152.74000549316406,155.33999633789062,51651600
2024-01-22 00:00:00-05:00,AMZN,Amazon,156.88999938964844,157.0500030517578,153.89999389648438,154.77999877929688,43687500
2024-01-23 00:00:00-05:00,AMZN,Amazon,154.85000610351562,156.2100067138672,153.92999267578125,156.02000427246094,37986000
2024-01-24 00:00:00-05:00,AMZN,Amazon,157.8000030517578,158.50999450683594,156.47999572753906,156.8699951171875,48547300
2024-01-25 00:00:00-05:00,AMZN,Amazon,156.9499969482422,158.50999450683594,154.5500030517578,157.75,43638600
2024-01-26 00:00:00-05:00,AMZN,Amazon,158.4199981689453,160.72000122070312,157.91000366210938,159.1199951171875,51047400
2024-01-29 00:00:00-05:00,AMZN,Amazon,159.33999633789062,161.2899932861328,158.89999389648438,161.25999450683594,45270400
2024-01-30 00:00:00-05:00,AMZN,Amazon,160.6999969482422,161.72999572753906,158.49000549316406,159.0,45207400
2024-01-31 00:00:00-05:00,AMZN,Amazon,157.0,159.00999450683594,154.80999755859375,155.1999969482422,50284400
2024-02-01 00:00:00-05:00,AMZN,Amazon,155.8699951171875,159.75999450683594,155.6199951171875,159.27999877929688,76542400
2024-02-02 00:00:00-05:00,AMZN,Amazon,169.19000244140625,172.5,167.3300018310547,171.80999755859375,117218300
2024-02-05 00:00:00-05:00,AMZN,Amazon,170.1999969482422,170.5500030517578,167.6999969482422,170.30999755859375,55081300
2024-02-06 00:00:00-05:00,AMZN,Amazon,169.38999938964844,170.7100067138672,167.64999389648438,169.14999389648438,42505500
2024-02-07 00:00:00-05:00,AMZN,Amazon,169.47999572753906,170.8800048828125,168.94000244140625,170.52999877929688,47174100
2024-02-08 00:00:00-05:00,AMZN,Amazon,169.64999389648438,171.42999267578125,168.8800048828125,169.83999633789062,42316500
2024-02-09 00:00:00-05:00,AMZN,Amazon,170.89999389648438,175.0,170.5800018310547,174.4499969482422,56986000
2024-02-12 00:00:00-05:00,AMZN,Amazon,174.8000030517578,175.38999938964844,171.5399932861328,172.33999633789062,51050400
2024-02-13 00:00:00-05:00,AMZN,Amazon,167.72999572753906,170.9499969482422,165.75,168.63999938964844,56345100
2024-02-14 00:00:00-05:00,AMZN,Amazon,169.2100067138672,171.2100067138672,168.27999877929688,170.97999572753906,42815500
2024-02-15 00:00:00-05:00,AMZN,Amazon,170.5800018310547,171.1699981689453,167.58999633789062,169.8000030517578,49855200
2024-02-16 00:00:00-05:00,AMZN,Amazon,168.74000549316406,170.4199981689453,167.1699981689453,169.50999450683594,48107700
2024-02-20 00:00:00-05:00,AMZN,Amazon,167.8300018310547,168.7100067138672,165.74000549316406,167.0800018310547,41980300
2024-02-21 00:00:00-05:00,AMZN,Amazon,168.94000244140625,170.22999572753906,167.13999938964844,168.58999633789062,44420100
2024-02-22 00:00:00-05:00,AMZN,Amazon,173.10000610351562,174.8000030517578,171.77000427246094,174.5800018310547,55392400
2024-02-23 00:00:00-05:00,AMZN,Amazon,174.27999877929688,175.75,173.6999969482422,174.99000549316406,59715200
2024-02-26 00:00:00-05:00,AMZN,Amazon,175.6999969482422,176.3699951171875,174.25999450683594,174.72999572753906,44368600
2024-02-27 00:00:00-05:00,AMZN,Amazon,174.0800018310547,174.6199951171875,172.86000061035156,173.5399932861328,31141700
2024-02-28 00:00:00-05:00,AMZN,Amazon,172.44000244140625,174.0500030517578,172.27000427246094,173.16000366210938,28180500
2024-02-29 00:00:00-05:00,AMZN,Amazon,173.00999450683594,177.22000122070312,172.85000610351562,176.75999450683594,53805400
2024-03-01 00:00:00-05:00,AMZN,Amazon,176.75,178.72999572753906,176.07000732421875,178.22000122070312,31981200
2024-03-04 00:00:00-05:00,AMZN,Amazon,177.52999877929688,180.13999938964844,177.49000549316406,177.5800018310547,37381500
2024-03-05 00:00:00-05:00,AMZN,Amazon,176.92999267578125,176.92999267578125,173.3000030517578,174.1199951171875,37228300
2024-03-06 00:00:00-05:00,AMZN,Amazon,175.5399932861328,176.4600067138672,173.25999450683594,173.50999450683594,32090900
2024-03-07 00:00:00-05:00,AMZN,Amazon,174.8300018310547,177.99000549316406,173.72000122070312,176.82000732421875,34063300
2024-03-08 00:00:00-05:00,AMZN,Amazon,176.44000244140625,178.7899932861328,174.3300018310547,175.35000610351562,37893200
2024-03-11 00:00:00-04:00,AMZN,Amazon,174.30999755859375,174.47000122070312,171.47000122070312,171.9600067138672,28484800
2024-03-12 00:00:00-04:00,AMZN,Amazon,173.5,176.75999450683594,171.97999572753906,175.38999938964844,36610600
2024-03-13 00:00:00-04:00,AMZN,Amazon,175.89999389648438,177.6199951171875,175.5500030517578,176.55999755859375,30772600
2024-03-14 00:00:00-04:00,AMZN,Amazon,177.69000244140625,179.52999877929688,176.47000122070312,178.75,43705800
2024-03-15 00:00:00-04:00,AMZN,Amazon,176.63999938964844,177.92999267578125,173.89999389648438,174.4199981689453,72147400
2024-03-18 00:00:00-04:00,AMZN,Amazon,175.8000030517578,176.69000244140625,174.27999877929688,174.47999572753906,31250700
2024-03-19 00:00:00-04:00,AMZN,Amazon,174.22000122070312,176.08999633789062,173.52000427246094,175.89999389648438,26880900
2024-03-20 00:00:00-04:00,AMZN,Amazon,176.13999938964844,178.52999877929688,174.63999938964844,178.14999389648438,29947200
2024-03-21 00:00:00-04:00,AMZN,Amazon,179.99000549316406,181.4199981689453,178.14999389648438,178.14999389648438,32824300
2024-03-22 00:00:00-04:00,AMZN,Amazon,177.75,179.25999450683594,176.75,178.8699951171875,27995400
2024-03-25 00:00:00-04:00,AMZN,Amazon,178.00999450683594,180.99000549316406,177.24000549316406,179.7100067138672,29815500
2024-03-26 00:00:00-04:00,AMZN,Amazon,180.14999389648438,180.4499969482422,177.9499969482422,178.3000030517578,29659000
2024-03-27 00:00:00-04:00,AMZN,Amazon,179.8800048828125,180.0,177.30999755859375,179.8300018310547,33272600
2024-03-28 00:00:00-04:00,AMZN,Amazon,180.1699981689453,181.6999969482422,179.25999450683594,180.3800048828125,38051600
2024-04-01 00:00:00-04:00,AMZN,Amazon,180.7899932861328,183.0,179.9499969482422,180.97000122070312,29174500
2024-04-02 00:00:00-04:00,AMZN,Amazon,179.07000732421875,180.7899932861328,178.3800048828125,180.69000244140625,32611500
2024-04-03 00:00:00-04:00,AMZN,Amazon,179.89999389648438,182.8699951171875,179.8000030517578,182.41000366210938,31046600
2024-04-04 00:00:00-04:00,AMZN,Amazon,184.0,185.10000610351562,180.0,180.0,41624300
2024-04-05 00:00:00-04:00,AMZN,Amazon,182.3800048828125,186.27000427246094,181.97000122070312,185.07000732421875,42374000
2024-04-08 00:00:00-04:00,AMZN,Amazon,186.89999389648438,187.2899932861328,184.80999755859375,185.19000244140625,39221300
2024-04-09 00:00:00-04:00,AMZN,Amazon,187.24000549316406,187.33999633789062,184.1999969482422,185.6699981689453,36520100
2024-04-10 00:00:00-04:00,AMZN,Amazon,182.77000427246094,186.27000427246094,182.6699981689453,185.9499969482422,35879200
2024-04-11 00:00:00-04:00,AMZN,Amazon,186.74000549316406,189.77000427246094,185.50999450683594,189.0500030517578,40020700
2024-04-12 00:00:00-04:00,AMZN,Amazon,187.72000122070312,188.3800048828125,185.0800018310547,186.1300048828125,38608800
2024-04-15 00:00:00-04:00,AMZN,Amazon,187.42999267578125,188.69000244140625,183.0,183.6199951171875,48052400
2024-04-16 00:00:00-04:00,AMZN,Amazon,183.27000427246094,184.8300018310547,182.25999450683594,183.32000732421875,32891300
2024-04-17 00:00:00-04:00,AMZN,Amazon,184.30999755859375,184.57000732421875,179.82000732421875,181.27999877929688,31359700
2024-04-18 00:00:00-04:00,AMZN,Amazon,181.47000122070312,182.38999938964844,178.64999389648438,179.22000122070312,30723800
2024-04-19 00:00:00-04:00,AMZN,Amazon,178.74000549316406,179.0,173.44000244140625,174.6300048828125,56000700
2024-04-22 00:00:00-04:00,AMZN,Amazon,176.94000244140625,178.8699951171875,174.55999755859375,177.22999572753906,37924900
2024-04-23 00:00:00-04:00,AMZN,Amazon,178.0800018310547,179.92999267578125,175.97999572753906,179.5399932861328,37046500
2024-04-24 00:00:00-04:00,AMZN,Amazon,179.94000244140625,180.32000732421875,176.17999267578125,176.58999633789062,34185100
2024-04-25 00:00:00-04:00,AMZN,Amazon,169.67999267578125,173.9199981689453,166.32000732421875,173.6699981689453,49249400
2024-04-26 00:00:00-04:00,AMZN,Amazon,177.8000030517578,180.82000732421875,176.1300048828125,179.6199951171875,43919800
2024-04-29 00:00:00-04:00,AMZN,Amazon,182.75,183.52999877929688,179.38999938964844,180.9600067138672,54063900
2024-04-30 00:00:00-04:00,AMZN,Amazon,181.08999633789062,182.99000549316406,174.8000030517578,175.0,94639800
2024-05-01 00:00:00-04:00,AMZN,Amazon,181.63999938964844,185.14999389648438,176.55999755859375,179.0,94645100
2024-05-02 00:00:00-04:00,AMZN,Amazon,180.85000610351562,185.10000610351562,179.91000366210938,184.72000122070312,54303500
2024-05-03 00:00:00-04:00,AMZN,Amazon,186.99000549316406,187.8699951171875,185.4199981689453,186.2100067138672,39172000
2024-05-06 00:00:00-04:00,AMZN,Amazon,186.27999877929688,188.75,184.8000030517578,188.6999969482422,34725300
2024-05-07 00:00:00-04:00,AMZN,Amazon,188.9199981689453,189.94000244140625,187.30999755859375,188.75999450683594,34048900
2024-05-08 00:00:00-04:00,AMZN,Amazon,187.44000244140625,188.42999267578125,186.38999938964844,188.0,26136400
2024-05-09 00:00:00-04:00,AMZN,Amazon,188.8800048828125,191.6999969482422,187.44000244140625,189.5,43368400
2024-05-10 00:00:00-04:00,AMZN,Amazon,189.16000366210938,189.88999938964844,186.92999267578125,187.47999572753906,34141800
2024-05-13 00:00:00-04:00,AMZN,Amazon,188.0,188.30999755859375,185.36000061035156,186.57000732421875,24898600
2024-05-14 00:00:00-04:00,AMZN,Amazon,183.82000732421875,187.72000122070312,183.4499969482422,187.07000732421875,38698200
2024-05-15 00:00:00-04:00,AMZN,Amazon,185.97000122070312,186.72000122070312,182.72999572753906,185.99000549316406,75459900
2024-05-16 00:00:00-04:00,AMZN,Amazon,185.60000610351562,187.30999755859375,183.4600067138672,183.6300048828125,38834500
2024-05-17 00:00:00-04:00,AMZN,Amazon,183.75999450683594,185.3000030517578,183.35000610351562,184.6999969482422,33175700
2024-05-20 00:00:00-04:00,AMZN,Amazon,184.33999633789062,186.6699981689453,183.27999877929688,183.5399932861328,30511800
2024-05-21 00:00:00-04:00,AMZN,Amazon,182.3000030517578,183.25999450683594,180.75,183.14999389648438,50839100
2024-05-22 00:00:00-04:00,AMZN,Amazon,183.8800048828125,185.22000122070312,181.97000122070312,183.1300048828125,28148800
2024-05-23 00:00:00-04:00,AMZN,Amazon,183.66000366210938,184.75999450683594,180.0800018310547,181.0500030517578,33670200
2024-05-24 00:00:00-04:00,AMZN,Amazon,181.64999389648438,182.44000244140625,180.3000030517578,180.75,27471600
2024-05-28 00:00:00-04:00,AMZN,Amazon,179.92999267578125,182.24000549316406,179.49000549316406,182.14999389648438,29927000
2024-05-29 00:00:00-04:00,AMZN,Amazon,181.6999969482422,184.0800018310547,181.5500030517578,182.02000427246094,32009300
2024-05-30 00:00:00-04:00,AMZN,Amazon,181.30999755859375,181.33999633789062,178.36000061035156,179.32000732421875,29184700
2024-05-31 00:00:00-04:00,AMZN,Amazon,178.3000030517578,179.2100067138672,173.8699951171875,176.44000244140625,58903900
2024-06-03 00:00:00-04:00,AMZN,Amazon,177.6999969482422,178.6999969482422,175.9199981689453,178.33999633789062,30786600
2024-06-04 00:00:00-04:00,AMZN,Amazon,177.63999938964844,179.82000732421875,176.44000244140625,179.33999633789062,27198400
2024-06-05 00:00:00-04:00,AMZN,Amazon,180.10000610351562,181.5,178.75,181.27999877929688,32116400
2024-06-06 00:00:00-04:00,AMZN,Amazon,181.75,185.0,181.49000549316406,185.0,31371200
2024-06-07 00:00:00-04:00,AMZN,Amazon,184.89999389648438,186.2899932861328,183.36000061035156,184.3000030517578,28021500
2024-06-10 00:00:00-04:00,AMZN,Amazon,184.07000732421875,187.22999572753906,183.7899932861328,187.05999755859375,34445600
2024-06-11 00:00:00-04:00,AMZN,Amazon,187.05999755859375,187.77000427246094,184.5399932861328,187.22999572753906,27265100
2024-06-12 00:00:00-04:00,AMZN,Amazon,188.02000427246094,188.35000610351562,185.42999267578125,186.88999938964844,33984200
2024-06-13 00:00:00-04:00,AMZN,Amazon,186.08999633789062,187.6699981689453,182.6699981689453,183.8300018310547,39721500
2024-06-14 00:00:00-04:00,AMZN,Amazon,183.0800018310547,183.72000122070312,182.22999572753906,183.66000366210938,25456400
2024-06-17 00:00:00-04:00,AMZN,Amazon,182.52000427246094,185.0,181.22000122070312,184.05999755859375,35601900
2024-06-18 00:00:00-04:00,AMZN,Amazon,183.74000549316406,184.2899932861328,181.42999267578125,182.80999755859375,36659200
2024-06-20 00:00:00-04:00,AMZN,Amazon,182.91000366210938,186.50999450683594,182.72000122070312,186.10000610351562,44726800
2024-06-21 00:00:00-04:00,AMZN,Amazon,187.8000030517578,189.27999877929688,185.86000061035156,189.0800018310547,70792500
2024-06-24 00:00:00-04:00,AMZN,Amazon,189.3300018310547,191.0,185.3300018310547,185.57000732421875,50610400
2024-06-25 00:00:00-04:00,AMZN,Amazon,186.80999755859375,188.83999633789062,185.4199981689453,186.33999633789062,45366400
2024-06-26 00:00:00-04:00,AMZN,Amazon,186.9199981689453,194.8000030517578,186.25999450683594,193.61000061035156,65103900
2024-06-27 00:00:00-04:00,AMZN,Amazon,195.00999450683594,199.83999633789062,194.1999969482422,197.85000610351562,74397500
2024-06-28 00:00:00-04:00,AMZN,Amazon,197.72999572753906,198.85000610351562,192.5,193.25,76930200
2024-07-01 00:00:00-04:00,AMZN,Amazon,193.49000549316406,198.3000030517578,192.82000732421875,197.1999969482422,41192000
2024-07-02 00:00:00-04:00,AMZN,Amazon,197.27999877929688,200.42999267578125,195.92999267578125,200.0,45600000
2024-07-03 00:00:00-04:00,AMZN,Amazon,199.94000244140625,200.02999877929688,196.75999450683594,197.58999633789062,31597900
2024-07-05 00:00:00-04:00,AMZN,Amazon,198.64999389648438,200.5500030517578,198.1699981689453,200.0,39858900
2024-07-08 00:00:00-04:00,AMZN,Amazon,200.0399932861328,201.1999969482422,197.9600067138672,199.2899932861328,34767300
2024-07-09 00:00:00-04:00,AMZN,Amazon,199.39999389648438,200.57000732421875,199.0500030517578,199.33999633789062,32700100
2024-07-10 00:00:00-04:00,AMZN,Amazon,200.0,200.11000061035156,197.69000244140625,199.7899932861328,32883800
2024-07-11 00:00:00-04:00,AMZN,Amazon,200.08999633789062,200.27000427246094,192.86000061035156,195.0500030517578,44565000
2024-07-12 00:00:00-04:00,AMZN,Amazon,194.8000030517578,196.47000122070312,193.8300018310547,194.49000549316406,30598500
2024-07-15 00:00:00-04:00,AMZN,Amazon,194.55999755859375,196.19000244140625,190.8300018310547,192.72000122070312,40683200
2024-07-16 00:00:00-04:00,AMZN,Amazon,195.58999633789062,196.6199951171875,192.24000549316406,193.02000427246094,33994700
2024-07-17 00:00:00-04:00,AMZN,Amazon,191.35000610351562,191.5800018310547,185.99000549316406,187.92999267578125,48076100
2024-07-18 00:00:00-04:00,AMZN,Amazon,189.58999633789062,189.67999267578125,181.4499969482422,183.75,51043600
2024-07-19 00:00:00-04:00,AMZN,Amazon,181.13999938964844,184.92999267578125,180.11000061035156,183.1300048828125,43081800
2024-07-22 00:00:00-04:00,AMZN,Amazon,185.0,185.05999755859375,182.47999572753906,182.5500030517578,39931900
2024-07-23 00:00:00-04:00,AMZN,Amazon,184.10000610351562,189.38999938964844,183.55999755859375,186.41000366210938,47537700
2024-07-24 00:00:00-04:00,AMZN,Amazon,183.1999969482422,185.4499969482422,180.41000366210938,180.8300018310547,41532400
2024-07-25 00:00:00-04:00,AMZN,Amazon,182.91000366210938,183.89999389648438,176.8000030517578,179.85000610351562,44464200
2024-07-26 00:00:00-04:00,AMZN,Amazon,180.38999938964844,183.19000244140625,180.24000549316406,182.5,29506000
2024-07-29 00:00:00-04:00,AMZN,Amazon,183.83999633789062,184.75,182.3800048828125,183.1999969482422,33270100
2024-07-30 00:00:00-04:00,AMZN,Amazon,184.72000122070312,185.86000061035156,179.3800048828125,181.7100067138672,39508600
2024-07-31 00:00:00-04:00,AMZN,Amazon,185.0500030517578,187.94000244140625,184.4600067138672,186.97999572753906,41667300
2024-08-01 00:00:00-04:00,AMZN,Amazon,189.2899932861328,190.60000610351562,181.8699951171875,184.07000732421875,70435600
2024-08-02 00:00:00-04:00,AMZN,Amazon,166.75,168.77000427246094,160.5500030517578,167.89999389648438,141448400
2024-08-05 00:00:00-04:00,AMZN,Amazon,154.2100067138672,162.9600067138672,151.61000061035156,161.02000427246094,83149400
2024-08-06 00:00:00-04:00,AMZN,Amazon,161.7100067138672,165.0800018310547,158.5399932861328,161.92999267578125,59950800
2024-08-07 00:00:00-04:00,AMZN,Amazon,166.5500030517578,167.5800018310547,161.42999267578125,162.77000427246094,48408200
2024-08-08 00:00:00-04:00,AMZN,Amazon,165.1699981689453,166.69000244140625,162.5500030517578,165.8000030517578,44616200
2024-08-09 00:00:00-04:00,AMZN,Amazon,166.39999389648438,168.5500030517578,165.85000610351562,166.94000244140625,36401000
2024-08-12 00:00:00-04:00,AMZN,Amazon,168.13999938964844,168.5500030517578,166.11000061035156,166.8000030517578,30072800
2024-08-13 00:00:00-04:00,AMZN,Amazon,167.80999755859375,171.0399932861328,167.10000610351562,170.22999572753906,39237900
2024-08-14 00:00:00-04:00,AMZN,Amazon,172.11000061035156,172.27999877929688,168.86000061035156,170.10000610351562,28843800
2024-08-15 00:00:00-04:00,AMZN,Amazon,174.86000061035156,177.91000366210938,173.99000549316406,177.58999633789062,51698500
2024-08-16 00:00:00-04:00,AMZN,Amazon,177.0399932861328,178.33999633789062,176.25999450683594,177.05999755859375,31489200
2024-08-19 00:00:00-04:00,AMZN,Amazon,177.63999938964844,178.3000030517578,176.16000366210938,178.22000122070312,31129800
2024-08-20 00:00:00-04:00,AMZN,Amazon,177.9199981689453,179.00999450683594,177.42999267578125,178.8800048828125,26255200
2024-08-21 00:00:00-04:00,AMZN,Amazon,179.9199981689453,182.38999938964844,178.88999938964844,180.11000061035156,35599100
2024-08-22 00:00:00-04:00,AMZN,Amazon,181.3800048828125,181.47000122070312,175.67999267578125,176.1300048828125,32047500
2024-08-23 00:00:00-04:00,AMZN,Amazon,177.33999633789062,178.97000122070312,175.24000549316406,177.0399932861328,29150100
2024-08-26 00:00:00-04:00,AMZN,Amazon,176.6999969482422,177.47000122070312,174.3000030517578,175.5,22366200
2024-08-27 00:00:00-04:00,AMZN,Amazon,174.14999389648438,174.88999938964844,172.25,173.1199951171875,29842000
2024-08-28 00:00:00-04:00,AMZN,Amazon,173.69000244140625,173.69000244140625,168.9199981689453,170.8000030517578,29045000
2024-08-29 00:00:00-04:00,AMZN,Amazon,173.22000122070312,174.2899932861328,170.80999755859375,172.1199951171875,26407800
2024-08-30 00:00:00-04:00,AMZN,Amazon,172.77999877929688,178.89999389648438,172.60000610351562,178.5,43429400
2024-09-03 00:00:00-04:00,AMZN,Amazon,177.5500030517578,178.25999450683594,175.25999450683594,176.25,37817500
2024-09-04 00:00:00-04:00,AMZN,Amazon,174.47999572753906,175.97999572753906,172.5399932861328,173.3300018310547,30309200
2024-09-05 00:00:00-04:00,AMZN,Amazon,175.0,179.8800048828125,175.0,177.88999938964844,40170500
2024-09-06 00:00:00-04:00,AMZN,Amazon,177.24000549316406,178.3800048828125,171.16000366210938,171.38999938964844,41466500
2024-09-09 00:00:00-04:00,AMZN,Amazon,174.52999877929688,175.85000610351562,173.50999450683594,175.39999389648438,29037400
2024-09-10 00:00:00-04:00,AMZN,Amazon,177.49000549316406,180.5,176.7899932861328,179.5500030517578,36233800
2024-09-11 00:00:00-04:00,AMZN,Amazon,180.10000610351562,184.99000549316406,175.72999572753906,184.52000427246094,42564700
2024-09-12 00:00:00-04:00,AMZN,Amazon,184.8000030517578,187.41000366210938,183.5399932861328,187.0,33544200
2024-09-13 00:00:00-04:00,AMZN,Amazon,187.0,188.5,185.91000366210938,186.49000549316406,26495400
2024-09-16 00:00:00-04:00,AMZN,Amazon,185.2899932861328,185.80999755859375,183.36000061035156,184.88999938964844,26065500
2024-09-17 00:00:00-04:00,AMZN,Amazon,186.85000610351562,189.4499969482422,186.13999938964844,186.8800048828125,26091700
2024-09-18 00:00:00-04:00,AMZN,Amazon,186.4499969482422,188.8000030517578,185.05999755859375,186.42999267578125,34448100
2024-09-19 00:00:00-04:00,AMZN,Amazon,190.0399932861328,190.99000549316406,188.47000122070312,189.8699951171875,39543200
2024-09-20 00:00:00-04:00,AMZN,Amazon,190.22999572753906,191.83999633789062,187.41000366210938,191.60000610351562,100378600
2024-09-23 00:00:00-04:00,AMZN,Amazon,191.63999938964844,194.4499969482422,190.57000732421875,193.8800048828125,36993100
2024-09-24 00:00:00-04:00,AMZN,Amazon,194.27000427246094,195.3699951171875,190.1300048828125,193.9600067138672,43478900
2024-09-25 00:00:00-04:00,AMZN,Amazon,193.75,193.9499969482422,192.16000366210938,192.52999877929688,26391100
2024-09-26 00:00:00-04:00,AMZN,Amazon,194.30999755859375,194.52999877929688,189.5399932861328,191.16000366210938,36334900
2024-09-27 00:00:00-04:00,AMZN,Amazon,190.67999267578125,190.89999389648438,187.33999633789062,187.97000122070312,36002300
2024-09-30 00:00:00-04:00,AMZN,Amazon,187.13999938964844,188.49000549316406,184.64999389648438,186.3300018310547,41583900
2024-10-01 00:00:00-04:00,AMZN,Amazon,184.89999389648438,186.19000244140625,183.4499969482422,185.1300048828125,36044900
2024-10-02 00:00:00-04:00,AMZN,Amazon,184.44000244140625,186.60000610351562,184.0399932861328,184.75999450683594,23704100
2024-10-03 00:00:00-04:00,AMZN,Amazon,183.0500030517578,183.44000244140625,180.8800048828125,181.9600067138672,30204300
2024-10-04 00:00:00-04:00,AMZN,Amazon,185.75,187.60000610351562,183.60000610351562,186.50999450683594,40890300
2024-10-07 00:00:00-04:00,AMZN,Amazon,182.9499969482422,183.60000610351562,180.25,180.8000030517578,42364200
2024-10-08 00:00:00-04:00,AMZN,Amazon,181.9199981689453,183.08999633789062,180.9199981689453,182.72000122070312,26372100
2024-10-09 00:00:00-04:00,AMZN,Amazon,182.82000732421875,185.85000610351562,182.0500030517578,185.1699981689453,26343100
2024-10-10 00:00:00-04:00,AMZN,Amazon,187.1300048828125,188.1300048828125,185.8300018310547,186.64999389648438,27785000
2024-10-11 00:00:00-04:00,AMZN,Amazon,186.6300048828125,189.92999267578125,186.3000030517578,188.82000732421875,25751600
2024-10-14 00:00:00-04:00,AMZN,Amazon,189.77999877929688,189.8300018310547,187.36000061035156,187.5399932861328,22614400
2024-10-15 00:00:00-04:00,AMZN,Amazon,187.6300048828125,188.41000366210938,184.5800018310547,187.69000244140625,32178900
2024-10-16 00:00:00-04:00,AMZN,Amazon,187.0500030517578,187.77999877929688,185.61000061035156,186.88999938964844,23456800
2024-10-17 00:00:00-04:00,AMZN,Amazon,188.22000122070312,188.94000244140625,186.0,187.52999877929688,25039400
2024-10-18 00:00:00-04:00,AMZN,Amazon,187.14999389648438,190.74000549316406,186.27999877929688,188.99000549316406,37417700
2024-10-21 00:00:00-04:00,AMZN,Amazon,188.0500030517578,189.4600067138672,186.39999389648438,189.07000732421875,24639400
2024-10-22 00:00:00-04:00,AMZN,Amazon,188.35000610351562,191.52000427246094,186.97999572753906,189.6999969482422,29650600
2024-10-23 00:00:00-04:00,AMZN,Amazon,188.85000610351562,189.16000366210938,183.69000244140625,184.7100067138672,31937100
2024-10-24 00:00:00-04:00,AMZN,Amazon,185.25,187.11000061035156,183.86000061035156,186.3800048828125,21647400
2024-10-25 00:00:00-04:00,AMZN,Amazon,187.85000610351562,190.4499969482422,187.52999877929688,187.8300018310547,29362100
2024-10-28 00:00:00-04:00,AMZN,Amazon,189.57000732421875,190.2100067138672,188.2100067138672,188.38999938964844,27930800
2024-10-29 00:00:00-04:00,AMZN,Amazon,188.5800018310547,191.4600067138672,187.82000732421875,190.8300018310547,35690200
2024-10-30 00:00:00-04:00,AMZN,Amazon,194.6999969482422,195.61000061035156,192.4199981689453,192.72999572753906,37707600
2024-10-31 00:00:00-04:00,AMZN,Amazon,190.50999450683594,190.60000610351562,185.22999572753906,186.39999389648438,75146800
2024-11-01 00:00:00-04:00,AMZN,Amazon,199.0,200.5,197.02000427246094,197.92999267578125,99687800
2024-11-04 00:00:00-05:00,AMZN,Amazon,196.4499969482422,197.3300018310547,194.30999755859375,195.77999877929688,38492100
2024-11-05 00:00:00-05:00,AMZN,Amazon,196.0399932861328,199.82000732421875,195.99000549316406,199.5,30564800
2024-11-06 00:00:00-05:00,AMZN,Amazon,200.00999450683594,207.5500030517578,199.13999938964844,207.08999633789062,72292200
2024-11-07 00:00:00-05:00,AMZN,Amazon,207.44000244140625,212.25,207.19000244140625,210.0500030517578,52878400
2024-11-08 00:00:00-05:00,AMZN,Amazon,209.72000122070312,209.9600067138672,207.44000244140625,208.17999267578125,36075800
2024-11-11 00:00:00-05:00,AMZN,Amazon,208.5,209.64999389648438,205.58999633789062,206.83999633789062,35456000
2024-11-12 00:00:00-05:00,AMZN,Amazon,208.3699951171875,209.5399932861328,206.00999450683594,208.91000366210938,38942900
2024-11-13 00:00:00-05:00,AMZN,Amazon,209.39999389648438,215.08999633789062,209.13999938964844,214.10000610351562,46212900
2024-11-14 00:00:00-05:00,AMZN,Amazon,214.16000366210938,215.89999389648438,210.8800048828125,211.47999572753906,42620300
2024-11-15 00:00:00-05:00,AMZN,Amazon,206.75999450683594,207.33999633789062,199.61000061035156,202.61000061035156,86591100
2024-11-18 00:00:00-05:00,AMZN,Amazon,204.14999389648438,204.6699981689453,200.9499969482422,201.6999969482422,36409900
2024-11-19 00:00:00-05:00,AMZN,Amazon,199.3300018310547,205.3000030517578,198.77999877929688,204.61000061035156,31197900
2024-11-20 00:00:00-05:00,AMZN,Amazon,202.97999572753906,203.1300048828125,199.4499969482422,202.8800048828125,32769000
2024-11-21 00:00:00-05:00,AMZN,Amazon,203.49000549316406,203.49000549316406,195.75,198.3800048828125,58800000
2024-11-22 00:00:00-05:00,AMZN,Amazon,198.25,199.25999450683594,196.75,197.1199951171875,31530800
2024-11-25 00:00:00-05:00,AMZN,Amazon,199.27999877929688,201.9499969482422,199.0,201.4499969482422,40685700
2024-11-26 00:00:00-05:00,AMZN,Amazon,201.89999389648438,208.0,201.7899932861328,207.86000061035156,41673700
2024-11-27 00:00:00-05:00,AMZN,Amazon,206.97999572753906,207.63999938964844,205.0500030517578,205.74000549316406,28061600
2024-11-29 00:00:00-05:00,AMZN,Amazon,205.8300018310547,208.1999969482422,204.58999633789062,207.88999938964844,24892400
2024-12-02 00:00:00-05:00,AMZN,Amazon,209.9600067138672,212.99000549316406,209.50999450683594,210.7100067138672,39523200
2024-12-03 00:00:00-05:00,AMZN,Amazon,210.30999755859375,214.02000427246094,209.64999389648438,213.44000244140625,32214800
2024-12-04 00:00:00-05:00,AMZN,Amazon,215.9600067138672,220.0,215.75,218.16000366210938,48745700
2024-12-05 00:00:00-05:00,AMZN,Amazon,218.02999877929688,222.14999389648438,217.3000030517578,220.5500030517578,41140200
2024-12-06 00:00:00-05:00,AMZN,Amazon,220.75,227.14999389648438,220.60000610351562,227.02999877929688,44178100
2024-12-09 00:00:00-05:00,AMZN,Amazon,227.2100067138672,230.0800018310547,225.6699981689453,226.08999633789062,46819400
2024-12-10 00:00:00-05:00,AMZN,Amazon,226.08999633789062,229.05999755859375,224.1999969482422,225.0399932861328,31199900
2024-12-11 00:00:00-05:00,AMZN,Amazon,226.41000366210938,231.1999969482422,226.25999450683594,230.25999450683594,35385800
2024-12-12 00:00:00-05:00,AMZN,Amazon,229.8300018310547,231.08999633789062,227.6300048828125,228.97000122070312,28204100
2024-12-13 00:00:00-05:00,AMZN,Amazon,228.39999389648438,230.1999969482422,225.86000061035156,227.4600067138672,28768100
2024-12-16 00:00:00-05:00,AMZN,Amazon,230.22999572753906,233.0,228.00999450683594,232.92999267578125,37552100
2024-12-17 00:00:00-05:00,AMZN,Amazon,232.38999938964844,232.72999572753906,227.85000610351562,231.14999389648438,35948100
2024-12-18 00:00:00-05:00,AMZN,Amazon,230.77000427246094,231.39999389648438,220.11000061035156,220.52000427246094,43281400
2024-12-19 00:00:00-05:00,AMZN,Amazon,224.91000366210938,226.08999633789062,222.9199981689453,223.2899932861328,39918700
2024-12-20 00:00:00-05:00,AMZN,Amazon,219.83999633789062,226.2100067138672,218.72999572753906,224.9199981689453,88279200
2024-12-23 00:00:00-05:00,AMZN,Amazon,225.00999450683594,226.8800048828125,223.89999389648438,225.05999755859375,28070000
2024-12-24 00:00:00-05:00,AMZN,Amazon,226.94000244140625,229.13999938964844,226.1300048828125,229.0500030517578,15007500
2024-12-26 00:00:00-05:00,AMZN,Amazon,228.5,228.5,226.6699981689453,227.0500030517578,16146700
2024-12-27 00:00:00-05:00,AMZN,Amazon,225.60000610351562,226.02999877929688,220.89999389648438,223.75,27367100
2024-12-30 00:00:00-05:00,AMZN,Amazon,220.05999755859375,223.0,218.42999267578125,221.3000030517578,28321200
2024-12-31 00:00:00-05:00,AMZN,Amazon,222.97000122070312,223.22999572753906,218.94000244140625,219.38999938964844,24819700
2025-01-02 00:00:00-05:00,AMZN,Amazon,222.02999877929688,225.14999389648438,218.19000244140625,220.22000122070312,33956600
2025-01-03 00:00:00-05:00,AMZN,Amazon,222.50999450683594,225.36000061035156,221.6199951171875,224.19000244140625,27515600
2025-01-06 00:00:00-05:00,AMZN,Amazon,226.77999877929688,228.83999633789062,224.83999633789062,227.61000061035156,31849800
2025-01-07 00:00:00-05:00,AMZN,Amazon,227.89999389648438,228.3800048828125,221.4600067138672,222.11000061035156,28084200
2025-01-08 00:00:00-05:00,AMZN,Amazon,223.19000244140625,223.52000427246094,220.1999969482422,222.1300048828125,25033300
2025-01-10 00:00:00-05:00,AMZN,Amazon,221.4600067138672,221.7100067138672,216.5,218.94000244140625,36811500
2025-01-13 00:00:00-05:00,AMZN,Amazon,218.05999755859375,219.39999389648438,216.47000122070312,218.4600067138672,27262700
2025-01-14 00:00:00-05:00,AMZN,Amazon,220.44000244140625,221.82000732421875,216.1999969482422,217.75999450683594,24711700
2025-01-15 00:00:00-05:00,AMZN,Amazon,222.8300018310547,223.57000732421875,220.75,223.35000610351562,31291300
2025-01-16 00:00:00-05:00,AMZN,Amazon,224.4199981689453,224.64999389648438,220.30999755859375,220.66000366210938,24757300
2025-01-17 00:00:00-05:00,AMZN,Amazon,225.83999633789062,226.50999450683594,223.0800018310547,225.94000244140625,42370100
2025-01-21 00:00:00-05:00,AMZN,Amazon,228.89999389648438,231.77999877929688,226.94000244140625,230.7100067138672,39951500
2025-01-22 00:00:00-05:00,AMZN,Amazon,232.02000427246094,235.44000244140625,231.19000244140625,235.00999450683594,41448200
2025-01-23 00:00:00-05:00,AMZN,Amazon,234.10000610351562,235.52000427246094,231.50999450683594,235.4199981689453,26404400
2025-01-24 00:00:00-05:00,AMZN,Amazon,234.5,236.39999389648438,232.92999267578125,234.85000610351562,25890700
2025-01-27 00:00:00-05:00,AMZN,Amazon,226.2100067138672,235.61000061035156,225.86000061035156,235.4199981689453,49428300
2025-01-28 00:00:00-05:00,AMZN,Amazon,234.2899932861328,241.77000427246094,233.97999572753906,238.14999389648438,41587200
2025-01-29 00:00:00-05:00,AMZN,Amazon,239.02000427246094,240.38999938964844,236.14999389648438,237.07000732421875,26091700
2025-01-30 00:00:00-05:00,AMZN,Amazon,237.13999938964844,237.9499969482422,232.22000122070312,234.63999938964844,32020700
2025-01-31 00:00:00-05:00,AMZN,Amazon,236.5,240.2899932861328,236.41000366210938,237.67999267578125,36110200
2025-02-03 00:00:00-05:00,AMZN,Amazon,234.05999755859375,239.25,232.89999389648438,237.4199981689453,37285900
2025-02-04 00:00:00-05:00,AMZN,Amazon,239.00999450683594,242.52000427246094,238.02999877929688,242.05999755859375,29713800
2025-02-05 00:00:00-05:00,AMZN,Amazon,237.02000427246094,238.32000732421875,235.1999969482422,236.1699981689453,38727300
2025-02-06 00:00:00-05:00,AMZN,Amazon,238.00999450683594,239.66000366210938,236.00999450683594,238.8300018310547,60897100
2025-02-07 00:00:00-05:00,AMZN,Amazon,232.5,234.80999755859375,228.05999755859375,229.14999389648438,77539300
2025-02-10 00:00:00-05:00,AMZN,Amazon,230.5500030517578,233.9199981689453,229.1999969482422,233.13999938964844,35419900
2025-02-11 00:00:00-05:00,AMZN,Amazon,231.9199981689453,233.44000244140625,230.1300048828125,232.75999450683594,23713700
2025-02-12 00:00:00-05:00,AMZN,Amazon,230.4600067138672,231.17999267578125,228.16000366210938,228.92999267578125,32285200
2025-02-13 00:00:00-05:00,AMZN,Amazon,228.85000610351562,230.4199981689453,227.52000427246094,230.3699951171875,31346500
2025-02-14 00:00:00-05:00,AMZN,Amazon,229.1999969482422,229.88999938964844,227.22999572753906,228.67999267578125,27031100
2025-02-18 00:00:00-05:00,AMZN,Amazon,228.82000732421875,229.3000030517578,223.72000122070312,226.64999389648438,42975100
2025-02-19 00:00:00-05:00,AMZN,Amazon,225.52000427246094,226.8300018310547,223.7100067138672,226.6300048828125,28566700
2025-02-20 00:00:00-05:00,AMZN,Amazon,224.77999877929688,225.1300048828125,221.80999755859375,222.8800048828125,30001700
2025-02-21 00:00:00-05:00,AMZN,Amazon,223.27999877929688,223.30999755859375,214.74000549316406,216.5800018310547,55323900
2025-02-24 00:00:00-05:00,AMZN,Amazon,217.4499969482422,217.72000122070312,212.4199981689453,212.7100067138672,42387600
2025-02-25 00:00:00-05:00,AMZN,Amazon,211.6300048828125,213.33999633789062,204.16000366210938,212.8000030517578,58958000
2025-02-26 00:00:00-05:00,AMZN,Amazon,214.94000244140625,218.16000366210938,213.08999633789062,214.35000610351562,39120600
2025-02-27 00:00:00-05:00,AMZN,Amazon,218.35000610351562,219.97000122070312,208.3699951171875,208.74000549316406,40548600
2025-02-28 00:00:00-05:00,AMZN,Amazon,208.64999389648438,212.6199951171875,206.99000549316406,212.27999877929688,51771700
2025-03-03 00:00:00-05:00,AMZN,Amazon,213.35000610351562,214.00999450683594,202.5500030517578,205.02000427246094,42948400
2025-03-04 00:00:00-05:00,AMZN,Amazon,200.11000061035156,206.8000030517578,197.42999267578125,203.8000030517578,60853100
2025-03-05 00:00:00-05:00,AMZN,Amazon,204.8000030517578,209.97999572753906,203.25999450683594,208.36000061035156,38610100
2025-03-06 00:00:00-05:00,AMZN,Amazon,204.39999389648438,205.77000427246094,198.3000030517578,200.6999969482422,49863800
2025-03-07 00:00:00-05:00,AMZN,Amazon,199.49000549316406,202.27000427246094,192.52999877929688,199.25,59802800
2025-03-10 00:00:00-04:00,AMZN,Amazon,195.60000610351562,196.72999572753906,190.85000610351562,194.5399932861328,62350900
2025-03-11 00:00:00-04:00,AMZN,Amazon,193.89999389648438,200.17999267578125,193.39999389648438,196.58999633789062,54002900
2025-03-12 00:00:00-04:00,AMZN,Amazon,200.72000122070312,201.52000427246094,195.2899932861328,198.88999938964844,43679300
2025-03-13 00:00:00-04:00,AMZN,Amazon,198.1699981689453,198.8800048828125,191.82000732421875,193.88999938964844,41270800
2025-03-14 00:00:00-04:00,AMZN,Amazon,197.41000366210938,198.64999389648438,195.32000732421875,197.9499969482422,38096700
2025-03-17 00:00:00-04:00,AMZN,Amazon,198.77000427246094,199.0,194.32000732421875,195.74000549316406,47341800
2025-03-18 00:00:00-04:00,AMZN,Amazon,192.52000427246094,194.0,189.3800048828125,192.82000732421875,40414900
2025-03-19 00:00:00-04:00,AMZN,Amazon,193.3800048828125,195.97000122070312,191.9600067138672,195.5399932861328,39442900
2025-03-20 00:00:00-04:00,AMZN,Amazon,193.07000732421875,199.32000732421875,192.3000030517578,194.9499969482422,38921100
2025-03-21 00:00:00-04:00,AMZN,Amazon,192.89999389648438,196.99000549316406,192.52000427246094,196.2100067138672,60056900
2025-03-24 00:00:00-04:00,AMZN,Amazon,200.0,203.63999938964844,199.9499969482422,203.25999450683594,41625400
2025-03-25 00:00:00-04:00,AMZN,Amazon,203.60000610351562,206.2100067138672,203.22000122070312,205.7100067138672,31171200
2025-03-26 00:00:00-04:00,AMZN,Amazon,205.83999633789062,206.00999450683594,199.92999267578125,201.1300048828125,32855300
2025-03-27 00:00:00-04:00,AMZN,Amazon,200.88999938964844,203.7899932861328,199.27999877929688,201.36000061035156,27317700
2025-03-28 00:00:00-04:00,AMZN,Amazon,198.4199981689453,199.25999450683594,191.8800048828125,192.72000122070312,52548200
2025-03-31 00:00:00-04:00,AMZN,Amazon,188.19000244140625,191.3300018310547,184.39999389648438,190.25999450683594,63547600
2025-04-01 00:00:00-04:00,AMZN,Amazon,187.86000061035156,193.92999267578125,187.1999969482422,192.1699981689453,41267300
2025-04-02 00:00:00-04:00,AMZN,Amazon,187.66000366210938,198.33999633789062,187.66000366210938,196.00999450683594,53679200
2025-04-03 00:00:00-04:00,AMZN,Amazon,183.0,184.1300048828125,176.9199981689453,178.41000366210938,95553600
2025-04-04 00:00:00-04:00,AMZN,Amazon,167.14999389648438,178.13999938964844,166.0,171.0,123159400
2025-04-07 00:00:00-04:00,AMZN,Amazon,162.0,183.41000366210938,161.3800048828125,175.25999450683594,109327100
2025-04-08 00:00:00-04:00,AMZN,Amazon,185.22999572753906,185.89999389648438,168.57000732421875,170.66000366210938,87710400
2025-04-09 00:00:00-04:00,AMZN,Amazon,172.1199951171875,192.64999389648438,169.92999267578125,191.10000610351562,116804300
2025-04-10 00:00:00-04:00,AMZN,Amazon,185.44000244140625,186.8699951171875,175.85000610351562,181.22000122070312,68302000
2025-04-11 00:00:00-04:00,AMZN,Amazon,179.92999267578125,185.86000061035156,178.0,184.8699951171875,50594300
2025-04-14 00:00:00-04:00,AMZN,Amazon,186.83999633789062,187.44000244140625,179.22999572753906,182.1199951171875,48002500
2025-04-15 00:00:00-04:00,AMZN,Amazon,181.41000366210938,182.35000610351562,177.92999267578125,179.58999633789062,43642000
2025-04-16 00:00:00-04:00,AMZN,Amazon,176.2899932861328,179.10000610351562,171.41000366210938,174.3300018310547,51875300
2025-04-17 00:00:00-04:00,AMZN,Amazon,176.0,176.2100067138672,172.0,172.61000061035156,44726500
2025-04-21 00:00:00-04:00,AMZN,Amazon,169.60000610351562,169.60000610351562,165.2899932861328,167.32000732421875,48126100
2025-04-22 00:00:00-04:00,AMZN,Amazon,169.85000610351562,176.77999877929688,169.35000610351562,173.17999267578125,56607200
2025-04-23 00:00:00-04:00,AMZN,Amazon,183.4499969482422,187.3800048828125,180.19000244140625,180.60000610351562,63470100
2025-04-24 00:00:00-04:00,AMZN,Amazon,180.9199981689453,186.74000549316406,180.17999267578125,186.5399932861328,43763200
2025-04-25 00:00:00-04:00,AMZN,Amazon,187.6199951171875,189.94000244140625,185.49000549316406,188.99000549316406,36414300
2025-04-28 00:00:00-04:00,AMZN,Amazon,190.11000061035156,190.22000122070312,184.88999938964844,187.6999969482422,33224700
2025-04-29 00:00:00-04:00,AMZN,Amazon,183.99000549316406,188.02000427246094,183.67999267578125,187.38999938964844,41667300
2025-04-30 00:00:00-04:00,AMZN,Amazon,182.1699981689453,185.0500030517578,178.85000610351562,184.4199981689453,55176500
2025-05-01 00:00:00-04:00,AMZN,Amazon,190.6300048828125,191.80999755859375,187.5,190.1999969482422,74266000
2025-05-02 00:00:00-04:00,AMZN,Amazon,191.44000244140625,192.8800048828125,186.39999389648438,189.97999572753906,77903500
2025-05-05 00:00:00-04:00,AMZN,Amazon,186.50999450683594,188.17999267578125,185.52999877929688,186.35000610351562,35217500
2025-05-06 00:00:00-04:00,AMZN,Amazon,184.57000732421875,187.92999267578125,183.85000610351562,185.00999450683594,29314100
2025-05-07 00:00:00-04:00,AMZN,Amazon,185.55999755859375,190.99000549316406,185.00999450683594,188.7100067138672,43948600
2025-05-08 00:00:00-04:00,AMZN,Amazon,191.42999267578125,194.3300018310547,188.82000732421875,192.0800018310547,41043600
2025-05-09 00:00:00-04:00,AMZN,Amazon,193.3800048828125,194.69000244140625,191.16000366210938,193.05999755859375,29663100
2025-05-12 00:00:00-04:00,AMZN,Amazon,210.7100067138672,211.66000366210938,205.75,208.63999938964844,75205000
2025-05-13 00:00:00-04:00,AMZN,Amazon,211.0800018310547,214.83999633789062,210.10000610351562,211.3699951171875,56193700
2025-05-14 00:00:00-04:00,AMZN,Amazon,211.4499969482422,211.92999267578125,208.85000610351562,210.25,38492100
2025-05-15 00:00:00-04:00,AMZN,Amazon,206.4499969482422,206.8800048828125,202.6699981689453,205.1699981689453,64347300
2025-05-16 00:00:00-04:00,AMZN,Amazon,206.85000610351562,206.85000610351562,204.3699951171875,205.58999633789062,43318500
2025-05-19 00:00:00-04:00,AMZN,Amazon,201.64999389648438,206.6199951171875,201.25999450683594,206.16000366210938,34314800
2025-05-20 00:00:00-04:00,AMZN,Amazon,204.6300048828125,205.58999633789062,202.64999389648438,204.07000732421875,29470400
2025-05-21 00:00:00-04:00,AMZN,Amazon,201.61000061035156,203.4600067138672,200.05999755859375,201.1199951171875,42460900
2025-05-22 00:00:00-04:00,AMZN,Amazon,201.3800048828125,205.75999450683594,200.16000366210938,203.10000610351562,38938900
2025-05-23 00:00:00-04:00,AMZN,Amazon,198.89999389648438,202.3699951171875,197.85000610351562,200.99000549316406,33393500
2025-05-27 00:00:00-04:00,AMZN,Amazon,203.08999633789062,206.69000244140625,202.19000244140625,206.02000427246094,34892000
2025-05-28 00:00:00-04:00,AMZN,Amazon,205.9199981689453,207.66000366210938,204.41000366210938,204.72000122070312,28549800
2025-05-29 00:00:00-04:00,AMZN,Amazon,208.02999877929688,208.80999755859375,204.22999572753906,205.6999969482422,34650000
2025-05-30 00:00:00-04:00,AMZN,Amazon,204.83999633789062,205.99000549316406,201.6999969482422,205.00999450683594,51679400
2025-06-02 00:00:00-04:00,AMZN,Amazon,204.97999572753906,207.0,202.67999267578125,206.64999389648438,29113300
2025-06-03 00:00:00-04:00,AMZN,Amazon,207.11000061035156,208.9499969482422,205.02999877929688,205.7100067138672,33139100
2025-06-04 00:00:00-04:00,AMZN,Amazon,206.5500030517578,208.17999267578125,205.17999267578125,207.22999572753906,29915600
2025-06-05 00:00:00-04:00,AMZN,Amazon,209.5500030517578,212.80999755859375,207.55999755859375,207.91000366210938,51864200
2025-06-06 00:00:00-04:00,AMZN,Amazon,212.39999389648438,213.8699951171875,210.5,213.57000732421875,39832500
2025-06-09 00:00:00-04:00,AMZN,Amazon,214.75,217.85000610351562,212.8800048828125,216.97999572753906,38102500
2025-06-10 00:00:00-04:00,AMZN,Amazon,216.77999877929688,217.69000244140625,214.14999389648438,217.61000061035156,31303300
2025-06-11 00:00:00-04:00,AMZN,Amazon,217.41000366210938,218.39999389648438,212.88999938964844,213.1999969482422,39326000
2025-06-12 00:00:00-04:00,AMZN,Amazon,211.77999877929688,213.5800018310547,211.3300018310547,213.24000549316406,27640000
2025-06-13 00:00:00-04:00,AMZN,Amazon,209.9600067138672,214.0500030517578,209.6199951171875,212.10000610351562,29337800
2025-06-16 00:00:00-04:00,AMZN,Amazon,212.30999755859375,217.05999755859375,211.60000610351562,216.10000610351562,33284200
2025-06-17 00:00:00-04:00,AMZN,Amazon,215.1999969482422,217.41000366210938,214.55999755859375,214.82000732421875,32086300
2025-06-18 00:00:00-04:00,AMZN,Amazon,215.08999633789062,217.9600067138672,212.33999633789062,212.52000427246094,44360500
2025-06-20 00:00:00-04:00,AMZN,Amazon,214.67999267578125,214.88999938964844,208.27000427246094,209.69000244140625,75350700
2025-06-23 00:00:00-04:00,AMZN,Amazon,209.7899932861328,210.38999938964844,207.30999755859375,208.47000122070312,37311700
2025-06-24 00:00:00-04:00,AMZN,Amazon,212.13999938964844,214.33999633789062,211.0500030517578,212.77000427246094,38378800
2025-06-25 00:00:00-04:00,AMZN,Amazon,214.6199951171875,216.02999877929688,211.11000061035156,211.99000549316406,31755700
2025-06-26 00:00:00-04:00,AMZN,Amazon,213.1199951171875,218.0399932861328,212.00999450683594,217.1199951171875,50480800
2025-06-27 00:00:00-04:00,AMZN,Amazon,219.9199981689453,223.3000030517578,216.74000549316406,223.3000030517578,119217100
2025-06-30 00:00:00-04:00,AMZN,Amazon,223.52000427246094,223.82000732421875,219.1199951171875,219.38999938964844,58887800
2025-07-01 00:00:00-04:00,AMZN,Amazon,219.5,221.8800048828125,217.92999267578125,220.4600067138672,39256800
2025-07-02 00:00:00-04:00,AMZN,Amazon,219.72999572753906,221.60000610351562,219.05999755859375,219.9199981689453,30894200
2025-07-03 00:00:00-04:00,AMZN,Amazon,221.82000732421875,224.00999450683594,221.36000061035156,223.41000366210938,29632400
2025-07-07 00:00:00-04:00,AMZN,Amazon,223.0,224.2899932861328,222.3699951171875,223.47000122070312,36604100
2025-07-08 00:00:00-04:00,AMZN,Amazon,223.9199981689453,224.0,218.42999267578125,219.36000061035156,45692000
2025-07-09 00:00:00-04:00,AMZN,Amazon,221.07000732421875,224.2899932861328,220.47000122070312,222.5399932861328,38155100
2025-07-10 00:00:00-04:00,AMZN,Amazon,221.5500030517578,222.7899932861328,219.6999969482422,222.25999450683594,30370600
2025-07-11 00:00:00-04:00,AMZN,Amazon,223.5800018310547,226.67999267578125,222.3699951171875,225.02000427246094,50518300
2025-07-14 00:00:00-04:00,AMZN,Amazon,225.07000732421875,226.66000366210938,224.24000549316406,225.69000244140625,35702600
2025-07-15 00:00:00-04:00,AMZN,Amazon,226.1999969482422,227.27000427246094,225.4600067138672,226.35000610351562,34907300
2025-07-16 00:00:00-04:00,AMZN,Amazon,225.8800048828125,226.10000610351562,222.17999267578125,223.19000244140625,39535900
2025-07-17 00:00:00-04:00,AMZN,Amazon,223.32000732421875,224.5,222.50999450683594,223.8800048828125,31855800
2025-07-18 00:00:00-04:00,AMZN,Amazon,225.13999938964844,226.39999389648438,222.97999572753906,226.1300048828125,37833800
2025-07-21 00:00:00-04:00,AMZN,Amazon,225.83999633789062,229.69000244140625,225.64999389648438,229.3000030517578,40297600
2025-07-22 00:00:00-04:00,AMZN,Amazon,229.67999267578125,230.0,226.35000610351562,227.47000122070312,37483700
2025-07-23 00:00:00-04:00,AMZN,Amazon,228.47000122070312,228.7899932861328,227.08999633789062,228.2899932861328,28294900
2025-07-24 00:00:00-04:00,AMZN,Amazon,229.1699981689453,236.0,228.63999938964844,232.22999572753906,42902300
2025-07-25 00:00:00-04:00,AMZN,Amazon,232.22000122070312,232.47999572753906,231.17999267578125,231.44000244140625,28712100
2025-07-28 00:00:00-04:00,AMZN,Amazon,233.35000610351562,234.2899932861328,232.25,232.7899932861328,26300100
2025-07-29 00:00:00-04:00,AMZN,Amazon,234.14999389648438,234.72000122070312,230.30999755859375,231.00999450683594,33716200
2025-07-30 00:00:00-04:00,AMZN,Amazon,231.63999938964844,231.8000030517578,229.2899932861328,230.19000244140625,32993300
2025-07-31 00:00:00-04:00,AMZN,Amazon,235.77000427246094,236.52999877929688,231.39999389648438,234.11000061035156,104357300
2025-08-01 00:00:00-04:00,AMZN,Amazon,217.2100067138672,220.44000244140625,212.8000030517578,214.75,122258800
2025-08-04 00:00:00-04:00,AMZN,Amazon,217.39999389648438,217.44000244140625,211.4199981689453,211.64999389648438,77890100
2025-08-05 00:00:00-04:00,AMZN,Amazon,213.0500030517578,216.3000030517578,212.8699951171875,213.75,51505100
2025-08-06 00:00:00-04:00,AMZN,Amazon,214.6999969482422,222.64999389648438,213.74000549316406,222.30999755859375,54823000
2025-08-07 00:00:00-04:00,AMZN,Amazon,221.0,226.22000122070312,220.82000732421875,223.1300048828125,40603500
2025-08-08 00:00:00-04:00,AMZN,Amazon,223.13999938964844,223.8000030517578,221.8800048828125,222.69000244140625,32970500
2025-08-11 00:00:00-04:00,AMZN,Amazon,221.77999877929688,223.0500030517578,220.39999389648438,221.3000030517578,31646200
2025-08-12 00:00:00-04:00,AMZN,Amazon,222.22999572753906,223.5,219.0500030517578,221.47000122070312,37185800
2025-08-13 00:00:00-04:00,AMZN,Amazon,222.0,224.9199981689453,222.0,224.55999755859375,36508300
2025-08-14 00:00:00-04:00,AMZN,Amazon,227.39999389648438,233.11000061035156,227.02000427246094,230.97999572753906,61545800
2025-08-15 00:00:00-04:00,AMZN,Amazon,232.5800018310547,234.0800018310547,229.80999755859375,231.02999877929688,39649200
2025-08-18 00:00:00-04:00,AMZN,Amazon,230.22999572753906,231.91000366210938,228.3300018310547,231.49000549316406,25248900
2025-08-19 00:00:00-04:00,AMZN,Amazon,230.08999633789062,230.52999877929688,227.1199951171875,228.00999450683594,29891000
2025-08-20 00:00:00-04:00,AMZN,Amazon,227.1199951171875,227.27000427246094,220.9199981689453,223.80999755859375,36604300
2025-08-21 00:00:00-04:00,AMZN,Amazon,222.64999389648438,222.77999877929688,220.5,221.9499969482422,32140500
2025-08-22 00:00:00-04:00,AMZN,Amazon,222.7899932861328,229.13999938964844,220.82000732421875,228.83999633789062,37315300
2025-08-25 00:00:00-04:00,AMZN,Amazon,227.35000610351562,229.60000610351562,227.30999755859375,227.94000244140625,22633700
2025-08-26 00:00:00-04:00,AMZN,Amazon,227.11000061035156,229.0,226.02000427246094,228.7100067138672,26105400
2025-08-27 00:00:00-04:00,AMZN,Amazon,228.57000732421875,229.8699951171875,227.80999755859375,229.1199951171875,21254500
2025-08-28 00:00:00-04:00,AMZN,Amazon,229.00999450683594,232.7100067138672,228.02000427246094,231.60000610351562,33679600
2025-08-29 00:00:00-04:00,AMZN,Amazon,231.32000732421875,231.80999755859375,228.16000366210938,229.0,26199200
2025-09-02 00:00:00-04:00,AMZN,Amazon,223.52000427246094,226.1699981689453,221.8300018310547,225.33999633789062,38843900
2025-09-03 00:00:00-04:00,AMZN,Amazon,225.2100067138672,227.1699981689453,224.36000061035156,225.99000549316406,29223100
2025-09-04 00:00:00-04:00,AMZN,Amazon,231.19000244140625,235.77000427246094,230.77999877929688,235.67999267578125,59391800
2025-09-05 00:00:00-04:00,AMZN,Amazon,235.19000244140625,236.0,231.92999267578125,232.3300018310547,36721800
2025-09-08 00:00:00-04:00,AMZN,Amazon,234.94000244140625,237.60000610351562,233.75,235.83999633789062,33947100
2025-09-09 00:00:00-04:00,AMZN,Amazon,236.36000061035156,238.85000610351562,235.0800018310547,238.24000549316406,27033800
2025-09-10 00:00:00-04:00,AMZN,Amazon,237.52000427246094,237.67999267578125,229.10000610351562,230.3300018310547,60907700
2025-09-11 00:00:00-04:00,AMZN,Amazon,231.49000549316406,231.52999877929688,229.33999633789062,229.9499969482422,37485600
2025-09-12 00:00:00-04:00,AMZN,Amazon,230.35000610351562,230.7899932861328,226.2899932861328,228.14999389648438,38496200
2025-09-15 00:00:00-04:00,AMZN,Amazon,230.6300048828125,233.72999572753906,230.32000732421875,231.42999267578125,33243300
2025-09-16 00:00:00-04:00,AMZN,Amazon,232.94000244140625,235.89999389648438,232.22999572753906,234.0500030517578,38203900
2025-09-17 00:00:00-04:00,AMZN,Amazon,233.77000427246094,234.3000030517578,228.7100067138672,231.6199951171875,42815200
2025-09-18 00:00:00-04:00,AMZN,Amazon,232.5,233.47999572753906,228.7899932861328,231.22999572753906,37931700
2025-09-19 00:00:00-04:00,AMZN,Amazon,232.3699951171875,234.16000366210938,229.6999969482422,231.47999572753906,97943200
2025-09-22 00:00:00-04:00,AMZN,Amazon,230.55999755859375,230.57000732421875,227.50999450683594,227.6300048828125,45914500
2025-09-23 00:00:00-04:00,AMZN,Amazon,227.8300018310547,227.86000061035156,220.07000732421875,220.7100067138672,70956200
2025-09-24 00:00:00-04:00,AMZN,Amazon,224.14999389648438,224.55999755859375,219.4499969482422,220.2100067138672,49509000
2025-09-25 00:00:00-04:00,AMZN,Amazon,220.05999755859375,220.6699981689453,216.47000122070312,218.14999389648438,52226300
2025-09-26 00:00:00-04:00,AMZN,Amazon,219.0800018310547,221.0500030517578,218.02000427246094,219.77999877929688,41650100
2025-09-29 00:00:00-04:00,AMZN,Amazon,220.0800018310547,222.60000610351562,219.3000030517578,222.1699981689453,44259200
2025-09-30 00:00:00-04:00,AMZN,Amazon,222.02999877929688,222.24000549316406,217.88999938964844,219.57000732421875,48396400
2025-10-01 00:00:00-04:00,AMZN,Amazon,217.36000061035156,222.14999389648438,216.61000061035156,220.6300048828125,43933800
2025-10-02 00:00:00-04:00,AMZN,Amazon,221.00999450683594,222.80999755859375,218.9499969482422,222.41000366210938,41258600
2025-10-03 00:00:00-04:00,AMZN,Amazon,223.44000244140625,224.1999969482422,219.33999633789062,219.50999450683594,43639000
2025-10-06 00:00:00-04:00,AMZN,Amazon,221.0,221.72999572753906,216.02999877929688,220.89999389648438,43690900
2025-10-07 00:00:00-04:00,AMZN,Amazon,220.8800048828125,222.88999938964844,220.1699981689453,221.77999877929688,31194700
2025-10-08 00:00:00-04:00,AMZN,Amazon,222.9199981689453,226.72999572753906,221.19000244140625,225.22000122070312,46686000
2025-10-09 00:00:00-04:00,AMZN,Amazon,225.0,228.2100067138672,221.75,227.74000549316406,46412100
2025-10-10 00:00:00-04:00,AMZN,Amazon,226.2100067138672,228.25,216.0,216.3699951171875,72367500
2025-10-13 00:00:00-04:00,AMZN,Amazon,217.6999969482422,220.67999267578125,217.0399932861328,220.07000732421875,37809700
2025-10-14 00:00:00-04:00,AMZN,Amazon,215.55999755859375,219.32000732421875,212.60000610351562,216.38999938964844,45665600
2025-10-15 00:00:00-04:00,AMZN,Amazon,216.6199951171875,217.7100067138672,212.66000366210938,215.57000732421875,45909500
2025-10-16 00:00:00-04:00,AMZN,Amazon,215.6699981689453,218.58999633789062,212.80999755859375,214.47000122070312,42414600
2025-10-17 00:00:00-04:00,AMZN,Amazon,214.55999755859375,214.8000030517578,211.02999877929688,213.0399932861328,45986900
2025-10-20 00:00:00-04:00,AMZN,Amazon,213.8800048828125,216.69000244140625,213.58999633789062,216.47999572753906,38882800
2025-10-21 00:00:00-04:00,AMZN,Amazon,218.42999267578125,223.32000732421875,217.99000549316406,222.02999877929688,50494600
2025-10-22 00:00:00-04:00,AMZN,Amazon,219.3000030517578,220.00999450683594,216.52000427246094,217.9499969482422,44308500
2025-10-23 00:00:00-04:00,AMZN,Amazon,219.0,221.3000030517578,218.17999267578125,221.08999633789062,31540000
2025-10-24 00:00:00-04:00,AMZN,Amazon,221.97000122070312,225.39999389648438,221.89999389648438,224.2100067138672,38685100
2025-10-27 00:00:00-04:00,AMZN,Amazon,227.66000366210938,228.39999389648438,225.5399932861328,226.97000122070312,38267000
2025-10-28 00:00:00-04:00,AMZN,Amazon,228.22000122070312,231.49000549316406,226.2100067138672,229.25,47100000
2025-10-29 00:00:00-04:00,AMZN,Amazon,231.6699981689453,232.82000732421875,227.75999450683594,230.3000030517578,52036200
2025-10-30 00:00:00-04:00,AMZN,Amazon,227.05999755859375,228.44000244140625,222.75,222.86000061035156,102252900
2025-10-31 00:00:00-04:00,AMZN,Amazon,250.10000610351562,250.5,243.97999572753906,244.22000122070312,166340800
2025-11-03 00:00:00-05:00,AMZN,Amazon,255.36000061035156,258.6000061035156,252.89999389648438,254.0,95997800
2025-11-04 00:00:00-05:00,AMZN,Amazon,250.3800048828125,257.010009765625,248.66000366210938,249.32000732421875,51546300
2025-11-05 00:00:00-05:00,AMZN,Amazon,249.02999877929688,251.0,246.16000366210938,250.1999969482422,40610700
2025-11-06 00:00:00-05:00,AMZN,Amazon,249.16000366210938,250.3800048828125,242.1699981689453,243.0399932861328,46004200
2025-11-07 00:00:00-05:00,AMZN,Amazon,242.89999389648438,244.89999389648438,238.49000549316406,244.41000366210938,46374300
2025-11-10 00:00:00-05:00,AMZN,Amazon,248.33999633789062,251.75,245.58999633789062,248.39999389648438,36476500
2025-11-11 00:00:00-05:00,AMZN,Amazon,248.41000366210938,249.75,247.22999572753906,249.10000610351562,23564100
2025-11-12 00:00:00-05:00,AMZN,Amazon,250.24000549316406,250.3699951171875,243.75,244.1999969482422,31190100
2025-11-13 00:00:00-05:00,AMZN,Amazon,243.0500030517578,243.75,236.5,237.5800018310547,41401700
2025-11-14 00:00:00-05:00,AMZN,Amazon,235.05999755859375,238.72999572753906,232.88999938964844,234.69000244140625,38956700
2025-11-17 00:00:00-05:00,AMZN,Amazon,233.25,234.60000610351562,229.19000244140625,232.8699951171875,59919000
2025-11-18 00:00:00-05:00,AMZN,Amazon,228.10000610351562,230.1999969482422,222.4199981689453,222.5500030517578,60608400
2025-11-19 00:00:00-05:00,AMZN,Amazon,223.74000549316406,223.74000549316406,218.52000427246094,222.69000244140625,58335600
2025-11-20 00:00:00-05:00,AMZN,Amazon,227.0500030517578,227.41000366210938,216.74000549316406,217.13999938964844,50309000
2025-11-21 00:00:00-05:00,AMZN,Amazon,216.35000610351562,222.2100067138672,215.17999267578125,220.69000244140625,68490500
2025-11-24 00:00:00-05:00,AMZN,Amazon,222.55999755859375,227.3300018310547,222.27000427246094,226.27999877929688,54318400
2025-11-25 00:00:00-05:00,AMZN,Amazon,226.3800048828125,230.52000427246094,223.8000030517578,229.6699981689453,39379300
2025-11-26 00:00:00-05:00,AMZN,Amazon,230.74000549316406,231.75,228.77000427246094,229.16000366210938,38497900
2025-11-28 00:00:00-05:00,AMZN,Amazon,231.24000549316406,233.2899932861328,230.22000122070312,233.22000122070312,20292300
2025-12-01 00:00:00-05:00,AMZN,Amazon,233.22000122070312,235.8000030517578,232.25,233.8800048828125,42904000
2025-12-02 00:00:00-05:00,AMZN,Amazon,235.00999450683594,238.97000122070312,233.5500030517578,234.4199981689453,45785400
2025-12-03 00:00:00-05:00,AMZN,Amazon,233.35000610351562,233.3800048828125,230.61000061035156,232.3800048828125,35495100
2025-12-04 00:00:00-05:00,AMZN,Amazon,232.77000427246094,233.5,226.8000030517578,229.11000061035156,45683200
2025-12-05 00:00:00-05:00,AMZN,Amazon,230.32000732421875,231.24000549316406,228.5500030517578,229.52999877929688,33117400
2025-12-08 00:00:00-05:00,AMZN,Amazon,229.58999633789062,230.8300018310547,226.27000427246094,226.88999938964844,35019200
2025-12-09 00:00:00-05:00,AMZN,Amazon,226.83999633789062,228.57000732421875,225.11000061035156,227.9199981689453,25841700
2025-12-10 00:00:00-05:00,AMZN,Amazon,228.80999755859375,232.4199981689453,228.4600067138672,231.77999877929688,38790700
2025-12-11 00:00:00-05:00,AMZN,Amazon,230.7100067138672,232.11000061035156,228.69000244140625,230.27999877929688,28249600
2025-12-12 00:00:00-05:00,AMZN,Amazon,229.8699951171875,230.0800018310547,225.1199951171875,226.19000244140625,35639100
2025-12-15 00:00:00-05:00,AMZN,Amazon,227.92999267578125,227.92999267578125,221.5,222.5399932861328,47286100
2025-12-16 00:00:00-05:00,AMZN,Amazon,223.0399932861328,223.66000366210938,221.1300048828125,222.55999755859375,39298900
2025-12-17 00:00:00-05:00,AMZN,Amazon,224.66000366210938,225.19000244140625,220.99000549316406,221.27000427246094,44034400
2025-12-18 00:00:00-05:00,AMZN,Amazon,225.7100067138672,229.22999572753906,224.41000366210938,226.75999450683594,50272400
2025-12-19 00:00:00-05:00,AMZN,Amazon,226.75999450683594,229.1300048828125,225.5800018310547,227.35000610351562,85544400
2025-12-22 00:00:00-05:00,AMZN,Amazon,228.61000061035156,229.47999572753906,226.7100067138672,228.42999267578125,32261300
2025-12-23 00:00:00-05:00,AMZN,Amazon,229.05999755859375,232.4499969482422,228.72999572753906,232.13999938964844,29230200
2025-12-24 00:00:00-05:00,AMZN,Amazon,232.1300048828125,232.9499969482422,231.3300018310547,232.3800048828125,11420500
2025-12-26 00:00:00-05:00,AMZN,Amazon,232.0399932861328,232.99000549316406,231.17999267578125,232.52000427246094,15994700
2025-12-29 00:00:00-05:00,AMZN,Amazon,231.94000244140625,232.60000610351562,230.77000427246094,232.07000732421875,19797900
2025-12-30 00:00:00-05:00,AMZN,Amazon,231.2100067138672,232.77000427246094,230.1999969482422,232.52999877929688,21910500
2025-12-31 00:00:00-05:00,AMZN,Amazon,232.91000366210938,232.99000549316406,230.1199951171875,230.82000732421875,24383700
2026-01-02 00:00:00-05:00,AMZN,Amazon,231.33999633789062,235.4600067138672,224.6999969482422,226.5,51456200
2026-01-05 00:00:00-05:00,AMZN,Amazon,228.83999633789062,234.0,227.17999267578125,233.05999755859375,49733300
2026-01-06 00:00:00-05:00,AMZN,Amazon,232.10000610351562,243.17999267578125,232.07000732421875,240.92999267578125,53764700
2026-01-07 00:00:00-05:00,AMZN,Amazon,239.61000061035156,245.2899932861328,239.52000427246094,241.55999755859375,42236500
2026-01-08 00:00:00-05:00,AMZN,Amazon,243.05999755859375,246.41000366210938,241.8800048828125,246.2899932861328,39509800
2026-01-09 00:00:00-05:00,AMZN,Amazon,244.57000732421875,247.86000061035156,242.24000549316406,247.3800048828125,34560000
2026-01-12 00:00:00-05:00,AMZN,Amazon,246.72999572753906,248.94000244140625,245.9600067138672,246.47000122070312,35867800
2026-01-13 00:00:00-05:00,AMZN,Amazon,246.52999877929688,247.66000366210938,240.25,242.60000610351562,38371800
2026-01-14 00:00:00-05:00,AMZN,Amazon,241.14999389648438,241.27999877929688,236.22000122070312,236.64999389648438,41410600
2026-01-15 00:00:00-05:00,AMZN,Amazon,239.30999755859375,240.64999389648438,236.6300048828125,238.17999267578125,43003600
2026-01-16 00:00:00-05:00,AMZN,Amazon,239.08999633789062,239.57000732421875,236.41000366210938,239.1199951171875,45888300
2026-01-20 00:00:00-05:00,AMZN,Amazon,233.75999450683594,235.08999633789062,229.33999633789062,231.0,47737900
2026-01-21 00:00:00-05:00,AMZN,Amazon,231.08999633789062,232.3000030517578,226.8800048828125,231.30999755859375,47276100
2026-01-22 00:00:00-05:00,AMZN,Amazon,234.0500030517578,235.72000122070312,230.89999389648438,234.33999633789062,31913300
2026-01-23 00:00:00-05:00,AMZN,Amazon,234.9600067138672,240.4499969482422,234.57000732421875,239.16000366210938,33778500
2026-01-26 00:00:00-05:00,AMZN,Amazon,239.97999572753906,240.9499969482422,237.5399932861328,238.4199981689453,32825500
2026-01-27 00:00:00-05:00,AMZN,Amazon,239.69000244140625,244.8800048828125,238.0800018310547,244.67999267578125,38029200
2026-01-28 00:00:00-05:00,AMZN,Amazon,246.3699951171875,247.77999877929688,241.52999877929688,243.00999450683594,40882700
2026-01-29 00:00:00-05:00,AMZN,Amazon,242.82000732421875,243.0,236.74000549316406,241.72999572753906,47229600
2026-01-30 00:00:00-05:00,AMZN,Amazon,239.88999938964844,243.32000732421875,237.63999938964844,239.3000030517578,46585000
2026-02-02 00:00:00-05:00,AMZN,Amazon,238.30999755859375,245.6300048828125,238.1699981689453,242.9600067138672,37546100
2026-02-03 00:00:00-05:00,AMZN,Amazon,244.97999572753906,246.35000610351562,235.4499969482422,238.6199951171875,53831300
2026-02-04 00:00:00-05:00,AMZN,Amazon,238.86000061035156,238.86000061035156,231.82000732421875,232.99000549316406,51299900
2026-02-05 00:00:00-05:00,AMZN,Amazon,224.91000366210938,226.30999755859375,220.3800048828125,222.69000244140625,103509200
2026-02-06 00:00:00-05:00,AMZN,Amazon,202.6999969482422,211.44000244140625,200.30999755859375,210.32000732421875,179210900
2026-02-09 00:00:00-05:00,AMZN,Amazon,208.97000122070312,212.80999755859375,203.35000610351562,208.72000122070312,91178400
2026-02-10 00:00:00-05:00,AMZN,Amazon,208.8000030517578,212.64999389648438,206.41000366210938,206.9600067138672,67175000
2026-02-11 00:00:00-05:00,AMZN,Amazon,208.05999755859375,208.57000732421875,202.49000549316406,204.0800018310547,65545500
2026-02-12 00:00:00-05:00,AMZN,Amazon,203.9600067138672,203.9600067138672,197.55999755859375,199.60000610351562,83975400
2026-02-13 00:00:00-05:00,AMZN,Amazon,198.8800048828125,201.16000366210938,197.27999877929688,198.7899932861328,66321600
2026-02-17 00:00:00-05:00,AMZN,Amazon,198.1300048828125,201.74000549316406,196.0,201.14999389648438,69879200
2026-02-18 00:00:00-05:00,AMZN,Amazon,202.07000732421875,206.86000061035156,201.50999450683594,204.7899932861328,51003300
2026-02-19 00:00:00-05:00,AMZN,Amazon,203.8000030517578,205.63999938964844,202.80999755859375,204.86000061035156,35669600
2026-02-20 00:00:00-05:00,AMZN,Amazon,204.75999450683594,211.1699981689453,203.75,210.11000061035156,65881600
2026-02-23 00:00:00-05:00,AMZN,Amazon,208.10000610351562,208.42999267578125,203.11000061035156,205.27000427246094,53581500
2026-02-24 00:00:00-05:00,AMZN,Amazon,205.47000122070312,210.36000061035156,203.25,208.55999755859375,41137200
2026-02-25 00:00:00-05:00,AMZN,Amazon,210.4600067138672,211.58999633789062,208.92999267578125,210.63999938964844,41346400
2026-02-26 00:00:00-05:00,AMZN,Amazon,210.72999572753906,211.0500030517578,205.35000610351562,207.9199981689453,47756800
2026-02-27 00:00:00-05:00,AMZN,Amazon,206.8300018310547,210.3300018310547,205.1999969482422,210.0,57422800
2026-03-02 00:00:00-05:00,AMZN,Amazon,204.5500030517578,209.72999572753906,203.4600067138672,208.38999938964844,46001000
2026-03-03 00:00:00-05:00,AMZN,Amazon,203.10000610351562,209.17999267578125,202.47999572753906,208.72999572753906,43184900
2026-03-04 00:00:00-05:00,AMZN,Amazon,210.47000122070312,217.5399932861328,210.14999389648438,216.82000732421875,54731100
2026-03-05 00:00:00-05:00,AMZN,Amazon,215.97999572753906,220.47000122070312,215.58999633789062,218.94000244140625,60943400
2026-03-06 00:00:00-05:00,AMZN,Amazon,214.99000549316406,217.32000732421875,212.52999877929688,213.2100067138672,51152700
2026-03-09 00:00:00-04:00,AMZN,Amazon,210.4499969482422,213.82000732421875,207.11000061035156,213.49000549316406,54642900
2026-03-10 00:00:00-04:00,AMZN,Amazon,214.19000244140625,215.64999389648438,212.42999267578125,214.3300018310547,35678800
2026-03-11 00:00:00-04:00,AMZN,Amazon,215.7100067138672,217.0,211.35000610351562,212.64999389648438,34199300
2026-03-12 00:00:00-04:00,AMZN,Amazon,210.38999938964844,211.7100067138672,208.14999389648438,209.52999877929688,44349500
2026-03-13 00:00:00-04:00,AMZN,Amazon,209.61000061035156,210.55999755859375,206.22000122070312,207.6699981689453,35662100
2026-03-16 00:00:00-04:00,AMZN,Amazon,208.35000610351562,212.72000122070312,207.4499969482422,211.74000549316406,42209300
2026-03-17 00:00:00-04:00,AMZN,Amazon,212.82000732421875,215.6999969482422,212.42999267578125,215.1999969482422,44969900
2026-03-18 00:00:00-04:00,AMZN,Amazon,213.92999267578125,215.13999938964844,208.8300018310547,209.8699951171875,37846600
2026-03-19 00:00:00-04:00,AMZN,Amazon,207.05999755859375,209.1199951171875,206.0500030517578,208.75999450683594,36440600
2026-03-20 00:00:00-04:00,AMZN,Amazon,207.39999389648438,207.5399932861328,204.32000732421875,205.3699951171875,63694600
2026-03-23 00:00:00-04:00,AMZN,Amazon,209.7899932861328,212.8000030517578,209.50999450683594,210.13999938964844,44277400
2026-03-24 00:00:00-04:00,AMZN,Amazon,207.9499969482422,209.35000610351562,206.63999938964844,207.24000549316406,35351400
2026-03-25 00:00:00-04:00,AMZN,Amazon,211.55999755859375,213.07000732421875,209.89999389648438,211.7100067138672,36388800
2026-03-26 00:00:00-04:00,AMZN,Amazon,210.61000061035156,212.88999938964844,207.1199951171875,207.5399932861328,46746000
2026-03-27 00:00:00-04:00,AMZN,Amazon,206.4600067138672,206.60000610351562,199.13999938964844,199.33999633789062,56009800
2026-03-30 00:00:00-04:00,AMZN,Amazon,201.47999572753906,203.8000030517578,199.97999572753906,200.9499969482422,46373800
2026-03-31 00:00:00-04:00,AMZN,Amazon,204.85000610351562,210.27999877929688,204.13999938964844,208.27000427246094,58470100
2026-04-01 00:00:00-04:00,AMZN,Amazon,210.44000244140625,213.5800018310547,208.19000244140625,210.57000732421875,45955400
2026-04-02 00:00:00-04:00,AMZN,Amazon,206.5399932861328,212.2100067138672,204.89999389648438,209.77000427246094,31453000
2026-04-06 00:00:00-04:00,AMZN,Amazon,209.8000030517578,212.9499969482422,209.58999633789062,212.7899932861328,25385500
2026-04-07 00:00:00-04:00,AMZN,Amazon,211.24000549316406,213.97000122070312,209.0800018310547,213.77000427246094,28154600
2026-04-08 00:00:00-04:00,AMZN,Amazon,223.7899932861328,226.10000610351562,219.6199951171875,221.25,51092700
2026-04-09 00:00:00-04:00,AMZN,Amazon,225.22999572753906,233.8000030517578,223.27000427246094,233.64999389648438,65964200
2026-04-10 00:00:00-04:00,AMZN,Amazon,235.3000030517578,240.42999267578125,235.2100067138672,238.3800048828125,56912800
2026-04-13 00:00:00-04:00,AMZN,Amazon,237.4499969482422,240.0,235.75,239.88999938964844,42166200
2026-04-14 00:00:00-04:00,AMZN,Amazon,241.77999877929688,252.17999267578125,241.77999877929688,249.02000427246094,72685000
2026-04-15 00:00:00-04:00,AMZN,Amazon,249.25,250.44000244140625,247.1999969482422,248.5,43045200
2026-04-16 00:00:00-04:00,AMZN,Amazon,248.50999450683594,250.0,244.1999969482422,249.6999969482422,41895700
2026-04-17 00:00:00-04:00,AMZN,Amazon,254.99000549316406,256.17999267578125,250.11000061035156,250.55999755859375,52029300
2026-04-20 00:00:00-04:00,AMZN,Amazon,249.19000244140625,250.17999267578125,245.3699951171875,248.27999877929688,39463100
2026-04-21 00:00:00-04:00,AMZN,Amazon,255.08999633789062,255.08999633789062,249.10000610351562,249.91000366210938,42922400
2026-04-22 00:00:00-04:00,AMZN,Amazon,252.44000244140625,255.94000244140625,250.3300018310547,255.36000061035156,36065100
2026-04-23 00:00:00-04:00,AMZN,Amazon,255.38999938964844,258.7900085449219,253.07000732421875,255.0800018310547,39091400
2026-04-24 00:00:00-04:00,AMZN,Amazon,259.9800109863281,264.5,257.69000244140625,263.989990234375,53777400
2026-04-27 00:00:00-04:00,AMZN,Amazon,263.4599914550781,264.1499938964844,260.3399963378906,261.1199951171875,44906800
2026-04-28 00:00:00-04:00,AMZN,Amazon,258.3900146484375,261.0299987792969,256.6300048828125,259.70001220703125,42204400
2026-04-29 00:00:00-04:00,AMZN,Amazon,257.989990234375,265.9100036621094,257.70001220703125,263.0400085449219,72367900
2026-04-30 00:00:00-04:00,AMZN,Amazon,273.1700134277344,273.8800048828125,256.1600036621094,265.05999755859375,100974900
2026-05-01 00:00:00-04:00,AMZN,Amazon,265.5799865722656,273.32000732421875,262.739990234375,268.260009765625,50825200
2026-05-04 00:00:00-04:00,AMZN,Amazon,268.79998779296875,276.1000061035156,268.79998779296875,272.04998779296875,49083700
2026-05-05 00:00:00-04:00,AMZN,Amazon,276.0799865722656,278.55999755859375,272.3800048828125,273.54998779296875,41908500
2026-05-06 00:00:00-04:00,AMZN,Amazon,272.8900146484375,277.79998779296875,272.2099914550781,274.989990234375,44552000
2026-05-07 00:00:00-04:00,AMZN,Amazon,275.0199890136719,276.6300048828125,270.489990234375,271.1700134277344,35892900
2026-05-08 00:00:00-04:00,AMZN,Amazon,271.6300048828125,274.0,269.95001220703125,272.67999267578125,34732700
2026-05-11 00:00:00-04:00,AMZN,Amazon,269.8399963378906,273.6300048828125,268.4800109863281,268.989990234375,38176700
2026-05-12 00:00:00-04:00,AMZN,Amazon,266.7099914550781,267.6499938964844,262.6300048828125,265.82000732421875,36776200
2026-05-13 00:00:00-04:00,AMZN,Amazon,264.42999267578125,270.7200012207031,263.20001220703125,270.1300048828125,39670900
2026-05-14 00:00:00-04:00,AMZN,Amazon,269.1499938964844,270.7799987792969,266.6300048828125,267.2200012207031,31338400
2026-05-15 00:00:00-04:00,AMZN,Amazon,262.5,264.3599853515625,260.8900146484375,264.1400146484375,40770300
2026-05-18 00:00:00-04:00,AMZN,Amazon,263.8699951171875,268.8500061035156,262.5299987792969,264.8599853515625,33690800
2026-05-19 00:00:00-04:00,AMZN,Amazon,262.0400085449219,262.25,255.19000244140625,259.3399963378906,40340700
2026-05-20 00:00:00-04:00,AMZN,Amazon,260.04998779296875,265.5799865722656,259.5299987792969,265.010009765625,34933200
2026-05-21 00:00:00-04:00,AMZN,Amazon,263.5,269.489990234375,261.3699951171875,268.4599914550781,36591700
2026-05-22 00:00:00-04:00,AMZN,Amazon,268.6600036621094,269.7900085449219,266.239990234375,266.32000732421875,27535500
2026-05-26 00:00:00-04:00,AMZN,Amazon,267.94000244140625,269.29998779296875,262.07000732421875,265.2900085449219,38028100
2026-05-27 00:00:00-04:00,AMZN,Amazon,266.1499938964844,272.4100036621094,265.70001220703125,271.8500061035156,40061900
2026-05-28 00:00:00-04:00,AMZN,Amazon,272.2699890136719,274.5,267.44000244140625,274.0,40630400
2026-05-29 00:00:00-04:00,AMZN,Amazon,271.2900085449219,274.75,269.6400146484375,270.6400146484375,54749600
2026-06-01 00:00:00-04:00,AMZN,Amazon,266.2900085449219,266.6300048828125,260.70001220703125,261.260009765625,53604400
2026-06-02 00:00:00-04:00,AMZN,Amazon,257.1600036621094,261.20001220703125,254.3699951171875,256.5199890136719,41811000
2026-06-03 00:00:00-04:00,AMZN,Amazon,254.6999969482422,257.0899963378906,247.7100067138672,250.02000427246094,51394200
2026-06-04 00:00:00-04:00,AMZN,Amazon,253.1199951171875,255.8300018310547,251.75,253.7899932861328,35609800
2026-06-05 00:00:00-04:00,AMZN,Amazon,254.25999450683594,256.3800048828125,245.77999877929688,246.02999877929688,55607800
2026-06-08 00:00:00-04:00,AMZN,Amazon,246.67999267578125,249.4199981689453,243.36000061035156,245.22000122070312,33899500
2026-06-09 00:00:00-04:00,AMZN,Amazon,247.72999572753906,250.42999267578125,240.39999389648438,244.19000244140625,44425400
2026-06-10 00:00:00-04:00,AMZN,Amazon,243.61000061035156,244.07000732421875,237.4499969482422,238.0,38590200
2026-06-11 00:00:00-04:00,AMZN,Amazon,237.92999267578125,242.13999938964844,235.17999267578125,241.50999450683594,41335400
2026-06-12 00:00:00-04:00,AMZN,Amazon,243.2100067138672,243.36000061035156,233.58999633789062,238.5500030517578,51186600
2026-06-15 00:00:00-04:00,AMZN,Amazon,245.02000427246094,247.80999755859375,244.72999572753906,246.02000427246094,41711600
2026-06-16 00:00:00-04:00,AMZN,Amazon,248.0,249.50999450683594,245.4499969482422,246.0,35187400
2026-06-17 00:00:00-04:00,AMZN,Amazon,244.89999389648438,245.91000366210938,236.0,237.5,44780800
2026-06-18 00:00:00-04:00,AMZN,Amazon,240.1199951171875,245.72999572753906,236.02000427246094,244.38999938964844,75624400
2026-06-22 00:00:00-04:00,AMZN,Amazon,240.0800018310547,242.0,232.24000549316406,232.7899932861328,68388500
2026-06-23 00:00:00-04:00,AMZN,Amazon,232.5500030517578,236.8699951171875,232.0,234.11000061035156,60492600
2026-06-24 00:00:00-04:00,AMZN,Amazon,233.85000610351562,242.4199981689453,232.9499969482422,234.27000427246094,70282600
2026-06-25 00:00:00-04:00,AMZN,Amazon,232.02000427246094,232.32000732421875,225.5500030517578,227.00999450683594,77674100
2026-06-26 00:00:00-04:00,AMZN,Amazon,227.2100067138672,233.89999389648438,226.1300048828125,232.69000244140625,248372100
2026-06-29 00:00:00-04:00,AMZN,Amazon,234.22000122070312,249.7100067138672,233.8000030517578,240.13999938964844,77619200
2026-06-30 00:00:00-04:00,AMZN,Amazon,237.35000610351562,241.5399932861328,237.1699981689453,238.33999633789062,66228300
2026-07-01 00:00:00-04:00,AMZN,Amazon,239.75,244.89999389648438,234.89999389648438,241.6999969482422,53829900
2026-07-02 00:00:00-04:00,AMZN,Amazon,241.61000061035156,246.72000122070312,241.0800018310547,242.6699981689453,48246400
2026-07-06 00:00:00-04:00,AMZN,Amazon,243.8000030517578,246.0399932861328,240.8800048828125,244.16000366210938,40044000
2026-07-07 00:00:00-04:00,AMZN,Amazon,246.97999572753906,248.92999267578125,242.6999969482422,245.97999572753906,40579600
2026-07-08 00:00:00-04:00,AMZN,Amazon,244.27000427246094,244.8000030517578,240.52000427246094,243.6199951171875,29653000
2026-07-09 00:00:00-04:00,AMZN,Amazon,239.82000732421875,247.5,238.25,247.0399932861328,38091700
2026-07-10 00:00:00-04:00,AMZN,Amazon,249.5500030517578,251.02999877929688,244.41000366210938,245.33999633789062,31654000
2026-07-13 00:00:00-04:00,AMZN,Amazon,244.67999267578125,249.64999389648438,244.17999267578125,247.30999755859375,34636100
2026-07-14 00:00:00-04:00,AMZN,Amazon,245.5500030517578,248.55999755859375,243.8000030517578,247.49000549316406,30108100
2026-07-15 00:00:00-04:00,AMZN,Amazon,249.75,256.4800109863281,249.75,254.9600067138672,45240600
2026-07-16 00:00:00-04:00,AMZN,Amazon,255.1199951171875,258.0799865722656,248.0,249.88999938964844,45343700
2026-07-17 00:00:00-04:00,AMZN,Amazon,244.4600067138672,250.24000549316406,243.58999633789062,247.22999572753906,43572400
2026-07-20 00:00:00-04:00,AMZN,Amazon,248.75999450683594,252.88999938964844,248.0,249.99000549316406,32406500
2026-07-21 00:00:00-04:00,AMZN,Amazon,249.11000061035156,249.33999633789062,246.4199981689453,247.5500030517578,27732100
2026-07-22 00:00:00-04:00,AMZN,Amazon,248.27000427246094,248.4499969482422,242.4499969482422,244.85000610351562,34112700
2026-07-23 00:00:00-04:00,AMZN,Amazon,236.25999450683594,238.35000610351562,232.0500030517578,233.66000366210938,47465300
2026-07-24 00:00:00-04:00,AMZN,Amazon,234.3800048828125,234.9499969482422,231.33999633789062,232.11000061035156,35017400
2026-07-27 00:00:00-04:00,AMZN,Amazon,235.6699981689453,235.88999938964844,230.99000549316406,231.38999938964844,34999500
2026-07-28 00:00:00-04:00,AMZN,Amazon,232.85000610351562,233.11000061035156,228.10000610351562,230.86000061035156,44521600
2026-07-29 00:00:00-04:00,AMZN,Amazon,229.32000732421875,232.82000732421875,226.16000366210938,226.64999389648438,44957500
2026-07-30 00:00:00-04:00,AMZN,Amazon,233.35000610351562,239.82000732421875,231.05999755859375,235.5,101839800
2026-07-31 00:00:00-04:00,AMZN,Amazon,265.0,273.2300109863281,262.010009765625,271.5799865722656,129054800
2026-08-03 00:00:00-04:00,AMZN,Amazon,278.2900085449219,287.20001220703125,278.0,284.0199890136719,90830200
2026-08-04 00:00:00-04:00,AMZN,Amazon,276.05999755859375,281.07000732421875,275.82000732421875,277.4200134277344,69748100
2026-08-05 00:00:00-04:00,AMZN,Amazon,281.5899963378906,282.7900085449219,270.7300109863281,272.6499938964844,45119800
2026-08-06 00:00:00-04:00,AMZN,Amazon,272.7699890136719,275.4800109863281,271.05999755859375,272.260009765625,30672900
2026-08-07 00:00:00-04:00,AMZN,Amazon,272.8699951171875,278.30999755859375,272.75,274.4800109863281,33861400
2026-08-10 00:00:00-04:00,AMZN,Amazon,274.010009765625,280.1400146484375,273.6000061035156,278.0899963378906,35731900
2026-08-11 00:00:00-04:00,AMZN,Amazon,278.69000244140625,278.8399963378906,271.3599853515625,272.2699890136719,31895700
2026-08-12 00:00:00-04:00,AMZN,Amazon,273.17999267578125,273.4599914550781,267.1000061035156,267.2799987792969,29941100
2026-08-13 00:00:00-04:00,AMZN,Amazon,267.239990234375,269.5799865722656,264.7099914550781,265.1300048828125,32170200
2026-08-14 00:00:00-04:00,AMZN,Amazon,264.8800048828125,265.80999755859375,262.4200134277344,262.6499938964844,27251700
2026-08-17 00:00:00-04:00,AMZN,Amazon,265.44000244140625,265.75,258.3399963378906,261.30999755859375,43896500
2026-08-18 00:00:00-04:00,AMZN,Amazon,,,,,31484780
2023-08-21 00:00:00-04:00,TSLA,Tesla,221.5500030517578,232.1300048828125,220.5800018310547,231.27999877929688,135702700
2023-08-22 00:00:00-04:00,TSLA,Tesla,240.25,240.82000732421875,229.5500030517578,233.19000244140625,130442800
2023-08-23 00:00:00-04:00,TSLA,Tesla,229.33999633789062,238.97999572753906,229.2899932861328,236.86000061035156,101077600
2023-08-24 00:00:00-04:00,TSLA,Tesla,238.66000366210938,238.9199981689453,228.17999267578125,230.0399932861328,99777400
2023-08-25 00:00:00-04:00,TSLA,Tesla,231.30999755859375,239.0,230.35000610351562,238.58999633789062,106612200
2023-08-28 00:00:00-04:00,TSLA,Tesla,242.5800018310547,244.3800048828125,235.35000610351562,238.82000732421875,107673700
2023-08-29 00:00:00-04:00,TSLA,Tesla,238.5800018310547,257.4800109863281,237.77000427246094,257.17999267578125,134047600
2023-08-30 00:00:00-04:00,TSLA,Tesla,254.1999969482422,260.510009765625,250.58999633789062,256.8999938964844,121988400
2023-08-31 00:00:00-04:00,TSLA,Tesla,255.97999572753906,261.17999267578125,255.0500030517578,258.0799865722656,108861700
2023-09-01 00:00:00-04:00,TSLA,Tesla,257.260009765625,259.0799865722656,242.00999450683594,245.00999450683594,132541600
2023-09-05 00:00:00-04:00,TSLA,Tesla,245.0,258.0,244.86000061035156,256.489990234375,129469600
2023-09-06 00:00:00-04:00,TSLA,Tesla,255.13999938964844,255.38999938964844,245.05999755859375,251.9199981689453,116959800
2023-09-07 00:00:00-04:00,TSLA,Tesla,245.07000732421875,252.80999755859375,243.27000427246094,251.49000549316406,115312900
2023-09-08 00:00:00-04:00,TSLA,Tesla,251.22000122070312,256.5199890136719,246.6699981689453,248.5,118367700
2023-09-11 00:00:00-04:00,TSLA,Tesla,264.2699890136719,274.8500061035156,260.6099853515625,273.5799865722656,174667900
2023-09-12 00:00:00-04:00,TSLA,Tesla,270.760009765625,278.3900146484375,266.6000061035156,267.4800109863281,135999900
2023-09-13 00:00:00-04:00,TSLA,Tesla,270.07000732421875,274.9800109863281,268.1000061035156,271.29998779296875,111673700
2023-09-14 00:00:00-04:00,TSLA,Tesla,271.32000732421875,276.7099914550781,270.4200134277344,276.0400085449219,107709800
2023-09-15 00:00:00-04:00,TSLA,Tesla,277.54998779296875,278.9800109863281,271.0,274.3900146484375,133692300
2023-09-18 00:00:00-04:00,TSLA,Tesla,271.1600036621094,271.44000244140625,263.760009765625,265.2799987792969,101543300
2023-09-19 00:00:00-04:00,TSLA,Tesla,264.3500061035156,267.8500061035156,261.20001220703125,266.5,103704000
2023-09-20 00:00:00-04:00,TSLA,Tesla,267.0400085449219,273.92999267578125,262.4599914550781,262.5899963378906,122514600
2023-09-21 00:00:00-04:00,TSLA,Tesla,257.8500061035156,260.8599853515625,254.2100067138672,255.6999969482422,119951500
2023-09-22 00:00:00-04:00,TSLA,Tesla,257.3999938964844,257.7900085449219,244.47999572753906,244.8800048828125,127524100
2023-09-25 00:00:00-04:00,TSLA,Tesla,243.3800048828125,247.10000610351562,238.30999755859375,246.99000549316406,104636600
2023-09-26 00:00:00-04:00,TSLA,Tesla,242.97999572753906,249.5500030517578,241.66000366210938,244.1199951171875,101993600
2023-09-27 00:00:00-04:00,TSLA,Tesla,244.25999450683594,245.3300018310547,234.5800018310547,240.5,136597200
2023-09-28 00:00:00-04:00,TSLA,Tesla,240.02000427246094,247.5500030517578,238.64999389648438,246.3800048828125,117058900
2023-09-29 00:00:00-04:00,TSLA,Tesla,250.0,254.77000427246094,246.35000610351562,250.22000122070312,128522700
2023-10-02 00:00:00-04:00,TSLA,Tesla,244.80999755859375,254.27999877929688,242.6199951171875,251.60000610351562,123810400
2023-10-03 00:00:00-04:00,TSLA,Tesla,248.61000061035156,250.02000427246094,244.4499969482422,246.52999877929688,101985300
2023-10-04 00:00:00-04:00,TSLA,Tesla,248.13999938964844,261.8599853515625,247.60000610351562,261.1600036621094,129721600
2023-10-05 00:00:00-04:00,TSLA,Tesla,260.0,263.6000061035156,256.25,260.04998779296875,119159200
2023-10-06 00:00:00-04:00,TSLA,Tesla,253.97999572753906,261.6499938964844,250.64999389648438,260.5299987792969,118121800
2023-10-09 00:00:00-04:00,TSLA,Tesla,255.30999755859375,261.3599853515625,252.0500030517578,259.6700134277344,101377900
2023-10-10 00:00:00-04:00,TSLA,Tesla,257.75,268.94000244140625,257.6499938964844,263.6199951171875,122656000
2023-10-11 00:00:00-04:00,TSLA,Tesla,266.20001220703125,268.6000061035156,260.8999938964844,262.989990234375,103706300
2023-10-12 00:00:00-04:00,TSLA,Tesla,262.9200134277344,265.4100036621094,256.6300048828125,258.8699951171875,111508100
2023-10-13 00:00:00-04:00,TSLA,Tesla,258.8999938964844,259.6000061035156,250.22000122070312,251.1199951171875,102073800
2023-10-16 00:00:00-04:00,TSLA,Tesla,250.0500030517578,255.39999389648438,248.47999572753906,253.9199981689453,88917200
2023-10-17 00:00:00-04:00,TSLA,Tesla,250.10000610351562,257.17999267578125,247.0800018310547,254.85000610351562,93562900
2023-10-18 00:00:00-04:00,TSLA,Tesla,252.6999969482422,254.6300048828125,242.0800018310547,242.67999267578125,125147800
2023-10-19 00:00:00-04:00,TSLA,Tesla,225.9499969482422,230.61000061035156,216.77999877929688,220.11000061035156,170772700
2023-10-20 00:00:00-04:00,TSLA,Tesla,217.00999450683594,218.86000061035156,210.4199981689453,211.99000549316406,138010100
2023-10-23 00:00:00-04:00,TSLA,Tesla,210.0,216.97999572753906,202.50999450683594,212.0800018310547,150683400
2023-10-24 00:00:00-04:00,TSLA,Tesla,216.5,222.0500030517578,214.11000061035156,216.52000427246094,118231100
2023-10-25 00:00:00-04:00,TSLA,Tesla,215.8800048828125,220.10000610351562,212.1999969482422,212.4199981689453,107065100
2023-10-26 00:00:00-04:00,TSLA,Tesla,211.32000732421875,214.8000030517578,204.8800048828125,205.75999450683594,115112600
2023-10-27 00:00:00-04:00,TSLA,Tesla,210.60000610351562,212.41000366210938,205.77000427246094,207.3000030517578,94881200
2023-10-30 00:00:00-04:00,TSLA,Tesla,209.27999877929688,210.8800048828125,194.6699981689453,197.36000061035156,136448200
2023-10-31 00:00:00-04:00,TSLA,Tesla,196.1199951171875,202.8000030517578,194.07000732421875,200.83999633789062,118068300
2023-11-01 00:00:00-04:00,TSLA,Tesla,204.0399932861328,205.99000549316406,197.85000610351562,205.66000366210938,121661700
2023-11-02 00:00:00-04:00,TSLA,Tesla,212.97000122070312,219.1999969482422,211.4499969482422,218.50999450683594,125987600
2023-11-03 00:00:00-04:00,TSLA,Tesla,221.14999389648438,226.3699951171875,218.39999389648438,219.9600067138672,119534800
2023-11-06 00:00:00-05:00,TSLA,Tesla,223.97999572753906,226.32000732421875,215.0,219.27000427246094,117335800
2023-11-07 00:00:00-05:00,TSLA,Tesla,219.97999572753906,223.1199951171875,215.72000122070312,222.17999267578125,116900100
2023-11-08 00:00:00-05:00,TSLA,Tesla,223.14999389648438,224.14999389648438,217.63999938964844,222.11000061035156,106584800
2023-11-09 00:00:00-05:00,TSLA,Tesla,219.75,220.8000030517578,206.67999267578125,209.97999572753906,142110500
2023-11-10 00:00:00-05:00,TSLA,Tesla,210.02999877929688,215.3800048828125,205.69000244140625,214.64999389648438,130994000
2023-11-13 00:00:00-05:00,TSLA,Tesla,215.60000610351562,225.39999389648438,211.61000061035156,223.7100067138672,140447600
2023-11-14 00:00:00-05:00,TSLA,Tesla,235.02999877929688,238.13999938964844,230.72000122070312,237.41000366210938,149771600
2023-11-15 00:00:00-05:00,TSLA,Tesla,239.2899932861328,246.6999969482422,236.4499969482422,242.83999633789062,150354000
2023-11-16 00:00:00-05:00,TSLA,Tesla,239.49000549316406,240.8800048828125,230.9600067138672,233.58999633789062,136816800
2023-11-17 00:00:00-05:00,TSLA,Tesla,232.0,237.38999938964844,226.5399932861328,234.3000030517578,142532800
2023-11-20 00:00:00-05:00,TSLA,Tesla,234.0399932861328,237.10000610351562,231.02000427246094,235.60000610351562,116320100
2023-11-21 00:00:00-05:00,TSLA,Tesla,235.0399932861328,243.6199951171875,233.33999633789062,241.1999969482422,122288000
2023-11-22 00:00:00-05:00,TSLA,Tesla,242.0399932861328,244.00999450683594,231.39999389648438,234.2100067138672,117950600
2023-11-24 00:00:00-05:00,TSLA,Tesla,233.75,238.75,232.3300018310547,235.4499969482422,65125200
2023-11-27 00:00:00-05:00,TSLA,Tesla,236.88999938964844,238.3300018310547,232.10000610351562,236.0800018310547,112031800
2023-11-28 00:00:00-05:00,TSLA,Tesla,236.67999267578125,247.0,234.00999450683594,246.72000122070312,148549900
2023-11-29 00:00:00-05:00,TSLA,Tesla,249.2100067138672,252.75,242.75999450683594,244.13999938964844,135401300
2023-11-30 00:00:00-05:00,TSLA,Tesla,245.13999938964844,245.22000122070312,236.91000366210938,240.0800018310547,132353200
2023-12-01 00:00:00-05:00,TSLA,Tesla,233.13999938964844,240.19000244140625,231.89999389648438,238.8300018310547,121331700
2023-12-04 00:00:00-05:00,TSLA,Tesla,235.75,239.3699951171875,233.2899932861328,235.5800018310547,104099800
2023-12-05 00:00:00-05:00,TSLA,Tesla,233.8699951171875,246.66000366210938,233.6999969482422,238.72000122070312,137971100
2023-12-06 00:00:00-05:00,TSLA,Tesla,242.9199981689453,246.57000732421875,239.1699981689453,239.3699951171875,126436200
2023-12-07 00:00:00-05:00,TSLA,Tesla,241.5500030517578,244.0800018310547,236.97999572753906,242.63999938964844,107142300
2023-12-08 00:00:00-05:00,TSLA,Tesla,240.27000427246094,245.27000427246094,239.27000427246094,243.83999633789062,103126800
2023-12-11 00:00:00-05:00,TSLA,Tesla,242.74000549316406,243.44000244140625,237.4499969482422,239.74000549316406,97913900
2023-12-12 00:00:00-05:00,TSLA,Tesla,238.5500030517578,238.99000549316406,233.8699951171875,237.00999450683594,95328300
2023-12-13 00:00:00-05:00,TSLA,Tesla,234.19000244140625,240.3000030517578,228.1999969482422,239.2899932861328,146286300
2023-12-14 00:00:00-05:00,TSLA,Tesla,241.22000122070312,253.8800048828125,240.7899932861328,251.0500030517578,160829200
2023-12-15 00:00:00-05:00,TSLA,Tesla,251.2100067138672,254.1300048828125,248.3000030517578,253.5,135932800
2023-12-18 00:00:00-05:00,TSLA,Tesla,253.77999877929688,258.739990234375,251.36000061035156,252.0800018310547,116416500
2023-12-19 00:00:00-05:00,TSLA,Tesla,253.47999572753906,258.3399963378906,253.00999450683594,257.2200012207031,106737400
2023-12-20 00:00:00-05:00,TSLA,Tesla,256.4100036621094,259.8399963378906,247.0,247.13999938964844,125097000
2023-12-21 00:00:00-05:00,TSLA,Tesla,251.89999389648438,254.8000030517578,248.5500030517578,254.5,109594200
2023-12-22 00:00:00-05:00,TSLA,Tesla,256.760009765625,258.2200012207031,251.3699951171875,252.5399932861328,93370100
2023-12-26 00:00:00-05:00,TSLA,Tesla,254.49000549316406,257.9700012207031,252.91000366210938,256.6099853515625,86892400
2023-12-27 00:00:00-05:00,TSLA,Tesla,258.3500061035156,263.3399963378906,257.5199890136719,261.44000244140625,106494400
2023-12-28 00:00:00-05:00,TSLA,Tesla,263.6600036621094,265.1300048828125,252.7100067138672,253.17999267578125,113619900
2023-12-29 00:00:00-05:00,TSLA,Tesla,255.10000610351562,255.19000244140625,247.42999267578125,248.47999572753906,100891600
2024-01-02 00:00:00-05:00,TSLA,Tesla,250.0800018310547,251.25,244.41000366210938,248.4199981689453,104654200
2024-01-03 00:00:00-05:00,TSLA,Tesla,244.97999572753906,245.67999267578125,236.32000732421875,238.4499969482422,121082600
2024-01-04 00:00:00-05:00,TSLA,Tesla,239.25,242.6999969482422,237.72999572753906,237.92999267578125,102629300
2024-01-05 00:00:00-05:00,TSLA,Tesla,236.86000061035156,240.1199951171875,234.89999389648438,237.49000549316406,92488900
2024-01-08 00:00:00-05:00,TSLA,Tesla,236.13999938964844,241.25,235.3000030517578,240.4499969482422,85166600
2024-01-09 00:00:00-05:00,TSLA,Tesla,238.11000061035156,238.9600067138672,232.0399932861328,234.9600067138672,96705700
2024-01-10 00:00:00-05:00,TSLA,Tesla,235.10000610351562,235.5,231.2899932861328,233.94000244140625,91628500
2024-01-11 00:00:00-05:00,TSLA,Tesla,230.57000732421875,230.92999267578125,225.3699951171875,227.22000122070312,105873600
2024-01-12 00:00:00-05:00,TSLA,Tesla,220.0800018310547,225.33999633789062,217.14999389648438,218.88999938964844,123043800
2024-01-16 00:00:00-05:00,TSLA,Tesla,215.10000610351562,223.49000549316406,212.17999267578125,219.91000366210938,115355000
2024-01-17 00:00:00-05:00,TSLA,Tesla,214.86000061035156,215.6699981689453,212.00999450683594,215.5500030517578,103164400
2024-01-18 00:00:00-05:00,TSLA,Tesla,216.8800048828125,217.4499969482422,208.74000549316406,211.8800048828125,108595400
2024-01-19 00:00:00-05:00,TSLA,Tesla,209.99000549316406,213.19000244140625,207.55999755859375,212.19000244140625,102260300
2024-01-22 00:00:00-05:00,TSLA,Tesla,212.25999450683594,217.8000030517578,206.27000427246094,208.8000030517578,117952500
2024-01-23 00:00:00-05:00,TSLA,Tesla,211.3000030517578,215.64999389648438,207.75,209.13999938964844,106605900
2024-01-24 00:00:00-05:00,TSLA,Tesla,211.8800048828125,212.72999572753906,206.77000427246094,207.8300018310547,123369900
2024-01-25 00:00:00-05:00,TSLA,Tesla,189.6999969482422,193.0,180.05999755859375,182.6300048828125,198076800
2024-01-26 00:00:00-05:00,TSLA,Tesla,185.5,186.77999877929688,182.10000610351562,183.25,107343200
2024-01-29 00:00:00-05:00,TSLA,Tesla,185.6300048828125,191.47999572753906,183.6699981689453,190.92999267578125,125013100
2024-01-30 00:00:00-05:00,TSLA,Tesla,195.3300018310547,196.36000061035156,190.61000061035156,191.58999633789062,109982300
2024-01-31 00:00:00-05:00,TSLA,Tesla,187.0,193.97000122070312,185.85000610351562,187.2899932861328,103221400
2024-02-01 00:00:00-05:00,TSLA,Tesla,188.5,189.8800048828125,184.27999877929688,188.86000061035156,91843300
2024-02-02 00:00:00-05:00,TSLA,Tesla,185.0399932861328,188.69000244140625,182.0,187.91000366210938,110612700
2024-02-05 00:00:00-05:00,TSLA,Tesla,184.25999450683594,184.67999267578125,175.00999450683594,181.05999755859375,134294400
2024-02-06 00:00:00-05:00,TSLA,Tesla,177.2100067138672,186.49000549316406,177.11000061035156,185.10000610351562,122676000
2024-02-07 00:00:00-05:00,TSLA,Tesla,188.17999267578125,189.7899932861328,182.67999267578125,187.5800018310547,111535200
2024-02-08 00:00:00-05:00,TSLA,Tesla,189.0,191.6199951171875,185.5800018310547,189.55999755859375,83034000
2024-02-09 00:00:00-05:00,TSLA,Tesla,190.17999267578125,194.1199951171875,189.47999572753906,193.57000732421875,84476300
2024-02-12 00:00:00-05:00,TSLA,Tesla,192.11000061035156,194.72999572753906,187.27999877929688,188.1300048828125,95498600
2024-02-13 00:00:00-05:00,TSLA,Tesla,183.99000549316406,187.25999450683594,182.11000061035156,184.02000427246094,86759500
2024-02-14 00:00:00-05:00,TSLA,Tesla,185.3000030517578,188.88999938964844,183.35000610351562,188.7100067138672,81203000
2024-02-15 00:00:00-05:00,TSLA,Tesla,189.16000366210938,200.8800048828125,188.86000061035156,200.4499969482422,120831800
2024-02-16 00:00:00-05:00,TSLA,Tesla,202.05999755859375,203.1699981689453,197.39999389648438,199.9499969482422,111346700
2024-02-20 00:00:00-05:00,TSLA,Tesla,196.1300048828125,198.60000610351562,189.1300048828125,193.75999450683594,104545800
2024-02-21 00:00:00-05:00,TSLA,Tesla,193.36000061035156,199.44000244140625,191.9499969482422,194.77000427246094,103500300
2024-02-22 00:00:00-05:00,TSLA,Tesla,194.0,198.32000732421875,191.36000061035156,197.41000366210938,92739500
2024-02-23 00:00:00-05:00,TSLA,Tesla,195.30999755859375,197.57000732421875,191.5,191.97000122070312,78841900
2024-02-26 00:00:00-05:00,TSLA,Tesla,192.2899932861328,201.77999877929688,192.0,199.39999389648438,111747100
2024-02-27 00:00:00-05:00,TSLA,Tesla,204.0399932861328,205.60000610351562,198.25999450683594,199.72999572753906,108645400
2024-02-28 00:00:00-05:00,TSLA,Tesla,200.4199981689453,205.3000030517578,198.44000244140625,202.0399932861328,99806200
2024-02-29 00:00:00-05:00,TSLA,Tesla,204.17999267578125,205.27999877929688,198.4499969482422,201.8800048828125,85907000
2024-03-01 00:00:00-05:00,TSLA,Tesla,200.52000427246094,204.52000427246094,198.5,202.63999938964844,82243100
2024-03-04 00:00:00-05:00,TSLA,Tesla,198.72999572753906,199.75,186.72000122070312,188.13999938964844,134334900
2024-03-05 00:00:00-05:00,TSLA,Tesla,183.0500030517578,184.58999633789062,177.57000732421875,180.74000549316406,119660800
2024-03-06 00:00:00-05:00,TSLA,Tesla,179.99000549316406,181.5800018310547,173.6999969482422,176.5399932861328,107920900
2024-03-07 00:00:00-05:00,TSLA,Tesla,174.35000610351562,180.0399932861328,173.6999969482422,178.64999389648438,102129000
2024-03-08 00:00:00-05:00,TSLA,Tesla,181.5,182.72999572753906,174.6999969482422,175.33999633789062,85544600
2024-03-11 00:00:00-04:00,TSLA,Tesla,175.4499969482422,182.8699951171875,174.8000030517578,177.77000427246094,85391500
2024-03-12 00:00:00-04:00,TSLA,Tesla,177.77000427246094,179.42999267578125,172.41000366210938,177.5399932861328,87391700
2024-03-13 00:00:00-04:00,TSLA,Tesla,173.0500030517578,176.0500030517578,169.14999389648438,169.47999572753906,106524500
2024-03-14 00:00:00-04:00,TSLA,Tesla,167.77000427246094,171.1699981689453,160.50999450683594,162.5,126325700
2024-03-15 00:00:00-04:00,TSLA,Tesla,163.16000366210938,165.17999267578125,160.75999450683594,163.57000732421875,97146800
2024-03-18 00:00:00-04:00,TSLA,Tesla,170.02000427246094,174.72000122070312,165.89999389648438,173.8000030517578,108214400
2024-03-19 00:00:00-04:00,TSLA,Tesla,172.36000061035156,172.82000732421875,167.4199981689453,171.32000732421875,77271400
2024-03-20 00:00:00-04:00,TSLA,Tesla,173.0,176.25,170.82000732421875,175.66000366210938,83846700
2024-03-21 00:00:00-04:00,TSLA,Tesla,176.38999938964844,178.17999267578125,171.8000030517578,172.82000732421875,73178000
2024-03-22 00:00:00-04:00,TSLA,Tesla,166.69000244140625,171.1999969482422,166.3000030517578,170.8300018310547,75580600
2024-03-25 00:00:00-04:00,TSLA,Tesla,168.75999450683594,175.24000549316406,168.72999572753906,172.6300048828125,74228600
2024-03-26 00:00:00-04:00,TSLA,Tesla,178.5800018310547,184.25,177.3800048828125,177.6699981689453,113186200
2024-03-27 00:00:00-04:00,TSLA,Tesla,181.41000366210938,181.91000366210938,176.0,179.8300018310547,81804000
2024-03-28 00:00:00-04:00,TSLA,Tesla,177.4499969482422,179.57000732421875,175.3000030517578,175.7899932861328,77654800
2024-04-01 00:00:00-04:00,TSLA,Tesla,176.1699981689453,176.75,170.2100067138672,175.22000122070312,81562100
2024-04-02 00:00:00-04:00,TSLA,Tesla,164.75,167.69000244140625,163.42999267578125,166.6300048828125,116650600
2024-04-03 00:00:00-04:00,TSLA,Tesla,164.02000427246094,168.82000732421875,163.27999877929688,168.3800048828125,82950100
2024-04-04 00:00:00-04:00,TSLA,Tesla,170.07000732421875,177.19000244140625,168.00999450683594,171.11000061035156,123162000
2024-04-05 00:00:00-04:00,TSLA,Tesla,169.0800018310547,170.86000061035156,160.50999450683594,164.89999389648438,143157600
2024-04-08 00:00:00-04:00,TSLA,Tesla,169.33999633789062,174.5,167.7899932861328,172.97999572753906,104423300
2024-04-09 00:00:00-04:00,TSLA,Tesla,172.91000366210938,179.22000122070312,171.9199981689453,176.8800048828125,102951700
2024-04-10 00:00:00-04:00,TSLA,Tesla,173.0399932861328,174.92999267578125,170.00999450683594,171.75999450683594,84532400
2024-04-11 00:00:00-04:00,TSLA,Tesla,172.5500030517578,175.8800048828125,168.50999450683594,174.60000610351562,94516000
2024-04-12 00:00:00-04:00,TSLA,Tesla,172.33999633789062,173.80999755859375,170.36000061035156,171.0500030517578,64722700
2024-04-15 00:00:00-04:00,TSLA,Tesla,170.24000549316406,170.69000244140625,161.3800048828125,161.47999572753906,100245300
2024-04-16 00:00:00-04:00,TSLA,Tesla,156.74000549316406,158.19000244140625,153.75,157.11000061035156,97000000
2024-04-17 00:00:00-04:00,TSLA,Tesla,157.63999938964844,158.3300018310547,153.77999877929688,155.4499969482422,82439700
2024-04-18 00:00:00-04:00,TSLA,Tesla,151.25,152.1999969482422,148.6999969482422,149.92999267578125,96098800
2024-04-19 00:00:00-04:00,TSLA,Tesla,148.97000122070312,150.94000244140625,146.22000122070312,147.0500030517578,87074500
2024-04-22 00:00:00-04:00,TSLA,Tesla,140.55999755859375,144.44000244140625,138.8000030517578,142.0500030517578,107097600
2024-04-23 00:00:00-04:00,TSLA,Tesla,143.3300018310547,147.25999450683594,141.11000061035156,144.67999267578125,124545100
2024-04-24 00:00:00-04:00,TSLA,Tesla,162.83999633789062,167.97000122070312,157.50999450683594,162.1300048828125,181178000
2024-04-25 00:00:00-04:00,TSLA,Tesla,158.9600067138672,170.8800048828125,158.36000061035156,170.17999267578125,126427500
2024-04-26 00:00:00-04:00,TSLA,Tesla,168.85000610351562,172.1199951171875,166.3699951171875,168.2899932861328,109815700
2024-04-29 00:00:00-04:00,TSLA,Tesla,188.4199981689453,198.8699951171875,184.5399932861328,194.0500030517578,243869700
2024-04-30 00:00:00-04:00,TSLA,Tesla,186.97999572753906,190.9499969482422,182.83999633789062,183.27999877929688,127031800
2024-05-01 00:00:00-04:00,TSLA,Tesla,182.0,185.86000061035156,179.00999450683594,179.99000549316406,92829700
2024-05-02 00:00:00-04:00,TSLA,Tesla,182.86000061035156,184.60000610351562,176.02000427246094,180.00999450683594,89148000
2024-05-03 00:00:00-04:00,TSLA,Tesla,182.10000610351562,184.77999877929688,178.4199981689453,181.19000244140625,75491500
2024-05-06 00:00:00-04:00,TSLA,Tesla,183.8000030517578,187.55999755859375,182.1999969482422,184.75999450683594,84390300
2024-05-07 00:00:00-04:00,TSLA,Tesla,182.39999389648438,183.25999450683594,177.39999389648438,177.80999755859375,75045900
2024-05-08 00:00:00-04:00,TSLA,Tesla,171.58999633789062,176.05999755859375,170.14999389648438,174.72000122070312,79969500
2024-05-09 00:00:00-04:00,TSLA,Tesla,175.00999450683594,175.6199951171875,171.3699951171875,171.97000122070312,65950300
2024-05-10 00:00:00-04:00,TSLA,Tesla,173.0500030517578,173.05999755859375,167.75,168.47000122070312,72627200
2024-05-13 00:00:00-04:00,TSLA,Tesla,170.0,175.39999389648438,169.0,171.88999938964844,67018900
2024-05-14 00:00:00-04:00,TSLA,Tesla,174.5,179.49000549316406,174.07000732421875,177.5500030517578,86407400
2024-05-15 00:00:00-04:00,TSLA,Tesla,179.89999389648438,180.0,173.11000061035156,173.99000549316406,79663000
2024-05-16 00:00:00-04:00,TSLA,Tesla,174.10000610351562,175.7899932861328,171.42999267578125,174.83999633789062,59812200
2024-05-17 00:00:00-04:00,TSLA,Tesla,173.5500030517578,179.6300048828125,172.75,177.4600067138672,77445800
2024-05-20 00:00:00-04:00,TSLA,Tesla,177.55999755859375,177.75,173.52000427246094,174.9499969482422,61727400
2024-05-21 00:00:00-04:00,TSLA,Tesla,175.50999450683594,186.8800048828125,174.7100067138672,186.60000610351562,115266500
2024-05-22 00:00:00-04:00,TSLA,Tesla,182.85000610351562,183.8000030517578,178.1199951171875,180.11000061035156,88313500
2024-05-23 00:00:00-04:00,TSLA,Tesla,181.8000030517578,181.89999389648438,173.25999450683594,173.74000549316406,71975500
2024-05-24 00:00:00-04:00,TSLA,Tesla,174.83999633789062,180.0800018310547,173.72999572753906,179.24000549316406,65584500
2024-05-28 00:00:00-04:00,TSLA,Tesla,176.39999389648438,178.25,173.16000366210938,176.75,59736600
2024-05-29 00:00:00-04:00,TSLA,Tesla,174.19000244140625,178.14999389648438,173.92999267578125,176.19000244140625,54782600
2024-05-30 00:00:00-04:00,TSLA,Tesla,178.5800018310547,182.6699981689453,175.3800048828125,178.7899932861328,77618400
2024-05-31 00:00:00-04:00,TSLA,Tesla,178.5,180.32000732421875,173.82000732421875,178.0800018310547,67314600
2024-06-03 00:00:00-04:00,TSLA,Tesla,178.1300048828125,182.63999938964844,174.49000549316406,176.2899932861328,68568900
2024-06-04 00:00:00-04:00,TSLA,Tesla,174.77999877929688,177.75999450683594,174.0,174.77000427246094,60056300
2024-06-05 00:00:00-04:00,TSLA,Tesla,175.35000610351562,176.14999389648438,172.1300048828125,175.0,57953800
2024-06-06 00:00:00-04:00,TSLA,Tesla,174.60000610351562,179.72999572753906,172.72999572753906,177.94000244140625,69887000
2024-06-07 00:00:00-04:00,TSLA,Tesla,176.1300048828125,179.35000610351562,175.5800018310547,177.47999572753906,56244900
2024-06-10 00:00:00-04:00,TSLA,Tesla,176.05999755859375,178.57000732421875,173.1699981689453,173.7899932861328,50774600
2024-06-11 00:00:00-04:00,TSLA,Tesla,173.9199981689453,174.75,167.41000366210938,170.66000366210938,64761900
2024-06-12 00:00:00-04:00,TSLA,Tesla,171.1199951171875,180.5500030517578,169.8000030517578,177.2899932861328,90389400
2024-06-13 00:00:00-04:00,TSLA,Tesla,188.38999938964844,191.0800018310547,181.22999572753906,182.47000122070312,118984100
2024-06-14 00:00:00-04:00,TSLA,Tesla,185.8000030517578,186.0,176.9199981689453,178.00999450683594,82038200
2024-06-17 00:00:00-04:00,TSLA,Tesla,177.9199981689453,188.80999755859375,177.0,187.44000244140625,109786100
2024-06-18 00:00:00-04:00,TSLA,Tesla,186.55999755859375,187.1999969482422,182.3699951171875,184.86000061035156,68982300
2024-06-20 00:00:00-04:00,TSLA,Tesla,184.67999267578125,185.2100067138672,179.66000366210938,181.57000732421875,55893100
2024-06-21 00:00:00-04:00,TSLA,Tesla,182.3000030517578,183.9499969482422,180.69000244140625,183.00999450683594,61937300
2024-06-24 00:00:00-04:00,TSLA,Tesla,184.97000122070312,188.8000030517578,182.5500030517578,182.5800018310547,61992100
2024-06-25 00:00:00-04:00,TSLA,Tesla,184.39999389648438,187.97000122070312,182.00999450683594,187.35000610351562,62905700
2024-06-26 00:00:00-04:00,TSLA,Tesla,186.5399932861328,197.75999450683594,186.36000061035156,196.3699951171875,95737100
2024-06-27 00:00:00-04:00,TSLA,Tesla,195.1699981689453,198.72000122070312,194.0500030517578,197.4199981689453,72746500
2024-06-28 00:00:00-04:00,TSLA,Tesla,199.5500030517578,203.1999969482422,195.25999450683594,197.8800048828125,95438100
2024-07-01 00:00:00-04:00,TSLA,Tesla,201.02000427246094,213.22999572753906,200.85000610351562,209.86000061035156,135691400
2024-07-02 00:00:00-04:00,TSLA,Tesla,218.88999938964844,231.3000030517578,218.05999755859375,231.25999450683594,205047900
2024-07-03 00:00:00-04:00,TSLA,Tesla,234.55999755859375,248.35000610351562,234.25,246.38999938964844,166561500
2024-07-05 00:00:00-04:00,TSLA,Tesla,249.80999755859375,252.3699951171875,242.4600067138672,251.52000427246094,154501200
2024-07-08 00:00:00-04:00,TSLA,Tesla,247.7100067138672,259.44000244140625,244.57000732421875,252.94000244140625,157219600
2024-07-09 00:00:00-04:00,TSLA,Tesla,251.0,265.6099853515625,250.3000030517578,262.3299865722656,160210900
2024-07-10 00:00:00-04:00,TSLA,Tesla,262.79998779296875,267.5899963378906,257.8599853515625,263.260009765625,128519400
2024-07-11 00:00:00-04:00,TSLA,Tesla,263.29998779296875,271.0,239.64999389648438,241.02999877929688,221707300
2024-07-12 00:00:00-04:00,TSLA,Tesla,235.8000030517578,251.83999633789062,233.08999633789062,248.22999572753906,155955800
2024-07-15 00:00:00-04:00,TSLA,Tesla,255.97000122070312,265.6000061035156,251.72999572753906,252.63999938964844,146912900
2024-07-16 00:00:00-04:00,TSLA,Tesla,255.30999755859375,258.6199951171875,245.8000030517578,256.55999755859375,126332500
2024-07-17 00:00:00-04:00,TSLA,Tesla,252.72999572753906,258.4700012207031,246.17999267578125,248.5,115584800
2024-07-18 00:00:00-04:00,TSLA,Tesla,251.08999633789062,257.1400146484375,247.1999969482422,249.22999572753906,110869000
2024-07-19 00:00:00-04:00,TSLA,Tesla,247.7899932861328,249.44000244140625,236.8300018310547,239.1999969482422,87403900
2024-07-22 00:00:00-04:00,TSLA,Tesla,244.2100067138672,253.2100067138672,243.75,251.50999450683594,101225400
2024-07-23 00:00:00-04:00,TSLA,Tesla,253.60000610351562,255.75999450683594,245.6300048828125,246.3800048828125,111928200
2024-07-24 00:00:00-04:00,TSLA,Tesla,225.4199981689453,225.99000549316406,214.7100067138672,215.99000549316406,167942900
2024-07-25 00:00:00-04:00,TSLA,Tesla,216.8000030517578,226.0,216.22999572753906,220.25,100636500
2024-07-26 00:00:00-04:00,TSLA,Tesla,221.19000244140625,222.27999877929688,215.3300018310547,219.8000030517578,94604100
2024-07-29 00:00:00-04:00,TSLA,Tesla,224.89999389648438,234.27000427246094,224.6999969482422,232.10000610351562,129201800
2024-07-30 00:00:00-04:00,TSLA,Tesla,232.25,232.41000366210938,220.0,222.6199951171875,100560300
2024-07-31 00:00:00-04:00,TSLA,Tesla,227.89999389648438,234.67999267578125,226.7899932861328,232.07000732421875,67497000
2024-08-01 00:00:00-04:00,TSLA,Tesla,227.69000244140625,231.8699951171875,214.3300018310547,216.86000061035156,83861900
2024-08-02 00:00:00-04:00,TSLA,Tesla,214.8800048828125,216.1300048828125,205.77999877929688,207.6699981689453,82880100
2024-08-05 00:00:00-04:00,TSLA,Tesla,185.22000122070312,203.8800048828125,182.0,198.8800048828125,100308800
2024-08-06 00:00:00-04:00,TSLA,Tesla,200.75,202.89999389648438,192.6699981689453,200.63999938964844,73783900
2024-08-07 00:00:00-04:00,TSLA,Tesla,200.77000427246094,203.49000549316406,191.47999572753906,191.75999450683594,71159800
2024-08-08 00:00:00-04:00,TSLA,Tesla,195.6999969482422,200.6999969482422,192.0399932861328,198.83999633789062,65033900
2024-08-09 00:00:00-04:00,TSLA,Tesla,197.0500030517578,200.8800048828125,195.11000061035156,200.0,58648300
2024-08-12 00:00:00-04:00,TSLA,Tesla,199.02000427246094,199.25999450683594,194.6699981689453,197.49000549316406,64044900
2024-08-13 00:00:00-04:00,TSLA,Tesla,198.47000122070312,208.49000549316406,197.05999755859375,207.8300018310547,76247400
2024-08-14 00:00:00-04:00,TSLA,Tesla,207.38999938964844,208.44000244140625,198.75,201.3800048828125,70250000
2024-08-15 00:00:00-04:00,TSLA,Tesla,205.02000427246094,215.8800048828125,204.82000732421875,214.13999938964844,89848500
2024-08-16 00:00:00-04:00,TSLA,Tesla,211.14999389648438,219.8000030517578,210.8000030517578,216.1199951171875,88765100
2024-08-19 00:00:00-04:00,TSLA,Tesla,217.07000732421875,222.97999572753906,214.08999633789062,222.72000122070312,76435200
2024-08-20 00:00:00-04:00,TSLA,Tesla,224.8800048828125,228.22000122070312,219.55999755859375,221.10000610351562,74001200
2024-08-21 00:00:00-04:00,TSLA,Tesla,222.6699981689453,224.66000366210938,218.86000061035156,223.27000427246094,70146000
2024-08-22 00:00:00-04:00,TSLA,Tesla,223.82000732421875,224.8000030517578,210.32000732421875,210.66000366210938,79514500
2024-08-23 00:00:00-04:00,TSLA,Tesla,214.4600067138672,221.47999572753906,214.2100067138672,220.32000732421875,81525200
2024-08-26 00:00:00-04:00,TSLA,Tesla,218.75,219.08999633789062,211.00999450683594,213.2100067138672,59301200
2024-08-27 00:00:00-04:00,TSLA,Tesla,213.25,215.66000366210938,206.94000244140625,209.2100067138672,62821400
2024-08-28 00:00:00-04:00,TSLA,Tesla,209.72000122070312,211.83999633789062,202.58999633789062,205.75,64116400
2024-08-29 00:00:00-04:00,TSLA,Tesla,209.8000030517578,214.88999938964844,205.97000122070312,206.27999877929688,62308800
2024-08-30 00:00:00-04:00,TSLA,Tesla,208.6300048828125,214.57000732421875,207.02999877929688,214.11000061035156,63370600
2024-09-03 00:00:00-04:00,TSLA,Tesla,215.25999450683594,219.89999389648438,209.63999938964844,210.60000610351562,76714200
2024-09-04 00:00:00-04:00,TSLA,Tesla,210.58999633789062,222.22000122070312,210.57000732421875,219.41000366210938,80651800
2024-09-05 00:00:00-04:00,TSLA,Tesla,223.49000549316406,235.0,222.25,230.1699981689453,119355000
2024-09-06 00:00:00-04:00,TSLA,Tesla,232.60000610351562,233.60000610351562,210.50999450683594,210.72999572753906,112177000
2024-09-09 00:00:00-04:00,TSLA,Tesla,216.1999969482422,219.8699951171875,213.6699981689453,216.27000427246094,67443500
2024-09-10 00:00:00-04:00,TSLA,Tesla,220.07000732421875,226.39999389648438,218.63999938964844,226.1699981689453,78891100
2024-09-11 00:00:00-04:00,TSLA,Tesla,224.5500030517578,228.47000122070312,216.8000030517578,228.1300048828125,83548600
2024-09-12 00:00:00-04:00,TSLA,Tesla,224.66000366210938,231.4499969482422,223.8300018310547,229.80999755859375,71894900
2024-09-13 00:00:00-04:00,TSLA,Tesla,228.0,232.6699981689453,226.32000732421875,230.2899932861328,59515100
2024-09-16 00:00:00-04:00,TSLA,Tesla,229.3000030517578,229.9600067138672,223.52999877929688,226.77999877929688,54323000
2024-09-17 00:00:00-04:00,TSLA,Tesla,229.4499969482422,234.57000732421875,226.5500030517578,227.8699951171875,66761600
2024-09-18 00:00:00-04:00,TSLA,Tesla,230.08999633789062,235.67999267578125,226.8800048828125,227.1999969482422,78010200
2024-09-19 00:00:00-04:00,TSLA,Tesla,234.0,244.24000549316406,232.1300048828125,243.9199981689453,102694600
2024-09-20 00:00:00-04:00,TSLA,Tesla,241.52000427246094,243.99000549316406,235.9199981689453,238.25,99879100
2024-09-23 00:00:00-04:00,TSLA,Tesla,242.61000061035156,250.0,241.9199981689453,250.0,86927200
2024-09-24 00:00:00-04:00,TSLA,Tesla,254.0800018310547,257.19000244140625,249.0500030517578,254.27000427246094,88491000
2024-09-25 00:00:00-04:00,TSLA,Tesla,252.5399932861328,257.04998779296875,252.27999877929688,257.0199890136719,65034300
2024-09-26 00:00:00-04:00,TSLA,Tesla,260.6000061035156,261.75,251.52999877929688,254.22000122070312,67142200
2024-09-27 00:00:00-04:00,TSLA,Tesla,257.3800048828125,260.70001220703125,254.1199951171875,260.4599914550781,70988100
2024-09-30 00:00:00-04:00,TSLA,Tesla,259.0400085449219,264.8599853515625,255.77000427246094,261.6300048828125,80705700
2024-10-01 00:00:00-04:00,TSLA,Tesla,262.6700134277344,263.9800109863281,248.52999877929688,258.0199890136719,87397600
2024-10-02 00:00:00-04:00,TSLA,Tesla,247.5500030517578,251.16000366210938,241.5,249.02000427246094,93983900
2024-10-03 00:00:00-04:00,TSLA,Tesla,244.47999572753906,249.7899932861328,237.80999755859375,240.66000366210938,80729200
2024-10-04 00:00:00-04:00,TSLA,Tesla,246.69000244140625,250.9600067138672,244.5800018310547,250.0800018310547,86573200
2024-10-07 00:00:00-04:00,TSLA,Tesla,249.0,249.8300018310547,240.6999969482422,240.8300018310547,68113300
2024-10-08 00:00:00-04:00,TSLA,Tesla,243.55999755859375,246.2100067138672,240.55999755859375,244.5,56303200
2024-10-09 00:00:00-04:00,TSLA,Tesla,243.82000732421875,247.42999267578125,239.50999450683594,241.0500030517578,66289500
2024-10-10 00:00:00-04:00,TSLA,Tesla,241.80999755859375,242.7899932861328,232.33999633789062,238.77000427246094,83087100
2024-10-11 00:00:00-04:00,TSLA,Tesla,220.1300048828125,223.33999633789062,214.3800048828125,217.8000030517578,142628900
2024-10-14 00:00:00-04:00,TSLA,Tesla,220.1300048828125,221.91000366210938,213.74000549316406,219.16000366210938,86291900
2024-10-15 00:00:00-04:00,TSLA,Tesla,220.00999450683594,224.25999450683594,217.1199951171875,219.57000732421875,62988800
2024-10-16 00:00:00-04:00,TSLA,Tesla,221.39999389648438,222.82000732421875,218.92999267578125,221.3300018310547,49632800
2024-10-17 00:00:00-04:00,TSLA,Tesla,221.58999633789062,222.0800018310547,217.89999389648438,220.88999938964844,50791800
2024-10-18 00:00:00-04:00,TSLA,Tesla,220.7100067138672,222.27999877929688,219.22999572753906,220.6999969482422,49611900
2024-10-21 00:00:00-04:00,TSLA,Tesla,218.89999389648438,220.47999572753906,215.72999572753906,218.85000610351562,47329000
2024-10-22 00:00:00-04:00,TSLA,Tesla,217.30999755859375,218.22000122070312,215.25999450683594,217.97000122070312,43268700
2024-10-23 00:00:00-04:00,TSLA,Tesla,217.1300048828125,218.72000122070312,212.11000061035156,213.64999389648438,80938900
2024-10-24 00:00:00-04:00,TSLA,Tesla,244.67999267578125,262.1199951171875,242.64999389648438,260.4800109863281,204491900
2024-10-25 00:00:00-04:00,TSLA,Tesla,256.010009765625,269.489990234375,255.32000732421875,269.19000244140625,161611900
2024-10-28 00:00:00-04:00,TSLA,Tesla,270.0,273.5400085449219,262.239990234375,262.510009765625,107653600
2024-10-29 00:00:00-04:00,TSLA,Tesla,264.510009765625,264.9800109863281,255.50999450683594,259.5199890136719,80521800
2024-10-30 00:00:00-04:00,TSLA,Tesla,258.0400085449219,263.3500061035156,255.82000732421875,257.54998779296875,53993600
2024-10-31 00:00:00-04:00,TSLA,Tesla,257.989990234375,259.75,249.25,249.85000610351562,66575300
2024-11-01 00:00:00-04:00,TSLA,Tesla,252.0399932861328,254.0,246.6300048828125,248.97999572753906,57544800
2024-11-04 00:00:00-05:00,TSLA,Tesla,244.55999755859375,248.89999389648438,238.8800048828125,242.83999633789062,68802400
2024-11-05 00:00:00-05:00,TSLA,Tesla,247.33999633789062,255.27999877929688,246.2100067138672,251.44000244140625,69282500
2024-11-06 00:00:00-05:00,TSLA,Tesla,284.6700134277344,289.5899963378906,275.6199951171875,288.5299987792969,165228700
2024-11-07 00:00:00-05:00,TSLA,Tesla,288.8900146484375,299.75,285.5199890136719,296.9100036621094,117309200
2024-11-08 00:00:00-05:00,TSLA,Tesla,299.1400146484375,328.7099914550781,297.6600036621094,321.2200012207031,204782800
2024-11-11 00:00:00-05:00,TSLA,Tesla,346.29998779296875,358.6400146484375,336.0,350.0,210521600
2024-11-12 00:00:00-05:00,TSLA,Tesla,342.739990234375,345.8399963378906,323.30999755859375,328.489990234375,155726000
2024-11-13 00:00:00-05:00,TSLA,Tesla,335.8500061035156,344.6000061035156,322.5,330.239990234375,125405600
2024-11-14 00:00:00-05:00,TSLA,Tesla,327.69000244140625,329.9800109863281,310.3699951171875,311.17999267578125,120726100
2024-11-15 00:00:00-05:00,TSLA,Tesla,310.57000732421875,324.67999267578125,309.2200012207031,320.7200012207031,114440300
2024-11-18 00:00:00-05:00,TSLA,Tesla,340.7300109863281,348.54998779296875,330.010009765625,338.739990234375,126085600
2024-11-19 00:00:00-05:00,TSLA,Tesla,335.760009765625,347.3800048828125,332.75,346.0,88852500
2024-11-20 00:00:00-05:00,TSLA,Tesla,345.0,346.6000061035156,334.29998779296875,342.0299987792969,66340700
2024-11-21 00:00:00-05:00,TSLA,Tesla,343.80999755859375,347.989990234375,335.2799987792969,339.6400146484375,58011700
2024-11-22 00:00:00-05:00,TSLA,Tesla,341.0899963378906,361.5299987792969,337.70001220703125,352.55999755859375,89140700
2024-11-25 00:00:00-05:00,TSLA,Tesla,360.1400146484375,361.92999267578125,338.20001220703125,338.5899963378906,95890900
2024-11-26 00:00:00-05:00,TSLA,Tesla,341.0,346.9599914550781,335.6600036621094,338.2300109863281,62295900
2024-11-27 00:00:00-05:00,TSLA,Tesla,341.79998779296875,342.54998779296875,326.5899963378906,332.8900146484375,57896400
2024-11-29 00:00:00-05:00,TSLA,Tesla,336.0799865722656,345.45001220703125,334.6499938964844,345.1600036621094,37167600
2024-12-02 00:00:00-05:00,TSLA,Tesla,352.3800048828125,360.0,351.1499938964844,357.0899963378906,77986500
2024-12-03 00:00:00-05:00,TSLA,Tesla,351.79998779296875,355.69000244140625,348.20001220703125,351.4200134277344,58267200
2024-12-04 00:00:00-05:00,TSLA,Tesla,353.0,358.1000061035156,348.6000061035156,357.92999267578125,50810900
2024-12-05 00:00:00-05:00,TSLA,Tesla,359.8699951171875,375.42999267578125,359.5,369.489990234375,81403600
2024-12-06 00:00:00-05:00,TSLA,Tesla,377.4200134277344,389.489990234375,370.79998779296875,389.2200012207031,81455800
2024-12-09 00:00:00-05:00,TSLA,Tesla,397.6099853515625,404.79998779296875,378.010009765625,389.7900085449219,96359200
2024-12-10 00:00:00-05:00,TSLA,Tesla,392.67999267578125,409.7300109863281,390.8500061035156,400.989990234375,97563600
2024-12-11 00:00:00-05:00,TSLA,Tesla,409.70001220703125,424.8800048828125,402.3800048828125,424.7699890136719,104287600
2024-12-12 00:00:00-05:00,TSLA,Tesla,424.8399963378906,429.29998779296875,415.0,418.1000061035156,87752200
2024-12-13 00:00:00-05:00,TSLA,Tesla,420.0,436.29998779296875,415.7099914550781,436.2300109863281,89000200
2024-12-16 00:00:00-05:00,TSLA,Tesla,441.0899963378906,463.19000244140625,436.1499938964844,463.0199890136719,114083800
2024-12-17 00:00:00-05:00,TSLA,Tesla,475.8999938964844,483.989990234375,457.510009765625,479.8599853515625,131223000
2024-12-18 00:00:00-05:00,TSLA,Tesla,466.5,488.5400085449219,427.010009765625,440.1300048828125,149340800
2024-12-19 00:00:00-05:00,TSLA,Tesla,451.8800048828125,456.3599853515625,420.0199890136719,436.1700134277344,118566100
2024-12-20 00:00:00-05:00,TSLA,Tesla,425.510009765625,447.0799865722656,417.6400146484375,421.05999755859375,132216200
2024-12-23 00:00:00-05:00,TSLA,Tesla,431.0,434.510009765625,415.4100036621094,430.6000061035156,72698100
2024-12-24 00:00:00-05:00,TSLA,Tesla,435.8999938964844,462.7799987792969,435.1400146484375,462.2799987792969,59551800
2024-12-26 00:00:00-05:00,TSLA,Tesla,465.1600036621094,465.3299865722656,451.0199890136719,454.1300048828125,76366400
2024-12-27 00:00:00-05:00,TSLA,Tesla,449.5199890136719,450.0,426.5,431.6600036621094,82666800
2024-12-30 00:00:00-05:00,TSLA,Tesla,419.3999938964844,427.0,415.75,417.4100036621094,64941000
2024-12-31 00:00:00-05:00,TSLA,Tesla,423.7900085449219,427.92999267578125,402.5400085449219,403.8399963378906,76825100
2025-01-02 00:00:00-05:00,TSLA,Tesla,390.1000061035156,392.7300109863281,373.0400085449219,379.2799987792969,109710700
2025-01-03 00:00:00-05:00,TSLA,Tesla,381.4800109863281,411.8800048828125,379.45001220703125,410.44000244140625,95423300
2025-01-06 00:00:00-05:00,TSLA,Tesla,423.20001220703125,426.42999267578125,401.70001220703125,411.04998779296875,85516500
2025-01-07 00:00:00-05:00,TSLA,Tesla,405.8299865722656,414.3299865722656,390.0,394.3599853515625,75699500
2025-01-08 00:00:00-05:00,TSLA,Tesla,392.95001220703125,402.5,387.3999938964844,394.94000244140625,73038800
2025-01-10 00:00:00-05:00,TSLA,Tesla,391.3999938964844,399.2799987792969,377.2900085449219,394.739990234375,62287300
2025-01-13 00:00:00-05:00,TSLA,Tesla,383.2099914550781,403.7900085449219,380.07000732421875,403.30999755859375,67580500
2025-01-14 00:00:00-05:00,TSLA,Tesla,414.3399963378906,422.6400146484375,394.5400085449219,396.3599853515625,84565000
2025-01-15 00:00:00-05:00,TSLA,Tesla,409.8999938964844,429.79998779296875,405.6600036621094,428.2200012207031,81375500
2025-01-16 00:00:00-05:00,TSLA,Tesla,423.489990234375,424.0,409.1300048828125,413.82000732421875,68335200
2025-01-17 00:00:00-05:00,TSLA,Tesla,421.5,439.739990234375,419.75,426.5,94991400
2025-01-21 00:00:00-05:00,TSLA,Tesla,432.6400146484375,433.20001220703125,406.30999755859375,424.07000732421875,87320900
2025-01-22 00:00:00-05:00,TSLA,Tesla,416.80999755859375,428.0,414.5899963378906,415.1099853515625,60963300
2025-01-23 00:00:00-05:00,TSLA,Tesla,416.05999755859375,420.7300109863281,408.95001220703125,412.3800048828125,50690600
2025-01-24 00:00:00-05:00,TSLA,Tesla,414.45001220703125,418.8800048828125,405.7799987792969,406.5799865722656,56427100
2025-01-27 00:00:00-05:00,TSLA,Tesla,394.79998779296875,406.69000244140625,389.0,397.1499938964844,58125500
2025-01-28 00:00:00-05:00,TSLA,Tesla,396.9100036621094,400.5899963378906,386.5,398.0899963378906,48910700
2025-01-29 00:00:00-05:00,TSLA,Tesla,395.2099914550781,398.5899963378906,384.4800109863281,389.1000061035156,68033600
2025-01-30 00:00:00-05:00,TSLA,Tesla,410.7799987792969,412.5,384.4100036621094,400.2799987792969,98092900
2025-01-31 00:00:00-05:00,TSLA,Tesla,401.5299987792969,419.989990234375,401.3399963378906,404.6000061035156,83283600
2025-02-03 00:00:00-05:00,TSLA,Tesla,386.67999267578125,389.1700134277344,374.3599853515625,383.67999267578125,93732100
2025-02-04 00:00:00-05:00,TSLA,Tesla,382.6300048828125,394.0,381.3999938964844,392.2099914550781,57072200
2025-02-05 00:00:00-05:00,TSLA,Tesla,387.510009765625,388.3900146484375,375.5299987792969,378.1700134277344,57223300
2025-02-06 00:00:00-05:00,TSLA,Tesla,373.0299987792969,375.3999938964844,363.17999267578125,374.32000732421875,77918200
2025-02-07 00:00:00-05:00,TSLA,Tesla,370.19000244140625,380.54998779296875,360.3399963378906,361.6199951171875,70298300
2025-02-10 00:00:00-05:00,TSLA,Tesla,356.2099914550781,362.70001220703125,350.510009765625,350.7300109863281,77514900
2025-02-11 00:00:00-05:00,TSLA,Tesla,345.79998779296875,349.3699951171875,325.1000061035156,328.5,118543400
2025-02-12 00:00:00-05:00,TSLA,Tesla,329.94000244140625,346.3999938964844,329.1199951171875,336.510009765625,105382700
2025-02-13 00:00:00-05:00,TSLA,Tesla,345.0,358.69000244140625,342.8500061035156,355.94000244140625,89441500
2025-02-14 00:00:00-05:00,TSLA,Tesla,360.6199951171875,362.0,347.5,355.8399963378906,68277300
2025-02-18 00:00:00-05:00,TSLA,Tesla,355.010009765625,359.1000061035156,350.0199890136719,354.1099853515625,51631700
2025-02-19 00:00:00-05:00,TSLA,Tesla,354.0,367.3399963378906,353.6700134277344,360.55999755859375,67094400
2025-02-20 00:00:00-05:00,TSLA,Tesla,361.510009765625,362.29998779296875,348.0,354.3999938964844,45965400
2025-02-21 00:00:00-05:00,TSLA,Tesla,353.44000244140625,354.9800109863281,334.4200134277344,337.79998779296875,74058600
2025-02-24 00:00:00-05:00,TSLA,Tesla,338.1400146484375,342.3999938964844,324.70001220703125,330.5299987792969,76052300
2025-02-25 00:00:00-05:00,TSLA,Tesla,327.0199890136719,328.8900146484375,297.25,302.79998779296875,134228800
2025-02-26 00:00:00-05:00,TSLA,Tesla,303.7099914550781,309.0,288.0400085449219,290.79998779296875,100118300
2025-02-27 00:00:00-05:00,TSLA,Tesla,291.1600036621094,297.2300109863281,280.8800048828125,281.95001220703125,101748200
2025-02-28 00:00:00-05:00,TSLA,Tesla,279.5,293.8800048828125,273.6000061035156,292.9800109863281,115697000
2025-03-03 00:00:00-05:00,TSLA,Tesla,300.3399963378906,303.94000244140625,277.29998779296875,284.6499938964844,115551400
2025-03-04 00:00:00-05:00,TSLA,Tesla,270.92999267578125,284.3500061035156,261.8399963378906,272.0400085449219,126706600
2025-03-05 00:00:00-05:00,TSLA,Tesla,272.9200134277344,279.54998779296875,267.7099914550781,279.1000061035156,94042900
2025-03-06 00:00:00-05:00,TSLA,Tesla,272.05999755859375,272.6499938964844,260.0199890136719,263.45001220703125,98451600
2025-03-07 00:00:00-05:00,TSLA,Tesla,259.32000732421875,266.25,250.72999572753906,262.6700134277344,102369600
2025-03-10 00:00:00-04:00,TSLA,Tesla,252.5399932861328,253.3699951171875,220.0,222.14999389648438,189076900
2025-03-11 00:00:00-04:00,TSLA,Tesla,225.30999755859375,237.05999755859375,217.02000427246094,230.5800018310547,174896400
2025-03-12 00:00:00-04:00,TSLA,Tesla,247.22000122070312,251.83999633789062,241.10000610351562,248.08999633789062,142215700
2025-03-13 00:00:00-04:00,TSLA,Tesla,248.1300048828125,248.2899932861328,232.60000610351562,240.67999267578125,114813500
2025-03-14 00:00:00-04:00,TSLA,Tesla,247.30999755859375,251.5800018310547,240.72999572753906,249.97999572753906,100242300
2025-03-17 00:00:00-04:00,TSLA,Tesla,245.05999755859375,245.39999389648438,232.8000030517578,238.00999450683594,111900600
2025-03-18 00:00:00-04:00,TSLA,Tesla,228.16000366210938,230.10000610351562,222.27999877929688,225.30999755859375,111477600
2025-03-19 00:00:00-04:00,TSLA,Tesla,231.61000061035156,241.41000366210938,229.1999969482422,235.86000061035156,111993800
2025-03-20 00:00:00-04:00,TSLA,Tesla,233.35000610351562,238.0,230.0500030517578,236.25999450683594,99028300
2025-03-21 00:00:00-04:00,TSLA,Tesla,234.99000549316406,249.52000427246094,234.5500030517578,248.7100067138672,132728700
2025-03-24 00:00:00-04:00,TSLA,Tesla,258.0799865722656,278.6400146484375,256.3299865722656,278.3900146484375,169079900
2025-03-25 00:00:00-04:00,TSLA,Tesla,283.6000061035156,288.20001220703125,271.2799987792969,288.1400146484375,150361500
2025-03-26 00:00:00-04:00,TSLA,Tesla,282.6600036621094,284.8999938964844,266.510009765625,272.05999755859375,153629800
2025-03-27 00:00:00-04:00,TSLA,Tesla,272.4800109863281,291.8500061035156,271.82000732421875,273.1300048828125,162572100
2025-03-28 00:00:00-04:00,TSLA,Tesla,275.5799865722656,276.1000061035156,260.57000732421875,263.54998779296875,123809400
2025-03-31 00:00:00-04:00,TSLA,Tesla,249.30999755859375,260.55999755859375,243.36000061035156,259.1600036621094,134008900
2025-04-01 00:00:00-04:00,TSLA,Tesla,263.79998779296875,277.45001220703125,259.25,268.4599914550781,146486900
2025-04-02 00:00:00-04:00,TSLA,Tesla,254.60000610351562,284.989990234375,251.27000427246094,282.760009765625,212787800
2025-04-03 00:00:00-04:00,TSLA,Tesla,265.2900085449219,276.29998779296875,261.510009765625,267.2799987792969,136174300
2025-04-04 00:00:00-04:00,TSLA,Tesla,255.3800048828125,261.0,236.0,239.42999267578125,181229400
2025-04-07 00:00:00-04:00,TSLA,Tesla,223.77999877929688,252.0,214.25,233.2899932861328,183453800
2025-04-08 00:00:00-04:00,TSLA,Tesla,245.0,250.44000244140625,217.8000030517578,221.86000061035156,171603500
2025-04-09 00:00:00-04:00,TSLA,Tesla,224.69000244140625,274.69000244140625,223.8800048828125,272.20001220703125,219433400
2025-04-10 00:00:00-04:00,TSLA,Tesla,260.0,262.489990234375,239.3300018310547,252.39999389648438,181722600
2025-04-11 00:00:00-04:00,TSLA,Tesla,251.83999633789062,257.739990234375,241.36000061035156,252.30999755859375,128948100
2025-04-14 00:00:00-04:00,TSLA,Tesla,258.3599853515625,261.79998779296875,245.92999267578125,252.35000610351562,100135200
2025-04-15 00:00:00-04:00,TSLA,Tesla,249.91000366210938,258.75,247.5399932861328,254.11000061035156,79594300
2025-04-16 00:00:00-04:00,TSLA,Tesla,247.61000061035156,251.97000122070312,233.88999938964844,241.5500030517578,112378700
2025-04-17 00:00:00-04:00,TSLA,Tesla,243.47000122070312,244.33999633789062,237.67999267578125,241.3699951171875,83404800
2025-04-21 00:00:00-04:00,TSLA,Tesla,230.25999450683594,232.2100067138672,222.7899932861328,227.5,97768000
2025-04-22 00:00:00-04:00,TSLA,Tesla,230.9600067138672,242.7899932861328,229.85000610351562,237.97000122070312,120858500
2025-04-23 00:00:00-04:00,TSLA,Tesla,254.86000061035156,259.45001220703125,244.42999267578125,250.74000549316406,150381900
2025-04-24 00:00:00-04:00,TSLA,Tesla,250.5,259.5400085449219,249.1999969482422,259.510009765625,94464200
2025-04-25 00:00:00-04:00,TSLA,Tesla,261.69000244140625,286.8500061035156,259.6300048828125,284.95001220703125,167560700
2025-04-28 00:00:00-04:00,TSLA,Tesla,288.9800109863281,294.8599853515625,272.4200134277344,285.8800048828125,151731800
2025-04-29 00:00:00-04:00,TSLA,Tesla,285.5,293.32000732421875,279.4700012207031,292.0299987792969,108906600
2025-04-30 00:00:00-04:00,TSLA,Tesla,279.8999938964844,284.45001220703125,270.7799987792969,282.1600036621094,128961100
2025-05-01 00:00:00-04:00,TSLA,Tesla,280.010009765625,290.8699951171875,279.80999755859375,280.5199890136719,99659000
2025-05-02 00:00:00-04:00,TSLA,Tesla,284.8999938964844,294.7799987792969,279.80999755859375,287.2099914550781,114454700
2025-05-05 00:00:00-04:00,TSLA,Tesla,284.57000732421875,284.8500061035156,274.3999938964844,280.260009765625,94618900
2025-05-06 00:00:00-04:00,TSLA,Tesla,273.1099853515625,277.7300109863281,271.3500061035156,275.3500061035156,76715800
2025-05-07 00:00:00-04:00,TSLA,Tesla,276.8800048828125,277.9200134277344,271.0,276.2200012207031,71592600
2025-05-08 00:00:00-04:00,TSLA,Tesla,279.6300048828125,289.79998779296875,279.4100036621094,284.82000732421875,97539400
2025-05-09 00:00:00-04:00,TSLA,Tesla,290.2099914550781,307.0400085449219,290.0,298.260009765625,132387800
2025-05-12 00:00:00-04:00,TSLA,Tesla,321.989990234375,322.2099914550781,311.5,318.3800048828125,112826700
2025-05-13 00:00:00-04:00,TSLA,Tesla,320.0,337.5899963378906,316.79998779296875,334.07000732421875,136992600
2025-05-14 00:00:00-04:00,TSLA,Tesla,342.5,350.0,337.0,347.67999267578125,136997300
2025-05-15 00:00:00-04:00,TSLA,Tesla,340.3399963378906,346.1400146484375,334.7200012207031,342.82000732421875,97882600
2025-05-16 00:00:00-04:00,TSLA,Tesla,346.239990234375,351.6199951171875,342.3299865722656,349.9800109863281,95895700
2025-05-19 00:00:00-04:00,TSLA,Tesla,336.29998779296875,343.0,333.3699951171875,342.0899963378906,88869900
2025-05-20 00:00:00-04:00,TSLA,Tesla,347.8699951171875,354.989990234375,341.6300048828125,343.82000732421875,131715500
2025-05-21 00:00:00-04:00,TSLA,Tesla,344.42999267578125,347.3500061035156,332.20001220703125,334.6199951171875,102354800
2025-05-22 00:00:00-04:00,TSLA,Tesla,331.8999938964844,347.2699890136719,331.3900146484375,341.0400085449219,97113400
2025-05-23 00:00:00-04:00,TSLA,Tesla,337.9200134277344,343.17999267578125,333.2099914550781,339.3399963378906,84654800
2025-05-27 00:00:00-04:00,TSLA,Tesla,347.3500061035156,363.7900085449219,347.32000732421875,362.8900146484375,120146400
2025-05-28 00:00:00-04:00,TSLA,Tesla,364.8399963378906,365.0,355.9100036621094,356.8999938964844,91404300
2025-05-29 00:00:00-04:00,TSLA,Tesla,365.2900085449219,367.7099914550781,356.0,358.42999267578125,88087800
2025-05-30 00:00:00-04:00,TSLA,Tesla,355.5199890136719,363.67999267578125,345.2900085449219,346.4599914550781,123474900
2025-06-02 00:00:00-04:00,TSLA,Tesla,343.5,348.0199890136719,333.3299865722656,342.69000244140625,81873800
2025-06-03 00:00:00-04:00,TSLA,Tesla,346.6000061035156,355.3999938964844,343.0400085449219,344.2699890136719,99324500
2025-06-04 00:00:00-04:00,TSLA,Tesla,345.1000061035156,345.6000061035156,327.3299865722656,332.04998779296875,98912100
2025-06-05 00:00:00-04:00,TSLA,Tesla,322.489990234375,324.54998779296875,273.2099914550781,284.70001220703125,287499800
2025-06-06 00:00:00-04:00,TSLA,Tesla,298.8299865722656,305.5,291.1400146484375,295.1400146484375,164747700
2025-06-09 00:00:00-04:00,TSLA,Tesla,285.9599914550781,309.8299865722656,281.8500061035156,308.5799865722656,140908900
2025-06-10 00:00:00-04:00,TSLA,Tesla,314.94000244140625,327.8299865722656,310.6700134277344,326.0899963378906,151256500
2025-06-11 00:00:00-04:00,TSLA,Tesla,334.3999938964844,335.5,322.5,326.42999267578125,122611400
2025-06-12 00:00:00-04:00,TSLA,Tesla,323.0799865722656,332.55999755859375,316.8599853515625,319.1099853515625,105127500
2025-06-13 00:00:00-04:00,TSLA,Tesla,313.9700012207031,332.989990234375,313.29998779296875,325.30999755859375,128964300
2025-06-16 00:00:00-04:00,TSLA,Tesla,331.2900085449219,332.04998779296875,326.4100036621094,329.1300048828125,83925900
2025-06-17 00:00:00-04:00,TSLA,Tesla,326.0899963378906,327.260009765625,314.739990234375,316.3500061035156,88282700
2025-06-18 00:00:00-04:00,TSLA,Tesla,317.30999755859375,329.32000732421875,315.45001220703125,322.04998779296875,95137700
2025-06-20 00:00:00-04:00,TSLA,Tesla,327.95001220703125,332.3599853515625,317.7799987792969,322.1600036621094,108688000
2025-06-23 00:00:00-04:00,TSLA,Tesla,327.5400085449219,357.5400085449219,327.4800109863281,348.67999267578125,190716800
2025-06-24 00:00:00-04:00,TSLA,Tesla,356.1700134277344,356.260009765625,340.44000244140625,340.4700012207031,114736200
2025-06-25 00:00:00-04:00,TSLA,Tesla,342.70001220703125,343.0,320.3999938964844,327.54998779296875,119845100
2025-06-26 00:00:00-04:00,TSLA,Tesla,324.6099853515625,331.04998779296875,323.6099853515625,325.7799987792969,80440900
2025-06-27 00:00:00-04:00,TSLA,Tesla,324.510009765625,329.3399963378906,317.5,323.6300048828125,89067000
2025-06-30 00:00:00-04:00,TSLA,Tesla,319.8999938964844,325.5799865722656,316.6000061035156,317.6600036621094,76695100
2025-07-01 00:00:00-04:00,TSLA,Tesla,298.4599914550781,305.8900146484375,293.2099914550781,300.7099914550781,145085700
2025-07-02 00:00:00-04:00,TSLA,Tesla,312.6300048828125,316.8299865722656,303.82000732421875,315.6499938964844,119483700
2025-07-03 00:00:00-04:00,TSLA,Tesla,317.989990234375,318.45001220703125,312.760009765625,315.3500061035156,58042300
2025-07-07 00:00:00-04:00,TSLA,Tesla,291.3699951171875,296.1499938964844,288.7699890136719,293.94000244140625,131177900
2025-07-08 00:00:00-04:00,TSLA,Tesla,297.0,304.04998779296875,294.3500061035156,297.80999755859375,103246700
2025-07-09 00:00:00-04:00,TSLA,Tesla,297.54998779296875,300.1499938964844,293.54998779296875,295.8800048828125,75586800
2025-07-10 00:00:00-04:00,TSLA,Tesla,300.04998779296875,310.4800109863281,300.0,309.8699951171875,104365300
2025-07-11 00:00:00-04:00,TSLA,Tesla,307.8900146484375,314.0899963378906,305.6499938964844,313.510009765625,79236400
2025-07-14 00:00:00-04:00,TSLA,Tesla,317.7300109863281,322.6000061035156,312.6700134277344,316.8999938964844,78043400
2025-07-15 00:00:00-04:00,TSLA,Tesla,319.67999267578125,321.20001220703125,310.5,310.7799987792969,77556300
2025-07-16 00:00:00-04:00,TSLA,Tesla,312.79998779296875,323.5,312.6199951171875,321.6700134277344,97284800
2025-07-17 00:00:00-04:00,TSLA,Tesla,323.1499938964844,324.3399963378906,317.05999755859375,319.4100036621094,73922900
2025-07-18 00:00:00-04:00,TSLA,Tesla,321.6600036621094,330.8999938964844,321.4200134277344,329.6499938964844,94255000
2025-07-21 00:00:00-04:00,TSLA,Tesla,334.3999938964844,338.0,326.8800048828125,328.489990234375,75768800
2025-07-22 00:00:00-04:00,TSLA,Tesla,329.739990234375,335.4100036621094,321.54998779296875,332.1099853515625,77370400
2025-07-23 00:00:00-04:00,TSLA,Tesla,330.8999938964844,336.20001220703125,328.6700134277344,332.55999755859375,92553800
2025-07-24 00:00:00-04:00,TSLA,Tesla,310.0,310.1499938964844,300.4100036621094,305.29998779296875,156966000
2025-07-25 00:00:00-04:00,TSLA,Tesla,308.739990234375,323.6300048828125,308.010009765625,316.05999755859375,148227000
2025-07-28 00:00:00-04:00,TSLA,Tesla,318.45001220703125,330.489990234375,315.69000244140625,325.5899963378906,112673800
2025-07-29 00:00:00-04:00,TSLA,Tesla,325.54998779296875,326.25,318.25,321.20001220703125,87358900
2025-07-30 00:00:00-04:00,TSLA,Tesla,322.17999267578125,324.45001220703125,311.6199951171875,319.0400085449219,83931900
2025-07-31 00:00:00-04:00,TSLA,Tesla,319.6099853515625,321.3699951171875,306.1000061035156,308.2699890136719,85270900
2025-08-01 00:00:00-04:00,TSLA,Tesla,306.2099914550781,309.30999755859375,297.82000732421875,302.6300048828125,89121400
2025-08-04 00:00:00-04:00,TSLA,Tesla,309.0799865722656,312.1199951171875,303.0,309.260009765625,78683900
2025-08-05 00:00:00-04:00,TSLA,Tesla,308.95001220703125,312.45001220703125,305.5,308.7200012207031,57961300
2025-08-06 00:00:00-04:00,TSLA,Tesla,307.8900146484375,320.4700012207031,306.92999267578125,319.9100036621094,78523600
2025-08-07 00:00:00-04:00,TSLA,Tesla,319.7900085449219,322.3999938964844,316.1600036621094,322.2699890136719,66658700
2025-08-08 00:00:00-04:00,TSLA,Tesla,321.42999267578125,335.1499938964844,320.9800109863281,329.6499938964844,91200300
2025-08-11 00:00:00-04:00,TSLA,Tesla,335.0,346.6400146484375,334.1499938964844,339.0299987792969,105320200
2025-08-12 00:00:00-04:00,TSLA,Tesla,345.0,345.260009765625,332.94000244140625,340.8399963378906,80522100
2025-08-13 00:00:00-04:00,TSLA,Tesla,341.5,348.9800109863281,338.20001220703125,339.3800048828125,67838900
2025-08-14 00:00:00-04:00,TSLA,Tesla,335.760009765625,340.4700012207031,330.3999938964844,335.5799865722656,75000700
2025-08-15 00:00:00-04:00,TSLA,Tesla,337.6600036621094,339.29998779296875,327.0199890136719,330.55999755859375,74319800
2025-08-18 00:00:00-04:00,TSLA,Tesla,329.6199951171875,336.2699890136719,329.5899963378906,335.1600036621094,56956600
2025-08-19 00:00:00-04:00,TSLA,Tesla,335.7900085449219,340.54998779296875,327.8500061035156,329.30999755859375,75956000
2025-08-20 00:00:00-04:00,TSLA,Tesla,329.2200012207031,331.3699951171875,314.6000061035156,323.8999938964844,77481800
2025-08-21 00:00:00-04:00,TSLA,Tesla,322.0799865722656,324.8999938964844,318.67999267578125,320.1099853515625,55744400
2025-08-22 00:00:00-04:00,TSLA,Tesla,321.6600036621094,340.25,319.69000244140625,340.010009765625,94016300
2025-08-25 00:00:00-04:00,TSLA,Tesla,338.8999938964844,349.5299987792969,335.0299987792969,346.6000061035156,86670000
2025-08-26 00:00:00-04:00,TSLA,Tesla,344.92999267578125,351.8999938964844,343.7200012207031,351.6700134277344,76651600
2025-08-27 00:00:00-04:00,TSLA,Tesla,351.94000244140625,355.3900146484375,349.1600036621094,349.6000061035156,65519000
2025-08-28 00:00:00-04:00,TSLA,Tesla,350.9100036621094,353.54998779296875,340.260009765625,345.9800109863281,67903200
2025-08-29 00:00:00-04:00,TSLA,Tesla,347.2300109863281,348.75,331.70001220703125,333.8699951171875,81145700
2025-09-02 00:00:00-04:00,TSLA,Tesla,328.2300109863281,333.3299865722656,325.6000061035156,329.3599853515625,58392000
2025-09-03 00:00:00-04:00,TSLA,Tesla,335.20001220703125,343.3299865722656,328.510009765625,334.0899963378906,88733300
2025-09-04 00:00:00-04:00,TSLA,Tesla,336.1499938964844,338.8900146484375,331.4800109863281,338.5299987792969,60711000
2025-09-05 00:00:00-04:00,TSLA,Tesla,348.0,355.8699951171875,344.67999267578125,350.8399963378906,108989800
2025-09-08 00:00:00-04:00,TSLA,Tesla,354.6400146484375,358.44000244140625,344.8399963378906,346.3999938964844,75208300
2025-09-09 00:00:00-04:00,TSLA,Tesla,348.44000244140625,350.7699890136719,343.82000732421875,346.9700012207031,53816000
2025-09-10 00:00:00-04:00,TSLA,Tesla,350.54998779296875,356.3299865722656,346.07000732421875,347.7900085449219,72121700
2025-09-11 00:00:00-04:00,TSLA,Tesla,350.1700134277344,368.989990234375,347.6000061035156,368.80999755859375,103756000
2025-09-12 00:00:00-04:00,TSLA,Tesla,370.94000244140625,396.69000244140625,370.239990234375,395.94000244140625,168156400
2025-09-15 00:00:00-04:00,TSLA,Tesla,423.1300048828125,425.70001220703125,402.42999267578125,410.0400085449219,163823700
2025-09-16 00:00:00-04:00,TSLA,Tesla,414.5,423.25,411.42999267578125,421.6199951171875,104285700
2025-09-17 00:00:00-04:00,TSLA,Tesla,415.75,428.30999755859375,409.6700134277344,425.8599853515625,106133500
2025-09-18 00:00:00-04:00,TSLA,Tesla,428.8699951171875,432.2200012207031,416.55999755859375,416.8500061035156,90454500
2025-09-19 00:00:00-04:00,TSLA,Tesla,421.82000732421875,429.4700012207031,421.7200012207031,426.07000732421875,93131000
2025-09-22 00:00:00-04:00,TSLA,Tesla,431.1099853515625,444.9800109863281,429.1300048828125,434.2099914550781,97108800
2025-09-23 00:00:00-04:00,TSLA,Tesla,439.8800048828125,440.9700012207031,423.7200012207031,425.8500061035156,83422700
2025-09-24 00:00:00-04:00,TSLA,Tesla,429.8299865722656,444.2099914550781,429.0299987792969,442.7900085449219,93133600
2025-09-25 00:00:00-04:00,TSLA,Tesla,435.239990234375,435.3500061035156,419.0799865722656,423.3900146484375,96746400
2025-09-26 00:00:00-04:00,TSLA,Tesla,428.29998779296875,440.4700012207031,421.0199890136719,440.3999938964844,101628200
2025-09-29 00:00:00-04:00,TSLA,Tesla,444.3500061035156,450.9800109863281,439.5,443.2099914550781,79491500
2025-09-30 00:00:00-04:00,TSLA,Tesla,441.5199890136719,445.0,433.1199951171875,444.7200012207031,74358000
2025-10-01 00:00:00-04:00,TSLA,Tesla,443.79998779296875,462.2900085449219,440.75,459.4599914550781,98122300
2025-10-02 00:00:00-04:00,TSLA,Tesla,470.5400085449219,470.75,435.57000732421875,436.0,137009000
2025-10-03 00:00:00-04:00,TSLA,Tesla,443.2900085449219,446.7699890136719,416.5799865722656,429.8299865722656,133188200
2025-10-06 00:00:00-04:00,TSLA,Tesla,440.75,453.54998779296875,436.69000244140625,453.25,85324900
2025-10-07 00:00:00-04:00,TSLA,Tesla,447.82000732421875,452.67999267578125,432.45001220703125,433.0899963378906,102296100
2025-10-08 00:00:00-04:00,TSLA,Tesla,437.57000732421875,441.3299865722656,425.2300109863281,438.69000244140625,71192100
2025-10-09 00:00:00-04:00,TSLA,Tesla,431.80999755859375,436.3500061035156,426.17999267578125,435.5400085449219,69339900
2025-10-10 00:00:00-04:00,TSLA,Tesla,436.5400085449219,443.1300048828125,411.45001220703125,413.489990234375,112107900
2025-10-13 00:00:00-04:00,TSLA,Tesla,423.5299987792969,436.8900146484375,419.70001220703125,435.8999938964844,79552800
2025-10-14 00:00:00-04:00,TSLA,Tesla,426.7900085449219,434.20001220703125,417.8599853515625,429.239990234375,72669400
2025-10-15 00:00:00-04:00,TSLA,Tesla,434.8999938964844,440.510009765625,426.3299865722656,435.1499938964844,71558200
2025-10-16 00:00:00-04:00,TSLA,Tesla,434.7300109863281,439.3500061035156,421.30999755859375,428.75,77189900
2025-10-17 00:00:00-04:00,TSLA,Tesla,425.5,441.4599914550781,423.6000061035156,439.30999755859375,89331600
2025-10-20 00:00:00-04:00,TSLA,Tesla,443.8699951171875,449.79998779296875,440.6099853515625,447.42999267578125,63719000
2025-10-21 00:00:00-04:00,TSLA,Tesla,445.760009765625,449.29998779296875,442.04998779296875,442.6000061035156,54412200
2025-10-22 00:00:00-04:00,TSLA,Tesla,443.45001220703125,445.5400085449219,429.0,438.9700012207031,84023500
2025-10-23 00:00:00-04:00,TSLA,Tesla,420.0,449.3999938964844,413.8999938964844,448.9800109863281,126709800
2025-10-24 00:00:00-04:00,TSLA,Tesla,446.8299865722656,451.67999267578125,430.1700134277344,433.7200012207031,94727800
2025-10-27 00:00:00-04:00,TSLA,Tesla,439.9800109863281,460.1600036621094,438.69000244140625,452.4200134277344,105867500
2025-10-28 00:00:00-04:00,TSLA,Tesla,454.7799987792969,467.0,451.6000061035156,460.54998779296875,80185700
2025-10-29 00:00:00-04:00,TSLA,Tesla,462.5,465.70001220703125,452.6499938964844,461.510009765625,67983500
2025-10-30 00:00:00-04:00,TSLA,Tesla,451.04998779296875,455.05999755859375,439.6099853515625,440.1000061035156,72447900
2025-10-31 00:00:00-04:00,TSLA,Tesla,446.75,458.0,443.69000244140625,456.55999755859375,83135800
2025-11-03 00:00:00-05:00,TSLA,Tesla,455.989990234375,474.07000732421875,453.79998779296875,468.3699951171875,84595200
2025-11-04 00:00:00-05:00,TSLA,Tesla,454.4599914550781,460.2200012207031,443.6000061035156,444.260009765625,87756600
2025-11-05 00:00:00-05:00,TSLA,Tesla,452.04998779296875,466.3299865722656,440.7099914550781,462.07000732421875,85573000
2025-11-06 00:00:00-05:00,TSLA,Tesla,461.9599914550781,467.45001220703125,435.0899963378906,445.9100036621094,109622900
2025-11-07 00:00:00-05:00,TSLA,Tesla,437.9200134277344,439.3599853515625,421.8800048828125,429.5199890136719,103471500
2025-11-10 00:00:00-05:00,TSLA,Tesla,439.6000061035156,449.6700134277344,433.3599853515625,445.2300109863281,76515900
2025-11-11 00:00:00-05:00,TSLA,Tesla,439.3999938964844,442.489990234375,432.3599853515625,439.6199951171875,60533200
2025-11-12 00:00:00-05:00,TSLA,Tesla,442.1499938964844,442.3299865722656,426.55999755859375,430.6000061035156,58513500
2025-11-13 00:00:00-05:00,TSLA,Tesla,423.1300048828125,424.5,396.3399963378906,401.989990234375,118948000
2025-11-14 00:00:00-05:00,TSLA,Tesla,386.29998779296875,412.19000244140625,382.7799987792969,404.3500061035156,105506700
2025-11-17 00:00:00-05:00,TSLA,Tesla,398.739990234375,423.9599914550781,398.739990234375,408.9200134277344,102214300
2025-11-18 00:00:00-05:00,TSLA,Tesla,405.3800048828125,408.8999938964844,393.7099914550781,401.25,80688600
2025-11-19 00:00:00-05:00,TSLA,Tesla,406.17999267578125,411.7799987792969,398.5,403.989990234375,72047700
2025-11-20 00:00:00-05:00,TSLA,Tesla,414.6300048828125,428.94000244140625,394.739990234375,395.2300109863281,113548800
2025-11-21 00:00:00-05:00,TSLA,Tesla,402.32000732421875,402.79998779296875,383.760009765625,391.0899963378906,100460600
2025-11-24 00:00:00-05:00,TSLA,Tesla,402.1700134277344,421.7200012207031,401.0899963378906,417.7799987792969,96806400
2025-11-25 00:00:00-05:00,TSLA,Tesla,414.4200134277344,420.4800109863281,405.95001220703125,419.3999938964844,71915600
2025-11-26 00:00:00-05:00,TSLA,Tesla,423.95001220703125,426.94000244140625,416.8900146484375,426.5799865722656,63463000
2025-11-28 00:00:00-05:00,TSLA,Tesla,426.5899963378906,432.92999267578125,426.20001220703125,430.1700134277344,36252900
2025-12-01 00:00:00-05:00,TSLA,Tesla,425.32000732421875,433.6600036621094,425.2900085449219,430.1400146484375,57463600
2025-12-02 00:00:00-05:00,TSLA,Tesla,430.80999755859375,436.79998779296875,422.1199951171875,429.239990234375,69336600
2025-12-03 00:00:00-05:00,TSLA,Tesla,432.1000061035156,447.9200134277344,431.1099853515625,446.739990234375,87483000
2025-12-04 00:00:00-05:00,TSLA,Tesla,449.94000244140625,454.6300048828125,445.3900146484375,454.5299987792969,71906500
2025-12-05 00:00:00-05:00,TSLA,Tesla,453.0299987792969,458.8699951171875,451.6600036621094,455.0,56427500
2025-12-08 00:00:00-05:00,TSLA,Tesla,447.45001220703125,449.75,435.25,439.5799865722656,69165800
2025-12-09 00:00:00-05:00,TSLA,Tesla,437.5400085449219,452.3900146484375,435.70001220703125,445.1700134277344,62367400
2025-12-10 00:00:00-05:00,TSLA,Tesla,446.07000732421875,456.8800048828125,443.6099853515625,451.45001220703125,63257500
2025-12-11 00:00:00-05:00,TSLA,Tesla,448.95001220703125,449.2699890136719,440.3299865722656,446.8900146484375,55979500
2025-12-12 00:00:00-05:00,TSLA,Tesla,448.0899963378906,463.010009765625,441.6700134277344,458.9599914550781,95656700
2025-12-15 00:00:00-05:00,TSLA,Tesla,469.44000244140625,481.7699890136719,467.6600036621094,475.30999755859375,114542200
2025-12-16 00:00:00-05:00,TSLA,Tesla,472.2099914550781,491.5,465.8299865722656,489.8800048828125,107608100
2025-12-17 00:00:00-05:00,TSLA,Tesla,488.2200012207031,495.2799987792969,466.20001220703125,467.260009765625,106490400
2025-12-18 00:00:00-05:00,TSLA,Tesla,478.1600036621094,490.8599853515625,473.1199951171875,483.3699951171875,95168400
2025-12-19 00:00:00-05:00,TSLA,Tesla,488.1199951171875,490.489990234375,474.7200012207031,481.20001220703125,103305400
2025-12-22 00:00:00-05:00,TSLA,Tesla,489.8800048828125,498.8299865722656,485.3299865722656,488.7300109863281,86916100
2025-12-23 00:00:00-05:00,TSLA,Tesla,489.3999938964844,491.9700012207031,482.8399963378906,485.55999755859375,58223600
2025-12-24 00:00:00-05:00,TSLA,Tesla,488.4800109863281,490.8999938964844,476.79998779296875,485.3999938964844,41285400
2025-12-26 00:00:00-05:00,TSLA,Tesla,485.2300109863281,489.0899963378906,473.82000732421875,475.19000244140625,58780700
2025-12-29 00:00:00-05:00,TSLA,Tesla,469.0,469.3999938964844,459.0,459.6400146484375,66263000
2025-12-30 00:00:00-05:00,TSLA,Tesla,461.0899963378906,463.1199951171875,453.8299865722656,454.42999267578125,59238500
2025-12-31 00:00:00-05:00,TSLA,Tesla,456.1000061035156,456.54998779296875,449.29998779296875,449.7200012207031,49078000
2026-01-02 00:00:00-05:00,TSLA,Tesla,457.79998779296875,458.3399963378906,435.29998779296875,438.07000732421875,85535400
2026-01-05 00:00:00-05:00,TSLA,Tesla,447.989990234375,457.54998779296875,444.57000732421875,451.6700134277344,67940800
2026-01-06 00:00:00-05:00,TSLA,Tesla,446.3800048828125,448.25,428.7799987792969,432.9599914550781,89093800
2026-01-07 00:00:00-05:00,TSLA,Tesla,435.8999938964844,438.3699951171875,431.2900085449219,431.4100036621094,59828800
2026-01-08 00:00:00-05:00,TSLA,Tesla,427.8900146484375,436.8900146484375,424.3699951171875,435.79998779296875,57041100
2026-01-09 00:00:00-05:00,TSLA,Tesla,435.95001220703125,449.04998779296875,430.3900146484375,445.010009765625,67331500
2026-01-12 00:00:00-05:00,TSLA,Tesla,441.2300109863281,454.29998779296875,438.0,448.9599914550781,61649600
2026-01-13 00:00:00-05:00,TSLA,Tesla,450.20001220703125,451.80999755859375,443.95001220703125,447.20001220703125,53719200
2026-01-14 00:00:00-05:00,TSLA,Tesla,442.80999755859375,443.9100036621094,434.2200012207031,439.20001220703125,57259500
2026-01-15 00:00:00-05:00,TSLA,Tesla,441.1300048828125,445.3599853515625,437.6499938964844,438.57000732421875,49465800
2026-01-16 00:00:00-05:00,TSLA,Tesla,439.5,447.25,435.260009765625,437.5,60220600
2026-01-20 00:00:00-05:00,TSLA,Tesla,429.3599853515625,430.7300109863281,417.44000244140625,419.25,63187300
2026-01-21 00:00:00-05:00,TSLA,Tesla,421.6600036621094,438.20001220703125,419.6199951171875,431.44000244140625,68124000
2026-01-22 00:00:00-05:00,TSLA,Tesla,435.1600036621094,449.5,432.6300048828125,449.3599853515625,71546700
2026-01-23 00:00:00-05:00,TSLA,Tesla,447.42999267578125,452.42999267578125,444.0400085449219,449.05999755859375,56771400
2026-01-26 00:00:00-05:00,TSLA,Tesla,445.0,445.0400085449219,434.2799987792969,435.20001220703125,49397400
2026-01-27 00:00:00-05:00,TSLA,Tesla,437.4100036621094,437.5199890136719,430.69000244140625,430.8999938964844,37733100
2026-01-28 00:00:00-05:00,TSLA,Tesla,431.9100036621094,438.260009765625,430.1000061035156,431.4599914550781,54857400
2026-01-29 00:00:00-05:00,TSLA,Tesla,437.79998779296875,440.2300109863281,414.6199951171875,416.55999755859375,81686100
2026-01-30 00:00:00-05:00,TSLA,Tesla,425.3500061035156,439.8800048828125,422.70001220703125,430.4100036621094,82626100
2026-02-02 00:00:00-05:00,TSLA,Tesla,421.2900085449219,427.1499938964844,414.5,421.80999755859375,58739500
2026-02-03 00:00:00-05:00,TSLA,Tesla,424.2699890136719,428.55999755859375,413.69000244140625,421.9599914550781,56886500
2026-02-04 00:00:00-05:00,TSLA,Tesla,420.4599914550781,423.8999938964844,399.17999267578125,406.010009765625,74606900
2026-02-05 00:00:00-05:00,TSLA,Tesla,397.0199890136719,402.1000061035156,387.5299987792969,397.2099914550781,72819800
2026-02-06 00:00:00-05:00,TSLA,Tesla,400.8699951171875,414.54998779296875,397.75,411.1099853515625,62677100
2026-02-09 00:00:00-05:00,TSLA,Tesla,409.9100036621094,421.25,407.2900085449219,417.32000732421875,54484300
2026-02-10 00:00:00-05:00,TSLA,Tesla,418.0799865722656,427.25,417.0,425.2099914550781,64450200
2026-02-11 00:00:00-05:00,TSLA,Tesla,427.9599914550781,436.3500061035156,420.0299987792969,428.2699890136719,57362000
2026-02-12 00:00:00-05:00,TSLA,Tesla,430.29998779296875,436.2300109863281,414.0,417.07000732421875,61933400
2026-02-13 00:00:00-05:00,TSLA,Tesla,414.30999755859375,424.05999755859375,410.8800048828125,417.44000244140625,51434100
2026-02-17 00:00:00-05:00,TSLA,Tesla,412.3599853515625,413.7200012207031,400.510009765625,410.6300048828125,59678800
2026-02-18 00:00:00-05:00,TSLA,Tesla,411.1099853515625,416.8999938964844,409.5799865722656,411.32000732421875,45921400
2026-02-19 00:00:00-05:00,TSLA,Tesla,407.25,415.25,404.1099853515625,411.7099914550781,51019600
2026-02-20 00:00:00-05:00,TSLA,Tesla,408.29998779296875,414.70001220703125,405.5,411.82000732421875,57912200
2026-02-23 00:00:00-05:00,TSLA,Tesla,407.2900085449219,407.70001220703125,394.0400085449219,399.8299865722656,69680000
2026-02-24 00:00:00-05:00,TSLA,Tesla,399.5,410.82000732421875,397.6400146484375,409.3800048828125,58579500
2026-02-25 00:00:00-05:00,TSLA,Tesla,412.1499938964844,420.3399963378906,412.1499938964844,417.3999938964844,54809700
2026-02-26 00:00:00-05:00,TSLA,Tesla,414.4200134277344,416.80999755859375,403.6600036621094,408.5799865722656,53602500
2026-02-27 00:00:00-05:00,TSLA,Tesla,402.94000244140625,407.1199951171875,398.1099853515625,402.510009765625,56890100
2026-03-02 00:00:00-05:00,TSLA,Tesla,390.6000061035156,404.5400085449219,388.25,403.32000732421875,55088300
2026-03-03 00:00:00-05:00,TSLA,Tesla,395.0899963378906,396.3399963378906,385.3900146484375,392.42999267578125,62617300
2026-03-04 00:00:00-05:00,TSLA,Tesla,397.8500061035156,408.3299865722656,394.5799865722656,405.94000244140625,68305500
2026-03-05 00:00:00-05:00,TSLA,Tesla,401.57000732421875,408.6199951171875,399.4200134277344,405.54998779296875,51925900
2026-03-06 00:00:00-05:00,TSLA,Tesla,398.0899963378906,402.3500061035156,394.2099914550781,396.7300109863281,64054600
2026-03-09 00:00:00-04:00,TSLA,Tesla,390.04998779296875,401.5899963378906,381.3999938964844,398.67999267578125,67018900
2026-03-10 00:00:00-04:00,TSLA,Tesla,402.2200012207031,406.5899963378906,398.19000244140625,399.239990234375,59258700
2026-03-11 00:00:00-04:00,TSLA,Tesla,402.2799987792969,416.3800048828125,402.1499938964844,407.82000732421875,62559900
2026-03-12 00:00:00-04:00,TSLA,Tesla,405.17999267578125,406.5,394.6499938964844,395.010009765625,60973800
2026-03-13 00:00:00-04:00,TSLA,Tesla,399.1700134277344,400.20001220703125,389.95001220703125,391.20001220703125,58504100
2026-03-16 00:00:00-04:00,TSLA,Tesla,396.2200012207031,403.7300109863281,394.4200134277344,395.55999755859375,58068300
2026-03-17 00:00:00-04:00,TSLA,Tesla,395.69000244140625,400.1199951171875,393.0,399.2699890136719,46890500
2026-03-18 00:00:00-04:00,TSLA,Tesla,399.0,403.07000732421875,392.30999755859375,392.7799987792969,50853100
2026-03-19 00:00:00-04:00,TSLA,Tesla,387.2699890136719,387.2699890136719,378.7300109863281,380.29998779296875,67078300
2026-03-20 00:00:00-04:00,TSLA,Tesla,379.8500061035156,379.8900146484375,364.4599914550781,367.9599914550781,78628600
2026-03-23 00:00:00-04:00,TSLA,Tesla,373.0899963378906,385.3299865722656,372.7300109863281,380.8500061035156,74606000
2026-03-24 00:00:00-04:00,TSLA,Tesla,376.55999755859375,387.4800109863281,376.30999755859375,383.0299987792969,60004900
2026-03-25 00:00:00-04:00,TSLA,Tesla,389.989990234375,396.2300109863281,385.010009765625,385.95001220703125,55157300
2026-03-26 00:00:00-04:00,TSLA,Tesla,381.6000061035156,384.44000244140625,371.8699951171875,372.1099853515625,55522900
2026-03-27 00:00:00-04:00,TSLA,Tesla,369.69000244140625,369.8599853515625,359.4700012207031,361.8299865722656,62065700
2026-03-30 00:00:00-04:00,TSLA,Tesla,365.8599853515625,367.2900085449219,352.1400146484375,355.2799987792969,67954400
2026-03-31 00:00:00-04:00,TSLA,Tesla,361.510009765625,373.3299865722656,361.0,371.75,75534900
2026-04-01 00:00:00-04:00,TSLA,Tesla,378.6300048828125,383.1400146484375,374.0799865722656,381.260009765625,58683800
2026-04-02 00:00:00-04:00,TSLA,Tesla,364.20001220703125,370.2799987792969,359.0299987792969,360.5899963378906,83031200
2026-04-06 00:00:00-04:00,TSLA,Tesla,362.5899963378906,367.7200012207031,346.6400146484375,352.82000732421875,77697600
2026-04-07 00:00:00-04:00,TSLA,Tesla,346.44000244140625,348.0199890136719,337.239990234375,346.6499938964844,74515400
2026-04-08 00:00:00-04:00,TSLA,Tesla,363.7900085449219,364.5,339.6700134277344,343.25,78838600
2026-04-09 00:00:00-04:00,TSLA,Tesla,343.1499938964844,348.8800048828125,337.25,345.6199951171875,62164000
2026-04-10 00:00:00-04:00,TSLA,Tesla,346.2900085449219,350.3599853515625,342.739990234375,348.95001220703125,51336000
2026-04-13 00:00:00-04:00,TSLA,Tesla,350.07000732421875,356.3500061035156,348.57000732421875,352.4200134277344,53617500
2026-04-14 00:00:00-04:00,TSLA,Tesla,357.6700134277344,367.6300048828125,354.7699890136719,364.20001220703125,59979600
2026-04-15 00:00:00-04:00,TSLA,Tesla,366.8299865722656,394.6499938964844,362.5,391.95001220703125,113810400
2026-04-16 00:00:00-04:00,TSLA,Tesla,393.80999755859375,394.05999755859375,381.79998779296875,388.8999938964844,63515100
2026-04-17 00:00:00-04:00,TSLA,Tesla,395.9200134277344,409.2799987792969,391.6499938964844,400.6199951171875,90640000
2026-04-20 00:00:00-04:00,TSLA,Tesla,402.5799865722656,406.79998779296875,388.3299865722656,392.5,64603900
2026-04-21 00:00:00-04:00,TSLA,Tesla,393.0,393.95001220703125,385.2200012207031,386.4200134277344,50530600
2026-04-22 00:00:00-04:00,TSLA,Tesla,387.57000732421875,393.010009765625,385.29998779296875,387.510009765625,62362800
2026-04-23 00:00:00-04:00,TSLA,Tesla,375.2799987792969,386.0,368.3900146484375,373.7200012207031,93969500
2026-04-24 00:00:00-04:00,TSLA,Tesla,373.5,382.760009765625,370.7300109863281,376.29998779296875,62893300
2026-04-27 00:00:00-04:00,TSLA,Tesla,372.0899963378906,380.7799987792969,364.0199890136719,378.6700134277344,66735800
2026-04-28 00:00:00-04:00,TSLA,Tesla,374.67999267578125,382.2900085449219,372.5400085449219,376.0199890136719,50864400
2026-04-29 00:00:00-04:00,TSLA,Tesla,375.3999938964844,376.3999938964844,370.0400085449219,372.79998779296875,45384800
2026-04-30 00:00:00-04:00,TSLA,Tesla,372.75,384.75,368.1700134277344,381.6300048828125,51076000
2026-05-01 00:00:00-04:00,TSLA,Tesla,382.489990234375,397.82000732421875,378.79998779296875,390.82000732421875,65338300
2026-05-04 00:00:00-04:00,TSLA,Tesla,390.2300109863281,394.6400146484375,384.79998779296875,392.510009765625,48765100
2026-05-05 00:00:00-04:00,TSLA,Tesla,395.19000244140625,402.1199951171875,389.0,389.3699951171875,47780600
2026-05-06 00:00:00-04:00,TSLA,Tesla,386.25,401.67999267578125,384.0199890136719,398.7300109863281,53465400
2026-05-07 00:00:00-04:00,TSLA,Tesla,407.4800109863281,415.8299865722656,402.1199951171875,411.7900085449219,64294200
2026-05-08 00:00:00-04:00,TSLA,Tesla,416.4800109863281,431.20001220703125,416.3900146484375,428.3500061035156,65050000
2026-05-11 00:00:00-04:00,TSLA,Tesla,422.1600036621094,449.1600036621094,416.79998779296875,445.0,78376100
2026-05-12 00:00:00-04:00,TSLA,Tesla,441.4100036621094,447.79998779296875,422.260009765625,433.45001220703125,60569300
2026-05-13 00:00:00-04:00,TSLA,Tesla,436.6700134277344,453.3999938964844,430.2099914550781,445.2699890136719,68283200
2026-05-14 00:00:00-04:00,TSLA,Tesla,446.489990234375,451.9800109863281,441.1600036621094,443.29998779296875,46070400
2026-05-15 00:00:00-04:00,TSLA,Tesla,433.9800109863281,434.6600036621094,422.0,422.239990234375,52688700
2026-05-18 00:00:00-04:00,TSLA,Tesla,419.2699890136719,421.1300048828125,405.3299865722656,409.989990234375,52474200
2026-05-19 00:00:00-04:00,TSLA,Tesla,403.1600036621094,405.6300048828125,393.6300048828125,404.1099853515625,46500600
2026-05-20 00:00:00-04:00,TSLA,Tesla,407.6000061035156,417.4599914550781,406.3900146484375,417.260009765625,45294700
2026-05-21 00:00:00-04:00,TSLA,Tesla,422.17999267578125,426.95001220703125,412.8999938964844,417.8500061035156,42636900
2026-05-22 00:00:00-04:00,TSLA,Tesla,422.6700134277344,431.510009765625,420.510009765625,426.010009765625,46104700
2026-05-26 00:00:00-04:00,TSLA,Tesla,430.260009765625,435.20001220703125,426.1199951171875,433.5899963378906,45658900
2026-05-27 00:00:00-04:00,TSLA,Tesla,442.8900146484375,445.6000061035156,435.5199890136719,440.3599853515625,44656500
2026-05-28 00:00:00-04:00,TSLA,Tesla,437.6199951171875,443.9599914550781,436.29998779296875,442.1000061035156,32435000
2026-05-29 00:00:00-04:00,TSLA,Tesla,439.8500061035156,441.07000732421875,428.1400146484375,435.7900085449219,45176800
2026-06-01 00:00:00-04:00,TSLA,Tesla,427.489990234375,429.6000061035156,415.42999267578125,415.8800048828125,44937900
2026-06-02 00:00:00-04:00,TSLA,Tesla,418.2200012207031,424.4200134277344,413.6499938964844,423.739990234375,37596000
2026-06-03 00:00:00-04:00,TSLA,Tesla,418.70001220703125,433.6000061035156,416.0,423.70001220703125,44500700
2026-06-04 00:00:00-04:00,TSLA,Tesla,419.8399963378906,426.3500061035156,417.1600036621094,418.45001220703125,35323300
2026-06-05 00:00:00-04:00,TSLA,Tesla,420.5,424.67999267578125,388.5899963378906,391.0,63420200
2026-06-08 00:00:00-04:00,TSLA,Tesla,396.3299865722656,412.94000244140625,394.7200012207031,408.95001220703125,50328800
2026-06-09 00:00:00-04:00,TSLA,Tesla,411.0299987792969,418.5,384.239990234375,396.67999267578125,59940200
2026-06-10 00:00:00-04:00,TSLA,Tesla,391.5400085449219,397.0899963378906,380.1499938964844,381.5899963378906,49695600
2026-06-11 00:00:00-04:00,TSLA,Tesla,388.2799987792969,399.5400085449219,380.6600036621094,399.1499938964844,45324300
2026-06-12 00:00:00-04:00,TSLA,Tesla,399.489990234375,406.67999267578125,386.760009765625,406.42999267578125,63514500
2026-06-15 00:00:00-04:00,TSLA,Tesla,412.3699951171875,416.0,407.1000061035156,411.1499938964844,45620500
2026-06-16 00:00:00-04:00,TSLA,Tesla,404.1099853515625,412.4200134277344,400.5400085449219,404.6600036621094,40255500
2026-06-17 00:00:00-04:00,TSLA,Tesla,401.5299987792969,405.94000244140625,393.760009765625,396.3800048828125,43534300
2026-06-18 00:00:00-04:00,TSLA,Tesla,398.1000061035156,402.5199890136719,384.70001220703125,400.489990234375,58384700
2026-06-22 00:00:00-04:00,TSLA,Tesla,394.8500061035156,414.75,394.3999938964844,405.04998779296875,47819500
2026-06-23 00:00:00-04:00,TSLA,Tesla,392.6099853515625,392.8699951171875,379.05999755859375,381.6099853515625,50420200
2026-06-24 00:00:00-04:00,TSLA,Tesla,380.0799865722656,384.5799865722656,373.04998779296875,375.5299987792969,37081400
2026-06-25 00:00:00-04:00,TSLA,Tesla,375.2699890136719,379.1199951171875,371.2200012207031,375.1199951171875,30138800
2026-06-26 00:00:00-04:00,TSLA,Tesla,370.1499938964844,387.79998779296875,368.6000061035156,379.7099914550781,53434100
2026-06-29 00:00:00-04:00,TSLA,Tesla,381.7900085449219,413.2699890136719,379.29998779296875,411.8399963378906,57645800
2026-06-30 00:00:00-04:00,TSLA,Tesla,406.0,424.5400085449219,406.0,420.6000061035156,43385600
2026-07-01 00:00:00-04:00,TSLA,Tesla,421.4599914550781,432.8599853515625,418.0899963378906,425.29998779296875,40127900
2026-07-02 00:00:00-04:00,TSLA,Tesla,428.010009765625,432.3500061035156,389.29998779296875,393.45001220703125,73717700
2026-07-06 00:00:00-04:00,TSLA,Tesla,397.5,420.0,390.5,419.7699890136719,54727900
2026-07-07 00:00:00-04:00,TSLA,Tesla,416.9599914550781,419.55999755859375,401.8800048828125,402.8999938964844,38149900
2026-07-08 00:00:00-04:00,TSLA,Tesla,399.3800048828125,399.6300048828125,390.510009765625,394.05999755859375,33844900
2026-07-09 00:00:00-04:00,TSLA,Tesla,393.989990234375,407.8599853515625,390.8599853515625,406.54998779296875,37835000
2026-07-10 00:00:00-04:00,TSLA,Tesla,410.489990234375,413.1600036621094,402.80999755859375,407.760009765625,33410000
2026-07-13 00:00:00-04:00,TSLA,Tesla,404.6099853515625,405.57000732421875,391.3699951171875,394.760009765625,32809200
2026-07-14 00:00:00-04:00,TSLA,Tesla,399.04998779296875,402.2200012207031,394.760009765625,396.17999267578125,23385000
2026-07-15 00:00:00-04:00,TSLA,Tesla,399.3999938964844,406.5899963378906,390.6600036621094,394.4599914550781,31549800
2026-07-16 00:00:00-04:00,TSLA,Tesla,392.3500061035156,395.30999755859375,385.32000732421875,391.05999755859375,29269100
2026-07-17 00:00:00-04:00,TSLA,Tesla,381.7799987792969,385.69000244140625,377.2200012207031,380.8399963378906,31394600
2026-07-20 00:00:00-04:00,TSLA,Tesla,386.04998779296875,386.6099853515625,369.42999267578125,369.57000732421875,33901500
2026-07-21 00:00:00-04:00,TSLA,Tesla,371.1700134277344,384.07000732421875,369.9800109863281,378.92999267578125,32735300
2026-07-22 00:00:00-04:00,TSLA,Tesla,375.5299987792969,380.1700134277344,372.8999938964844,374.010009765625,30646100
2026-07-23 00:00:00-04:00,TSLA,Tesla,341.0,342.1099853515625,315.739990234375,319.69000244140625,115606400
2026-07-24 00:00:00-04:00,TSLA,Tesla,320.7200012207031,322.9599914550781,306.510009765625,313.0299987792969,62760000
2026-07-27 00:00:00-04:00,TSLA,Tesla,313.239990234375,317.0,304.2799987792969,309.2200012207031,44919400
2026-07-28 00:00:00-04:00,TSLA,Tesla,305.92999267578125,311.1600036621094,300.69000244140625,307.44000244140625,39802400
2026-07-29 00:00:00-04:00,TSLA,Tesla,307.1400146484375,309.05999755859375,297.3800048828125,298.32000732421875,39478000
2026-07-30 00:00:00-04:00,TSLA,Tesla,302.70001220703125,310.8699951171875,301.3299865722656,308.8500061035156,38005400
2026-07-31 00:00:00-04:00,TSLA,Tesla,309.69000244140625,315.5,301.9700012207031,311.2099914550781,36630600
2026-08-03 00:00:00-04:00,TSLA,Tesla,310.9599914550781,324.6499938964844,310.42999267578125,322.0799865722656,38281400
2026-08-04 00:00:00-04:00,TSLA,Tesla,324.0,329.57000732421875,320.7900085449219,327.3500061035156,33318300
2026-08-05 00:00:00-04:00,TSLA,Tesla,323.4200134277344,327.1400146484375,320.2799987792969,321.54998779296875,27820800
2026-08-06 00:00:00-04:00,TSLA,Tesla,317.04998779296875,323.0,315.5199890136719,319.5299987792969,26033800
2026-08-07 00:00:00-04:00,TSLA,Tesla,322.3399963378906,333.7300109863281,321.25,328.5799865722656,39492300
2026-08-10 00:00:00-04:00,TSLA,Tesla,326.6000061035156,332.04998779296875,326.1499938964844,330.8800048828125,25003800
2026-08-11 00:00:00-04:00,TSLA,Tesla,332.79998779296875,336.20001220703125,329.5299987792969,332.80999755859375,23345200
2026-08-12 00:00:00-04:00,TSLA,Tesla,335.0,335.5,323.6400146484375,327.510009765625,28698900
2026-08-13 00:00:00-04:00,TSLA,Tesla,327.20001220703125,341.6400146484375,325.239990234375,339.9599914550781,34708300
2026-08-14 00:00:00-04:00,TSLA,Tesla,342.3299865722656,351.260009765625,335.3299865722656,342.2699890136719,45437100
2026-08-17 00:00:00-04:00,TSLA,Tesla,340.69000244140625,345.45001220703125,337.4800109863281,339.29998779296875,26037100
2026-08-18 00:00:00-04:00,TSLA,Tesla,,,,,27113653
2023-08-21 00:00:00-04:00,JPM,JPMorgan Chase,140.09220047778916,140.5134714627281,138.56631446042414,139.9330596923828,8327000
2023-08-22 00:00:00-04:00,JPM,JPMorgan Chase,139.72705628894315,140.08279101763756,136.53485704527,137.031005859375,9673300
2023-08-23 00:00:00-04:00,JPM,JPMorgan Chase,137.00294965470403,138.16374441088766,136.16979258953467,137.95779418945312,7858000
2023-08-24 00:00:00-04:00,JPM,JPMorgan Chase,138.07948085085656,139.86749653958398,137.6020586356654,137.82672119140625,6534000
2023-08-25 00:00:00-04:00,JPM,JPMorgan Chase,137.8735553172173,139.1279690919885,136.53489306897146,137.6582489013672,6695500
2023-08-28 00:00:00-04:00,JPM,JPMorgan Chase,138.14503635752138,139.11860756571915,137.73313590181482,138.1356658935547,5094100
2023-08-29 00:00:00-04:00,JPM,JPMorgan Chase,138.27609058280225,139.34328069655484,137.77992738593437,139.25901794433594,6337000
2023-08-30 00:00:00-04:00,JPM,JPMorgan Chase,139.12795470612008,139.62410359982832,137.78929259629226,138.6973419189453,6277300
2023-08-31 00:00:00-04:00,JPM,JPMorgan Chase,138.79095064722685,138.87521339871287,136.637858079505,136.98422241210938,10933900
2023-09-01 00:00:00-04:00,JPM,JPMorgan Chase,136.75953017686766,138.62243813166728,136.39443924227538,137.4429168701172,7903500
2023-09-05 00:00:00-04:00,JPM,JPMorgan Chase,137.76121698537963,138.74415864513009,135.74852419936798,135.9263916015625,7854700
2023-09-06 00:00:00-04:00,JPM,JPMorgan Chase,135.45834815612446,136.24469590171947,134.90603349797408,135.70175170898438,8629200
2023-09-07 00:00:00-04:00,JPM,JPMorgan Chase,134.92472640913843,135.99191644968522,134.2319835011811,134.54090881347656,8373700
2023-09-08 00:00:00-04:00,JPM,JPMorgan Chase,134.21329372186668,134.91539300149014,133.53927727068842,134.6439208984375,7107900
2023-09-11 00:00:00-04:00,JPM,JPMorgan Chase,135.50512987768147,135.785972381945,134.51283207562778,135.23365783691406,6854200
2023-09-12 00:00:00-04:00,JPM,JPMorgan Chase,135.27112644775508,137.91102656774117,134.84986974127222,136.9936065673828,8363200
2023-09-13 00:00:00-04:00,JPM,JPMorgan Chase,137.92972395420438,138.26673213964824,136.50681320165899,137.0591278076172,8325900
2023-09-14 00:00:00-04:00,JPM,JPMorgan Chase,138.39780809031097,140.32623851403181,138.09825315552496,139.71775817871094,10034900
2023-09-15 00:00:00-04:00,JPM,JPMorgan Chase,139.4088070236676,140.16707182842225,138.83776580409716,139.3058319091797,19863400
2023-09-18 00:00:00-04:00,JPM,JPMorgan Chase,138.69734468236973,139.61475020241627,138.31352706736544,139.5960235595703,6512400
2023-09-19 00:00:00-04:00,JPM,JPMorgan Chase,139.95176934545702,140.15771958020997,137.80803280911252,139.4181671142578,7943400
2023-09-20 00:00:00-04:00,JPM,JPMorgan Chase,140.09218487834835,140.65386993955852,138.67863032943688,138.8284149169922,7332000
2023-09-21 00:00:00-04:00,JPM,JPMorgan Chase,138.15440843768323,139.3433004745327,137.2650855973688,137.7425079345703,8052400
2023-09-22 00:00:00-04:00,JPM,JPMorgan Chase,137.88286411909203,138.08881428409282,135.91699565895658,136.42250061035156,7071700
2023-09-25 00:00:00-04:00,JPM,JPMorgan Chase,136.06682076935587,137.1620937275213,134.5221940712428,137.0965576171875,7044700
2023-09-26 00:00:00-04:00,JPM,JPMorgan Chase,135.36474916009422,136.5255441805106,135.01837046288418,135.6736602783203,7468400
2023-09-27 00:00:00-04:00,JPM,JPMorgan Chase,135.91703054679127,136.7595437767897,135.28045325041472,136.46934509277344,6717800
2023-09-28 00:00:00-04:00,JPM,JPMorgan Chase,136.9374263446685,139.36200547860716,136.68466663396703,138.16375732421875,8868100
2023-09-29 00:00:00-04:00,JPM,JPMorgan Chase,139.10929052137706,139.2590608602964,135.6081499471453,135.7579345703125,11917800
2023-10-02 00:00:00-04:00,JPM,JPMorgan Chase,135.5800051974048,136.3195432246482,133.52051756427687,134.58770751953125,9170600
2023-10-03 00:00:00-04:00,JPM,JPMorgan Chase,134.05415471123064,134.41924577010903,133.25845075431442,133.595458984375,9431100
2023-10-04 00:00:00-04:00,JPM,JPMorgan Chase,134.044780229925,134.3068961192718,132.86524444361987,134.19456481933594,8128700
2023-10-05 00:00:00-04:00,JPM,JPMorgan Chase,133.9493308732884,134.94896488002556,132.80826108005337,134.76034545898438,8576200
2023-10-06 00:00:00-04:00,JPM,JPMorgan Chase,134.7698235091785,137.57065291285397,134.04367882202118,136.8350830078125,10270600
2023-10-09 00:00:00-04:00,JPM,JPMorgan Chase,135.47710521963256,137.11798531189535,135.32621539355333,136.5238800048828,6964900
2023-10-10 00:00:00-04:00,JPM,JPMorgan Chase,137.13684937657925,138.40995889388373,137.004824376904,137.35374450683594,11288800
2023-10-11 00:00:00-04:00,JPM,JPMorgan Chase,138.16475123974746,138.84374102392985,136.75963119469503,137.82525634765625,8698200
2023-10-12 00:00:00-04:00,JPM,JPMorgan Chase,137.96671807007812,138.58912775754237,136.86336329119763,137.50462341308594,10484400
2023-10-13 00:00:00-04:00,JPM,JPMorgan Chase,140.04142044685983,144.3888348154425,139.41901068024754,139.5699005126953,29427000
2023-10-16 00:00:00-04:00,JPM,JPMorgan Chase,140.9372758593186,141.00329554327354,138.3627815883004,139.4284210205078,12663500
2023-10-17 00:00:00-04:00,JPM,JPMorgan Chase,139.1643775960049,140.80525749010098,138.42879338011554,139.12664794921875,11482700
2023-10-18 00:00:00-04:00,JPM,JPMorgan Chase,138.24019813274663,139.07950296279404,137.0896884480104,137.59893798828125,9620300
2023-10-19 00:00:00-04:00,JPM,JPMorgan Chase,137.1934163017745,138.64570554852048,136.62760109586821,137.0142364501953,11143600
2023-10-20 00:00:00-04:00,JPM,JPMorgan Chase,136.3352597722285,136.87278493216152,134.02480093728053,134.80752563476562,13332900
2023-10-23 00:00:00-04:00,JPM,JPMorgan Chase,134.79812766595725,135.49596799323533,132.71400312369968,132.9686279296875,10133400
2023-10-24 00:00:00-04:00,JPM,JPMorgan Chase,133.1478015940857,133.6570367926189,132.36507677495513,133.12893676757812,8881400
2023-10-25 00:00:00-04:00,JPM,JPMorgan Chase,132.56310041145807,133.1383408268775,131.56346622047414,132.40277099609375,8242600
2023-10-26 00:00:00-04:00,JPM,JPMorgan Chase,131.7992392386323,133.6004487370822,131.48803437322115,132.74227905273438,9109400
2023-10-27 00:00:00-04:00,JPM,JPMorgan Chase,131.03535600835636,131.1768205891227,127.48953211764959,127.96105194091797,17434700
2023-10-30 00:00:00-04:00,JPM,JPMorgan Chase,128.6683543097979,130.17720937589277,128.29112975104002,129.592529296875,9855500
2023-10-31 00:00:00-04:00,JPM,JPMorgan Chase,129.86604948465362,131.3088995862913,129.63971469609615,131.13914489746094,9672500
2023-11-01 00:00:00-04:00,JPM,JPMorgan Chase,131.3182952427371,132.52538506399418,130.58272533258497,131.0259552001953,9432000
2023-11-02 00:00:00-04:00,JPM,JPMorgan Chase,132.1104252988265,133.42124987825363,131.29941059855653,133.3646697998047,10186200
2023-11-03 00:00:00-04:00,JPM,JPMorgan Chase,134.0908306209058,135.58083522229103,133.77020054443747,134.8546905517578,9538700
2023-11-06 00:00:00-05:00,JPM,JPMorgan Chase,135.01501448146942,135.9769191638664,134.65665473143704,135.87318420410156,7625100
2023-11-07 00:00:00-05:00,JPM,JPMorgan Chase,135.33562430758016,136.0429040937685,134.68493899158793,135.80714416503906,6297900
2023-11-08 00:00:00-05:00,JPM,JPMorgan Chase,135.90144506478217,136.58985998285516,135.43935045421637,136.47669982910156,7618200
2023-11-09 00:00:00-05:00,JPM,JPMorgan Chase,137.15573260341947,137.3537629346779,135.5148379104684,136.07122802734375,7992500
2023-11-10 00:00:00-05:00,JPM,JPMorgan Chase,136.68414430256007,138.13641876786403,135.87312977554498,138.08926391601562,7983300
2023-11-13 00:00:00-05:00,JPM,JPMorgan Chase,137.40088871139884,137.91956345188186,136.89165357778936,137.47633361816406,6676300
2023-11-14 00:00:00-05:00,JPM,JPMorgan Chase,138.32508855394224,140.74870805529184,138.17421310287918,139.98484802246094,9927700
2023-11-15 00:00:00-05:00,JPM,JPMorgan Chase,140.00369511859856,141.60685990157586,140.00369511859856,141.21078491210938,8365300
2023-11-16 00:00:00-05:00,JPM,JPMorgan Chase,141.54087501448367,142.89885496353227,141.54087501448367,142.8234100341797,8126200
2023-11-17 00:00:00-05:00,JPM,JPMorgan Chase,143.53064675784515,144.15305644499725,142.90823707069305,144.11534118652344,7812400
2023-11-20 00:00:00-05:00,JPM,JPMorgan Chase,143.41747800515745,144.99235256315117,143.26658820100812,144.5585479736328,7019000
2023-11-21 00:00:00-05:00,JPM,JPMorgan Chase,144.47368527220556,144.87919984297054,143.87958002103724,144.2567901611328,7083500
2023-11-22 00:00:00-05:00,JPM,JPMorgan Chase,144.67172786384498,145.11495768637337,144.19076839406415,144.59628295898438,5174500
2023-11-24 00:00:00-05:00,JPM,JPMorgan Chase,144.84149691463753,145.6430865972685,144.5491568436877,144.79434204101562,3496900
2023-11-27 00:00:00-05:00,JPM,JPMorgan Chase,144.69055368487628,144.78486339732032,144.01157843591815,144.4642333984375,6259100
2023-11-28 00:00:00-05:00,JPM,JPMorgan Chase,144.4925767512003,145.10554693934364,144.0210567942755,144.79434204101562,6582700
2023-11-29 00:00:00-05:00,JPM,JPMorgan Chase,145.3884426243466,146.76528704849733,145.22812758688474,145.5299072265625,9126100
2023-11-30 00:00:00-05:00,JPM,JPMorgan Chase,146.08626637785397,147.2367758291202,145.58645654619724,147.1896209716797,9869800
2023-12-01 00:00:00-05:00,JPM,JPMorgan Chase,146.94448174841548,148.86827678185622,146.94448174841548,147.9063720703125,8916000
2023-12-04 00:00:00-05:00,JPM,JPMorgan Chase,147.1330704680428,149.04744006979425,147.0010454744615,148.99085998535156,9607500
2023-12-05 00:00:00-05:00,JPM,JPMorgan Chase,148.30242033448647,149.47179476083681,148.02894514870184,148.97198486328125,9135600
2023-12-06 00:00:00-05:00,JPM,JPMorgan Chase,149.7924138097006,150.15077347960937,147.11418467049566,147.40652465820312,9366000
2023-12-07 00:00:00-05:00,JPM,JPMorgan Chase,147.76492705409748,148.3496071985717,147.2556774401739,147.85922241210938,8130900
2023-12-08 00:00:00-05:00,JPM,JPMorgan Chase,148.3024223551613,149.73584676995327,148.0383723826528,149.49066162109375,7369400
2023-12-11 00:00:00-05:00,JPM,JPMorgan Chase,149.4906786018212,150.22624852159782,149.14174407807883,150.0376434326172,8093900
2023-12-12 00:00:00-05:00,JPM,JPMorgan Chase,150.16019507185587,151.49930960914043,149.83013983774387,151.37672424316406,10223000
2023-12-13 00:00:00-05:00,JPM,JPMorgan Chase,151.376751172791,152.80073607591623,150.66947133004385,151.885986328125,12379100
2023-12-14 00:00:00-05:00,JPM,JPMorgan Chase,152.6121243164545,155.45066878084032,152.49896415125406,154.6490936279297,13643000
2023-12-15 00:00:00-05:00,JPM,JPMorgan Chase,153.79090619905173,155.8655905288681,153.14020654518885,155.8184356689453,20309300
2023-12-18 00:00:00-05:00,JPM,JPMorgan Chase,156.46916508532496,157.61024959807705,156.19568986918287,156.76150512695312,8469600
2023-12-19 00:00:00-05:00,JPM,JPMorgan Chase,156.5445970162341,158.87390632782794,156.12023201068527,158.85504150390625,10345700
2023-12-20 00:00:00-05:00,JPM,JPMorgan Chase,158.42125778345093,159.76037254396365,156.9689684644074,157.0632781982422,10734700
2023-12-21 00:00:00-05:00,JPM,JPMorgan Chase,157.33674255642595,158.51554219987133,156.24281303379408,157.9591522216797,7601700
2023-12-22 00:00:00-05:00,JPM,JPMorgan Chase,157.95917790673107,158.64759298134297,157.7045531132431,157.8648681640625,6576300
2023-12-26 00:00:00-05:00,JPM,JPMorgan Chase,157.92144185918576,159.15682162146308,157.65737749239696,158.7984619140625,4683600
2023-12-27 00:00:00-05:00,JPM,JPMorgan Chase,158.2797759335722,159.81693521176237,158.0345907978248,159.75091552734375,6428600
2023-12-28 00:00:00-05:00,JPM,JPMorgan Chase,159.70381588348346,160.9391958738307,159.37374615629497,160.59970092773438,6320100
2023-12-29 00:00:00-05:00,JPM,JPMorgan Chase,160.31677729363093,160.96747710381322,159.96785714773753,160.4110870361328,6435100
2024-01-02 00:00:00-05:00,JPM,JPMorgan Chase,159.45859562508764,162.3631599230326,159.2888553688662,162.27828979492188,9977400
2024-01-03 00:00:00-05:00,JPM,JPMorgan Chase,162.07082435870566,162.24056461960868,160.6656898438769,161.57101440429688,9852300
2024-01-04 00:00:00-05:00,JPM,JPMorgan Chase,161.91259668017605,164.4839997839759,161.81770540051127,162.64321899414062,11972500
2024-01-05 00:00:00-05:00,JPM,JPMorgan Chase,162.7001265545649,164.51244261762304,162.7001265545649,163.45921325683594,10066000
2024-01-08 00:00:00-05:00,JPM,JPMorgan Chase,163.22203063964844,163.5446378440562,160.82142880255864,163.22203063964844,11229900
2024-01-09 00:00:00-05:00,JPM,JPMorgan Chase,162.8424721796584,163.00377577413855,161.40022316605578,161.93157958984375,9923600
2024-01-10 00:00:00-05:00,JPM,JPMorgan Chase,161.3053268268902,162.33009181707794,160.309026324343,162.27316284179688,9670200
2024-01-11 00:00:00-05:00,JPM,JPMorgan Chase,161.61844556584327,161.64691005258496,160.0148785803073,161.58998107910156,11919500
2024-01-12 00:00:00-05:00,JPM,JPMorgan Chase,164.9109759460637,167.29259640908697,160.26157849064393,160.40391540527344,19436500
2024-01-16 00:00:00-05:00,JPM,JPMorgan Chase,156.43768035554754,159.49299385483397,155.8968406686566,159.3981170654297,17206400
2024-01-17 00:00:00-05:00,JPM,JPMorgan Chase,158.7813573746924,160.4228865888299,157.97483948873983,158.5441436767578,11107500
2024-01-18 00:00:00-05:00,JPM,JPMorgan Chase,158.5726099507023,158.9616438945128,156.7887727674102,158.85726928710938,9382300
2024-01-19 00:00:00-05:00,JPM,JPMorgan Chase,158.98063779337124,161.84618358047715,158.53467484219206,161.59947204589844,13115700
2024-01-22 00:00:00-05:00,JPM,JPMorgan Chase,161.7418034738899,163.1840524158629,161.03016233915122,161.40969848632812,12837500
2024-01-23 00:00:00-05:00,JPM,JPMorgan Chase,160.99218388563608,161.06809400313085,159.82509659569962,160.3469696044922,8360800
2024-01-24 00:00:00-05:00,JPM,JPMorgan Chase,160.69807582742826,162.26368071250425,160.2236483497231,161.77976989746094,9967100
2024-01-25 00:00:00-05:00,JPM,JPMorgan Chase,163.49718747582935,164.142416344373,162.1687963911467,164.094970703125,8873500
2024-01-26 00:00:00-05:00,JPM,JPMorgan Chase,163.78182804587664,164.2088098113454,162.9942768223619,163.4687042236328,7443000
2024-01-29 00:00:00-05:00,JPM,JPMorgan Chase,163.4307613169015,164.00006552852224,162.5388354591491,163.89569091796875,6971200
2024-01-30 00:00:00-05:00,JPM,JPMorgan Chase,163.9905758624225,167.71956825499603,163.9905758624225,167.254638671875,10822100
2024-01-31 00:00:00-05:00,JPM,JPMorgan Chase,167.18822653609234,169.18082757038678,165.42335588463555,165.4423370361328,11521800
2024-02-01 00:00:00-05:00,JPM,JPMorgan Chase,164.75916524911648,165.8977882402984,162.66218953700178,164.8445587158203,9354800
2024-02-02 00:00:00-05:00,JPM,JPMorgan Chase,164.4365557087008,166.82767409091414,164.39859340512308,165.7934112548828,8607600
2024-02-05 00:00:00-05:00,JPM,JPMorgan Chase,164.9679134968324,166.13500096991308,164.07598757427212,165.57518005371094,7820200
2024-02-06 00:00:00-05:00,JPM,JPMorgan Chase,165.6795413976579,166.87509326368186,164.87300900590824,166.1444854736328,6764800
2024-02-07 00:00:00-05:00,JPM,JPMorgan Chase,166.70430734707855,166.87509426680478,165.0627925456374,166.4575958251953,7225500
2024-02-08 00:00:00-05:00,JPM,JPMorgan Chase,166.04960084038564,166.34374353104843,164.69274533742478,165.85983276367188,6060300
2024-02-09 00:00:00-05:00,JPM,JPMorgan Chase,166.04961395288615,166.14450523792445,164.78763514943896,166.05909729003906,6296700
2024-02-12 00:00:00-05:00,JPM,JPMorgan Chase,165.84085611158963,167.76703037532326,164.81609109548293,166.7991943359375,8539300
2024-02-13 00:00:00-05:00,JPM,JPMorgan Chase,166.3532562916045,167.2167032899838,163.79133635147977,165.3474578857422,8397600
2024-02-14 00:00:00-05:00,JPM,JPMorgan Chase,166.11602396443158,167.09334329239704,165.49925963075256,167.02691650390625,7056700
2024-02-15 00:00:00-05:00,JPM,JPMorgan Chase,167.1407907162721,170.9931539074644,167.1407907162721,170.6705322265625,8723400
2024-02-16 00:00:00-05:00,JPM,JPMorgan Chase,170.42382695213206,170.77489862748652,169.04799026069725,169.8734893798828,8152600
2024-02-20 00:00:00-05:00,JPM,JPMorgan Chase,170.02529871425853,171.23034839812226,169.28519310769673,170.5376739501953,9668000
2024-02-21 00:00:00-05:00,JPM,JPMorgan Chase,170.7464483434242,171.73326561657646,169.38959269081207,171.64785766601562,7024000
2024-02-22 00:00:00-05:00,JPM,JPMorgan Chase,172.52081000181218,174.0389691999663,171.970472406029,173.70687866210938,9296500
2024-02-23 00:00:00-05:00,JPM,JPMorgan Chase,174.40900207051712,175.72790969059875,173.8207167154575,174.57980346679688,7105800
2024-02-26 00:00:00-05:00,JPM,JPMorgan Chase,174.3520779572995,175.02577126846347,173.14702824890108,173.98202514648438,7145400
2024-02-27 00:00:00-05:00,JPM,JPMorgan Chase,173.93461997623027,174.15285258764513,172.91935258352515,174.0674591064453,5717100
2024-02-28 00:00:00-05:00,JPM,JPMorgan Chase,174.0484663009059,175.7279437106466,173.60251776947524,174.94989013671875,6131600
2024-02-29 00:00:00-05:00,JPM,JPMorgan Chase,176.16439390725577,176.89500171310078,174.4469689552258,176.54393005371094,9643000
2024-03-01 00:00:00-05:00,JPM,JPMorgan Chase,176.20235797152844,176.90451583340356,175.6330536993716,175.81332397460938,6311800
2024-03-04 00:00:00-05:00,JPM,JPMorgan Chase,175.263016858248,177.99570946655217,174.8455183335183,177.1322479248047,7063600
2024-03-05 00:00:00-05:00,JPM,JPMorgan Chase,176.82859124567665,179.61822683416162,176.82859124567665,178.90658569335938,6617800
2024-03-06 00:00:00-05:00,JPM,JPMorgan Chase,179.570778102442,180.3488460192698,178.0336378978686,179.83645629882812,7572900
2024-03-07 00:00:00-05:00,JPM,JPMorgan Chase,180.19703992745502,180.75686085108097,177.08479697238374,178.26136779785156,7618300
2024-03-08 00:00:00-05:00,JPM,JPMorgan Chase,178.80220930717653,180.7189001480093,178.3088007338345,178.5934600830078,6172200
2024-03-11 00:00:00-04:00,JPM,JPMorgan Chase,177.70154336122792,178.8022185128998,176.69575949029132,178.65988159179688,5762600
2024-03-12 00:00:00-04:00,JPM,JPMorgan Chase,179.2861349314453,180.43425575956988,178.29933218131626,180.130615234375,5708400
2024-03-13 00:00:00-04:00,JPM,JPMorgan Chase,180.62403702226987,181.92396372942363,180.1306283720305,181.5918731689453,7795500
2024-03-14 00:00:00-04:00,JPM,JPMorgan Chase,181.25974046676782,181.82905916695464,177.53074786350967,178.3562469482422,10310900
2024-03-15 00:00:00-04:00,JPM,JPMorgan Chase,176.94243027212383,181.1743288406688,176.94243027212383,180.5670623779297,17214200
2024-03-18 00:00:00-04:00,JPM,JPMorgan Chase,180.88020701359716,182.84432904958828,180.17804920335632,182.80638122558594,9013800
2024-03-19 00:00:00-04:00,JPM,JPMorgan Chase,182.85383525818784,184.01142492310007,182.54071140188407,183.8785858154297,8478700
2024-03-20 00:00:00-04:00,JPM,JPMorgan Chase,184.2581170660835,186.5068983228866,183.7077795412809,186.28866577148438,9367000
2024-03-21 00:00:00-04:00,JPM,JPMorgan Chase,186.46898876572146,189.2301458138091,186.28870399907288,188.8790740966797,11203800
2024-03-22 00:00:00-04:00,JPM,JPMorgan Chase,188.83158992418737,190.22640764871292,186.48791739268526,186.56382751464844,8108800
2024-03-25 00:00:00-04:00,JPM,JPMorgan Chase,186.54487175179887,186.86747893022638,184.41943164766377,184.8559112548828,8620000
2024-03-26 00:00:00-04:00,JPM,JPMorgan Chase,184.63766637481814,186.60180291274617,184.13477445009167,185.7193603515625,5961500
2024-03-27 00:00:00-04:00,JPM,JPMorgan Chase,186.4499906047404,189.3914466295502,186.33613264813874,189.31553649902344,8725800
2024-03-28 00:00:00-04:00,JPM,JPMorgan Chase,189.28707861308453,190.4541661440958,188.38565483061902,190.05564880371094,8628300
2024-04-01 00:00:00-04:00,JPM,JPMorgan Chase,189.76151364251672,190.6629229824968,188.414141301363,188.7652130126953,7309000
2024-04-02 00:00:00-04:00,JPM,JPMorgan Chase,188.24332231873962,189.56223004560812,187.9491796173942,188.6892852783203,7014700
2024-04-03 00:00:00-04:00,JPM,JPMorgan Chase,188.86005650680525,189.35346506585586,187.5885945261513,188.1579132080078,9353400
2024-04-04 00:00:00-04:00,JPM,JPMorgan Chase,190.06669747224808,190.5725228336972,186.63090338860295,186.72633361816406,9243800
2024-04-05 00:00:00-04:00,JPM,JPMorgan Chase,187.21308807266684,189.08368373972885,186.21097596961084,188.44424438476562,6532300
2024-04-08 00:00:00-04:00,JPM,JPMorgan Chase,188.60648563767035,189.90445619693176,188.60648563767035,189.42726135253906,8001000
2024-04-09 00:00:00-04:00,JPM,JPMorgan Chase,189.03594916913636,189.8090023909844,186.02007463207437,188.15789794921875,7351500
2024-04-10 00:00:00-04:00,JPM,JPMorgan Chase,186.63090309212447,188.0815794697576,185.32337934002095,186.55455017089844,7681400
2024-04-11 00:00:00-04:00,JPM,JPMorgan Chase,187.0603971048666,187.60440627028007,184.42628655151975,186.51638793945312,10137700
2024-04-12 00:00:00-04:00,JPM,JPMorgan Chase,179.73068483719993,180.31284860479283,174.2142986804954,174.45289611816406,31532300
2024-04-15 00:00:00-04:00,JPM,JPMorgan Chase,176.08492330850328,178.90992360771173,173.88982379100682,174.54835510253906,14766600
2024-04-16 00:00:00-04:00,JPM,JPMorgan Chase,174.55784397352923,174.80599457830863,171.45607791641797,172.5536346435547,16451800
2024-04-17 00:00:00-04:00,JPM,JPMorgan Chase,173.09765717367875,174.0997692825039,171.02663324895016,171.8665008544922,9017100
2024-04-18 00:00:00-04:00,JPM,JPMorgan Chase,172.83997115716338,174.99688652001322,171.7615061943233,172.98312377929688,9557700
2024-04-19 00:00:00-04:00,JPM,JPMorgan Chase,174.08065863681227,177.40194495717884,173.1358222453055,177.32559204101562,13402300
2024-04-22 00:00:00-04:00,JPM,JPMorgan Chase,177.50692442058224,181.45809672584136,177.49737120450726,180.77093505859375,11529700
2024-04-23 00:00:00-04:00,JPM,JPMorgan Chase,182.4125059825634,183.46232590313252,181.83032768955627,183.37643432617188,9144400
2024-04-24 00:00:00-04:00,JPM,JPMorgan Chase,181.83986299476692,184.41671219594375,181.49628213042132,184.2735595703125,6964900
2024-04-25 00:00:00-04:00,JPM,JPMorgan Chase,183.48141172959566,185.0943325814848,182.46020780549338,184.55032348632812,9802300
2024-04-26 00:00:00-04:00,JPM,JPMorgan Chase,184.74120887546937,185.98190375230607,184.25446084078007,184.66485595703125,6413700
2024-04-29 00:00:00-04:00,JPM,JPMorgan Chase,184.65533733070905,185.3997602213909,183.65322511238105,184.46446228027344,5387800
2024-04-30 00:00:00-04:00,JPM,JPMorgan Chase,184.01587936793962,186.0964565277787,182.8992451443853,182.99468994140625,8153700
2024-05-01 00:00:00-04:00,JPM,JPMorgan Chase,183.50049513128624,185.5906107156563,182.08798801756038,183.10919189453125,7445300
2024-05-02 00:00:00-04:00,JPM,JPMorgan Chase,184.26402794452196,184.67440852887157,180.87594156798932,182.9183349609375,6501700
2024-05-03 00:00:00-04:00,JPM,JPMorgan Chase,183.2428161104816,183.74864146909349,179.86428309609008,181.82077026367188,8922800
2024-05-06 00:00:00-04:00,JPM,JPMorgan Chase,182.98510858949157,183.43367285342538,181.16223557444755,183.2427978515625,7911100
2024-05-07 00:00:00-04:00,JPM,JPMorgan Chase,182.9564890317483,184.13038419824304,182.90876663771533,183.00421142578125,7688800
2024-05-08 00:00:00-04:00,JPM,JPMorgan Chase,182.28842746572758,187.6807232907595,182.28842746572758,186.72633361816406,9227600
2024-05-09 00:00:00-04:00,JPM,JPMorgan Chase,186.26824403253585,188.57786545857692,186.2014443233279,188.49197387695312,7977300
2024-05-10 00:00:00-04:00,JPM,JPMorgan Chase,189.48452041598773,190.24803507157247,189.22684568795714,189.70404052734375,7529800
2024-05-13 00:00:00-04:00,JPM,JPMorgan Chase,189.7326467786561,190.73475872572587,189.007301395376,189.66583251953125,7049200
2024-05-14 00:00:00-04:00,JPM,JPMorgan Chase,189.9235483988948,192.385875547787,189.121864553999,192.31906127929688,8596200
2024-05-15 00:00:00-04:00,JPM,JPMorgan Chase,192.79626357615743,193.44525616341704,190.65843990714103,192.89170837402344,8370000
2024-05-16 00:00:00-04:00,JPM,JPMorgan Chase,192.99666261404684,195.15357782872618,192.77715708757773,193.23526000976562,8497900
2024-05-17 00:00:00-04:00,JPM,JPMorgan Chase,194.51414986383685,195.69759825802052,193.55976022547813,195.44944763183594,9260500
2024-05-20 00:00:00-04:00,JPM,JPMorgan Chase,195.06771712380632,196.48976306989658,186.4877481736679,186.6595458984375,17373300
2024-05-21 00:00:00-04:00,JPM,JPMorgan Chase,188.01479441741856,190.7825190684809,187.63304431480063,190.41986083984375,14420800
2024-05-22 00:00:00-04:00,JPM,JPMorgan Chase,189.92354585608186,191.77506416081215,188.6732977083887,189.2650146484375,9425300
2024-05-23 00:00:00-04:00,JPM,JPMorgan Chase,188.78780643900882,189.25546259056458,187.12717783768824,187.9384002685547,8069400
2024-05-24 00:00:00-04:00,JPM,JPMorgan Chase,188.73054238375408,191.60324982166694,188.5492060306778,191.5555419921875,7356200
2024-05-28 00:00:00-04:00,JPM,JPMorgan Chase,190.74432244521444,191.26923968293062,189.59905773927144,190.40074157714844,6910200
2024-05-29 00:00:00-04:00,JPM,JPMorgan Chase,188.96917425774282,189.91402537165112,187.90980103166342,189.07415771484375,6120000
2024-05-30 00:00:00-04:00,JPM,JPMorgan Chase,189.5036107487647,190.7347815795727,189.35090490632123,190.23849487304688,6829100
2024-05-31 00:00:00-04:00,JPM,JPMorgan Chase,190.2098508442745,194.02740925735446,189.30318363373397,193.38796997070312,14417900
2024-06-03 00:00:00-04:00,JPM,JPMorgan Chase,193.0825555190675,193.18753895642425,190.1048646599734,192.6149139404297,6444300
2024-06-04 00:00:00-04:00,JPM,JPMorgan Chase,191.0306378288864,192.7676194373073,189.2363806080914,190.0762481689453,6848300
2024-06-05 00:00:00-04:00,JPM,JPMorgan Chase,190.64885230599202,190.70612791208086,187.93838946427653,188.26287841796875,8351600
2024-06-06 00:00:00-04:00,JPM,JPMorgan Chase,188.2628911546147,188.9882365858564,186.4209261786032,187.92886352539062,7640300
2024-06-07 00:00:00-04:00,JPM,JPMorgan Chase,188.42513429310472,191.75595928489324,188.0242924032084,190.8302001953125,6964500
2024-06-10 00:00:00-04:00,JPM,JPMorgan Chase,190.15260252915212,191.6796172589224,189.38908788285167,190.50572204589844,6070800
2024-06-11 00:00:00-04:00,JPM,JPMorgan Chase,188.88324895141668,188.9118794743479,184.76983211155977,185.4951629638672,9235300
2024-06-12 00:00:00-04:00,JPM,JPMorgan Chase,187.0603890501278,187.74755082799157,182.5842988392324,182.7942657470703,12751300
2024-06-13 00:00:00-04:00,JPM,JPMorgan Chase,183.5482543347633,185.70517005199585,182.1739306851581,184.82713317871094,8587800
2024-06-14 00:00:00-04:00,JPM,JPMorgan Chase,182.71790538052034,185.97237775666235,182.68927485451107,184.94163513183594,6874000
2024-06-17 00:00:00-04:00,JPM,JPMorgan Chase,184.65532940145712,186.65955375205004,183.85364548635286,186.0869140625,8725400
2024-06-18 00:00:00-04:00,JPM,JPMorgan Chase,185.7242259848272,188.93097569239987,185.2756616981407,188.01475524902344,9023000
2024-06-20 00:00:00-04:00,JPM,JPMorgan Chase,187.43260457060572,190.3530349090619,187.16537660256606,189.60861206054688,8731100
2024-06-21 00:00:00-04:00,JPM,JPMorgan Chase,187.73799820567726,188.17700929825324,185.36156268713378,187.34669494628906,20972100
2024-06-24 00:00:00-04:00,JPM,JPMorgan Chase,188.7878322423663,190.14306392636604,188.11022368178232,189.8090362548828,9785900
2024-06-25 00:00:00-04:00,JPM,JPMorgan Chase,189.05504227358247,190.94474426582192,188.72101463378038,189.0359649658203,6862500
2024-06-26 00:00:00-04:00,JPM,JPMorgan Chase,188.44423225132738,188.91188841939731,187.3275981156472,188.42514038085938,7758600
2024-06-27 00:00:00-04:00,JPM,JPMorgan Chase,188.43469489460125,190.74431610090178,187.91931632822877,190.08578491210938,7913500
2024-06-28 00:00:00-04:00,JPM,JPMorgan Chase,190.88748938726886,193.3593699170051,190.2098808173549,193.0348663330078,15307600
2024-07-01 00:00:00-04:00,JPM,JPMorgan Chase,193.58840326228037,197.6445594874765,193.416620106431,196.07936096191406,10205800
2024-07-02 00:00:00-04:00,JPM,JPMorgan Chase,195.92662854605163,199.33380630334244,195.4303564545634,199.30517578125,7802900
2024-07-03 00:00:00-04:00,JPM,JPMorgan Chase,199.9923607921085,200.78450597577336,198.17901165846095,199.1715850830078,5560900
2024-07-05 00:00:00-04:00,JPM,JPMorgan Chase,198.64375880499992,199.00842649532183,196.27335292204722,196.53245544433594,8093100
2024-07-08 00:00:00-04:00,JPM,JPMorgan Chase,196.77234717432552,198.5573486268656,195.74549945160496,196.89710998535156,8707000
2024-07-09 00:00:00-04:00,JPM,JPMorgan Chase,197.33857869799746,201.30203861673223,197.16582905485706,199.2579345703125,9058900
2024-07-10 00:00:00-04:00,JPM,JPMorgan Chase,197.8280277635907,199.58424030901233,197.29061041180532,199.4210968017578,8328500
2024-07-11 00:00:00-04:00,JPM,JPMorgan Chase,197.89519852111354,199.70898927928098,197.0986640573066,199.08518981933594,10658100
2024-07-12 00:00:00-04:00,JPM,JPMorgan Chase,195.77432240821722,199.08520875553353,193.95093996868792,196.67642211914062,15443400
2024-07-15 00:00:00-04:00,JPM,JPMorgan Chase,198.83570341075963,203.07747876015205,198.38465354242032,201.58038330078125,10719700
2024-07-16 00:00:00-04:00,JPM,JPMorgan Chase,201.5323940342005,205.12159527581198,199.68981390311083,205.0064239501953,11557000
2024-07-17 00:00:00-04:00,JPM,JPMorgan Chase,205.17916232258048,208.78754638356358,204.67053414664076,208.1253662109375,11572500
2024-07-18 00:00:00-04:00,JPM,JPMorgan Chase,206.93537311360464,207.90464262796732,200.80303124118646,201.51318359375,12415100
2024-07-19 00:00:00-04:00,JPM,JPMorgan Chase,202.68396888363202,203.7876072511101,200.49590445032155,201.32122802734375,8095900
2024-07-22 00:00:00-04:00,JPM,JPMorgan Chase,201.97385135034514,203.6148926358178,201.25409280392114,201.8011016845703,7663200
2024-07-23 00:00:00-04:00,JPM,JPMorgan Chase,202.5112707886033,202.95271450120742,200.90861016610094,201.84909057617188,5557300
2024-07-24 00:00:00-04:00,JPM,JPMorgan Chase,201.10054238495405,203.4805398970385,199.6802229423339,200.1792449951172,7119000
2024-07-25 00:00:00-04:00,JPM,JPMorgan Chase,200.2368295595067,201.7147420327881,199.66103148604793,200.2560272216797,6403800
2024-07-26 00:00:00-04:00,JPM,JPMorgan Chase,200.8030488593653,204.56498521561846,200.20803848586095,203.6820831298828,8027800
2024-07-29 00:00:00-04:00,JPM,JPMorgan Chase,204.07553810374966,204.99683550482567,202.06022291940437,202.34812927246094,6533600
2024-07-30 00:00:00-04:00,JPM,JPMorgan Chase,204.63213201184072,207.08890530291896,204.37302950002504,206.5131072998047,8850700
2024-07-31 00:00:00-04:00,JPM,JPMorgan Chase,206.11965617262393,207.66473846208044,204.09473484474648,204.21949768066406,9071600
2024-08-01 00:00:00-04:00,JPM,JPMorgan Chase,204.60338069812147,205.20798262459832,198.0583832642799,199.57467651367188,10918600
2024-08-02 00:00:00-04:00,JPM,JPMorgan Chase,195.65916985684163,196.4173090899953,188.951014866982,191.11029052734375,18041700
2024-08-05 00:00:00-04:00,JPM,JPMorgan Chase,186.2255269573448,188.26003972022244,183.2025323392783,187.04124450683594,13927000
2024-08-06 00:00:00-04:00,JPM,JPMorgan Chase,187.52107494379788,194.4307682439227,186.1775316040648,192.2618865966797,10605800
2024-08-07 00:00:00-04:00,JPM,JPMorgan Chase,195.30408805090468,197.4537723017031,192.1275558309593,192.31948852539062,9204400
2024-08-08 00:00:00-04:00,JPM,JPMorgan Chase,194.30599424752398,196.64761077088747,193.65340563179683,195.83187866210938,7761200
2024-08-09 00:00:00-04:00,JPM,JPMorgan Chase,195.26570304351597,198.14473732678184,194.71867950080318,197.5017547607422,5540200
2024-08-12 00:00:00-04:00,JPM,JPMorgan Chase,198.08715268440758,198.78771357086882,195.44803800867777,197.8760223388672,6936000
2024-08-13 00:00:00-04:00,JPM,JPMorgan Chase,199.35391161147854,199.6993962854889,197.11786006073427,199.55545043945312,6387800
2024-08-14 00:00:00-04:00,JPM,JPMorgan Chase,199.36353061795853,202.26174789086065,198.76852024775556,201.76272583007812,6999800
2024-08-15 00:00:00-04:00,JPM,JPMorgan Chase,204.41144308904532,205.26555604485006,202.58806048697608,203.01991271972656,7001000
2024-08-16 00:00:00-04:00,JPM,JPMorgan Chase,203.15426596466205,205.45748762244867,203.05829229411836,205.3423309326172,7931200
2024-08-19 00:00:00-04:00,JPM,JPMorgan Chase,205.37110402457384,206.83941027906192,205.19836900335173,206.76263427734375,6090800
2024-08-20 00:00:00-04:00,JPM,JPMorgan Chase,206.33075850164272,207.29043644816198,205.06397658334606,205.8701171875,5640000
2024-08-21 00:00:00-04:00,JPM,JPMorgan Chase,205.7837412719152,206.33076474687974,204.25785680520957,205.9468994140625,5202300
2024-08-22 00:00:00-04:00,JPM,JPMorgan Chase,205.92772233240674,208.05820882254338,205.6973943235858,207.8950653076172,5247100
2024-08-23 00:00:00-04:00,JPM,JPMorgan Chase,208.82594575716917,210.3518303146011,207.770294063869,209.50730895996094,7214000
2024-08-26 00:00:00-04:00,JPM,JPMorgan Chase,210.17908959536388,210.82207214735465,209.25780684522277,210.3326416015625,5105200
2024-08-27 00:00:00-04:00,JPM,JPMorgan Chase,210.65891263842738,211.53222313341251,210.3518232928703,211.30189514160156,5185200
2024-08-28 00:00:00-04:00,JPM,JPMorgan Chase,210.40942013221067,213.25007370690733,210.35184179007584,212.36715698242188,6506400
2024-08-29 00:00:00-04:00,JPM,JPMorgan Chase,213.19246805291826,213.98900257334432,210.1119097835547,213.25006103515625,6416100
2024-08-30 00:00:00-04:00,JPM,JPMorgan Chase,213.5283638010213,216.38820025870874,212.981340289583,215.73562622070312,8574100
2024-09-03 00:00:00-04:00,JPM,JPMorgan Chase,213.336424500989,215.06384784728323,210.39981213405102,211.4170684814453,8956100
2024-09-04 00:00:00-04:00,JPM,JPMorgan Chase,212.12721670145393,213.11569850429112,208.4516628819831,210.48617553710938,7389500
2024-09-05 00:00:00-04:00,JPM,JPMorgan Chase,211.2731298787107,211.89692943579365,207.31926075481468,208.85475158691406,8067900
2024-09-06 00:00:00-04:00,JPM,JPMorgan Chase,208.82594829731795,209.91998068208017,202.57843485706223,203.89320373535156,7777000
2024-09-09 00:00:00-04:00,JPM,JPMorgan Chase,206.51312105129102,209.35375986693387,205.54383685302398,208.0677947998047,8935100
2024-09-10 00:00:00-04:00,JPM,JPMorgan Chase,209.78563367537953,209.82401435534237,192.52101978319223,197.27142333984375,28406900
2024-09-11 00:00:00-04:00,JPM,JPMorgan Chase,196.97392597392317,199.32513434186177,193.69182869664772,198.87408447265625,13658700
2024-09-12 00:00:00-04:00,JPM,JPMorgan Chase,199.27713568329062,200.36157653556083,196.6284296106188,198.2694854736328,9054400
2024-09-13 00:00:00-04:00,JPM,JPMorgan Chase,198.51899663631963,199.46908315177689,194.83383653849526,196.0814208984375,10226700
2024-09-16 00:00:00-04:00,JPM,JPMorgan Chase,197.53055327809923,199.8145919368192,197.30022525287094,199.47869873046875,8634900
2024-09-17 00:00:00-04:00,JPM,JPMorgan Chase,199.35392255393126,201.46521139164926,199.28675270326914,200.81263732910156,7573300
2024-09-18 00:00:00-04:00,JPM,JPMorgan Chase,200.58230673818105,202.81835838288768,198.36545275492742,199.1619873046875,8259900
2024-09-19 00:00:00-04:00,JPM,JPMorgan Chase,201.32125504416572,203.3653739246752,198.9796383186764,201.99302673339844,11635200
2024-09-20 00:00:00-04:00,JPM,JPMorgan Chase,201.46520015567114,202.89512568030523,201.05254563504943,202.57843017578125,20885000
2024-09-23 00:00:00-04:00,JPM,JPMorgan Chase,202.4920612297152,203.25980657066546,201.52279170592422,202.91432189941406,7223500
2024-09-24 00:00:00-04:00,JPM,JPMorgan Chase,202.63601263414566,204.3634360377964,201.88746493315114,203.0582733154297,7323200
2024-09-25 00:00:00-04:00,JPM,JPMorgan Chase,203.1446478984502,203.68207992104146,200.19844382266885,201.71473693847656,8976500
2024-09-26 00:00:00-04:00,JPM,JPMorgan Chase,202.61679904548504,203.16380783205136,200.58227194659162,201.32122802734375,7807500
2024-09-27 00:00:00-04:00,JPM,JPMorgan Chase,202.1561834046356,203.87401538274102,200.88941594295318,202.01223754882812,7032500
2024-09-30 00:00:00-04:00,JPM,JPMorgan Chase,197.9911588584064,202.45367018723,196.98349406521893,202.35769653320312,8663800
2024-10-01 00:00:00-04:00,JPM,JPMorgan Chase,200.47674374625123,200.6590849232253,197.87602436679808,198.69174194335938,8540100
2024-10-02 00:00:00-04:00,JPM,JPMorgan Chase,198.73013169432915,200.52472495596922,197.39617979497947,198.93165588378906,5810900
2024-10-03 00:00:00-04:00,JPM,JPMorgan Chase,197.85681157736644,198.16391556637382,196.10059907948147,196.9547119140625,7251300
2024-10-04 00:00:00-04:00,JPM,JPMorgan Chase,202.09148689963916,204.37985684800876,199.78380164736595,203.9453582763672,10211700
2024-10-07 00:00:00-04:00,JPM,JPMorgan Chase,203.76190602752735,205.98269458084312,202.46806055788844,203.66534423828125,6718900
2024-10-08 00:00:00-04:00,JPM,JPMorgan Chase,203.32738813254895,204.05155728333924,201.20316157021594,203.4915313720703,6021800
2024-10-09 00:00:00-04:00,JPM,JPMorgan Chase,202.47769976692018,206.8613454534999,202.1687285781039,206.069580078125,7024000
2024-10-10 00:00:00-04:00,JPM,JPMorgan Chase,207.41173500682478,207.41173500682478,204.1867713494914,205.50958251953125,7927100
2024-10-11 00:00:00-04:00,JPM,JPMorgan Chase,208.2421134569088,216.89352881613823,207.74968365741609,214.6341094970703,18320700
2024-10-14 00:00:00-04:00,JPM,JPMorgan Chase,215.51276767760157,215.99554718168815,211.34156042358927,213.8520050048828,9048900
2024-10-15 00:00:00-04:00,JPM,JPMorgan Chase,215.95691583331498,217.68525985149523,214.18029092153253,214.73065185546875,9235800
2024-10-16 00:00:00-04:00,JPM,JPMorgan Chase,214.6727269219523,215.97622268757254,213.42714760377535,215.93760681152344,6382500
2024-10-17 00:00:00-04:00,JPM,JPMorgan Chase,216.54590691604216,218.0714918044211,215.61896385393163,216.69073486328125,6470200
2024-10-18 00:00:00-04:00,JPM,JPMorgan Chase,217.25078010281487,218.1390926356883,215.416223853029,217.6080322265625,7000500
2024-10-21 00:00:00-04:00,JPM,JPMorgan Chase,217.46319852448005,217.92666271781536,215.22309457904748,215.3196563720703,5870000
2024-10-22 00:00:00-04:00,JPM,JPMorgan Chase,215.33897121583806,217.52112924082374,213.48509971320877,216.4010772705078,9586800
2024-10-23 00:00:00-04:00,JPM,JPMorgan Chase,215.95692013506684,217.05765675812557,214.86583379761672,215.7155303955078,6180500
2024-10-24 00:00:00-04:00,JPM,JPMorgan Chase,214.18995560232,217.3087070595921,214.02581233964898,217.23146057128906,6002200
2024-10-25 00:00:00-04:00,JPM,JPMorgan Chase,217.25078329046238,217.84942517866347,213.27268477329852,214.65342712402344,6369700
2024-10-28 00:00:00-04:00,JPM,JPMorgan Chase,215.6575899885166,217.86871342564066,215.27135758179068,217.73353576660156,6843000
2024-10-29 00:00:00-04:00,JPM,JPMorgan Chase,217.45355245759362,218.94050685947278,215.13620197943288,215.2230987548828,6580000
2024-10-30 00:00:00-04:00,JPM,JPMorgan Chase,214.87548602178538,218.5156474524891,213.94855766414204,216.68109130859375,7110900
2024-10-31 00:00:00-04:00,JPM,JPMorgan Chase,216.96107745978253,217.91698605526622,214.18027790309608,214.27682495117188,7829900
2024-11-01 00:00:00-04:00,JPM,JPMorgan Chase,215.86036059570225,218.36115478761525,215.0299792936343,215.26171875,6923500
2024-11-04 00:00:00-05:00,JPM,JPMorgan Chase,214.98169019005127,216.0534611932713,211.6215492339804,212.21054077148438,8229600
2024-11-05 00:00:00-05:00,JPM,JPMorgan Chase,212.45194122469928,214.3154777176928,212.42297563395553,213.86166381835938,5600700
2024-11-06 00:00:00-05:00,JPM,JPMorgan Chase,226.90635614480942,239.45862265494782,226.68428170878914,238.55099487304688,23987800
2024-11-07 00:00:00-05:00,JPM,JPMorgan Chase,236.07916456872846,236.14676076756385,227.11877864228583,228.23883056640625,16451100
2024-11-08 00:00:00-05:00,JPM,JPMorgan Chase,231.09689618425554,231.09689618425554,227.65950837276299,228.81817626953125,9502100
2024-11-11 00:00:00-05:00,JPM,JPMorgan Chase,231.734152593889,233.76183232238978,230.7685936247478,231.04859924316406,9017100
2024-11-12 00:00:00-05:00,JPM,JPMorgan Chase,232.26523494572703,233.14389722674903,230.53687597683657,231.309326171875,6861000
2024-11-13 00:00:00-05:00,JPM,JPMorgan Chase,232.29417630585863,235.68328295062503,232.03347126141182,232.8542022705078,11472600
2024-11-14 00:00:00-05:00,JPM,JPMorgan Chase,234.07080953881766,235.87640014281013,232.7479984317867,233.5397491455078,10172200
2024-11-15 00:00:00-05:00,JPM,JPMorgan Chase,233.14384387995997,237.93300747349457,233.14384387995997,236.86123657226562,11518800
2024-11-18 00:00:00-05:00,JPM,JPMorgan Chase,239.22688371269956,239.3910269686542,234.32184240561926,236.59091186523438,9051400
2024-11-19 00:00:00-05:00,JPM,JPMorgan Chase,233.90666165823853,236.70677679200912,233.2307733224933,234.7177276611328,6792700
2024-11-20 00:00:00-05:00,JPM,JPMorgan Chase,235.98262370088807,236.1853975821107,230.42100892931995,232.4873046875,9015300
2024-11-21 00:00:00-05:00,JPM,JPMorgan Chase,234.85289619986844,237.0350688275059,233.77147490470944,236.3302001953125,8783500
2024-11-22 00:00:00-05:00,JPM,JPMorgan Chase,235.21983634263424,240.56902689654652,234.65981033615955,239.9897003173828,7997300
2024-11-25 00:00:00-05:00,JPM,JPMorgan Chase,240.9938808955588,245.5513208118169,240.48213577529464,241.66976928710938,10295400
2024-11-26 00:00:00-05:00,JPM,JPMorgan Chase,241.86287360225722,242.35530337685785,239.78691296046713,241.36077880859375,6212100
2024-11-27 00:00:00-05:00,JPM,JPMorgan Chase,240.76211714435047,242.5387419809446,240.20209121543851,241.18695068359375,5472300
2024-11-29 00:00:00-05:00,JPM,JPMorgan Chase,241.25457769809182,243.09879896511487,240.85869496329937,241.11940002441406,5494800
2024-12-02 00:00:00-05:00,JPM,JPMorgan Chase,240.95523784835137,241.63112616369568,236.5909072884335,237.76889038085938,8899700
2024-12-03 00:00:00-05:00,JPM,JPMorgan Chase,239.68071342355267,240.46281387900356,236.20470976229734,236.38816833496094,6657700
2024-12-04 00:00:00-05:00,JPM,JPMorgan Chase,236.27225831692382,236.8998804377186,233.88732667107453,235.01702880859375,7346300
2024-12-05 00:00:00-05:00,JPM,JPMorgan Chase,236.93849386145672,238.6668377804971,236.19500939575897,237.025390625,6572500
2024-12-06 00:00:00-05:00,JPM,JPMorgan Chase,237.2378514526948,239.20760013056864,236.40747009501496,238.84068298339844,5519700
2024-12-09 00:00:00-05:00,JPM,JPMorgan Chase,238.61859624597477,239.3331004642951,235.36465245379455,235.41293334960938,7076500
2024-12-10 00:00:00-05:00,JPM,JPMorgan Chase,235.49019112567362,239.4200234478752,233.87770931432982,234.49566650390625,9108300
2024-12-11 00:00:00-05:00,JPM,JPMorgan Chase,235.59639202600604,235.85709707692163,233.8390676036829,235.142578125,7884400
2024-12-12 00:00:00-05:00,JPM,JPMorgan Chase,234.63081380840498,235.69293449672634,232.73831187283054,233.21144104003906,6113800
2024-12-13 00:00:00-05:00,JPM,JPMorgan Chase,233.7328690945859,234.3604765375674,230.9037736251097,231.6762237548828,10392700
2024-12-16 00:00:00-05:00,JPM,JPMorgan Chase,232.3231531380507,232.3810843211176,229.33957934401576,231.32862854003906,9032000
2024-12-17 00:00:00-05:00,JPM,JPMorgan Chase,230.43064038196303,230.78790721651086,228.4802218867217,230.150634765625,8083600
2024-12-18 00:00:00-05:00,JPM,JPMorgan Chase,230.7685845656322,230.8361807627836,221.62474030815744,222.43580627441406,11322400
2024-12-19 00:00:00-05:00,JPM,JPMorgan Chase,224.27039218428922,228.21952494296886,224.27039218428922,224.93663024902344,11790800
2024-12-20 00:00:00-05:00,JPM,JPMorgan Chase,223.93242666437249,230.97135955828864,223.61379044750802,229.41680908203125,32348400
2024-12-23 00:00:00-05:00,JPM,JPMorgan Chase,227.93950685968346,230.40167037895355,226.79048935961865,230.17959594726562,8611500
2024-12-24 00:00:00-05:00,JPM,JPMorgan Chase,231.1837698892596,234.13839262104892,230.836182814854,233.96458435058594,3729100
2024-12-26 00:00:00-05:00,JPM,JPMorgan Chase,233.11489415476902,234.88186883103566,232.4969370056862,234.76600646972656,4451800
2024-12-27 00:00:00-05:00,JPM,JPMorgan Chase,234.3604804730654,235.0074032318014,231.77277470486047,232.86386108398438,5730200
2024-12-30 00:00:00-05:00,JPM,JPMorgan Chase,230.54653053655986,232.54523003977909,228.9436990328983,231.0775909423828,5723800
2024-12-31 00:00:00-05:00,JPM,JPMorgan Chase,231.78244913333967,233.1245756017034,230.7975747930278,231.45416259765625,4871000
2025-01-02 00:00:00-05:00,JPM,JPMorgan Chase,232.62244325967816,234.90116280245906,231.20307052950375,231.734130859375,9220900
2025-01-03 00:00:00-05:00,JPM,JPMorgan Chase,235.4901756406523,236.4460843210158,231.9851918792467,234.90118408203125,9491100
2025-01-06 00:00:00-05:00,JPM,JPMorgan Chase,236.52198200348707,238.4533732605044,233.49388418568068,233.7559356689453,9917800
2025-01-07 00:00:00-05:00,JPM,JPMorgan Chase,235.00792278474734,238.03602046971054,233.80444084898824,236.00758361816406,8753400
2025-01-08 00:00:00-05:00,JPM,JPMorgan Chase,235.59998364793563,237.05580229045634,233.41625568415455,235.9687957763672,8675300
2025-01-10 00:00:00-05:00,JPM,JPMorgan Chase,235.9299526770056,236.62874677173156,231.70808773150114,232.80479431152344,10256800
2025-01-13 00:00:00-05:00,JPM,JPMorgan Chase,232.61066710404023,237.33721953720658,231.96040331538282,237.01695251464844,10005300
2025-01-14 00:00:00-05:00,JPM,JPMorgan Chase,235.51260144399689,240.42355986458628,235.05644382222508,240.18092346191406,12407400
2025-01-15 00:00:00-05:00,JPM,JPMorgan Chase,243.02466018784034,246.19834907161936,236.50259128635952,244.917236328125,18448500
2025-01-16 00:00:00-05:00,JPM,JPMorgan Chase,246.5186034262573,249.46907059514717,244.897793913136,246.78065490722656,15292300
2025-01-17 00:00:00-05:00,JPM,JPMorgan Chase,246.65449800073918,252.94363035716344,244.71340648745428,251.52664184570312,17678100
2025-01-21 00:00:00-05:00,JPM,JPMorgan Chase,252.409816435987,256.4666901787651,251.85659830232555,255.28262329101562,13712100
2025-01-22 00:00:00-05:00,JPM,JPMorgan Chase,255.15646645827997,255.62233907134996,252.5845261978736,255.09823608398438,9021900
2025-01-23 00:00:00-05:00,JPM,JPMorgan Chase,256.89377150881944,258.999839319307,256.03968646138014,258.1166687011719,10749700
2025-01-24 00:00:00-05:00,JPM,JPMorgan Chase,255.92324583591298,259.2328108457328,255.2632817450512,257.03936767578125,7666300
2025-01-27 00:00:00-05:00,JPM,JPMorgan Chase,256.3890825417096,258.13605303558734,254.535336614133,258.01959228515625,7522300
2025-01-28 00:00:00-05:00,JPM,JPMorgan Chase,258.0195637615963,259.45595234973075,257.02958825496063,259.2715759277344,7375400
2025-01-29 00:00:00-05:00,JPM,JPMorgan Chase,259.3395063870375,262.7073011271936,257.78662735417487,258.7280578613281,7684900
2025-01-30 00:00:00-05:00,JPM,JPMorgan Chase,260.71774123201044,261.75623241914985,258.76693455955166,260.32952880859375,8753500
2025-01-31 00:00:00-05:00,JPM,JPMorgan Chase,261.3000557826277,262.8432200467561,259.0968978658329,259.4268798828125,7193800
2025-02-03 00:00:00-05:00,JPM,JPMorgan Chase,254.11796573208338,260.2712514893426,253.99181967172157,258.9512939453125,8381400
2025-02-04 00:00:00-05:00,JPM,JPMorgan Chase,261.8920656979003,261.8920656979003,258.97071346699056,260.04803466796875,5626000
2025-02-05 00:00:00-05:00,JPM,JPMorgan Chase,260.98947222246505,262.66852710369653,260.4265390771867,262.4646911621094,5704400
2025-02-06 00:00:00-05:00,JPM,JPMorgan Chase,264.4251993255983,268.8217703532776,263.20230221236784,268.7441101074219,7264400
2025-02-07 00:00:00-05:00,JPM,JPMorgan Chase,269.10318646976515,270.3454837389774,266.61859193134063,267.6764831542969,6857900
2025-02-10 00:00:00-05:00,JPM,JPMorgan Chase,268.01617572204907,268.04529090684423,261.6493986180838,263.05670166015625,8627400
2025-02-11 00:00:00-05:00,JPM,JPMorgan Chase,262.29968817500816,268.0841322055861,261.7173548361182,266.8903503417969,7196400
2025-02-12 00:00:00-05:00,JPM,JPMorgan Chase,266.0071803987953,268.3073988294126,265.2016404153094,267.33685302734375,6683900
2025-02-13 00:00:00-05:00,JPM,JPMorgan Chase,267.38535874167565,268.81206220355733,265.74513402635904,268.18121337890625,8398700
2025-02-14 00:00:00-05:00,JPM,JPMorgan Chase,269.20029238564155,271.0055230328968,268.30740680766394,268.4432678222656,5688600
2025-02-18 00:00:00-05:00,JPM,JPMorgan Chase,268.6082414686908,271.72368491952835,267.89001749911944,271.70428466796875,7919800
2025-02-19 00:00:00-05:00,JPM,JPMorgan Chase,270.1805018525814,271.9954174728189,269.0546653482266,271.0248718261719,7007200
2025-02-20 00:00:00-05:00,JPM,JPMorgan Chase,270.47167738640707,270.52990776080935,257.9128132494212,258.94158935546875,13846700
2025-02-21 00:00:00-05:00,JPM,JPMorgan Chase,260.4168439978953,261.27092900098586,255.0982425996441,256.4570007324219,12835600
2025-02-24 00:00:00-05:00,JPM,JPMorgan Chase,257.67016901902093,259.1357025074417,250.99280984837583,253.6424102783203,10372800
2025-02-25 00:00:00-05:00,JPM,JPMorgan Chase,254.50620312645628,255.25351263379156,245.88775278979048,249.81845092773438,9608400
2025-02-26 00:00:00-05:00,JPM,JPMorgan Chase,249.5855472014318,253.22509374318383,249.36231101747035,251.16754150390625,5943600
2025-02-27 00:00:00-05:00,JPM,JPMorgan Chase,252.51658225954176,255.87469182858476,250.2649090455339,251.41986083984375,8204400
2025-02-28 00:00:00-05:00,JPM,JPMorgan Chase,253.0503967893836,257.0102103033765,250.29405049282587,256.85491943359375,10467100
2025-03-03 00:00:00-05:00,JPM,JPMorgan Chase,256.22403710727735,258.4757099964053,250.22607243802705,252.94358825683594,9058300
2025-03-04 00:00:00-05:00,JPM,JPMorgan Chase,247.76091803763094,249.6534940988536,238.70572440707394,242.8790740966797,13465600
2025-03-05 00:00:00-05:00,JPM,JPMorgan Chase,243.84960154438141,245.5965867262712,240.53033710346665,244.12135314941406,7861400
2025-03-06 00:00:00-05:00,JPM,JPMorgan Chase,240.80209946195242,242.015281613365,236.66758002130527,239.27833557128906,9983200
2025-03-07 00:00:00-05:00,JPM,JPMorgan Chase,238.00693642207267,239.45305495919504,232.36806783489953,235.14382934570312,20498700
2025-03-10 00:00:00-04:00,JPM,JPMorgan Chase,229.25262520540508,230.5143228718976,221.96381691976234,225.38014221191406,18887200
2025-03-11 00:00:00-04:00,JPM,JPMorgan Chase,224.9239788967364,226.44774284176466,220.01301974210133,222.39085388183594,18143000
2025-03-12 00:00:00-04:00,JPM,JPMorgan Chase,227.1077131272591,227.41829488617915,220.56622922120076,221.1873779296875,16054000
2025-03-13 00:00:00-04:00,JPM,JPMorgan Chase,222.5461333861297,222.7402395654928,217.62545954737027,218.55718994140625,16467900
2025-03-14 00:00:00-04:00,JPM,JPMorgan Chase,221.40089366257604,226.27303751626079,220.87680546916633,225.59365844726562,11962100
2025-03-17 00:00:00-04:00,JPM,JPMorgan Chase,224.37074846283141,228.72850399973166,223.67196918142557,227.0397491455078,9586000
2025-03-18 00:00:00-04:00,JPM,JPMorgan Chase,227.4182844946614,229.2137852248078,226.6418449421928,228.04913330078125,10344900
2025-03-19 00:00:00-04:00,JPM,JPMorgan Chase,228.79645015668714,235.19234280757902,227.97148038251137,232.0671844482422,10120600
2025-03-20 00:00:00-04:00,JPM,JPMorgan Chase,229.59228927901535,234.63912397597252,229.2428922333378,231.97012329101562,8328500
2025-03-21 00:00:00-04:00,JPM,JPMorgan Chase,230.8054931833966,235.16324913514356,229.5340805612011,234.5129852294922,19326900
2025-03-24 00:00:00-04:00,JPM,JPMorgan Chase,238.2495608050386,241.36501910335522,237.21108457850144,240.75357055664062,9422700
2025-03-25 00:00:00-04:00,JPM,JPMorgan Chase,241.96675395701018,244.4028332211237,240.32652930123646,243.733154296875,9287700
2025-03-26 00:00:00-04:00,JPM,JPMorgan Chase,245.15984168828058,247.16886352040504,242.4228957957221,243.63607788085938,12779300
2025-03-27 00:00:00-04:00,JPM,JPMorgan Chase,242.18025576276096,243.25756203065194,239.89946755301614,240.81178283691406,8022500
2025-03-28 00:00:00-04:00,JPM,JPMorgan Chase,239.66654971371304,242.16084438052914,234.00826669006625,235.697021484375,11978400
2025-03-31 00:00:00-04:00,JPM,JPMorgan Chase,232.35836101622476,238.61837812715723,230.36873927152533,238.0748748779297,13603000
2025-04-01 00:00:00-04:00,JPM,JPMorgan Chase,235.47380892493115,238.45339153399044,233.78506877067235,236.48318481445312,8054700
2025-04-02 00:00:00-04:00,JPM,JPMorgan Chase,234.4838551459041,239.9674326166383,234.34797933558323,238.57955932617188,7758800
2025-04-03 00:00:00-04:00,JPM,JPMorgan Chase,227.36976405138714,228.2141341410838,220.60505877931982,221.95411682128906,17188500
2025-04-04 00:00:00-04:00,JPM,JPMorgan Chase,210.2553432331429,212.58923458837728,204.02511643608108,205.3434295654297,27170700
2025-04-07 00:00:00-04:00,JPM,JPMorgan Chase,200.9393169780438,216.83712407913987,197.41406528016333,209.40577697753906,22914400
2025-04-08 00:00:00-04:00,JPM,JPMorgan Chase,218.27260941397304,222.4911845873146,208.24370556467724,211.77871704101562,19485700
2025-04-09 00:00:00-04:00,JPM,JPMorgan Chase,207.5113154920403,231.9048767833682,206.04652973562588,228.83859252929688,24022400
2025-04-10 00:00:00-04:00,JPM,JPMorgan Chase,224.60047349209523,224.9422627815506,214.93289385418547,221.7783203125,18896400
2025-04-11 00:00:00-04:00,JPM,JPMorgan Chase,220.9971025358475,232.97905393688654,219.71785872027854,230.65492248535156,20284500
2025-04-14 00:00:00-04:00,JPM,JPMorgan Chase,231.53380246810318,234.15087913970558,228.14526363842643,229.2096710205078,13017800
2025-04-15 00:00:00-04:00,JPM,JPMorgan Chase,230.55727455130136,233.04739831448416,227.35427768752865,227.65699768066406,10912900
2025-04-16 00:00:00-04:00,JPM,JPMorgan Chase,226.55352634462056,228.09643576900157,222.5790672431111,224.21963500976562,9322300
2025-04-17 00:00:00-04:00,JPM,JPMorgan Chase,225.38170933973876,228.83859723978307,225.13757837531108,226.5144805908203,9557900
2025-04-21 00:00:00-04:00,JPM,JPMorgan Chase,225.2156798914525,226.36797077779246,221.02638461013967,223.6141815185547,8716200
2025-04-22 00:00:00-04:00,JPM,JPMorgan Chase,226.53399818903708,230.44986835764868,225.9383180454656,230.0592498779297,10701400
2025-04-23 00:00:00-04:00,JPM,JPMorgan Chase,234.58055782870665,240.99631170351697,234.36572139205154,235.22506713867188,14126800
2025-04-24 00:00:00-04:00,JPM,JPMorgan Chase,234.1118287364866,239.7073061190241,232.00253368423319,238.89678955078125,9055200
2025-04-25 00:00:00-04:00,JPM,JPMorgan Chase,238.9065648044329,239.85379417404548,236.07465147090528,237.8323974609375,8588600
2025-04-28 00:00:00-04:00,JPM,JPMorgan Chase,238.81868556081264,241.04515888837096,235.18601541572858,237.51014709472656,7394300
2025-04-29 00:00:00-04:00,JPM,JPMorgan Chase,236.50429740144966,239.49245779349746,236.01603550992368,238.8772430419922,7216800
2025-04-30 00:00:00-04:00,JPM,JPMorgan Chase,235.54730826621847,239.46316327205153,232.83255844080918,238.8772430419922,12991700
2025-05-01 00:00:00-04:00,JPM,JPMorgan Chase,237.13905420831426,242.61735374261244,236.4847850001896,241.09397888183594,8689600
2025-05-02 00:00:00-04:00,JPM,JPMorgan Chase,245.36139162446273,247.66598864209374,243.60366051149063,246.58204650878906,7165000
2025-05-05 00:00:00-04:00,JPM,JPMorgan Chase,245.28325170363556,249.16982732673011,244.7071062124704,246.630859375,5450700
2025-05-06 00:00:00-04:00,JPM,JPMorgan Chase,244.13095242759528,246.71873456309945,243.1544286178849,243.3985595703125,6369900
2025-05-07 00:00:00-04:00,JPM,JPMorgan Chase,243.98448584012095,246.5234388677099,242.98842735746476,243.5352783203125,8724100
2025-05-08 00:00:00-04:00,JPM,JPMorgan Chase,245.66409623863075,249.87291137635128,245.64456159073174,247.5194854736328,8320100
2025-05-09 00:00:00-04:00,JPM,JPMorgan Chase,248.5253033443988,249.51158700328907,246.41600839213655,247.13864135742188,5087600
2025-05-12 00:00:00-04:00,JPM,JPMorgan Chase,256.72809074382644,257.41166929681515,252.62670882931454,253.9449920654297,9603900
2025-05-13 00:00:00-04:00,JPM,JPMorgan Chase,254.90201286940857,257.4800500721763,254.27705311794927,256.8355407714844,8589000
2025-05-14 00:00:00-04:00,JPM,JPMorgan Chase,256.82577133737385,260.38033243913924,256.13244775146745,259.40380859375,8643100
2025-05-15 00:00:00-04:00,JPM,JPMorgan Chase,260.70254552918584,263.1926691597646,258.54443639594166,261.2103271484375,9214600
2025-05-16 00:00:00-04:00,JPM,JPMorgan Chase,261.22009748379395,262.1575519192299,258.49558793581224,261.2786865234375,8932900
2025-05-19 00:00:00-04:00,JPM,JPMorgan Chase,259.31587533133506,262.02086524830315,255.78086405036862,258.66162109375,12145000
2025-05-20 00:00:00-04:00,JPM,JPMorgan Chase,256.3570217379832,260.3998446453458,256.14218530617444,259.4428405761719,8436300
2025-05-21 00:00:00-04:00,JPM,JPMorgan Chase,258.1440495292598,259.41351843588865,254.6090384558687,254.91175842285156,7464000
2025-05-22 00:00:00-04:00,JPM,JPMorgan Chase,253.3493410528591,256.1421848603704,252.792715325804,254.55047607421875,6514100
2025-05-23 00:00:00-04:00,JPM,JPMorgan Chase,250.78105621865066,255.83944197772107,249.99007438301427,254.58949279785156,6671800
2025-05-27 00:00:00-04:00,JPM,JPMorgan Chase,255.8883093139594,259.0717566921421,255.83946524243134,259.06201171875,7506600
2025-05-28 00:00:00-04:00,JPM,JPMorgan Chase,259.989670011101,260.45841213292607,256.728084308059,257.3042297363281,5535400
2025-05-29 00:00:00-04:00,JPM,JPMorgan Chase,258.58353340559717,259.17922851944735,256.3668347386543,258.16363525390625,5081200
2025-05-30 00:00:00-04:00,JPM,JPMorgan Chase,257.265230909512,259.10107079095377,256.56213251620557,257.80230712890625,10977700
2025-06-02 00:00:00-04:00,JPM,JPMorgan Chase,256.84529442949264,258.8081169206428,255.75159247660167,258.4468078613281,6011200
2025-06-03 00:00:00-04:00,JPM,JPMorgan Chase,257.5386631607241,260.32173248111746,256.7086118716836,260.0190124511719,6998400
2025-06-04 00:00:00-04:00,JPM,JPMorgan Chase,259.67722274650265,260.8490334291481,257.9780510648975,258.0171203613281,5915700
2025-06-05 00:00:00-04:00,JPM,JPMorgan Chase,258.5249103385397,258.5249103385397,254.1989169051607,255.80043029785156,8173800
2025-06-06 00:00:00-04:00,JPM,JPMorgan Chase,258.12454195712064,260.39008449229345,258.056207934954,259.49169921875,7738100
2025-06-09 00:00:00-04:00,JPM,JPMorgan Chase,259.75534818459647,261.61073756854347,257.1675659016327,260.47796630859375,8285000
2025-06-10 00:00:00-04:00,JPM,JPMorgan Chase,259.63819567346815,262.5872873090316,259.60890114666654,262.2943420410156,7538100
2025-06-11 00:00:00-04:00,JPM,JPMorgan Chase,262.37241483499554,263.2903496169879,259.5502764699578,261.8548583984375,7434100
2025-06-12 00:00:00-04:00,JPM,JPMorgan Chase,260.5951413369258,261.9915930968164,258.91554891738133,261.9427490234375,6618000
2025-06-13 00:00:00-04:00,JPM,JPMorgan Chase,258.85693405632503,260.75139274608847,256.5425772552077,258.7300109863281,7098300
2025-06-16 00:00:00-04:00,JPM,JPMorgan Chase,260.731864186611,265.3508326588525,260.5853915714537,264.0129699707031,8566000
2025-06-17 00:00:00-04:00,JPM,JPMorgan Chase,261.87440467845437,264.2375756229939,261.51306583381086,263.19268798828125,6739300
2025-06-18 00:00:00-04:00,JPM,JPMorgan Chase,263.6614166167527,271.200181276507,263.3879911545291,267.5284423828125,9586400
2025-06-20 00:00:00-04:00,JPM,JPMorgan Chase,269.1006625666469,270.79002961674195,267.3819711943445,268.5440368652344,13969700
2025-06-23 00:00:00-04:00,JPM,JPMorgan Chase,268.60264103465835,272.0106996489925,265.7218838292262,271.7372741699219,8094600
2025-06-24 00:00:00-04:00,JPM,JPMorgan Chase,273.6317365805569,276.0730461780452,272.94818777394573,274.6571044921875,9267900
2025-06-25 00:00:00-04:00,JPM,JPMorgan Chase,274.89142855270444,277.60616331581525,274.31528313116405,277.3913269042969,6826900
2025-06-26 00:00:00-04:00,JPM,JPMorgan Chase,278.0163428990485,282.61576173740934,277.79173169250225,281.97125244140625,8942100
2025-06-27 00:00:00-04:00,JPM,JPMorgan Chase,279.10028187976,281.9224501380631,278.34836923641,280.3697509765625,17868600
2025-06-30 00:00:00-04:00,JPM,JPMorgan Chase,283.5825215764878,285.77970025058426,282.13728534359143,283.1040344238281,12689200
2025-07-01 00:00:00-04:00,JPM,JPMorgan Chase,284.0610273166312,284.2953834962509,279.86195702454677,283.59228515625,9338300
2025-07-02 00:00:00-04:00,JPM,JPMorgan Chase,285.1840583153917,285.945745792629,282.8989958836799,285.1449890136719,8158700
2025-07-03 00:00:00-04:00,JPM,JPMorgan Chase,286.66586822419856,290.8360888827844,285.74351114178125,290.443603515625,6541600
2025-07-07 00:00:00-04:00,JPM,JPMorgan Chase,289.7076857742013,290.4828645965253,284.6347217587213,286.4892578125,8825700
2025-07-08 00:00:00-04:00,JPM,JPMorgan Chase,283.83990288185674,284.26185381377417,275.04810559551106,277.47174072265625,15440900
2025-07-09 00:00:00-04:00,JPM,JPMorgan Chase,281.7891623646238,281.8088060970764,277.1774068900867,277.8446350097656,11273800
2025-07-10 00:00:00-04:00,JPM,JPMorgan Chase,277.68760468940775,282.89792448782646,277.68760468940775,282.7801818847656,8410900
2025-07-11 00:00:00-04:00,JPM,JPMorgan Chase,280.16028588065166,281.9853860406829,278.3253938002881,281.4751281738281,7384700
2025-07-14 00:00:00-04:00,JPM,JPMorgan Chase,281.6812326297011,283.8693527089549,279.90521169280953,283.2806396484375,9079900
2025-07-15 00:00:00-04:00,JPM,JPMorgan Chase,282.5937524960941,286.4696162877272,280.12106794184945,281.17095947265625,12526100
2025-07-16 00:00:00-04:00,JPM,JPMorgan Chase,282.9862680414337,285.2725470105113,277.6974624718264,280.4547119140625,9979800
2025-07-17 00:00:00-04:00,JPM,JPMorgan Chase,278.11937245969557,284.85058472552134,278.11937245969557,284.4580993652344,8509500
2025-07-18 00:00:00-04:00,JPM,JPMorgan Chase,284.08521856694546,287.009289803847,282.819455566978,285.8023681640625,12217000
2025-07-21 00:00:00-04:00,JPM,JPMorgan Chase,285.5374312562634,288.65773001934355,285.125302200427,285.50799560546875,7898100
2025-07-22 00:00:00-04:00,JPM,JPMorgan Chase,286.028104802118,288.1181262767324,283.75164751884756,285.95941162109375,6717500
2025-07-23 00:00:00-04:00,JPM,JPMorgan Chase,287.34290279554006,291.41499440772435,287.0583381931105,291.1893310546875,7083500
2025-07-24 00:00:00-04:00,JPM,JPMorgan Chase,291.8369396401929,293.96618832212596,290.6398398939318,290.9832458496094,7001200
2025-07-25 00:00:00-04:00,JPM,JPMorgan Chase,291.1304626389869,293.2891470363467,290.4043332995373,293.014404296875,5918500
2025-07-28 00:00:00-04:00,JPM,JPMorgan Chase,292.0724293571669,293.8091927274499,291.2482011503524,292.6807861328125,5840400
2025-07-29 00:00:00-04:00,JPM,JPMorgan Chase,294.36853919701497,295.6343323000827,290.6398830117393,291.464111328125,7635700
2025-07-30 00:00:00-04:00,JPM,JPMorgan Chase,291.836986615819,294.9670779062804,291.7977290922438,294.0054931640625,8061700
2025-07-31 00:00:00-04:00,JPM,JPMorgan Chase,293.5246633224064,295.33011989507037,289.9529777509294,290.6790771484375,14749700
2025-08-01 00:00:00-04:00,JPM,JPMorgan Chase,284.9487133421405,286.32242707449086,278.9043429750852,283.93804931640625,12007100
2025-08-04 00:00:00-04:00,JPM,JPMorgan Chase,284.811383748588,288.7951689197271,284.811383748588,288.7362976074219,6649500
2025-08-05 00:00:00-04:00,JPM,JPMorgan Chase,289.15819815384634,290.2375553774225,281.84803463230764,285.9005126953125,7182300
2025-08-06 00:00:00-04:00,JPM,JPMorgan Chase,286.8130388717205,287.784475314663,284.71322574362773,285.8808898925781,6330200
2025-08-07 00:00:00-04:00,JPM,JPMorgan Chase,287.44105083933385,287.95127882891904,281.03363056399576,281.5536804199219,8057100
2025-08-08 00:00:00-04:00,JPM,JPMorgan Chase,283.55537949152693,285.7631432800269,279.365515270513,283.3395080566406,6634100
2025-08-11 00:00:00-04:00,JPM,JPMorgan Chase,283.9674810703858,285.8514526951056,283.3591242790355,284.1244812011719,5510100
2025-08-12 00:00:00-04:00,JPM,JPMorgan Chase,286.02808831162713,289.2170807199043,284.88985973561466,287.3527526855469,8570900
2025-08-13 00:00:00-04:00,JPM,JPMorgan Chase,288.43210834423235,289.0208214451698,281.7695589346143,285.0762939453125,8420400
2025-08-14 00:00:00-04:00,JPM,JPMorgan Chase,285.1253084483277,288.6773800754172,284.20298138831316,288.63812255859375,6322400
2025-08-15 00:00:00-04:00,JPM,JPMorgan Chase,289.30539816837313,289.9530125511936,284.37964203474183,285.03704833984375,7340500
2025-08-18 00:00:00-04:00,JPM,JPMorgan Chase,284.5562169634104,286.4205448097455,282.9960675051489,286.0574951171875,5386900
2025-08-19 00:00:00-04:00,JPM,JPMorgan Chase,285.3706494849781,286.9897003409671,284.0950645111781,285.203857421875,6031500
2025-08-20 00:00:00-04:00,JPM,JPMorgan Chase,285.35100110061984,287.8236856501562,281.8774445149503,286.754150390625,7374200
2025-08-21 00:00:00-04:00,JPM,JPMorgan Chase,286.45980522859077,287.2742115786807,284.0361700203976,285.9986267089844,6624000
2025-08-22 00:00:00-04:00,JPM,JPMorgan Chase,287.6961645212777,291.5818204071259,284.6837862966605,290.6790771484375,8552800
2025-08-25 00:00:00-04:00,JPM,JPMorgan Chase,290.67910031440016,291.76827944217837,288.61854456863614,289.3642578125,5856300
2025-08-26 00:00:00-04:00,JPM,JPMorgan Chase,288.63811176318757,293.13212406826625,287.9904975110241,292.96533203125,6714700
2025-08-27 00:00:00-04:00,JPM,JPMorgan Chase,291.6701254801894,295.41842494390727,291.46407591230917,293.6620178222656,6056500
2025-08-28 00:00:00-04:00,JPM,JPMorgan Chase,294.38811877937053,295.5852185641284,293.0929201153854,295.4184265136719,6410500
2025-08-29 00:00:00-04:00,JPM,JPMorgan Chase,296.37022814205386,297.2631495608047,294.10359298088383,295.7618713378906,6796400
2025-09-02 00:00:00-04:00,JPM,JPMorgan Chase,294.62364321253557,294.8198709218748,288.9717581566039,294.07415771484375,7221900
2025-09-03 00:00:00-04:00,JPM,JPMorgan Chase,294.9278255320024,294.9278255320024,290.8164761661132,293.8877258300781,6316900
2025-09-04 00:00:00-04:00,JPM,JPMorgan Chase,294.36852159403367,298.7153562428407,292.68080753910596,298.1168212890625,6605800
2025-09-05 00:00:00-04:00,JPM,JPMorgan Chase,297.9499798501053,299.4218223620716,288.78531073562726,288.85400390625,9837700
2025-09-08 00:00:00-04:00,JPM,JPMorgan Chase,289.3544334283243,290.89493913151904,285.9691837491296,287.4115905761719,8188500
2025-09-09 00:00:00-04:00,JPM,JPMorgan Chase,287.1074615709347,293.3873179050423,286.82289692490065,292.2589111328125,7848200
2025-09-10 00:00:00-04:00,JPM,JPMorgan Chase,291.13046319713106,295.8796048140829,289.8548483762926,294.89837646484375,7787300
2025-09-11 00:00:00-04:00,JPM,JPMorgan Chase,295.5852136096933,299.9909491896388,295.1436788264331,299.8241271972656,7942500
2025-09-12 00:00:00-04:00,JPM,JPMorgan Chase,299.27465392414524,301.7767742987404,297.9990690164523,301.1488037109375,6846700
2025-09-15 00:00:00-04:00,JPM,JPMorgan Chase,301.4039041511534,304.1317175736464,301.4039041511534,303.1014099121094,7122000
2025-09-16 00:00:00-04:00,JPM,JPMorgan Chase,304.18080946841434,305.06390905534744,301.3646887009418,303.3860168457031,10525600
2025-09-17 00:00:00-04:00,JPM,JPMorgan Chase,304.56346260331446,307.03614710830897,302.9738476236277,305.8979187011719,8657800
2025-09-18 00:00:00-04:00,JPM,JPMorgan Chase,305.93724826390047,307.5562693309913,303.79814733491173,307.3502197265625,8050700
2025-09-19 00:00:00-04:00,JPM,JPMorgan Chase,307.7132209495945,309.8719053836384,303.31730709863126,308.8710632324219,23568600
2025-09-22 00:00:00-04:00,JPM,JPMorgan Chase,303.9845245259009,307.8113389670314,303.74903930910966,306.5749816894531,7520200
2025-09-23 00:00:00-04:00,JPM,JPMorgan Chase,305.96661047888983,310.37231588850653,304.7498670452201,306.86932373046875,8584400
2025-09-24 00:00:00-04:00,JPM,JPMorgan Chase,308.15476983779797,310.63727651453155,305.81947137817144,307.53662109375,7310500
2025-09-25 00:00:00-04:00,JPM,JPMorgan Chase,308.2234462682717,309.72472445454315,305.94698929656073,307.5660400390625,7083200
2025-09-26 00:00:00-04:00,JPM,JPMorgan Chase,308.988785738579,311.8441636854759,307.8113297451866,310.12701416015625,7258100
2025-09-29 00:00:00-04:00,JPM,JPMorgan Chase,311.10825508542985,312.0404339863167,307.7720847183659,309.76397705078125,6462400
2025-09-30 00:00:00-04:00,JPM,JPMorgan Chase,310.31346452838187,311.45169300349573,304.28870810842403,309.50885009765625,11823300
2025-10-01 00:00:00-04:00,JPM,JPMorgan Chase,308.07628613361976,308.68464295873514,301.6394301376976,304.8774719238281,9235200
2025-10-02 00:00:00-04:00,JPM,JPMorgan Chase,304.1807853263183,304.7302708010082,300.3932583082978,301.7767639160156,7600000
2025-10-03 00:00:00-04:00,JPM,JPMorgan Chase,302.7187488597389,305.80961197949307,302.4243624063698,304.210205078125,6029900
2025-10-06 00:00:00-04:00,JPM,JPMorgan Chase,305.8371035459471,307.38512889871987,300.8578215934895,304.8511047363281,7214500
2025-10-07 00:00:00-04:00,JPM,JPMorgan Chase,305.0187809092415,305.66954382645594,300.4338918141804,303.38201904296875,8454200
2025-10-08 00:00:00-04:00,JPM,JPMorgan Chase,303.8946608384686,304.4566873375159,299.2999031353941,299.773193359375,6489900
2025-10-09 00:00:00-04:00,JPM,JPMorgan Chase,300.77893750215213,303.7270945284432,299.1422058887319,301.2522277832031,7060300
2025-10-10 00:00:00-04:00,JPM,JPMorgan Chase,301.38038837024254,306.1230400580682,296.59828830624,296.67718505859375,8597400
2025-10-13 00:00:00-04:00,JPM,JPMorgan Chase,301.3212684867699,305.1272097801061,301.17337467050265,303.6580810546875,10788700
2025-10-14 00:00:00-04:00,JPM,JPMorgan Chase,301.5578902761218,302.70165257420854,290.0907186231138,297.85052490234375,16178800
2025-10-15 00:00:00-04:00,JPM,JPMorgan Chase,302.1002149225357,307.7499693151439,301.1635039391426,301.4100036621094,11354800
2025-10-16 00:00:00-04:00,JPM,JPMorgan Chase,301.0747260223031,304.35808863852304,292.9106575300408,294.3600769042969,10549400
2025-10-17 00:00:00-04:00,JPM,JPMorgan Chase,294.97143359875633,295.3559575215809,290.08088749555986,293.3938293457031,10153500
2025-10-20 00:00:00-04:00,JPM,JPMorgan Chase,294.32064593592156,299.43798218705626,293.9854099500461,298.1265869140625,6894900
2025-10-21 00:00:00-04:00,JPM,JPMorgan Chase,297.43638030144115,299.7929016175946,292.841622611914,292.93035888671875,7372700
2025-10-22 00:00:00-04:00,JPM,JPMorgan Chase,293.60088610479784,293.88683421544886,286.47213320670807,289.99212646484375,8054100
2025-10-23 00:00:00-04:00,JPM,JPMorgan Chase,290.25837425327126,292.22050252499105,288.41456104050746,290.4161376953125,5438800
2025-10-24 00:00:00-04:00,JPM,JPMorgan Chase,291.93451945757295,298.36325106738366,291.31336547241364,296.2334899902344,7228300
2025-10-27 00:00:00-04:00,JPM,JPMorgan Chase,297.92941246883,300.2662249001909,296.7955198233114,299.89154052734375,5642200
2025-10-28 00:00:00-04:00,JPM,JPMorgan Chase,300.59162576862406,303.65809815329317,298.9154456060477,301.0846252441406,6336000
2025-10-29 00:00:00-04:00,JPM,JPMorgan Chase,299.26054607737746,303.9341713954877,298.7675466103937,301.2325439453125,7520300
2025-10-30 00:00:00-04:00,JPM,JPMorgan Chase,301.50859316866377,308.2330823767899,300.82825156305904,305.10748291015625,7514600
2025-10-31 00:00:00-04:00,JPM,JPMorgan Chase,304.22008283002725,308.4894444595929,302.9481359332913,306.7639465332031,7721300
2025-11-03 00:00:00-05:00,JPM,JPMorgan Chase,306.6456604912348,307.9471862719047,301.9227172950412,305.0187683105469,7770000
2025-11-04 00:00:00-05:00,JPM,JPMorgan Chase,302.415720333495,307.84858401169095,300.82827651560933,304.920166015625,7085200
2025-11-05 00:00:00-05:00,JPM,JPMorgan Chase,305.27510663609064,308.7162632770978,301.35085025066564,307.3161315917969,6865200
2025-11-06 00:00:00-05:00,JPM,JPMorgan Chase,306.63579903674446,310.4319009529449,305.9160390722913,309.03179931640625,7206100
2025-11-07 00:00:00-05:00,JPM,JPMorgan Chase,307.5232049313688,310.0276204199649,303.3327096940284,309.8106994628906,7302300
2025-11-10 00:00:00-05:00,JPM,JPMorgan Chase,310.58966412464275,315.0858168552232,309.810716541713,312.4532165527344,5794100
2025-11-11 00:00:00-05:00,JPM,JPMorgan Chase,313.05464094031504,314.58292715130625,310.86572224729366,311.2009582519531,5030200
2025-11-12 00:00:00-05:00,JPM,JPMorgan Chase,311.83200002815875,317.7381233989844,311.782682032414,315.92388916015625,10578300
2025-11-13 00:00:00-05:00,JPM,JPMorgan Chase,314.7604311532612,316.14082355780937,304.7722577523736,305.1469421386719,8973300
2025-11-14 00:00:00-05:00,JPM,JPMorgan Chase,303.20451997960254,303.3327046462357,297.0124483237873,299.3591003417969,10327000
2025-11-17 00:00:00-05:00,JPM,JPMorgan Chase,299.74363974118836,301.31137424610444,293.5022804823602,296.1644592285156,8344000
2025-11-18 00:00:00-05:00,JPM,JPMorgan Chase,295.3066623130797,298.70837045931603,292.8613742767781,295.2179260253906,8077300
2025-11-19 00:00:00-05:00,JPM,JPMorgan Chase,295.5432899586994,300.1873662746028,295.0798692888629,299.02386474609375,5546600
2025-11-20 00:00:00-05:00,JPM,JPMorgan Chase,302.05090502503106,305.58079800315744,293.98544109490615,294.2023620605469,7501600
2025-11-21 00:00:00-05:00,JPM,JPMorgan Chase,297.0715864028587,297.456110287291,288.71030575970536,293.84735107421875,11766800
2025-11-24 00:00:00-05:00,JPM,JPMorgan Chase,294.0642973394352,295.6221924256846,290.386540762355,293.8276672363281,10940200
2025-11-25 00:00:00-05:00,JPM,JPMorgan Chase,295.84892096661844,300.2366275598507,291.4217960873232,298.75762939453125,8877200
2025-11-26 00:00:00-05:00,JPM,JPMorgan Chase,300.7296512123902,304.21022597199055,298.95486530692773,303.33270263671875,7910900
2025-11-28 00:00:00-05:00,JPM,JPMorgan Chase,304.77227670123045,309.3275869646093,303.9243019705234,308.696533203125,4322400
2025-12-01 00:00:00-05:00,JPM,JPMorgan Chase,308.56839280068186,309.6431280779537,304.22013368841834,304.5948181152344,7727300
2025-12-02 00:00:00-05:00,JPM,JPMorgan Chase,304.4172805196406,306.1329390093465,302.7903884074122,303.5693359375,7249000
2025-12-03 00:00:00-05:00,JPM,JPMorgan Chase,302.89885953876745,307.98658713845214,302.50443592551073,307.75982666015625,8535300
2025-12-04 00:00:00-05:00,JPM,JPMorgan Chase,308.8740221323167,314.0307770729326,308.61765279183703,311.67425537109375,9627800
2025-12-05 00:00:00-05:00,JPM,JPMorgan Chase,311.2207252653726,314.02095869272745,310.27414460153136,310.6291198730469,6518900
2025-12-08 00:00:00-05:00,JPM,JPMorgan Chase,310.64879808375287,312.0390600856641,308.96274846028484,310.79669189453125,7417200
2025-12-09 00:00:00-05:00,JPM,JPMorgan Chase,310.5403783790639,314.336450228146,295.8193913272319,296.30255126953125,18049200
2025-12-10 00:00:00-05:00,JPM,JPMorgan Chase,296.292632599085,306.8329619363725,294.2811866679717,305.76806640625,18874100
2025-12-11 00:00:00-05:00,JPM,JPMorgan Chase,304.9102649889192,313.5476242674454,304.9102649889192,312.9363098144531,9721900
2025-12-12 00:00:00-05:00,JPM,JPMorgan Chase,315.2040954937631,315.7858311866128,312.16723236849225,314.0603332519531,8982900
2025-12-15 00:00:00-05:00,JPM,JPMorgan Chase,315.11539535630396,318.35934027084556,313.9322146909975,315.53936767578125,10864100
2025-12-16 00:00:00-05:00,JPM,JPMorgan Chase,314.6223718715413,315.0463441586525,309.9980348220149,311.1319274902344,8331300
2025-12-17 00:00:00-05:00,JPM,JPMorgan Chase,313.9716244610726,314.8984658400699,310.2544194174254,310.5699462890625,8718700
2025-12-18 00:00:00-05:00,JPM,JPMorgan Chase,311.57564186364317,313.2518519730792,307.84856735129125,308.6176452636719,11444900
2025-12-19 00:00:00-05:00,JPM,JPMorgan Chase,309.39657764946713,314.099781180705,308.8049723403709,312.7686767578125,24494400
2025-12-22 00:00:00-05:00,JPM,JPMorgan Chase,313.0644852104395,318.7043994886834,313.0644852104395,318.56634521484375,8354600
2025-12-23 00:00:00-05:00,JPM,JPMorgan Chase,319.07908304324746,323.1907116116738,318.56637445826755,321.3666076660156,6668300
2025-12-24 00:00:00-05:00,JPM,JPMorgan Chase,321.6722493328215,325.36974495293686,320.9426198260136,324.5612487792969,4289300
2025-12-26 00:00:00-05:00,JPM,JPMorgan Chase,324.50208933838474,326.22758744424,321.96809498869885,323.31890869140625,4158300
2025-12-29 00:00:00-05:00,JPM,JPMorgan Chase,322.4216288798564,323.1808371734579,319.0002116144308,319.2171325683594,8635300
2025-12-30 00:00:00-05:00,JPM,JPMorgan Chase,320.2622768741799,320.3904615362508,317.97475237184364,318.8917541503906,7904300
2025-12-31 00:00:00-05:00,JPM,JPMorgan Chase,319.79886991908165,320.3313177342217,317.5310845539587,317.70855712890625,5048500
2026-01-02 00:00:00-05:00,JPM,JPMorgan Chase,317.9846252281575,321.1694123071354,316.2492576445291,320.92291259765625,8054000
2026-01-05 00:00:00-05:00,JPM,JPMorgan Chase,320.942628937084,332.5281155423397,320.63697169770103,329.3630676269531,10752600
2026-01-06 00:00:00-05:00,JPM,JPMorgan Chase,329.44229029813283,332.6612412306879,327.49110960074296,331.41326904296875,7660800
2026-01-07 00:00:00-05:00,JPM,JPMorgan Chase,327.9764659913386,328.9767963949314,321.4989374679619,323.8660888671875,9815200
2026-01-08 00:00:00-05:00,JPM,JPMorgan Chase,323.27183137637843,328.2339475379842,322.53888044956136,326.63934326171875,11737100
2026-01-09 00:00:00-05:00,JPM,JPMorgan Chase,326.1936353875406,328.7291759216584,325.0348299492433,326.0450744628906,6738100
2026-01-12 00:00:00-05:00,JPM,JPMorgan Chase,318.80490292970194,322.9053354478686,318.1611187929736,321.38995361328125,12805100
2026-01-13 00:00:00-05:00,JPM,JPMorgan Chase,321.20175473899405,323.7372950994605,307.60294504088824,307.9297790527344,19371200
2026-01-14 00:00:00-05:00,JPM,JPMorgan Chase,305.2556057077196,308.78159262538577,303.19546018048277,304.9287414550781,25951500
2026-01-15 00:00:00-05:00,JPM,JPMorgan Chase,305.5230197927318,309.95031666446005,304.8098971346673,306.30548095703125,14751400
2026-01-16 00:00:00-05:00,JPM,JPMorgan Chase,307.38506061636195,314.17950872864606,307.0383983149945,309.48480224609375,14652500
2026-01-20 00:00:00-05:00,JPM,JPMorgan Chase,303.2845981841295,308.1774060521912,298.9761500928895,299.8477478027344,12900600
2026-01-21 00:00:00-05:00,JPM,JPMorgan Chase,300.53118494697816,302.4823658305288,298.2729680555718,299.15447998046875,10270100
2026-01-22 00:00:00-05:00,JPM,JPMorgan Chase,301.9474777854751,305.2555953909441,300.0062112868251,300.729248046875,10535800
2026-01-23 00:00:00-05:00,JPM,JPMorgan Chase,299.11481126550876,299.4812715954647,293.6772702297321,294.8757019042969,11107900
2026-01-26 00:00:00-05:00,JPM,JPMorgan Chase,294.96484861763906,298.8969221500132,294.60830241167326,298.16400146484375,11752700
2026-01-27 00:00:00-05:00,JPM,JPMorgan Chase,298.45122352878457,299.08512378237486,295.3016109870806,297.44097900390625,11527400
2026-01-28 00:00:00-05:00,JPM,JPMorgan Chase,297.4013222225187,299.03558292254246,295.2025300603667,297.89654541015625,9556700
2026-01-29 00:00:00-05:00,JPM,JPMorgan Chase,299.51100066931883,303.898671192008,299.3327275624257,303.49261474609375,11580000
2026-01-30 00:00:00-05:00,JPM,JPMorgan Chase,302.333781642444,304.98817089860455,299.66947824936375,302.9676818847656,11953200
2026-02-02 00:00:00-05:00,JPM,JPMorgan Chase,301.5513314360023,306.34508884518107,298.49085539325506,305.1961975097656,9839400
2026-02-03 00:00:00-05:00,JPM,JPMorgan Chase,306.77099053389486,313.22869052113475,306.14700443281885,311.8420715332031,12688000
2026-02-04 00:00:00-05:00,JPM,JPMorgan Chase,311.4062598905275,316.25944126204155,311.4062598905275,314.2389221191406,9848800
2026-02-05 00:00:00-05:00,JPM,JPMorgan Chase,311.99062599899656,312.9909865673853,302.6210112179966,307.1968688964844,9388000
2026-02-06 00:00:00-05:00,JPM,JPMorgan Chase,311.7034102684662,321.15227836348157,311.7034102684662,319.3199462890625,17797400
2026-02-09 00:00:00-05:00,JPM,JPMorgan Chase,318.27007812796035,323.2817350541263,317.05181803840316,319.0228271484375,11477500
2026-02-10 00:00:00-05:00,JPM,JPMorgan Chase,319.4684837021083,323.01429884581904,312.1094739861534,315.2392883300781,9902200
2026-02-11 00:00:00-05:00,JPM,JPMorgan Chase,320.15191444315514,322.1724337503843,305.78055639607567,307.8505859375,8703500
2026-02-12 00:00:00-05:00,JPM,JPMorgan Chase,309.29660600764385,310.62380057979817,297.15372325834437,299.74871826171875,13443400
2026-02-13 00:00:00-05:00,JPM,JPMorgan Chase,295.6680481198895,301.38294318623025,293.6871553220786,299.6595458984375,9114500
2026-02-17 00:00:00-05:00,JPM,JPMorgan Chase,299.8675549474044,305.29518175186814,299.61002921690664,304.19580078125,8896800
2026-02-18 00:00:00-05:00,JPM,JPMorgan Chase,305.51309749540866,309.2966101142475,304.2849535938903,305.8300476074219,7209600
2026-02-19 00:00:00-05:00,JPM,JPMorgan Chase,304.2354576365961,306.226234501648,302.2050242231491,305.1070251464844,6737700
2026-02-20 00:00:00-05:00,JPM,JPMorgan Chase,305.4536802835111,308.0288471084009,302.75966472033866,307.82086181640625,7792700
2026-02-23 00:00:00-05:00,JPM,JPMorgan Chase,305.84987743753925,308.028871901531,292.2807780649544,294.82623291015625,12955400
2026-02-24 00:00:00-05:00,JPM,JPMorgan Chase,293.98432184665864,296.886322684036,288.5962907533433,294.459716796875,13554100
2026-02-25 00:00:00-05:00,JPM,JPMorgan Chase,295.78692074637365,300.75895068108485,294.1724883145502,300.4023742675781,8095500
2026-02-26 00:00:00-05:00,JPM,JPMorgan Chase,301.67017313360896,306.05787397622345,300.73918125790124,303.20538330078125,7007800
2026-02-27 00:00:00-05:00,JPM,JPMorgan Chase,297.13393894248406,300.0557680991628,291.636973162459,297.4310607910156,18620800
2026-03-02 00:00:00-05:00,JPM,JPMorgan Chase,291.9935267958635,297.11414843979566,290.4088063693875,294.7172546386719,8508900
2026-03-03 00:00:00-05:00,JPM,JPMorgan Chase,289.4975898716125,299.5011046657454,286.73423592223537,297.3914489746094,10278200
2026-03-04 00:00:00-05:00,JPM,JPMorgan Chase,297.12402886142485,298.12438947518206,292.99388398032096,296.52978515625,8055700
2026-03-05 00:00:00-05:00,JPM,JPMorgan Chase,295.1332451958745,298.3620800816865,289.63624924146006,290.74554443359375,12732500
2026-03-06 00:00:00-05:00,JPM,JPMorgan Chase,283.6044306839189,287.21955415339994,280.99955170429564,286.7144470214844,13496500
2026-03-09 00:00:00-04:00,JPM,JPMorgan Chase,282.7724816341387,288.31898819476027,277.77073879547015,287.1502685546875,12241100
2026-03-10 00:00:00-04:00,JPM,JPMorgan Chase,286.52626625452876,289.9532025593205,284.43640849634494,285.97161865234375,8344900
2026-03-11 00:00:00-04:00,JPM,JPMorgan Chase,286.05084727233185,287.7049062038017,282.1385715612803,284.7731628417969,10205000
2026-03-12 00:00:00-04:00,JPM,JPMorgan Chase,280.1279843639117,281.16797137675815,276.43363807803536,280.18743896484375,13760500
2026-03-13 00:00:00-04:00,JPM,JPMorgan Chase,281.9504072447318,284.4463214441296,280.2468381234208,280.7321472167969,9091200
2026-03-16 00:00:00-04:00,JPM,JPMorgan Chase,283.6044205599556,286.506421278288,281.89093739443587,283.4261474609375,8149000
2026-03-17 00:00:00-04:00,JPM,JPMorgan Chase,286.23902796907333,288.97266988082987,283.2181783456238,284.1492004394531,8961200
2026-03-18 00:00:00-04:00,JPM,JPMorgan Chase,284.08971801136914,286.6450865635814,282.3960631878955,284.99102783203125,10057000
2026-03-19 00:00:00-04:00,JPM,JPMorgan Chase,284.13928904174674,286.7441681021885,281.900870340191,285.2188720703125,9846700
2026-03-20 00:00:00-04:00,JPM,JPMorgan Chase,285.3277943529036,287.9326733008621,282.5446423017302,283.82232666015625,22436500
2026-03-23 00:00:00-04:00,JPM,JPMorgan Chase,291.4982779446762,292.9245231806114,285.2188513876401,287.14031982421875,11470800
2026-03-24 00:00:00-04:00,JPM,JPMorgan Chase,283.4360748065673,292.6571288676103,282.64369950840546,289.6065368652344,11092300
2026-03-25 00:00:00-04:00,JPM,JPMorgan Chase,291.3398308899875,294.7965097163498,289.6461758443202,292.59771728515625,12188200
2026-03-26 00:00:00-04:00,JPM,JPMorgan Chase,289.78478993876473,292.1717693530369,287.95248830787267,288.87359619140625,8669200
2026-03-27 00:00:00-04:00,JPM,JPMorgan Chase,286.3777093696089,287.3384134369941,279.05829538327214,280.13787841796875,9873300
2026-03-30 00:00:00-04:00,JPM,JPMorgan Chase,282.01972478590784,284.50575515603197,279.6327451103039,281.0589904785156,11734400
2026-03-31 00:00:00-04:00,JPM,JPMorgan Chase,285.71408872506316,292.25104134220237,282.22772810140145,291.3497314453125,12956900
2026-04-01 00:00:00-04:00,JPM,JPMorgan Chase,292.567989087923,295.8661624411999,290.1116710297465,292.5580749511719,11267200
2026-04-02 00:00:00-04:00,JPM,JPMorgan Chase,289.1212191631598,292.7957669317203,285.9616926535428,291.7855224609375,6669300
2026-04-06 00:00:00-04:00,JPM,JPMorgan Chase,292.7412191857173,295.4987855589938,291.88509063240025,294.125,7142600
2026-04-07 00:00:00-04:00,JPM,JPMorgan Chase,291.8253790066561,296.8427544058445,291.38734983011653,296.0662536621094,7849100
2026-04-08 00:00:00-04:00,JPM,JPMorgan Chase,306.5888366699219,309.8640903908154,303.96066179364243,306.5888366699219,10590200
2026-04-09 00:00:00-04:00,JPM,JPMorgan Chase,305.5734164156603,309.8640846884941,304.73715687535,308.938232421875,6586600
2026-04-10 00:00:00-04:00,JPM,JPMorgan Chase,308.6097380099313,308.9581744354404,305.344449093958,308.4803161621094,6069700
2026-04-13 00:00:00-04:00,JPM,JPMorgan Chase,306.0910825316173,312.33295236293975,304.0900871089203,312.2732238769531,8318200
2026-04-14 00:00:00-04:00,JPM,JPMorgan Chase,308.4305432499699,312.91036189245165,307.4847916064935,309.7247009277344,11455500
2026-04-15 00:00:00-04:00,JPM,JPMorgan Chase,312.54203541599225,312.8307129741003,302.8954898881459,304.5579833984375,9885800
2026-04-16 00:00:00-04:00,JPM,JPMorgan Chase,303.98059076810495,308.5599670410156,303.8312695552229,308.5599670410156,8208600
2026-04-17 00:00:00-04:00,JPM,JPMorgan Chase,311.068653468178,313.4877482505245,308.69932229637936,308.8984375,11082400
2026-04-20 00:00:00-04:00,JPM,JPMorgan Chase,309.45594165814435,315.70777661938337,308.9780833700189,315.5683898925781,10772000
2026-04-21 00:00:00-04:00,JPM,JPMorgan Chase,316.0661368489313,318.8038038717339,311.3474041387296,311.5962829589844,7084300
2026-04-22 00:00:00-04:00,JPM,JPMorgan Chase,313.43799038623484,313.73663281642627,310.5410372905177,311.6161804199219,5545900
2026-04-23 00:00:00-04:00,JPM,JPMorgan Chase,312.11395497732667,313.57736372602733,307.5047445243564,310.29217529296875,6969700
2026-04-24 00:00:00-04:00,JPM,JPMorgan Chase,309.7545850384977,309.7545850384977,306.5092257615542,306.8974609375,5215300
2026-04-27 00:00:00-04:00,JPM,JPMorgan Chase,305.50372444273444,311.1781431330245,305.50372444273444,310.232421875,7925300
2026-04-28 00:00:00-04:00,JPM,JPMorgan Chase,313.78643555890045,314.03531438457196,309.7745101043047,310.0532531738281,7398600
2026-04-29 00:00:00-04:00,JPM,JPMorgan Chase,309.1771855961317,310.65052875636707,305.91189671624613,307.86309814453125,8031800
2026-04-30 00:00:00-04:00,JPM,JPMorgan Chase,305.6928786901284,312.6913497643884,305.1951210592971,311.82525634765625,8865400
2026-05-01 00:00:00-04:00,JPM,JPMorgan Chase,312.54203812020876,314.6624601726697,310.43152018106696,311.06866455078125,6135400
2026-05-04 00:00:00-04:00,JPM,JPMorgan Chase,309.22694520939064,309.2568094519629,305.13539207341324,306.270263671875,7338200
2026-05-05 00:00:00-04:00,JPM,JPMorgan Chase,306.32999740556414,309.5753869306937,305.42407485773,308.0124206542969,6316800
2026-05-06 00:00:00-04:00,JPM,JPMorgan Chase,310.0532528884956,314.84167905955115,309.95369528217543,313.4877624511719,8629500
2026-05-07 00:00:00-04:00,JPM,JPMorgan Chase,313.23887676443206,314.8814709002291,304.76706239082745,304.8964538574219,8359600
2026-05-08 00:00:00-04:00,JPM,JPMorgan Chase,306.86759124184925,307.60426284206056,299.1523476664256,300.74517822265625,9464300
2026-05-11 00:00:00-04:00,JPM,JPMorgan Chase,300.74515961007836,301.83026757429667,297.5395993270601,298.6545715332031,9512000
2026-05-12 00:00:00-04:00,JPM,JPMorgan Chase,298.67447538308426,304.6873960201211,294.2245209852311,303.5126953125,9498200
2026-05-13 00:00:00-04:00,JPM,JPMorgan Chase,300.91440289675086,301.6411400127173,298.72428743531935,298.9034729003906,7709500
2026-05-14 00:00:00-04:00,JPM,JPMorgan Chase,300.8945046380796,302.38777761395096,297.4699295162906,298.56500244140625,7364300
2026-05-15 00:00:00-04:00,JPM,JPMorgan Chase,298.86362628854243,299.44104214981957,295.1205095874812,296.4743957519531,8699300
2026-05-18 00:00:00-04:00,JPM,JPMorgan Chase,296.6635495230975,299.908939014877,295.8870488301784,299.3813171386719,7546300
2026-05-19 00:00:00-04:00,JPM,JPMorgan Chase,299.7396822358739,300.436555061437,293.935841710235,294.3738708496094,8066900
2026-05-20 00:00:00-04:00,JPM,JPMorgan Chase,295.3694126574367,301.57145376364997,292.35300240137923,300.625732421875,9327000
2026-05-21 00:00:00-04:00,JPM,JPMorgan Chase,299.8790926087445,302.6167597554335,298.8636475324957,301.6411437988281,7874400
2026-05-22 00:00:00-04:00,JPM,JPMorgan Chase,303.31359328873907,306.07119010408854,302.4773640852478,305.0059814453125,5973900
2026-05-26 00:00:00-04:00,JPM,JPMorgan Chase,307.1065011172144,308.54004556072954,304.0701916446211,305.3643493652344,7725400
2026-05-27 00:00:00-04:00,JPM,JPMorgan Chase,303.63215366632585,304.52811132231307,294.42363753054383,297.93780517578125,11779200
2026-05-28 00:00:00-04:00,JPM,JPMorgan Chase,296.23549066837876,299.7197941661088,294.4236455581874,295.3992614746094,9757700
2026-05-29 00:00:00-04:00,JPM,JPMorgan Chase,295.070728717322,298.53513289689414,293.87612858626386,297.9676818847656,13969000
2026-06-01 00:00:00-04:00,JPM,JPMorgan Chase,296.3549462063085,298.20659004481905,293.94578586060317,295.2499084472656,7930000
2026-06-02 00:00:00-04:00,JPM,JPMorgan Chase,295.17027051801705,300.7152977310929,293.9457758280521,299.6102600097656,8296200
2026-06-03 00:00:00-04:00,JPM,JPMorgan Chase,298.5749714904202,300.60580089187994,295.23002417973413,299.50079345703125,7003900
2026-06-04 00:00:00-04:00,JPM,JPMorgan Chase,304.36883009196185,311.5066879726736,303.0746723882986,309.4957580566406,10345200
2026-06-05 00:00:00-04:00,JPM,JPMorgan Chase,312.8805189963161,313.58732636819616,308.211549706599,310.9691162109375,9118800
2026-06-08 00:00:00-04:00,JPM,JPMorgan Chase,311.84516953437026,314.88147906470095,309.3862455138746,309.7147521972656,6827000
2026-06-09 00:00:00-04:00,JPM,JPMorgan Chase,312.1040028799189,315.0009559692908,307.62418415256917,311.2976379394531,11594600
2026-06-10 00:00:00-04:00,JPM,JPMorgan Chase,311.1582462393224,313.3384270822022,307.64407859799763,307.75360107421875,7446200
2026-06-11 00:00:00-04:00,JPM,JPMorgan Chase,308.1717081621576,313.30857066124145,307.4947650619962,312.0840759277344,9116600
2026-06-12 00:00:00-04:00,JPM,JPMorgan Chase,314.5529794375797,319.85906276888113,314.1348496322589,319.28167724609375,7426200
2026-06-15 00:00:00-04:00,JPM,JPMorgan Chase,322.4673390673774,324.4583697274161,317.41010417767774,317.96759033203125,7988900
2026-06-16 00:00:00-04:00,JPM,JPMorgan Chase,322.8455866314347,330.26218746993305,322.56684357389287,329.6549377441406,11094900
2026-06-17 00:00:00-04:00,JPM,JPMorgan Chase,330.69024974688585,336.25517637046335,330.01330666560995,331.9645080566406,12246400
2026-06-18 00:00:00-04:00,JPM,JPMorgan Chase,335.4388795655989,336.57375116590936,322.70623086248213,323.761474609375,20111000
2026-06-22 00:00:00-04:00,JPM,JPMorgan Chase,328.22139226156105,331.2776010100568,325.28461010223134,329.993408203125,10182500
2026-06-23 00:00:00-04:00,JPM,JPMorgan Chase,327.9924099173137,333.86594380335947,325.7425357353925,332.6414794921875,7582200
2026-06-24 00:00:00-04:00,JPM,JPMorgan Chase,331.57628916780243,333.02973300317086,328.291070440402,331.95458984375,7907400
2026-06-25 00:00:00-04:00,JPM,JPMorgan Chase,333.4577793441399,341.90972446819404,333.2586945227413,333.6170654296875,10043100
2026-06-26 00:00:00-04:00,JPM,JPMorgan Chase,334.49312290223526,334.8913229247855,326.03124330500606,327.57427978515625,17640900
2026-06-29 00:00:00-04:00,JPM,JPMorgan Chase,326.80774304304947,330.8993264933345,325.73259994718205,327.91278076171875,7981800
2026-06-30 00:00:00-04:00,JPM,JPMorgan Chase,327.41503128103255,328.95806779511634,325.2149206632551,325.86199951171875,8080100
2026-07-01 00:00:00-04:00,JPM,JPMorgan Chase,326.89735842569155,334.13477419390347,323.5524415571975,332.5718078613281,15210200
2026-07-02 00:00:00-04:00,JPM,JPMorgan Chase,336.5040683580973,338.4751995750331,330.2820977776739,332.9700012207031,8413900
2026-07-06 00:00:00-04:00,JPM,JPMorgan Chase,335.0,339.7200012207031,334.1099853515625,337.7200012207031,8673500
2026-07-07 00:00:00-04:00,JPM,JPMorgan Chase,340.9800109863281,341.3999938964844,337.0899963378906,339.2200012207031,7115800
2026-07-08 00:00:00-04:00,JPM,JPMorgan Chase,336.5299987792969,336.5299987792969,330.1300048828125,330.6199951171875,18505200
2026-07-09 00:00:00-04:00,JPM,JPMorgan Chase,331.4599914550781,337.0,330.80999755859375,335.4700012207031,15570600
2026-07-10 00:00:00-04:00,JPM,JPMorgan Chase,337.4700012207031,338.5899963378906,335.7699890136719,336.4700012207031,6299000
2026-07-13 00:00:00-04:00,JPM,JPMorgan Chase,338.3399963378906,338.3500061035156,332.5,334.5299987792969,7120300
2026-07-14 00:00:00-04:00,JPM,JPMorgan Chase,327.0,344.7300109863281,325.75,342.8900146484375,14537900
2026-07-15 00:00:00-04:00,JPM,JPMorgan Chase,345.8500061035156,351.239990234375,344.04998779296875,346.9100036621094,10750000
2026-07-16 00:00:00-04:00,JPM,JPMorgan Chase,349.2799987792969,349.3399963378906,341.1099853515625,343.1499938964844,12432400
2026-07-17 00:00:00-04:00,JPM,JPMorgan Chase,339.0299987792969,346.1300048828125,335.04998779296875,341.1000061035156,9250900
2026-07-20 00:00:00-04:00,JPM,JPMorgan Chase,341.79998779296875,344.260009765625,337.3699951171875,338.8699951171875,7723300
2026-07-21 00:00:00-04:00,JPM,JPMorgan Chase,340.1199951171875,345.739990234375,337.29998779296875,345.2300109863281,6015300
2026-07-22 00:00:00-04:00,JPM,JPMorgan Chase,345.07000732421875,349.07000732421875,344.25,348.2099914550781,8040200
2026-07-23 00:00:00-04:00,JPM,JPMorgan Chase,346.5799865722656,349.9200134277344,345.4200134277344,349.8999938964844,10913000
2026-07-24 00:00:00-04:00,JPM,JPMorgan Chase,350.6400146484375,353.3699951171875,347.5,353.2099914550781,7520800
2026-07-27 00:00:00-04:00,JPM,JPMorgan Chase,357.8900146484375,359.04998779296875,352.5799865722656,356.20001220703125,7884900
2026-07-28 00:00:00-04:00,JPM,JPMorgan Chase,357.29998779296875,359.29998779296875,354.1499938964844,357.30999755859375,6533800
2026-07-29 00:00:00-04:00,JPM,JPMorgan Chase,356.5,357.3699951171875,343.7799987792969,344.7099914550781,8265300
2026-07-30 00:00:00-04:00,JPM,JPMorgan Chase,347.5400085449219,352.2799987792969,345.3699951171875,350.8500061035156,7606500
2026-07-31 00:00:00-04:00,JPM,JPMorgan Chase,353.29998779296875,354.4700012207031,349.70001220703125,351.7900085449219,6603400
2026-08-03 00:00:00-04:00,JPM,JPMorgan Chase,353.75,355.6199951171875,350.8399963378906,352.6400146484375,6436600
2026-08-04 00:00:00-04:00,JPM,JPMorgan Chase,355.0,363.0,353.8699951171875,357.5199890136719,8477200
2026-08-05 00:00:00-04:00,JPM,JPMorgan Chase,358.9700012207031,362.1700134277344,358.20001220703125,359.239990234375,5269500
2026-08-06 00:00:00-04:00,JPM,JPMorgan Chase,362.80999755859375,362.80999755859375,354.95001220703125,356.29998779296875,5820100
2026-08-07 00:00:00-04:00,JPM,JPMorgan Chase,355.760009765625,358.8500061035156,353.3299865722656,357.5199890136719,4566200
2026-08-10 00:00:00-04:00,JPM,JPMorgan Chase,357.9599914550781,359.989990234375,356.5,359.7900085449219,5327500
2026-08-11 00:00:00-04:00,JPM,JPMorgan Chase,360.04998779296875,363.1199951171875,358.6000061035156,362.0400085449219,4576500
2026-08-12 00:00:00-04:00,JPM,JPMorgan Chase,362.9700012207031,366.0899963378906,361.29998779296875,365.17999267578125,4366800
2026-08-13 00:00:00-04:00,JPM,JPMorgan Chase,366.5,366.5,361.5199890136719,363.1099853515625,5102700
2026-08-14 00:00:00-04:00,JPM,JPMorgan Chase,363.0,365.8999938964844,361.45001220703125,362.8399963378906,5058600
2026-08-17 00:00:00-04:00,JPM,JPMorgan Chase,361.94000244140625,365.75,360.9599914550781,360.9599914550781,5282600
2026-08-18 00:00:00-04:00,JPM,JPMorgan Chase,,,,,4077302
2023-08-21 00:00:00-04:00,NKE,Nike,99.08373863924741,99.09313514100738,96.41569836644925,96.63177490234375,6697600
2023-08-22 00:00:00-04:00,NKE,Nike,94.84681124632739,96.17143835022448,94.63074189653364,95.31653594970703,9814700
2023-08-23 00:00:00-04:00,NKE,Nike,91.10781506186034,93.18399758305448,90.70385149283146,92.77063751220703,20909100
2023-08-24 00:00:00-04:00,NKE,Nike,92.72363999670758,93.18397529913295,91.65266840328736,91.71842956542969,10310000
2023-08-25 00:00:00-04:00,NKE,Nike,92.53576946506858,93.09004119205622,91.88754706051728,92.85517883300781,7290600
2023-08-28 00:00:00-04:00,NKE,Nike,93.55976460780792,94.00130698346153,92.88336704380546,93.59734344482422,6006600
2023-08-29 00:00:00-04:00,NKE,Nike,93.97313269777456,95.97416472758675,93.68190564523815,95.60777282714844,8641600
2023-08-30 00:00:00-04:00,NKE,Nike,95.48564736060506,96.58480156410108,95.36352150491581,95.91779327392578,4822100
2023-08-31 00:00:00-04:00,NKE,Nike,96.40631703510138,96.65996526423028,95.45747096664026,95.5514144897461,7046200
2023-09-01 00:00:00-04:00,NKE,Nike,96.11697500005845,97.05014748983898,95.692800456361,96.48458862304688,6359400
2023-09-05 00:00:00-04:00,NKE,Nike,95.6739448342755,96.10754017448885,94.47684543754201,94.56167602539062,6698700
2023-09-06 00:00:00-04:00,NKE,Nike,94.03381234022322,94.55223821459184,93.34571092478934,94.42970275878906,6096000
2023-09-07 00:00:00-04:00,NKE,Nike,92.61992830305012,93.09122855894996,92.03551339680467,92.30886840820312,9927100
2023-09-08 00:00:00-04:00,NKE,Nike,92.46909254550611,92.49736940526353,91.69616054910053,92.06377410888672,6435000
2023-09-11 00:00:00-04:00,NKE,Nike,92.68591201739062,92.73303772909759,91.03636108674876,91.23430633544922,7584700
2023-09-12 00:00:00-04:00,NKE,Nike,91.42281218631517,91.59248054857947,90.65930815186098,90.77242279052734,6307700
2023-09-13 00:00:00-04:00,NKE,Nike,90.7724225232995,91.62075714065317,90.16915883512912,90.61217498779297,7140700
2023-09-14 00:00:00-04:00,NKE,Nike,91.16832000546789,92.07321560755175,90.39538789588767,91.61134338378906,7075300
2023-09-15 00:00:00-04:00,NKE,Nike,92.5162403180715,92.5162403180715,90.61218328486551,90.73472595214844,10467300
2023-09-18 00:00:00-04:00,NKE,Nike,90.4896355344614,90.83840026034638,89.81096211731771,90.02776336669922,6946300
2023-09-19 00:00:00-04:00,NKE,Nike,89.58474083585023,90.00890812958826,88.99090518632293,89.18885040283203,9386600
2023-09-20 00:00:00-04:00,NKE,Nike,88.57616150859698,89.92408037997278,88.4441980267675,88.64214324951172,10274200
2023-09-21 00:00:00-04:00,NKE,Nike,88.05773962331773,88.1237213726365,86.22909948870999,86.33277893066406,7958600
2023-09-22 00:00:00-04:00,NKE,Nike,86.3233554348508,87.03030580918661,85.35247807139834,85.63525390625,9289400
2023-09-25 00:00:00-04:00,NKE,Nike,84.83404592946111,85.63525492494512,84.63610068526891,85.39960479736328,8291700
2023-09-26 00:00:00-04:00,NKE,Nike,84.834045224026,85.49386269917999,84.626671962843,84.9942855834961,8060500
2023-09-27 00:00:00-04:00,NKE,Nike,85.36189456658215,85.49385805444359,84.08938539564924,84.2873306274414,7631000
2023-09-28 00:00:00-04:00,NKE,Nike,83.98569059922427,84.62665913138937,83.57095133121392,84.48526763916016,16315600
2023-09-29 00:00:00-04:00,NKE,Nike,93.66620603173145,93.7604646351429,89.18885405071796,90.13145446777344,34935400
2023-10-02 00:00:00-04:00,NKE,Nike,90.67815781963603,90.84782618344163,88.3499408155682,89.13229370117188,12776300
2023-10-03 00:00:00-04:00,NKE,Nike,88.9060673285649,90.53676914607796,88.77410385101705,89.63186645507812,10964300
2023-10-04 00:00:00-04:00,NKE,Nike,90.09375957951933,90.73472822185933,89.6601642025645,90.3859634399414,8045400
2023-10-05 00:00:00-04:00,NKE,Nike,90.29169464111328,90.70644112509997,89.81096641571692,90.29169464111328,7430000
2023-10-06 00:00:00-04:00,NKE,Nike,90.2916945594829,92.10148562920065,89.60359309271529,91.53592681884766,8532900
2023-10-09 00:00:00-04:00,NKE,Nike,91.22486371465531,91.56420042710359,90.41422681174781,91.31912231445312,5964200
2023-10-10 00:00:00-04:00,NKE,Nike,91.66789782676366,93.18548519386633,91.64904898117508,92.01666259765625,8499000
2023-10-11 00:00:00-04:00,NKE,Nike,92.66705328766473,93.27031703517197,92.38427745122323,92.98754119873047,7642900
2023-10-12 00:00:00-04:00,NKE,Nike,93.82644029334774,94.30716848848927,92.86498390306468,93.55308532714844,10705200
2023-10-13 00:00:00-04:00,NKE,Nike,93.8735624098274,95.06124082654951,93.7415989403549,94.17520141601562,8774700
2023-10-16 00:00:00-04:00,NKE,Nike,93.99612753270615,96.69196566771824,93.88301287833471,96.1829605102539,10845400
2023-10-17 00:00:00-04:00,NKE,Nike,96.11695434040116,97.64396223337322,96.11695434040116,97.09725952148438,9253800
2023-10-18 00:00:00-04:00,NKE,Nike,97.05956837272025,97.93618706881395,97.02186349217668,97.81364440917969,8757300
2023-10-19 00:00:00-04:00,NKE,Nike,97.81363784850433,98.36034779251051,96.94644722857944,97.13497161865234,8391100
2023-10-20 00:00:00-04:00,NKE,Nike,97.389470859378,97.81363815329095,96.68252057520961,96.77677917480469,7823500
2023-10-23 00:00:00-04:00,NKE,Nike,96.26777625242379,97.80421950679488,95.92843953314369,96.90874481201172,5966100
2023-10-24 00:00:00-04:00,NKE,Nike,97.70995841758754,99.58573115201474,97.70995841758754,99.14270782470703,9252200
2023-10-25 00:00:00-04:00,NKE,Nike,98.46404588456487,99.01075589228675,97.5497222626954,97.59685516357422,7054700
2023-10-26 00:00:00-04:00,NKE,Nike,96.31489732401039,96.73906457529849,94.21289552606775,94.27887725830078,11222600
2023-10-27 00:00:00-04:00,NKE,Nike,94.05267944147971,94.58053343537411,92.19575525249527,92.35600280761719,9602700
2023-10-30 00:00:00-04:00,NKE,Nike,93.31744200948353,96.1923761803033,93.31744200948353,95.95672607421875,8206700
2023-10-31 00:00:00-04:00,NKE,Nike,95.57968239344055,97.02185986076756,95.57968239344055,96.87104034423828,6558500
2023-11-01 00:00:00-04:00,NKE,Nike,96.66367140842796,96.77677885097552,94.2317607130734,95.08952331542969,7272400
2023-11-02 00:00:00-04:00,NKE,Nike,96.1923835598447,99.49148529812395,96.04156402847438,99.0484619140625,8135100
2023-11-03 00:00:00-04:00,NKE,Nike,100.32096685272376,101.47094056005717,99.96278126825545,100.91480255126953,7568000
2023-11-06 00:00:00-05:00,NKE,Nike,100.8205475827184,101.42381132121191,100.26441674532981,101.09390258789062,5231900
2023-11-07 00:00:00-05:00,NKE,Nike,101.1598807646674,103.0827865600586,101.07505017543743,103.0827865600586,7745800
2023-11-08 00:00:00-05:00,NKE,Nike,103.09221987972246,104.34587308657117,102.64919649148378,103.11106872558594,8639700
2023-11-09 00:00:00-05:00,NKE,Nike,103.51637877032344,103.59178853055646,100.78283608937636,100.85824584960938,9154200
2023-11-10 00:00:00-05:00,NKE,Nike,101.17873511316947,101.64061454011465,99.54804026096737,100.01934051513672,8897700
2023-11-13 00:00:00-05:00,NKE,Nike,99.32181161068142,99.65172032857608,98.2001147783689,98.21896362304688,7055600
2023-11-14 00:00:00-05:00,NKE,Nike,99.50089629783557,100.95250178228439,99.33122793753712,99.67999267578125,9674800
2023-11-15 00:00:00-05:00,NKE,Nike,100.68858692211617,102.80001006624525,100.59432830872555,101.63118743896484,11140800
2023-11-16 00:00:00-05:00,NKE,Nike,100.95250692454599,101.80084876925056,100.85824831768342,101.43323516845703,5386800
2023-11-17 00:00:00-05:00,NKE,Nike,101.85740449515474,101.99879600396034,99.46319843818489,99.87794494628906,6352600
2023-11-20 00:00:00-05:00,NKE,Nike,99.9156456766226,100.43407879021218,99.06730385050811,100.21727752685547,6197400
2023-11-21 00:00:00-05:00,NKE,Nike,100.07587404903406,100.57545106700343,99.302942075833,100.43406677246094,5803500
2023-11-22 00:00:00-05:00,NKE,Nike,101.3295505076248,101.8291276060038,100.68858190047587,101.7254409790039,6280300
2023-11-24 00:00:00-05:00,NKE,Nike,101.32953860024283,101.80083877977884,101.23528000262964,101.46150207519531,2443600
2023-11-27 00:00:00-05:00,NKE,Nike,101.48036201366452,102.00821593378157,100.76398369959828,101.76313781738281,5785000
2023-11-28 00:00:00-05:00,NKE,Nike,102.33813649212631,103.59179688914058,101.94224600616532,102.50780487060547,7287400
2023-11-29 00:00:00-05:00,NKE,Nike,104.4401390623489,105.71264830862847,103.82744729444507,104.03482055664062,9601800
2023-11-30 00:00:00-05:00,NKE,Nike,104.18562989620658,104.25161164214296,102.70574743037278,103.9405517578125,8690900
2023-12-01 00:00:00-05:00,NKE,Nike,104.34723446412424,107.39262752834244,103.79868387905891,107.32642364501953,8051800
2023-12-04 00:00:00-05:00,NKE,Nike,106.94810181643226,109.06663308388775,106.87243818153135,108.90585327148438,10086600
2023-12-05 00:00:00-05:00,NKE,Nike,108.44243352576031,109.74759884618463,108.38568218787621,109.15176391601562,6960000
2023-12-06 00:00:00-05:00,NKE,Nike,109.70976892350696,110.78795055808686,109.30308587076668,109.81380462646484,6317000
2023-12-07 00:00:00-05:00,NKE,Nike,107.93172569122075,109.7097781182501,107.93172569122075,108.58430480957031,7294500
2023-12-08 00:00:00-05:00,NKE,Nike,108.29111200906549,109.98404816312402,108.26273994645437,109.6246566772461,6122200
2023-12-11 00:00:00-05:00,NKE,Nike,111.402703639827,112.94431243127677,111.06222447356981,112.17823791503906,7972800
2023-12-12 00:00:00-05:00,NKE,Nike,113.19022134848565,113.48340895030084,112.14987149511605,113.15238952636719,7378400
2023-12-13 00:00:00-05:00,NKE,Nike,112.878110477193,114.85478162703085,112.73624295288316,114.59941864013672,8182900
2023-12-14 00:00:00-05:00,NKE,Nike,114.8547729004563,115.94240700093609,113.32261674254968,114.4575424194336,9590500
2023-12-15 00:00:00-05:00,NKE,Nike,114.3724417230614,115.4411636670589,114.06033459418057,114.95882415771484,13633300
2023-12-18 00:00:00-05:00,NKE,Nike,114.82640790507692,115.23308373817272,114.3062293953559,114.571044921875,6874800
2023-12-19 00:00:00-05:00,NKE,Nike,115.13850243910971,116.65173910288321,115.04392650056417,115.98970031738281,7697300
2023-12-20 00:00:00-05:00,NKE,Nike,114.56159421772453,116.69904533249965,114.43864620374637,114.84532928466797,9176600
2023-12-21 00:00:00-05:00,NKE,Nike,115.66814956915181,116.61392345862751,114.72237567967609,115.88567352294922,16533300
2023-12-22 00:00:00-05:00,NKE,Nike,102.3894907979996,104.79175751918473,101.62340898472294,102.1814193725586,46666200
2023-12-26 00:00:00-05:00,NKE,Nike,102.42731359100867,102.79616482515621,101.65177930181616,102.16249084472656,12846700
2023-12-27 00:00:00-05:00,NKE,Nike,102.46514055456204,102.70158402885151,101.05593946818774,101.32075500488281,10157900
2023-12-28 00:00:00-05:00,NKE,Nike,101.3964166376964,103.46766374041708,101.01810564319882,102.91911315917969,9352900
2023-12-29 00:00:00-05:00,NKE,Nike,103.05152183183046,103.9972957185569,102.22869595273289,102.68267059326172,7667500
2024-01-02 00:00:00-05:00,NKE,Nike,101.774711754378,102.00169542939213,100.67761076306132,100.7721939086914,9326600
2024-01-03 00:00:00-05:00,NKE,Nike,99.98720808555431,101.65177200718085,98.36047598211037,98.39830780029297,10573700
2024-01-04 00:00:00-05:00,NKE,Nike,96.90399035591457,98.00109151432076,96.75267028808594,96.75267028808594,10420600
2024-01-05 00:00:00-05:00,NKE,Nike,96.90399292477167,98.05783823724099,96.37436184980827,96.54460144042969,8044500
2024-01-08 00:00:00-05:00,NKE,Nike,96.54461340980292,98.06731015478526,96.21359394691179,98.00110626220703,9414200
2024-01-09 00:00:00-05:00,NKE,Nike,97.57548338568148,97.79301453942226,96.94181665734341,97.1688003540039,7759500
2024-01-10 00:00:00-05:00,NKE,Nike,97.12152166288196,98.19970330457184,96.81887431110378,98.14295196533203,6784700
2024-01-11 00:00:00-05:00,NKE,Nike,98.56855503557631,100.26149114850394,98.10512785426202,100.15745544433594,9537700
2024-01-12 00:00:00-05:00,NKE,Nike,100.25203639336014,100.55468376176941,99.0414469197231,99.36300659179688,6680900
2024-01-16 00:00:00-05:00,NKE,Nike,98.3037359150456,98.56855143755872,95.86363765929168,96.20411682128906,10547900
2024-01-17 00:00:00-05:00,NKE,Nike,95.57045169550983,95.81634770447813,94.80436996019216,95.35292053222656,8226200
2024-01-18 00:00:00-05:00,NKE,Nike,95.52315952765781,95.92984257467016,94.6435895522907,95.46641540527344,8852400
2024-01-19 00:00:00-05:00,NKE,Nike,95.542074089324,96.63917525257918,94.26528079570826,96.2608642578125,8517200
2024-01-22 00:00:00-05:00,NKE,Nike,96.23249844468386,96.28924257209475,94.66251023994568,95.10702514648438,9897400
2024-01-23 00:00:00-05:00,NKE,Nike,96.11899614429055,96.60134284005677,95.74069236752223,96.37435913085938,8208000
2024-01-24 00:00:00-05:00,NKE,Nike,96.26086693367107,96.27978645256046,95.22997684034931,95.29618072509766,7879300
2024-01-25 00:00:00-05:00,NKE,Nike,96.02441604853828,96.2230276874594,94.66249942087158,95.30562591552734,10063700
2024-01-26 00:00:00-05:00,NKE,Nike,96.06226248138272,97.67007535477305,95.73124303282385,97.17827606201172,9735800
2024-01-29 00:00:00-05:00,NKE,Nike,97.30122008116346,98.36994924845236,95.84472735169908,98.24699401855469,8860800
2024-01-30 00:00:00-05:00,NKE,Nike,97.7362697566754,98.65367157911173,97.53765810682043,98.53072357177734,7542800
2024-01-31 00:00:00-05:00,NKE,Nike,98.44559271433627,98.64421156483112,95.63665055139258,96.0244140625,11547600
2024-02-01 00:00:00-05:00,NKE,Nike,96.37435875325606,96.70537816447238,95.15430959561706,96.24195098876953,7666700
2024-02-02 00:00:00-05:00,NKE,Nike,95.4096582931507,95.9109244680436,94.03828917018801,95.2488784790039,8966900
2024-02-05 00:00:00-05:00,NKE,Nike,95.05028412376427,95.13540031766081,93.6789147515353,94.27474975585938,10097900
2024-02-06 00:00:00-05:00,NKE,Nike,94.10450288929579,97.06477259359487,93.75456394924778,97.04586029052734,11368600
2024-02-07 00:00:00-05:00,NKE,Nike,96.83778044875973,98.68203650379706,96.79994863023569,98.161865234375,9447800
2024-02-08 00:00:00-05:00,NKE,Nike,98.76716618719566,99.26842518710808,97.46200083559266,98.14295196533203,6330400
2024-02-09 00:00:00-05:00,NKE,Nike,98.17134274812928,99.24952451617827,97.72682781967904,98.83338165283203,5449000
2024-02-12 00:00:00-05:00,NKE,Nike,99.06034402297662,101.60447780857149,98.97522784602339,101.36803436279297,7501900
2024-02-13 00:00:00-05:00,NKE,Nike,99.29679939591524,100.06288115891982,98.59692873273576,99.30625915527344,6180500
2024-02-14 00:00:00-05:00,NKE,Nike,99.13600467116076,100.64924123542447,98.7955255422413,100.56412506103516,5743300
2024-02-15 00:00:00-05:00,NKE,Nike,101.21671864882222,101.51936600534155,100.09125262509708,100.29932403564453,7201300
2024-02-16 00:00:00-05:00,NKE,Nike,98.95631099780864,99.02251487578448,96.1379090889157,97.89704895019531,14590100
2024-02-20 00:00:00-05:00,NKE,Nike,97.53766113188887,98.20915974480044,96.62971904052888,97.69844818115234,8759500
2024-02-21 00:00:00-05:00,NKE,Nike,97.74572334900488,99.79805081703758,97.3485000743563,99.56160736083984,8888100
2024-02-22 00:00:00-05:00,NKE,Nike,100.06287820085463,100.26148984741194,98.43614599208199,99.38191986083984,6705500
2024-02-23 00:00:00-05:00,NKE,Nike,99.5521678663724,100.8384210139342,99.48596397858684,99.902099609375,6947300
2024-02-26 00:00:00-05:00,NKE,Nike,99.59944326155781,100.34660547964508,98.13349810246262,98.87120056152344,5831500
2024-02-27 00:00:00-05:00,NKE,Nike,99.14547277884667,99.5426960574787,98.3510190059009,99.4481201171875,5317400
2024-02-28 00:00:00-05:00,NKE,Nike,98.45506956726216,99.7224104486577,98.07675853330754,98.69151306152344,4219800
2024-02-29 00:00:00-05:00,NKE,Nike,99.28735418643566,99.84535736318998,98.05784514360899,98.2942886352539,10811600
2024-03-01 00:00:00-05:00,NKE,Nike,98.58851897571495,98.65495939218735,96.6522460994965,96.69969940185547,7349300
2024-03-04 00:00:00-05:00,NKE,Nike,96.48140452336621,96.59529824956796,93.97564116644915,94.47869110107422,11050900
2024-03-05 00:00:00-05:00,NKE,Nike,93.96613607282747,94.12749032611278,93.01698318320294,93.31121826171875,8670600
2024-03-06 00:00:00-05:00,NKE,Nike,94.91528933676624,95.01020317781062,92.12477751299751,92.6657943725586,10045300
2024-03-07 00:00:00-05:00,NKE,Nike,93.007491733055,93.39664790251604,92.7132566478756,93.19732666015625,8133900
2024-03-08 00:00:00-05:00,NKE,Nike,93.48206590677604,94.26986454172699,93.03596289080474,94.11800384521484,9043500
2024-03-11 00:00:00-04:00,NKE,Nike,94.82038311727611,96.58580822015976,94.38377362020823,95.94038391113281,8537400
2024-03-12 00:00:00-04:00,NKE,Nike,95.66512737656723,96.21563782941455,94.58309358522587,95.08614349365234,7040900
2024-03-13 00:00:00-04:00,NKE,Nike,95.49427393519223,96.81359588807551,95.22851228158437,96.20613861083984,7326400
2024-03-14 00:00:00-04:00,NKE,Nike,97.00341514210105,97.27867032840732,95.00070211599719,95.16206359863281,8350900
2024-03-15 00:00:00-04:00,NKE,Nike,95.20003752135621,96.01630958399622,94.28884437678822,94.57359313964844,15208500
2024-03-18 00:00:00-04:00,NKE,Nike,93.94715462570998,94.59257886948885,93.51053793131867,93.71935272216797,7207000
2024-03-19 00:00:00-04:00,NKE,Nike,93.49156454260994,94.95326093844449,93.43461768350672,94.87732696533203,6168900
2024-03-20 00:00:00-04:00,NKE,Nike,94.39325707296904,95.33292369828348,93.99461457575444,95.17156219482422,7771700
2024-03-21 00:00:00-04:00,NKE,Nike,95.33291278751064,96.73765492400828,94.68748857192858,95.69358825683594,17176000
2024-03-22 00:00:00-04:00,NKE,Nike,89.07799271106727,90.330874171972,87.05629976594828,89.08748626708984,41837400
2024-03-25 00:00:00-04:00,NKE,Nike,89.28681427495741,90.6630831028192,88.0529125909377,88.98308563232422,14548800
2024-03-26 00:00:00-04:00,NKE,Nike,88.97359513377458,89.08749609422529,87.71122721905847,87.8725814819336,10816900
2024-03-27 00:00:00-04:00,NKE,Nike,88.52749313623914,89.36275237315294,87.62580072343889,89.34376525878906,11095700
2024-03-28 00:00:00-04:00,NKE,Nike,89.57156218078106,89.98918453445589,88.67935613352039,89.2013931274414,11331700
2024-04-01 00:00:00-04:00,NKE,Nike,89.04004080084643,89.14444821038403,87.02784107113139,87.85359954833984,10360000
2024-04-02 00:00:00-04:00,NKE,Nike,87.09427349716252,87.227154325929,86.03121962556857,86.32545471191406,11107300
2024-04-03 00:00:00-04:00,NKE,Nike,86.38241620938086,86.79055228739408,85.68953133593047,85.73699188232422,8876600
2024-04-04 00:00:00-04:00,NKE,Nike,86.32545872804009,86.42037981711394,84.37020594968709,84.54105377197266,12110300
2024-04-05 00:00:00-04:00,NKE,Nike,84.61698096537675,85.6610476883552,84.2847789046284,84.32273864746094,9716700
2024-04-08 00:00:00-04:00,NKE,Nike,84.57902152793895,85.67054888904612,84.28478642523082,85.42376708984375,8452500
2024-04-09 00:00:00-04:00,NKE,Nike,85.4237566937457,86.52477747814443,85.30036942989202,86.37290954589844,7191900
2024-04-10 00:00:00-04:00,NKE,Nike,85.32885615273152,85.5186838561563,84.25630862813958,84.47461700439453,7932900
2024-04-11 00:00:00-04:00,NKE,Nike,86.59121514458916,87.71121576430185,86.21155256746493,87.32205963134766,15330200
2024-04-12 00:00:00-04:00,NKE,Nike,87.33155318717763,88.14782519348323,86.48680775484347,87.32205963134766,10905900
2024-04-15 00:00:00-04:00,NKE,Nike,88.83123288184264,89.14445513478535,87.83462649720215,88.36614990234375,11597300
2024-04-16 00:00:00-04:00,NKE,Nike,88.30918587578952,89.40071314908013,86.98986393619555,88.64138793945312,10388200
2024-04-17 00:00:00-04:00,NKE,Nike,89.79936092567414,90.23597041246786,88.89766852230092,90.01766204833984,10181200
2024-04-18 00:00:00-04:00,NKE,Nike,90.32139166873202,91.00477566050307,89.72342071892237,90.87189483642578,10062900
2024-04-19 00:00:00-04:00,NKE,Nike,90.56816466017106,91.32748984892193,89.68545220586941,89.72341918945312,11241900
2024-04-22 00:00:00-04:00,NKE,Nike,89.81833339778863,90.2264694211682,89.07799531850982,89.40071105957031,8642000
2024-04-23 00:00:00-04:00,NKE,Nike,89.57155866183935,89.90376071698263,89.13494921201365,89.23934936523438,6582700
2024-04-24 00:00:00-04:00,NKE,Nike,89.3152916183259,90.3498721048493,89.3152916183259,89.82783508300781,6493200
2024-04-25 00:00:00-04:00,NKE,Nike,89.22036848496504,89.97020011035663,87.73969234652483,89.16342163085938,5317900
2024-04-26 00:00:00-04:00,NKE,Nike,89.78037774333708,90.56817646206798,89.13496066269504,89.33428192138672,6115700
2024-04-29 00:00:00-04:00,NKE,Nike,89.63800360402863,90.06511951916598,88.9356252331217,89.2773208618164,5030700
2024-04-30 00:00:00-04:00,NKE,Nike,88.18579848302294,88.75528876871262,87.55935409974097,87.56884765625,6493300
2024-05-01 00:00:00-04:00,NKE,Nike,87.14173123426683,87.19868533625338,85.50918697892617,85.74647521972656,9783100
2024-05-02 00:00:00-04:00,NKE,Nike,86.68614049500945,87.74918716243246,86.28749799472583,87.71122741699219,7333300
2024-05-03 00:00:00-04:00,NKE,Nike,88.35663046840448,88.88816095934864,87.19867013795381,87.46443176269531,5736700
2024-05-06 00:00:00-04:00,NKE,Nike,88.09087804915232,88.62240859564139,87.77766309666814,88.6129150390625,6696300
2024-05-07 00:00:00-04:00,NKE,Nike,89.29631495543384,89.52410964521584,88.47054924796298,89.01156616210938,7113500
2024-05-08 00:00:00-04:00,NKE,Nike,88.38511913229817,88.87867544555232,88.0149500869921,88.83121490478516,5372900
2024-05-09 00:00:00-04:00,NKE,Nike,88.87867616227884,89.20139191088197,88.28071244768434,88.64138793945312,6429800
2024-05-10 00:00:00-04:00,NKE,Nike,88.33766454603185,88.40410496270727,86.2590172734597,86.31597137451172,10548400
2024-05-13 00:00:00-04:00,NKE,Nike,86.62917901459029,88.05290831557912,86.51528530504667,88.00545501708984,8792100
2024-05-14 00:00:00-04:00,NKE,Nike,88.26172709953413,89.54308208012272,87.89155804384103,88.0718994140625,7811000
2024-05-15 00:00:00-04:00,NKE,Nike,87.59731985873603,87.9105420459947,86.23053739903403,87.00884246826172,15614400
2024-05-16 00:00:00-04:00,NKE,Nike,87.02783303598645,88.11935309434398,86.87596509378523,87.103759765625,12711700
2024-05-17 00:00:00-04:00,NKE,Nike,87.33155804170836,87.5973196880299,86.69562011205412,87.49291229248047,12019600
2024-05-20 00:00:00-04:00,NKE,Nike,87.5593563507666,87.98647226564893,86.21156095031003,87.103759765625,9701500
2024-05-21 00:00:00-04:00,NKE,Nike,86.91392365706467,88.12883811109663,86.80002271145116,88.1003646850586,7809700
2024-05-22 00:00:00-04:00,NKE,Nike,87.27459394146462,88.04341260615635,86.98985245652698,87.796630859375,7611900
2024-05-23 00:00:00-04:00,NKE,Nike,87.74918496105866,87.87257947576201,86.51529050426004,86.75257873535156,7729000
2024-05-24 00:00:00-04:00,NKE,Nike,87.1037653346834,87.51190140361616,86.83800366030161,87.08478546142578,6936800
2024-05-28 00:00:00-04:00,NKE,Nike,87.07527786999772,87.8156159125862,86.70510884870347,87.32205963134766,10835000
2024-05-29 00:00:00-04:00,NKE,Nike,87.01833602463792,88.00545588537139,86.73358726504608,87.00884246826172,7237300
2024-05-30 00:00:00-04:00,NKE,Nike,87.54038083924405,89.10647743279699,87.28410548437954,88.6983413696289,9300100
2024-05-31 00:00:00-04:00,NKE,Nike,88.74579769270422,90.23596748194996,88.2427478055934,90.21698760986328,12565600
2024-06-03 00:00:00-04:00,NKE,Nike,90.06452648752925,90.7601190500725,89.61668738726742,89.95018768310547,9668100
2024-06-04 00:00:00-04:00,NKE,Nike,89.84536961960362,90.62671626245121,89.00685357622798,90.27415466308594,7838400
2024-06-05 00:00:00-04:00,NKE,Nike,90.82681689194561,90.82681689194561,89.28317764205748,89.87395477294922,7463300
2024-06-06 00:00:00-04:00,NKE,Nike,90.38850004261342,92.23705485633312,89.5595073924919,91.20796203613281,9760100
2024-06-07 00:00:00-04:00,NKE,Nike,90.89351678649224,93.32331809348027,90.80776268542164,91.99884033203125,9397400
2024-06-10 00:00:00-04:00,NKE,Nike,91.21747717769054,92.41807799395488,91.09360047221585,91.47474670410156,7035100
2024-06-11 00:00:00-04:00,NKE,Nike,91.01739116777676,91.47476820750934,90.06452899894855,91.35089874267578,7301500
2024-06-12 00:00:00-04:00,NKE,Nike,91.80826992380575,91.95120070527922,89.09261415485602,89.26412963867188,9861300
2024-06-13 00:00:00-04:00,NKE,Nike,89.6071546942662,90.07405509783061,89.30223910646237,89.74055480957031,8348200
2024-06-14 00:00:00-04:00,NKE,Nike,89.3784622652639,90.31226299345407,88.90203124523534,88.98778533935547,7426800
2024-06-17 00:00:00-04:00,NKE,Nike,87.67283342832296,90.63623478842324,87.67283342832296,90.52188873291016,6365400
2024-06-18 00:00:00-04:00,NKE,Nike,90.20744808220756,90.76964046920003,89.7691324137486,90.31226348876953,6712000
2024-06-20 00:00:00-04:00,NKE,Nike,89.45469364205583,91.56051806509103,89.11166269561234,91.06503295898438,9393800
2024-06-21 00:00:00-04:00,NKE,Nike,91.4366359291178,92.6277134197583,90.9220895807899,92.59912872314453,15124400
2024-06-24 00:00:00-04:00,NKE,Nike,92.71349160231468,93.41860756918503,92.12271444264627,92.58961486816406,9466900
2024-06-25 00:00:00-04:00,NKE,Nike,92.72301625670733,93.03746252033201,90.04547586164247,90.28369140625,9006500
2024-06-26 00:00:00-04:00,NKE,Nike,89.65479014374193,90.02641304530222,88.75910472672403,89.62620544433594,10160400
2024-06-27 00:00:00-04:00,NKE,Nike,89.34986871917272,90.27414604486322,88.98778376746068,89.75007629394531,25772700
2024-06-28 00:00:00-04:00,NKE,Nike,73.49424693119107,75.32374758304353,71.03586837952517,71.81721496582031,129967000
2024-07-01 00:00:00-04:00,NKE,Nike,71.9410735788205,73.4275358191592,70.78811155012707,73.20838165283203,44369000
2024-07-02 00:00:00-04:00,NKE,Nike,73.19887405446772,73.31322013580258,71.83628081504774,72.45564270019531,26183400
2024-07-03 00:00:00-04:00,NKE,Nike,71.94107499226565,72.34127525410285,71.48369807176633,71.69332885742188,15952000
2024-07-05 00:00:00-04:00,NKE,Nike,71.80768959115642,72.50327486426474,71.2550278195354,71.8743896484375,19603700
2024-07-08 00:00:00-04:00,NKE,Nike,71.85532213497211,71.93154556488966,69.55892137807434,69.6065673828125,29905000
2024-07-09 00:00:00-04:00,NKE,Nike,69.84478805452775,70.64518865130704,68.96814948264925,69.04438018798828,23445500
2024-07-10 00:00:00-04:00,NKE,Nike,68.85382049065333,69.2159054878895,68.29162804599166,69.12062072753906,21378200
2024-07-11 00:00:00-04:00,NKE,Nike,69.27307243982614,70.27358056251893,68.88240275527971,69.93054962158203,15876700
2024-07-12 00:00:00-04:00,NKE,Nike,70.10207538361912,70.55945246193542,69.72092902998256,69.95914459228516,14527500
2024-07-15 00:00:00-04:00,NKE,Nike,69.55893239399731,69.56846305040622,67.88189308430763,67.94859313964844,20775800
2024-07-16 00:00:00-04:00,NKE,Nike,68.13917509443324,69.52082231847395,68.13917509443324,69.37789154052734,20980700
2024-07-17 00:00:00-04:00,NKE,Nike,69.1110792612236,69.88289515003551,69.08249456456538,69.62562561035156,11161600
2024-07-18 00:00:00-04:00,NKE,Nike,69.53033962453465,70.44508625007929,68.93956258168376,68.96814727783203,14440100
2024-07-19 00:00:00-04:00,NKE,Nike,68.89193226747383,69.3874173573956,68.46313996354532,69.2730712890625,11913300
2024-07-22 00:00:00-04:00,NKE,Nike,69.67327513406995,71.7886227608908,69.62562912406173,71.33125305175781,19385500
2024-07-23 00:00:00-04:00,NKE,Nike,71.11210279014112,71.5027797784472,69.7876249245013,69.9400863647461,11041800
2024-07-24 00:00:00-04:00,NKE,Nike,69.79716152488305,69.93056166157488,67.72945213639737,67.73897552490234,18563300
2024-07-25 00:00:00-04:00,NKE,Nike,68.15821543150253,69.01579265695175,67.56744566378408,68.04387664794922,13855400
2024-07-26 00:00:00-04:00,NKE,Nike,68.60607087850757,69.349302149863,68.48220142320194,69.1396713256836,8892000
2024-07-29 00:00:00-04:00,NKE,Nike,69.08249973600532,70.38792338261332,68.79663820850381,70.0830078125,10471800
2024-07-30 00:00:00-04:00,NKE,Nike,70.21641848084815,70.9787038859014,69.99725697416628,70.81671905517578,8515700
2024-07-31 00:00:00-04:00,NKE,Nike,70.98822213502785,71.87438412495352,70.43556040587842,71.33125305175781,14632900
2024-08-01 00:00:00-04:00,NKE,Nike,71.1787973132189,71.26455868412249,69.80668080661064,70.36886596679688,9563500
2024-08-02 00:00:00-04:00,NKE,Nike,69.39694661919879,70.63566295398925,68.52983864206082,70.52132415771484,11526600
2024-08-05 00:00:00-04:00,NKE,Nike,67.71038243360255,69.19685233940282,67.41499749176438,68.05341339111328,13191500
2024-08-06 00:00:00-04:00,NKE,Nike,68.28208849251527,69.78760479703737,68.13915775094887,69.08248901367188,13469700
2024-08-07 00:00:00-04:00,NKE,Nike,69.44460022521841,70.71190880009723,69.11109988176668,69.19686126708984,9571200
2024-08-08 00:00:00-04:00,NKE,Nike,69.77809384482495,70.71189461922125,69.60657837833736,70.69284057617188,8828000
2024-08-09 00:00:00-04:00,NKE,Nike,70.62613847740455,71.06445415246627,69.91149193267684,70.83576202392578,7186600
2024-08-12 00:00:00-04:00,NKE,Nike,71.18831259189531,71.46464341881922,70.55942751008462,71.12161254882812,7067300
2024-08-13 00:00:00-04:00,NKE,Nike,71.70287315708816,75.32375205166277,71.53135768798177,74.79967498779297,22114800
2024-08-14 00:00:00-04:00,NKE,Nike,74.32324809340432,75.36186435291646,73.77058629873628,74.81873321533203,13613000
2024-08-15 00:00:00-04:00,NKE,Nike,78.22996825041588,79.14471489224921,76.86737530825829,78.61111450195312,23583600
2024-08-16 00:00:00-04:00,NKE,Nike,78.9732017660434,79.98324045279782,78.55394741980149,79.30670928955078,13794200
2024-08-19 00:00:00-04:00,NKE,Nike,79.30671611505473,80.03088607987088,79.01132391937566,79.35435485839844,9627300
2024-08-20 00:00:00-04:00,NKE,Nike,79.55444710591371,79.9451240191379,78.86838529618552,79.62114715576172,7863100
2024-08-21 00:00:00-04:00,NKE,Nike,79.72596667882837,80.26909776130717,79.29718166046743,80.04041290283203,6915900
2024-08-22 00:00:00-04:00,NKE,Nike,80.46921127455461,80.68837278304217,79.2876641616421,79.47824096679688,8485500
2024-08-23 00:00:00-04:00,NKE,Nike,79.41152001658332,80.26909731833315,79.29718122285705,80.08805847167969,9219700
2024-08-26 00:00:00-04:00,NKE,Nike,79.53539689138867,80.52637430092726,79.44963552616602,80.30721282958984,7853300
2024-08-27 00:00:00-04:00,NKE,Nike,80.10710712480389,81.36488465949921,79.6687914822331,81.26959991455078,14954000
2024-08-28 00:00:00-04:00,NKE,Nike,81.04092931028151,81.40301431260191,78.02035074945414,78.88745880126953,11088600
2024-08-29 00:00:00-04:00,NKE,Nike,79.51634312443933,79.93560479473216,78.95415794814782,79.3353042602539,7477200
2024-08-30 00:00:00-04:00,NKE,Nike,79.6592638880947,79.92606409210737,78.18233211023592,79.39246368408203,13755300
2024-09-03 00:00:00-04:00,NKE,Nike,79.16276013051359,79.38289917991138,77.53567208643253,77.8323745727539,10133700
2024-09-04 00:00:00-04:00,NKE,Nike,76.66469312411412,77.61223224852422,76.25313454649158,77.54523468017578,12837400
2024-09-05 00:00:00-04:00,NKE,Nike,77.65052502458127,77.75580797091422,76.76998338451303,77.36339569091797,7596300
2024-09-06 00:00:00-04:00,NKE,Nike,77.41125229452788,78.36836474412378,76.90398386459222,77.1719741821289,8512200
2024-09-09 00:00:00-04:00,NKE,Nike,77.28681989186396,78.08122487052205,75.63101236419031,76.08085632324219,8003300
2024-09-10 00:00:00-04:00,NKE,Nike,76.14785442177731,76.14785442177731,74.22406390151752,74.74089813232422,9748400
2024-09-11 00:00:00-04:00,NKE,Nike,74.65475890773153,75.21945165595805,73.4487953730711,75.03760528564453,8265500
2024-09-12 00:00:00-04:00,NKE,Nike,74.87489794824238,75.67886876989112,74.2049149613478,75.03760528564453,7176900
2024-09-13 00:00:00-04:00,NKE,Nike,74.94189584689781,76.0808545159183,74.76004217359576,75.62144470214844,5814200
2024-09-16 00:00:00-04:00,NKE,Nike,75.92773470192864,76.55942514085008,75.31518329962172,76.37757873535156,9547700
2024-09-17 00:00:00-04:00,NKE,Nike,76.57857084436259,77.50697110952264,76.43500251328416,77.18154907226562,7580600
2024-09-18 00:00:00-04:00,NKE,Nike,77.20067688162257,78.25349888652401,76.78911832581173,77.43038177490234,7637000
2024-09-19 00:00:00-04:00,NKE,Nike,79.05748305725285,79.55518559622638,77.0188362668798,77.50696563720703,15067100
2024-09-20 00:00:00-04:00,NKE,Nike,84.10146419403569,84.22588616981717,81.17269545946124,82.80935668945312,52039300
2024-09-23 00:00:00-04:00,NKE,Nike,81.73739677089108,82.81893110581323,81.4024089062858,82.50308227539062,17712400
2024-09-24 00:00:00-04:00,NKE,Nike,83.68991400373349,84.49388494745143,82.94336746965584,83.70905303955078,21123300
2024-09-25 00:00:00-04:00,NKE,Nike,84.08232279299145,84.32160089274508,83.49848364541752,84.22589111328125,12392800
2024-09-26 00:00:00-04:00,NKE,Nike,86.06354280325877,86.73352584548175,85.23085971238487,85.5562744140625,13592800
2024-09-27 00:00:00-04:00,NKE,Nike,85.61369184193485,86.38895776614638,85.38398693581422,85.6041259765625,9181000
2024-09-30 00:00:00-04:00,NKE,Nike,85.85297581822935,85.90083435713073,83.9674706018326,84.60873413085938,12027100
2024-10-01 00:00:00-04:00,NKE,Nike,84.22588452573335,85.7955481531743,83.9483210754656,85.30741882324219,20623400
2024-10-02 00:00:00-04:00,NKE,Nike,79.33504091615143,81.57468757866194,78.26307247145888,79.5360336303711,33208800
2024-10-03 00:00:00-04:00,NKE,Nike,78.8660550682258,80.1868674149086,78.46406965430332,78.57891845703125,18143800
2024-10-04 00:00:00-04:00,NKE,Nike,79.0861961211603,79.9571719227428,78.57892771021146,78.72249603271484,10322600
2024-10-07 00:00:00-04:00,NKE,Nike,78.6172105762801,78.93305941527892,76.65512726973492,77.36339569091797,12767400
2024-10-08 00:00:00-04:00,NKE,Nike,77.28682257477199,77.9280860993379,76.50199073668844,77.30596160888672,10569600
2024-10-09 00:00:00-04:00,NKE,Nike,77.66009507705432,79.37332705060055,77.59309750500223,78.91390991210938,11750600
2024-10-10 00:00:00-04:00,NKE,Nike,79.8231673692912,79.87101860303206,78.51192088804417,78.57891845703125,8370200
2024-10-11 00:00:00-04:00,NKE,Nike,78.52150232993385,78.74163409315054,77.69838508010598,78.62678527832031,10171100
2024-10-14 00:00:00-04:00,NKE,Nike,78.48321874437555,78.52150411758662,77.33468675679659,78.10037231445312,8177700
2024-10-15 00:00:00-04:00,NKE,Nike,77.57395832236452,79.17233418267708,77.57395832236452,78.59806823730469,11804400
2024-10-16 00:00:00-04:00,NKE,Nike,78.61719901001472,80.48356496190193,78.53106241324464,80.34000396728516,11220600
2024-10-17 00:00:00-04:00,NKE,Nike,80.50272243283035,81.1248469369206,79.80402718622699,79.82317352294922,9204500
2024-10-18 00:00:00-04:00,NKE,Nike,80.18687147725207,80.34957882415112,79.08619081482786,79.36375427246094,7214800
2024-10-21 00:00:00-04:00,NKE,Nike,79.29675868753222,79.52646361256973,77.94723403797545,77.98551940917969,7550200
2024-10-22 00:00:00-04:00,NKE,Nike,77.86108775512913,78.88519767153156,77.74623894720327,77.92808532714844,7308800
2024-10-23 00:00:00-04:00,NKE,Nike,77.52609796085021,77.56438332993288,76.36799292930247,76.6168441772461,7253100
2024-10-24 00:00:00-04:00,NKE,Nike,77.04753714093269,77.3346737405936,75.64058094653095,75.65015411376953,7424500
2024-10-25 00:00:00-04:00,NKE,Nike,75.82244169414643,76.16700272504308,75.15245866643065,75.46830749511719,9385400
2024-10-28 00:00:00-04:00,NKE,Nike,75.91814618763983,76.2244218268876,75.4395900449285,75.5257339477539,6617200
2024-10-29 00:00:00-04:00,NKE,Nike,75.4970150973903,76.06171514780412,74.84617844559438,75.03760528564453,7241100
2024-10-30 00:00:00-04:00,NKE,Nike,74.65475336746219,74.76003629612971,73.14251430313493,73.17122650146484,15691300
2024-10-31 00:00:00-04:00,NKE,Nike,72.93196008887509,74.02306761271994,71.97484771341905,73.82207489013672,13990100
2024-11-01 00:00:00-04:00,NKE,Nike,73.74551049162736,74.77918629402707,73.6593665818178,74.71218872070312,9623700
2024-11-04 00:00:00-05:00,NKE,Nike,74.64519451582429,75.18118242879069,73.80293822714589,73.87950897216797,6593800
2024-11-05 00:00:00-05:00,NKE,Nike,73.9369324855359,74.65476678151198,73.6976543868772,74.63562774658203,5629200
2024-11-06 00:00:00-05:00,NKE,Nike,73.57322579070556,73.64978922573096,71.8982792506593,72.0896987915039,16193700
2024-11-07 00:00:00-05:00,NKE,Nike,72.45340505296778,73.0946759043807,71.98442202615134,72.66397094726562,11831100
2024-11-08 00:00:00-05:00,NKE,Nike,72.2619789692937,73.27651567507654,72.02270089323643,72.62567901611328,8140800
2024-11-11 00:00:00-05:00,NKE,Nike,72.88411402787342,74.08050458216488,72.83625548482638,73.31481170654297,9877200
2024-11-12 00:00:00-05:00,NKE,Nike,73.18081130290182,74.1092114748327,72.87453563504515,73.37223815917969,9013900
2024-11-13 00:00:00-05:00,NKE,Nike,73.61152368490964,73.9752237952759,73.19039186076762,73.23824310302734,6835300
2024-11-14 00:00:00-05:00,NKE,Nike,73.39137751574401,73.67851415032676,72.42469196831587,72.43426513671875,6991600
2024-11-15 00:00:00-05:00,NKE,Nike,72.7405404867446,74.3197773656444,72.36726724473766,73.37223815917969,13584900
2024-11-18 00:00:00-05:00,NKE,Nike,72.89366767028535,72.93194573184299,71.06557988798268,71.67813110351562,12595100
2024-11-19 00:00:00-05:00,NKE,Nike,71.30487378002984,71.52501284493094,70.44347115983346,70.74018096923828,12028400
2024-11-20 00:00:00-05:00,NKE,Nike,70.50089699283767,70.67317020032932,69.59163590756917,70.21376037597656,12290300
2024-11-21 00:00:00-05:00,NKE,Nike,70.21376170813215,72.31940593110532,70.06062022898404,71.87913513183594,12818600
2024-11-22 00:00:00-05:00,NKE,Nike,72.8649684657631,74.17621515601866,72.57783911098839,74.08050537109375,12248600
2024-11-25 00:00:00-05:00,NKE,Nike,75.13331043039082,76.43498365386937,75.04717383431013,75.8607177734375,18328900
2024-11-26 00:00:00-05:00,NKE,Nike,75.51616225987927,75.51616225987927,74.24320114280097,74.28148651123047,9495600
2024-11-27 00:00:00-05:00,NKE,Nike,74.28149089891434,75.65973503503751,74.26234456247496,74.98017883300781,8713500
2024-11-29 00:00:00-05:00,NKE,Nike,74.84617755339511,75.78415080299156,74.6834702179325,75.39173126220703,7123500
2024-12-02 00:00:00-05:00,NKE,Nike,74.95883072213802,76.09398787314261,74.26619146532747,76.08436584472656,11221000
2024-12-03 00:00:00-05:00,NKE,Nike,75.99779244835067,76.38259286534773,74.6606166873654,75.86311340332031,9414500
2024-12-04 00:00:00-05:00,NKE,Nike,74.86264496158971,75.52642558348892,74.17000558907897,75.3917465209961,15042600
2024-12-05 00:00:00-05:00,NKE,Nike,75.28592635258194,75.9016041649962,75.13200322974915,75.59376525878906,8316500
2024-12-06 00:00:00-05:00,NKE,Nike,76.20943631091993,78.09495036161329,75.8438725963492,75.89197540283203,13931100
2024-12-09 00:00:00-05:00,NKE,Nike,76.42108203963815,76.43069673001304,74.5740413029547,74.68948364257812,12043400
2024-12-10 00:00:00-05:00,NKE,Nike,74.5548048335407,75.1127651344101,73.70824969182937,73.82368469238281,12193100
2024-12-11 00:00:00-05:00,NKE,Nike,73.87178789203163,75.97856473674817,73.41002586900643,75.85350036621094,12033200
2024-12-12 00:00:00-05:00,NKE,Nike,75.71882788975509,76.35374980919552,74.90113142276039,74.99732971191406,6983200
2024-12-13 00:00:00-05:00,NKE,Nike,74.41049881101341,74.8722608009938,73.85253854712899,74.31430053710938,8037300
2024-12-16 00:00:00-05:00,NKE,Nike,73.84292333451747,76.01703219929495,73.74672506129454,74.26619720458984,13034000
2024-12-17 00:00:00-05:00,NKE,Nike,74.4201193709607,75.77653188698102,74.31429906991812,75.03579711914062,12452400
2024-12-18 00:00:00-05:00,NKE,Nike,75.01655903103953,75.9977931307076,73.91987526394102,73.97760009765625,14376900
2024-12-19 00:00:00-05:00,NKE,Nike,74.01608240126237,74.97807980251835,73.52546167157365,74.16999816894531,27067600
2024-12-20 00:00:00-05:00,NKE,Nike,73.07332207646351,75.03579766536966,72.01512639779216,74.01608276367188,49883400
2024-12-23 00:00:00-05:00,NKE,Nike,73.42925924329055,75.43021548612002,72.8616769921563,73.8429183959961,14203800
2024-12-24 00:00:00-05:00,NKE,Nike,73.83330724462616,74.17962692765339,73.45812881125639,73.87178802490234,4919100
2024-12-26 00:00:00-05:00,NKE,Nike,73.68899982912531,74.51631818541293,73.63128233339381,74.01608276367188,6363500
2024-12-27 00:00:00-05:00,NKE,Nike,73.6120445333248,74.00646702624263,72.91941250728931,73.5158462524414,6334400
2024-12-30 00:00:00-05:00,NKE,Nike,72.72701271010871,72.8905505307849,71.71691969464509,71.81311798095703,9042900
2024-12-31 00:00:00-05:00,NKE,Nike,72.05360726683648,73.48698134850964,71.93816493576823,72.79434204101562,9425600
2025-01-02 00:00:00-05:00,NKE,Nike,73.35229320425672,73.77557435956977,70.45667931255552,70.8703384399414,10883400
2025-01-03 00:00:00-05:00,NKE,Nike,71.11085164008907,71.37059506861672,70.23543775374728,70.52403259277344,10083500
2025-01-06 00:00:00-05:00,NKE,Nike,70.94731238153246,71.49565063788597,69.23495808412878,69.2638168334961,14947300
2025-01-07 00:00:00-05:00,NKE,Nike,69.64862707615855,70.64910545181903,69.24458984929349,69.35040283203125,10463500
2025-01-08 00:00:00-05:00,NKE,Nike,68.84053901411005,69.09066042011304,68.31144479076579,68.58080291748047,11855000
2025-01-10 00:00:00-05:00,NKE,Nike,69.11951674225232,69.638996256717,68.38839661010299,68.49421691894531,15677400
2025-01-13 00:00:00-05:00,NKE,Nike,68.46535337688701,69.84100995608918,68.0901749770553,69.34077453613281,14584300
2025-01-14 00:00:00-05:00,NKE,Nike,69.33115406911263,69.46583312134516,67.84967715509693,68.4653549194336,16732900
2025-01-15 00:00:00-05:00,NKE,Nike,69.2541994708949,69.50432088136415,68.14790085402645,68.3691635131836,13468100
2025-01-16 00:00:00-05:00,NKE,Nike,68.20561996812711,68.52308088481674,67.64765969142253,68.40763854980469,13694600
2025-01-17 00:00:00-05:00,NKE,Nike,68.71547812482265,68.80205437235473,68.14789581298828,68.14789581298828,9711300
2025-01-21 00:00:00-05:00,NKE,Nike,68.59041294197857,70.48554152735633,68.43648984539267,70.38934326171875,14199900
2025-01-22 00:00:00-05:00,NKE,Nike,70.59135847824074,71.8611946071071,70.23542417829273,71.22628021240234,13029300
2025-01-23 00:00:00-05:00,NKE,Nike,70.55289482433933,71.66881547412491,69.61976339203626,71.466796875,10677400
2025-01-24 00:00:00-05:00,NKE,Nike,71.25514572423965,71.42830554641533,70.46630816531884,70.7741470336914,8106700
2025-01-27 00:00:00-05:00,NKE,Nike,70.64908986781346,72.96749973486364,70.62984581013576,72.707763671875,11665400
2025-01-28 00:00:00-05:00,NKE,Nike,72.46726821471728,72.72700429163983,71.34173298228967,71.56298828125,8694400
2025-01-29 00:00:00-05:00,NKE,Nike,71.62070252615796,74.17961909851014,71.49564550805306,73.66976165771484,11764800
2025-01-30 00:00:00-05:00,NKE,Nike,73.92949687970616,75.77653008020627,73.92949687970616,75.35325622558594,10902100
2025-01-31 00:00:00-05:00,NKE,Nike,75.14161604841699,75.86311408446801,73.84292105141667,73.97760009765625,13098000
2025-02-03 00:00:00-05:00,NKE,Nike,72.05361906018665,73.77559558164546,70.43746285799607,73.67938995361328,18539200
2025-02-04 00:00:00-05:00,NKE,Nike,74.60291069270569,75.1897297676989,73.15029238088162,73.80445098876953,11943700
2025-02-05 00:00:00-05:00,NKE,Nike,73.40039592582504,73.87177254135537,71.57259961283431,71.73613739013672,9807400
2025-02-06 00:00:00-05:00,NKE,Nike,72.38068582624201,72.53460894063599,68.90787445690226,69.0136947631836,16059400
2025-02-07 00:00:00-05:00,NKE,Nike,67.87854481826062,68.1190442058984,66.01227456102346,66.06999206542969,27428700
2025-02-10 00:00:00-05:00,NKE,Nike,66.72414472269703,68.25371716826213,66.49326738627286,68.24410247802734,16201300
2025-02-11 00:00:00-05:00,NKE,Nike,67.88815622259229,69.25419076908562,67.83043872722031,68.62889099121094,9636600
2025-02-12 00:00:00-05:00,NKE,Nike,67.91701958832863,69.69671343140027,67.65728350203614,69.5139389038086,10810900
2025-02-13 00:00:00-05:00,NKE,Nike,69.69671342841886,70.80301198145656,68.90787580041477,70.4278335571289,9739600
2025-02-14 00:00:00-05:00,NKE,Nike,70.38933923078409,70.70680009471981,69.59087972674824,70.2642822265625,9254400
2025-02-18 00:00:00-05:00,NKE,Nike,71.66881897085078,74.72797153727888,71.66881897085078,74.64138793945312,28252400
2025-02-19 00:00:00-05:00,NKE,Nike,73.90064050601563,74.72795886312346,73.19837916960263,73.8621597290039,14184100
2025-02-20 00:00:00-05:00,NKE,Nike,73.9872203430519,74.33353263970756,73.43887480299178,74.29505920410156,10689600
2025-02-21 00:00:00-05:00,NKE,Nike,74.45860311655888,75.0261780816386,72.97712618234915,73.59280395507812,12823400
2025-02-24 00:00:00-05:00,NKE,Nike,75.88235855470144,78.00837210405217,75.75730152454844,77.22915649414062,24553500
2025-02-25 00:00:00-05:00,NKE,Nike,77.2580133525028,78.84531062299514,77.00789929832102,78.61443328857422,15522500
2025-02-26 00:00:00-05:00,NKE,Nike,78.97998502346479,79.30706795578135,77.76786624516318,78.0853271484375,16058100
2025-02-27 00:00:00-05:00,NKE,Nike,78.39317965049784,78.39317965049784,76.44032576453077,76.97904205322266,11651900
2025-02-28 00:00:00-05:00,NKE,Nike,76.23829342268968,76.97902818620491,75.2089565053875,76.41145324707031,14113800
2025-03-03 00:00:00-05:00,NKE,Nike,77.33963973541843,78.27750130505945,75.30922181104171,75.81199645996094,8628800
2025-03-04 00:00:00-05:00,NKE,Nike,75.12551662425103,76.0440441338197,74.23600130314463,74.75811004638672,10034100
2025-03-05 00:00:00-05:00,NKE,Nike,74.76778839775565,75.71531343916745,73.92661188512572,75.23188018798828,9853600
2025-03-06 00:00:00-05:00,NKE,Nike,74.19733874444806,75.73466043130949,74.19733874444806,75.13520050048828,9623700
2025-03-07 00:00:00-05:00,NKE,Nike,74.9128156082191,76.38244936291301,74.41971165447733,75.98603057861328,9294300
2025-03-10 00:00:00-04:00,NKE,Nike,74.94182129753507,77.53302370254626,73.53986050611529,73.86859893798828,15822600
2025-03-11 00:00:00-04:00,NKE,Nike,73.3948314735923,73.55919699010708,71.18070654721721,71.71247863769531,12837000
2025-03-12 00:00:00-04:00,NKE,Nike,71.89619110226425,72.03155181756478,70.80363464973698,71.14203643798828,12304900
2025-03-13 00:00:00-04:00,NKE,Nike,70.75529363079227,71.49011426600362,69.29532309121093,70.23318481445312,10195900
2025-03-14 00:00:00-04:00,NKE,Nike,70.85197106177996,71.10335839992231,68.95691373744215,69.28565216064453,12183000
2025-03-17 00:00:00-04:00,NKE,Nike,69.74974729201571,71.49977326067679,69.64339138906445,71.258056640625,15996900
2025-03-18 00:00:00-04:00,NKE,Nike,71.4417657911635,71.7028238796072,70.31053374552363,70.8809814453125,8972300
2025-03-19 00:00:00-04:00,NKE,Nike,70.23317720278246,70.9970025711304,69.89477542607274,70.57157897949219,10830500
2025-03-20 00:00:00-04:00,NKE,Nike,70.50391065869,71.20972652196726,69.15029594419276,69.47903442382812,25202300
2025-03-21 00:00:00-04:00,NKE,Nike,64.3836357802333,66.45273684733766,63.01068714010924,65.68891143798828,77287000
2025-03-24 00:00:00-04:00,NKE,Nike,66.28835932011319,66.60742700873953,64.48032383777463,65.1571273803711,26552500
2025-03-25 00:00:00-04:00,NKE,Nike,65.3214971973046,65.79526708488666,64.04523373546651,64.33529663085938,17394100
2025-03-26 00:00:00-04:00,NKE,Nike,64.18059203102551,64.3836330994964,62.797972718157084,63.561798095703125,18688300
2025-03-27 00:00:00-04:00,NKE,Nike,63.329756735955016,64.8767416847182,63.12671565298667,63.61981964111328,16435800
2025-03-28 00:00:00-04:00,NKE,Nike,63.67782436232815,63.67782436232815,61.04794646387535,61.19297790527344,19600300
2025-03-31 00:00:00-04:00,NKE,Nike,60.75789211504037,61.86979008562949,60.57418880448086,61.376686096191406,17400000
2025-04-01 00:00:00-04:00,NKE,Nike,61.71508698197792,63.0010211247809,61.20264525785582,62.61427307128906,13489500
2025-04-02 00:00:00-04:00,NKE,Nike,62.16951209141086,63.2330636496022,62.034151386364975,62.807640075683594,11161400
2025-04-03 00:00:00-04:00,NKE,Nike,54.50225932495354,56.735722093690484,53.564401401086165,53.73843765258789,71499500
2025-04-04 00:00:00-04:00,NKE,Nike,51.45663306843408,57.257831702952366,50.760488052035,55.35310363769531,67775700
2025-04-07 00:00:00-04:00,NKE,Nike,53.56440733880105,55.28542858520459,51.630674275137515,53.76744842529297,45374400
2025-04-08 00:00:00-04:00,NKE,Nike,56.822743855834474,56.822743855834474,50.634796866735456,51.50497817993164,30404300
2025-04-09 00:00:00-04:00,NKE,Nike,51.51464450754676,57.576897736601985,50.741152066711784,57.35451889038086,44732500
2025-04-10 00:00:00-04:00,NKE,Nike,55.33376821523471,55.35310598743366,50.54777840093139,52.597537994384766,53919800
2025-04-11 00:00:00-04:00,NKE,Nike,52.59753465175549,53.20665783994876,51.10855948178878,52.58786392211914,22617100
2025-04-14 00:00:00-04:00,NKE,Nike,53.79644881824925,54.811657855549086,52.85858717921941,53.57406997680664,28346600
2025-04-15 00:00:00-04:00,NKE,Nike,52.86825895922033,53.554733268825565,52.37515499328206,53.01329040527344,15977100
2025-04-16 00:00:00-04:00,NKE,Nike,52.90693922066803,53.32269213556739,51.57266233823978,51.77570343017578,19094900
2025-04-17 00:00:00-04:00,NKE,Nike,52.03675218108553,54.16385911435237,51.87238665453767,53.912471771240234,18935100
2025-04-21 00:00:00-04:00,NKE,Nike,53.400033277914275,54.49259339273533,51.727354771814554,54.26054382324219,17280900
2025-04-22 00:00:00-04:00,NKE,Nike,54.77298796403282,56.16527437752787,54.37657285189377,55.169403076171875,16852200
2025-04-23 00:00:00-04:00,NKE,Nike,57.04511599099308,57.238490003199324,54.82132407137758,55.488460540771484,21660300
2025-04-24 00:00:00-04:00,NKE,Nike,55.894552004000886,56.755062572873086,55.23708250880131,56.54235076904297,14508500
2025-04-25 00:00:00-04:00,NKE,Nike,56.28129732211802,56.31997286679007,54.73431241826557,55.710845947265625,17156000
2025-04-28 00:00:00-04:00,NKE,Nike,55.81720353480619,56.15560902844091,54.918017379721434,55.4111213684082,13321200
2025-04-29 00:00:00-04:00,NKE,Nike,55.111390351719855,55.82687318264813,54.86000668524954,55.63349914550781,12968000
2025-04-30 00:00:00-04:00,NKE,Nike,54.009164085208134,54.71497619813286,52.935941664081824,54.531272888183594,17205900
2025-05-01 00:00:00-04:00,NKE,Nike,54.8019937231122,55.31443178980064,54.395907873652995,54.87934112548828,10527000
2025-05-02 00:00:00-04:00,NKE,Nike,55.95256328372849,56.75506424856107,55.41112040461542,56.64870834350586,14723900
2025-05-05 00:00:00-04:00,NKE,Nike,56.194278584126586,56.40699038922362,55.391781326510944,55.449790954589844,15971000
2025-05-06 00:00:00-04:00,NKE,Nike,55.256422281498345,55.80753589473718,54.90834974928371,55.15006637573242,11440300
2025-05-07 00:00:00-04:00,NKE,Nike,55.952561633700476,56.861418476786284,55.65283538825973,56.677711486816406,11883500
2025-05-08 00:00:00-04:00,NKE,Nike,57.7122617059164,58.38906901291181,56.85175108646209,56.958106994628906,19009000
2025-05-09 00:00:00-04:00,NKE,Nike,57.18048466423429,57.41253424889092,56.290969247707096,56.368316650390625,13954400
2025-05-12 00:00:00-04:00,NKE,Nike,60.31313003166486,61.36701460703994,59.762016451618535,60.50650405883789,29776600
2025-05-13 00:00:00-04:00,NKE,Nike,60.53551149053889,60.69987702334896,59.9167175274608,60.32279968261719,17003100
2025-05-14 00:00:00-04:00,NKE,Nike,59.99406264971772,60.786892845832384,59.481624610066305,59.68466567993164,13736300
2025-05-15 00:00:00-04:00,NKE,Nike,58.630782866752554,60.603191374835056,58.4180710604977,60.33246994018555,14371100
2025-05-16 00:00:00-04:00,NKE,Nike,60.42915086931093,61.63773388669715,60.42915086931093,61.01893997192383,12950600
2025-05-19 00:00:00-04:00,NKE,Nike,60.09075164583956,60.36147307294783,59.71367063026371,60.0230712890625,15105300
2025-05-20 00:00:00-04:00,NKE,Nike,60.429157853766974,61.09629442868344,60.21644603786472,60.4871711730957,10771800
2025-05-21 00:00:00-04:00,NKE,Nike,59.14321882310345,59.71367017465973,57.895963908940395,57.99264907836914,17354700
2025-05-22 00:00:00-04:00,NKE,Nike,58.572770867355906,59.57830916462297,58.16668504351691,59.28824996948242,16764500
2025-05-23 00:00:00-04:00,NKE,Nike,57.87662780541918,58.37939881520482,57.5188882422593,58.03132629394531,14282400
2025-05-27 00:00:00-04:00,NKE,Nike,59.104548607092276,60.75788939296401,58.82415644435064,60.74822235107422,16642100
2025-05-28 00:00:00-04:00,NKE,Nike,60.66120395272073,61.01894351390812,59.52030122301762,59.733009338378906,10015600
2025-05-29 00:00:00-04:00,NKE,Nike,60.4194906005573,60.815905727162786,59.10455154011873,59.40427780151367,12218000
2025-05-30 00:00:00-04:00,NKE,Nike,58.9788545268129,59.09487747020641,58.108673230604346,58.58243942260742,18155100
2025-06-02 00:00:00-04:00,NKE,Nike,58.44617500946916,59.954776638524216,58.00819293321091,59.92557907104492,14065300
2025-06-03 00:00:00-04:00,NKE,Nike,59.60439506159408,60.78207731956885,58.84522488707983,60.7042121887207,10286100
2025-06-04 00:00:00-04:00,NKE,Nike,60.71394931807891,61.35632181887389,60.60688661581076,61.09353256225586,10242300
2025-06-05 00:00:00-04:00,NKE,Nike,61.25899364675856,61.95976503485952,60.56795725727797,60.9962043762207,12336300
2025-06-06 00:00:00-04:00,NKE,Nike,60.996197462405725,61.404981963400964,60.46088769620022,61.12272644042969,13299600
2025-06-09 00:00:00-04:00,NKE,Nike,61.60937926592181,61.794307111342626,60.227306488640544,60.25650405883789,11640000
2025-06-10 00:00:00-04:00,NKE,Nike,60.7139474416271,62.4464094821409,60.58741845987403,62.16415023803711,15287000
2025-06-11 00:00:00-04:00,NKE,Nike,62.679997311988195,63.11797567903666,60.90860642260196,61.4244499206543,10238700
2025-06-12 00:00:00-04:00,NKE,Nike,61.064331306583014,61.24925541845366,60.11050204186535,61.12272644042969,9830500
2025-06-13 00:00:00-04:00,NKE,Nike,60.100777963817535,61.103267485073,58.504579758504875,58.913360595703125,16509700
2025-06-16 00:00:00-04:00,NKE,Nike,59.740656727486254,60.51928949014209,59.60439645812321,60.246768951416016,13681600
2025-06-17 00:00:00-04:00,NKE,Nike,59.66279307813626,59.66279307813626,58.08606123045611,58.39751434326172,13649700
2025-06-18 00:00:00-04:00,NKE,Nike,58.39751556856138,58.8354976778884,57.78434061550355,57.92060089111328,14194300
2025-06-20 00:00:00-04:00,NKE,Nike,58.15419029718144,58.436445835724264,57.609145503389826,58.19312286376953,19084000
2025-06-23 00:00:00-04:00,NKE,Nike,57.98873373984988,59.66279329917871,57.852469753780355,59.156681060791016,15921300
2025-06-24 00:00:00-04:00,NKE,Nike,59.69199408518201,60.32463159329945,58.864693741439886,59.77958679199219,12564000
2025-06-25 00:00:00-04:00,NKE,Nike,59.808788916186394,59.886650338719036,58.74790058037929,59.20534896850586,12186200
2025-06-26 00:00:00-04:00,NKE,Nike,59.915852846687855,61.05460262832507,59.195615181252144,60.86967849731445,39659800
2025-06-27 00:00:00-04:00,NKE,Nike,67.92604469527953,72.20853067300436,67.82871698739154,70.11595153808594,117530300
2025-06-30 00:00:00-04:00,NKE,Nike,69.541700219027,69.79475818104684,68.18882513171827,69.14265441894531,31090400
2025-07-01 00:00:00-04:00,NKE,Nike,70.06727605105846,71.96519955566329,69.9115532211659,71.44935607910156,27512900
2025-07-02 00:00:00-04:00,NKE,Nike,71.21576840418466,74.78774798849355,71.0503105590062,74.34976959228516,36882300
2025-07-03 00:00:00-04:00,NKE,Nike,74.23297188800315,74.97267583053305,73.56140550885883,74.34976959228516,12022600
2025-07-07 00:00:00-04:00,NKE,Nike,74.0091120292139,75.43011721732958,73.82418420435128,74.48602294921875,17296900
2025-07-08 00:00:00-04:00,NKE,Nike,74.09671408198562,74.2621793583068,71.6829541847362,71.94573974609375,19572400
2025-07-09 00:00:00-04:00,NKE,Nike,72.15012827730767,72.9190297949974,71.45909189636257,71.59535217285156,12076700
2025-07-10 00:00:00-04:00,NKE,Nike,71.16709934313117,73.48353116216983,71.00163409306421,72.62703704833984,13033000
2025-07-11 00:00:00-04:00,NKE,Nike,71.72187223341021,71.8678600570366,70.46632497083546,70.69017791748047,12771400
2025-07-14 00:00:00-04:00,NKE,Nike,70.40792808941788,70.64152347729751,69.13291815615817,70.3203353881836,11385400
2025-07-15 00:00:00-04:00,NKE,Nike,70.33008426659002,70.93352057364223,69.66824538822745,70.06729125976562,9708300
2025-07-16 00:00:00-04:00,NKE,Nike,69.97968389913791,70.768047903401,69.24971502833806,70.1743392944336,9008600
2025-07-17 00:00:00-04:00,NKE,Nike,70.19381401978065,71.25469861920286,70.115948886164,71.03084564208984,9180400
2025-07-18 00:00:00-04:00,NKE,Nike,71.32282600206322,71.32282600206322,70.19381131070683,70.53446197509766,8801000
2025-07-21 00:00:00-04:00,NKE,Nike,70.98217573826892,72.81196176420023,70.96271316832,72.04306030273438,12743900
2025-07-22 00:00:00-04:00,NKE,Nike,72.09173501530238,73.52247538133085,72.0625374446697,73.37648010253906,11297500
2025-07-23 00:00:00-04:00,NKE,Nike,74.11617591087813,75.147862896349,73.79498781801841,74.70014953613281,16428100
2025-07-24 00:00:00-04:00,NKE,Nike,74.46656215281931,75.46905157870208,73.39594259388512,73.40567016601562,10037800
2025-07-25 00:00:00-04:00,NKE,Nike,73.88259293310432,74.52496173655722,73.51273725249602,74.23297119140625,7208400
2025-07-28 00:00:00-04:00,NKE,Nike,76.89006161573904,77.8536185365579,75.4885188759094,77.12364959716797,22631100
2025-07-29 00:00:00-04:00,NKE,Nike,76.65646898291563,77.25017761164436,75.68317712278687,76.23795318603516,12885500
2025-07-30 00:00:00-04:00,NKE,Nike,75.70264632720728,76.2087622971811,73.93125528355536,74.63202667236328,14601700
2025-07-31 00:00:00-04:00,NKE,Nike,74.31083588098971,74.35950344676554,72.32531949250932,72.69517517089844,16700000
2025-08-01 00:00:00-04:00,NKE,Nike,71.47855242321727,72.70489474914099,70.59285331775631,72.62703704833984,11911600
2025-08-04 00:00:00-04:00,NKE,Nike,73.02609911243553,73.24995954443463,72.17933980697491,72.82170867919922,8839000
2025-08-05 00:00:00-04:00,NKE,Nike,72.90929881357218,73.6879278677325,72.25718760585781,72.39344787597656,6533800
2025-08-06 00:00:00-04:00,NKE,Nike,72.48104631908028,73.95071911327923,72.26692092084403,73.46407318115234,7579800
2025-08-07 00:00:00-04:00,NKE,Nike,74.28164421669099,74.31084178822631,72.02360710187361,72.3642578125,8717600
2025-08-08 00:00:00-04:00,NKE,Nike,72.21825418363007,72.95795808810163,71.42989014076565,72.20852661132812,6739000
2025-08-11 00:00:00-04:00,NKE,Nike,72.33505083136157,72.7924991942513,71.09897343484532,72.04306030273438,6985700
2025-08-12 00:00:00-04:00,NKE,Nike,72.72438141796643,73.69767344459738,72.35452569544418,72.89957427978516,6397700
2025-08-13 00:00:00-04:00,NKE,Nike,73.46406693200628,75.61504087796142,73.18181142430713,75.13812255859375,13472600
2025-08-14 00:00:00-04:00,NKE,Nike,73.88259362641328,74.55416000555762,73.33754509872531,74.34976959228516,7990500
2025-08-15 00:00:00-04:00,NKE,Nike,74.69042333316025,75.43012730591681,74.1259196368,74.9142837524414,9767700
2025-08-18 00:00:00-04:00,NKE,Nike,75.05053117444284,76.16981822781429,74.79747322766379,75.36198425292969,9069100
2025-08-19 00:00:00-04:00,NKE,Nike,76.11142037135045,76.68566642924387,74.63202001357244,74.82667541503906,7684800
2025-08-20 00:00:00-04:00,NKE,Nike,74.6417518625472,75.48851099139651,74.12590838735687,74.22323608398438,6282600
2025-08-21 00:00:00-04:00,NKE,Nike,73.67818714668876,74.19403804421533,73.12341111126133,74.14537048339844,6354900
2025-08-22 00:00:00-04:00,NKE,Nike,74.49576745300904,77.02632506196525,74.21351189374758,76.28662109375,10985900
2025-08-25 00:00:00-04:00,NKE,Nike,76.37421017203305,78.02880329293399,76.29634504441654,77.05551147460938,12488900
2025-08-26 00:00:00-04:00,NKE,Nike,76.89006629570252,77.35724971262384,76.28662259585177,76.5494155883789,6874800
2025-08-27 00:00:00-04:00,NKE,Nike,76.85112283296073,77.38643631547386,75.5761128981371,75.97515869140625,12636700
2025-08-28 00:00:00-04:00,NKE,Nike,76.48127387797233,76.55913900661902,75.64424230908875,75.83889770507812,7478600
2025-08-29 00:00:00-04:00,NKE,Nike,75.67344474300025,77.01658488321911,75.06027352313187,75.30359649658203,14208800
2025-09-02 00:00:00-04:00,NKE,Nike,74.00238865931139,74.40351571642387,72.39789535929683,72.6816177368164,15078700
2025-09-03 00:00:00-04:00,NKE,Nike,72.78923655363829,73.55234830758148,72.30984717614893,73.12187194824219,8300100
2025-09-04 00:00:00-04:00,NKE,Nike,73.13165760876444,74.12957125776539,72.89685571444967,73.71866607666016,11096200
2025-09-05 00:00:00-04:00,NKE,Nike,73.18058350918903,73.77737761059569,72.03590832819474,72.30985260009766,13758400
2025-09-08 00:00:00-04:00,NKE,Nike,72.65227394459478,72.96534564970874,72.11417845257787,72.5446548461914,13793300
2025-09-09 00:00:00-04:00,NKE,Nike,72.38811719684874,72.93599829360964,71.4684732371122,72.00656127929688,8740200
2025-09-10 00:00:00-04:00,NKE,Nike,73.62083655977088,73.82628916144083,71.74240637517312,72.64248657226562,11359300
2025-09-11 00:00:00-04:00,NKE,Nike,72.79902632135538,73.89477353279437,72.40768483260514,72.72075653076172,9803400
2025-09-12 00:00:00-04:00,NKE,Nike,72.63269991130322,72.67183480593248,70.37271386204361,71.41954803466797,11806000
2025-09-15 00:00:00-04:00,NKE,Nike,71.59565230623927,71.6250016115576,71.00864380721896,71.44889831542969,10323800
2025-09-16 00:00:00-04:00,NKE,Nike,71.22387775748686,71.79131504302825,70.5292427399647,71.17495727539062,8813600
2025-09-17 00:00:00-04:00,NKE,Nike,71.48803201499382,71.73261950751319,70.05964195438683,70.7444839477539,11108700
2025-09-18 00:00:00-04:00,NKE,Nike,71.85002483547758,72.00655695070063,70.07920629808632,70.53903198242188,14918400
2025-09-19 00:00:00-04:00,NKE,Nike,70.45097919706168,70.68578108577402,69.20847062984824,69.355224609375,33415600
2025-09-22 00:00:00-04:00,NKE,Nike,69.25739648495703,70.92058847739845,68.90518989245116,69.73678588867188,12336300
2025-09-23 00:00:00-04:00,NKE,Nike,70.0205067845706,70.85210276302321,69.1986963957613,69.39436340332031,10432400
2025-09-24 00:00:00-04:00,NKE,Nike,69.13998986360284,69.98137142611895,68.92475167818459,69.67808532714844,10024500
2025-09-25 00:00:00-04:00,NKE,Nike,69.61938920057813,69.61938920057813,67.55507011477485,67.74095153808594,13075300
2025-09-26 00:00:00-04:00,NKE,Nike,67.87791718167053,67.93662325463075,66.55714623544138,67.80943298339844,15627600
2025-09-29 00:00:00-04:00,NKE,Nike,68.25948123416173,68.44537013637802,67.25178185435085,68.04425048828125,18479300
2025-09-30 00:00:00-04:00,NKE,Nike,68.55297993995462,68.68994833430277,67.3300425159764,68.22034454345703,40567700
2025-10-01 00:00:00-04:00,NKE,Nike,72.74032088713273,73.07296376797728,70.059643981537,72.59356689453125,57921900
2025-10-02 00:00:00-04:00,NKE,Nike,73.37624957297592,75.30360025603431,72.2804948922343,72.95555877685547,26254400
2025-10-03 00:00:00-04:00,NKE,Nike,73.16100700586584,73.16100700586584,70.36292559230155,70.37271118164062,18794900
2025-10-06 00:00:00-04:00,NKE,Nike,70.46076163197728,70.82275380839046,69.47263353543669,69.62916564941406,14039600
2025-10-07 00:00:00-04:00,NKE,Nike,69.68787002882179,70.03029101752531,67.40831286025329,67.41809844970703,17368000
2025-10-08 00:00:00-04:00,NKE,Nike,67.41809668463229,67.92683535964142,67.1832873291965,67.59419250488281,13051800
2025-10-09 00:00:00-04:00,NKE,Nike,68.04424122884124,68.15186031924604,66.42017674761797,66.58649444580078,13410900
2025-10-10 00:00:00-04:00,NKE,Nike,66.70390227289971,67.00718837968644,63.4753443368562,63.807987213134766,18806100
2025-10-13 00:00:00-04:00,NKE,Nike,64.27758317025649,66.05817962669263,64.13083666182209,65.92121124267578,13191200
2025-10-14 00:00:00-04:00,NKE,Nike,65.03092285649932,66.52779709690482,64.62979579117872,66.17559051513672,9483700
2025-10-15 00:00:00-04:00,NKE,Nike,67.09524128987819,68.02467075568632,66.65497933432349,66.97783660888672,13001500
2025-10-16 00:00:00-04:00,NKE,Nike,67.11480416761049,67.54528052832632,65.13854057964882,65.39290618896484,15349700
2025-10-17 00:00:00-04:00,NKE,Nike,65.18745366016505,66.30277199197711,64.88416756803547,65.91143798828125,10054000
2025-10-20 00:00:00-04:00,NKE,Nike,66.09732267272402,66.70390235122778,66.00927475679919,66.1560287475586,9670000
2025-10-21 00:00:00-04:00,NKE,Nike,66.28321080097258,67.78987065805877,65.95057539232369,66.8800048828125,9659200
2025-10-22 00:00:00-04:00,NKE,Nike,66.7430301256714,67.85834839370247,66.48865706644162,67.58441162109375,8096100
2025-10-23 00:00:00-04:00,NKE,Nike,67.59419451339629,68.3768774596707,67.2517735234829,68.17142486572266,9124900
2025-10-24 00:00:00-04:00,NKE,Nike,68.20077804217524,68.56277023161793,67.41810251568097,67.61376953125,7102900
2025-10-27 00:00:00-04:00,NKE,Nike,68.52363050332008,68.91497197107859,66.78216880922321,67.10501861572266,9838100
2025-10-28 00:00:00-04:00,NKE,Nike,66.63541682569567,67.12459180902086,65.59836824959598,65.97013854980469,11262400
2025-10-29 00:00:00-04:00,NKE,Nike,65.559237668995,65.73534097314831,63.54383152941412,63.93517303466797,15143100
2025-10-30 00:00:00-04:00,NKE,Nike,63.76885180786629,64.57109849054372,63.172057724679895,63.49491500854492,13895200
2025-10-31 00:00:00-04:00,NKE,Nike,63.592746936548096,63.837334424765594,62.85898447189562,63.191619873046875,17822500
2025-11-03 00:00:00-05:00,NKE,Nike,63.31880894340134,63.445991747744465,60.990335054731624,61.29362487792969,22633300
2025-11-04 00:00:00-05:00,NKE,Nike,61.06860449712519,61.23492593588423,59.79675025836438,59.90436935424805,13725400
2025-11-05 00:00:00-05:00,NKE,Nike,59.95328375937023,61.48929288275359,59.54237857166156,60.765316009521484,20979800
2025-11-06 00:00:00-05:00,NKE,Nike,60.540293674001674,61.12730212908007,60.334837355826366,60.55007553100586,15164600
2025-11-07 00:00:00-05:00,NKE,Nike,60.403327797119765,60.83380043328516,58.98471961751467,59.767398834228516,15504800
2025-11-10 00:00:00-05:00,NKE,Nike,60.41311012021002,60.74574925639108,59.18039081089722,59.48367691040039,13063100
2025-11-11 00:00:00-05:00,NKE,Nike,60.39353994390034,62.22305324416469,59.91415057442945,61.782798767089844,17646400
2025-11-12 00:00:00-05:00,NKE,Nike,62.71222890846503,63.7786342116589,62.360026069263704,62.810062408447266,14812200
2025-11-13 00:00:00-05:00,NKE,Nike,64.28736931792623,64.82546473425529,63.47533713118137,64.6004409790039,21923600
2025-11-14 00:00:00-05:00,NKE,Nike,63.53404574067998,63.651442953144326,62.369806955625386,62.78071212768555,17760100
2025-11-17 00:00:00-05:00,NKE,Nike,61.70453334348217,62.16435903136359,60.91206851094145,61.53821563720703,17064700
2025-11-18 00:00:00-05:00,NKE,Nike,61.049040941842385,61.40124380369194,60.3446277539252,61.13709259033203,14614600
2025-11-19 00:00:00-05:00,NKE,Nike,61.078387585955966,61.85128494100914,60.66747866687232,61.28384017944336,11732100
2025-11-20 00:00:00-05:00,NKE,Nike,61.587128965580995,62.4480779507281,60.08046917460077,60.10003662109375,13886600
2025-11-21 00:00:00-05:00,NKE,Nike,60.66747892341676,62.12522199503446,60.207656983492285,61.44037628173828,12476900
2025-11-24 00:00:00-05:00,NKE,Nike,61.15665537045347,61.704532700687565,60.58921432495117,60.58921432495117,16681700
2025-11-25 00:00:00-05:00,NKE,Nike,60.990333900549075,62.73179928851538,60.53050824584607,62.30132293701172,11527200
2025-11-26 00:00:00-05:00,NKE,Nike,62.125223586439155,63.465565743060324,61.60669929251225,62.937255859375,13791000
2025-11-28 00:00:00-05:00,NKE,Nike,63.074222741017486,63.37750883826724,62.58504776392161,63.23075485229492,4941400
2025-12-01 00:00:00-05:00,NKE,Nike,62.78768418914595,64.9734846443512,62.60061231076207,64.38272857666016,12047300
2025-12-02 00:00:00-05:00,NKE,Nike,64.4418076486732,64.46150377607103,63.58521390365872,63.9298210144043,9051200
2025-12-03 00:00:00-05:00,NKE,Nike,64.07750589268086,65.63316928836846,63.97904780057159,64.63872528076172,12028300
2025-12-04 00:00:00-05:00,NKE,Nike,64.58949829553791,65.0817963122903,64.00859024146847,64.67811584472656,10619500
2025-12-05 00:00:00-05:00,NKE,Nike,64.68795815600353,65.06210946650994,63.880589687044356,64.84549713134766,10917900
2025-12-08 00:00:00-05:00,NKE,Nike,64.58949502843662,64.78641873229962,62.2953883394989,62.56122970581055,12867300
2025-12-09 00:00:00-05:00,NKE,Nike,62.531689306321155,62.964913943184506,62.00001032934389,62.35446548461914,9300200
2025-12-10 00:00:00-05:00,NKE,Nike,62.994453029405996,65.13102834998018,62.777840702692146,64.77657318115234,20302100
2025-12-11 00:00:00-05:00,NKE,Nike,64.81595868539333,66.77530268865083,64.55011354971157,66.696533203125,16153500
2025-12-12 00:00:00-05:00,NKE,Nike,67.11990878838311,68.07496812837108,66.08608747592564,66.43069458007812,14829200
2025-12-15 00:00:00-05:00,NKE,Nike,66.37162801053161,67.29714325463979,65.66271760270592,66.73592376708984,15287500
2025-12-16 00:00:00-05:00,NKE,Nike,66.25346961482708,67.14944812103592,65.71193877841881,66.08609008789062,16376700
2025-12-17 00:00:00-05:00,NKE,Nike,65.53470958627788,65.80055472197226,64.60919442285609,64.67811584472656,13205500
2025-12-18 00:00:00-05:00,NKE,Nike,64.99318510708291,65.96793305941291,64.39258093648779,64.61903381347656,35650000
2025-12-19 00:00:00-05:00,NKE,Nike,58.28808726496187,59.449910911488324,57.32318358081777,57.805633544921875,108652700
2025-12-22 00:00:00-05:00,NKE,Nike,58.08132028849413,58.16993407964069,56.25981541624509,56.338584899902344,38695900
2025-12-23 00:00:00-05:00,NKE,Nike,56.29920230093564,56.71273083806883,56.11213040403289,56.45673751831055,23276700
2025-12-24 00:00:00-05:00,NKE,Nike,57.97301342145365,59.64682736945881,57.97301342145365,59.07575988769531,36073300
2025-12-26 00:00:00-05:00,NKE,Nike,59.0757614024262,59.99143600463867,58.9379185601036,59.99143600463867,22303600
2025-12-29 00:00:00-05:00,NKE,Nike,59.60744661599452,60.798806952010096,59.57790618003809,60.26712417602539,18062100
2025-12-30 00:00:00-05:00,NKE,Nike,60.35573505680147,60.35573505680147,59.70590183618617,60.24742889404297,13507800
2025-12-31 00:00:00-05:00,NKE,Nike,61.29110171703891,63.2110609347518,60.9661832303886,62.72861099243164,35457400
2026-01-02 00:00:00-05:00,NKE,Nike,63.014147174013374,63.14214195618677,61.58648215091496,62.30523681640625,22284100
2026-01-05 00:00:00-05:00,NKE,Nike,62.758148452191115,64.36304092655959,62.41353761093207,63.53597640991211,23482500
2026-01-06 00:00:00-05:00,NKE,Nike,63.0732234081886,64.42212276189157,62.43323820034229,64.34335327148438,19973200
2026-01-07 00:00:00-05:00,NKE,Nike,64.51072878356035,64.59934633271267,62.216621979521406,62.24616241455078,18284100
2026-01-08 00:00:00-05:00,NKE,Nike,61.22218760315667,64.72734741868122,60.749581911937724,64.25474548339844,21573900
2026-01-09 00:00:00-05:00,NKE,Nike,64.10704357971909,65.51501610350279,63.40798134929096,64.9045639038086,18470400
2026-01-12 00:00:00-05:00,NKE,Nike,64.24489150777713,65.31809758397111,63.25044740563536,64.6288833618164,13901100
2026-01-13 00:00:00-05:00,NKE,Nike,65.22949186048358,66.0467084292831,64.83565191668737,65.27872467041016,13685200
2026-01-14 00:00:00-05:00,NKE,Nike,65.26887744660395,66.0959345785422,64.03813230131094,64.55996704101562,15939100
2026-01-15 00:00:00-05:00,NKE,Nike,64.74703770244241,64.74703770244241,63.220910835488255,63.595054626464844,13295300
2026-01-16 00:00:00-05:00,NKE,Nike,63.39813465371602,63.595050845285805,62.69907240821072,63.38828659057617,15903000
2026-01-20 00:00:00-05:00,NKE,Nike,62.512006089243144,63.5852159549622,62.049244734796524,62.64984893798828,20406000
2026-01-21 00:00:00-05:00,NKE,Nike,62.89599324614213,64.4122682247478,62.63015187663665,64.40242767333984,17166400
2026-01-22 00:00:00-05:00,NKE,Nike,64.40243485810467,65.52487381727938,64.24489587554646,64.45166015625,11853700
2026-01-23 00:00:00-05:00,NKE,Nike,64.24489599495503,64.44181221164663,63.447375551920196,64.03813171386719,11243900
2026-01-26 00:00:00-05:00,NKE,Nike,63.81166782614764,64.62888435343531,63.78213114644091,63.988895416259766,14765900
2026-01-27 00:00:00-05:00,NKE,Nike,63.75259333204947,63.831362817779954,61.91139979636119,62.1181640625,13536700
2026-01-28 00:00:00-05:00,NKE,Nike,62.078777997787085,62.50215458473394,61.01541625461844,61.28125762939453,10363600
2026-01-29 00:00:00-05:00,NKE,Nike,60.97603034066811,61.97047064414548,60.513269020588645,61.63570785522461,12739400
2026-01-30 00:00:00-05:00,NKE,Nike,61.28125621585293,61.55694189180872,60.08004790329873,60.857879638671875,14309200
2026-02-02 00:00:00-05:00,NKE,Nike,60.7101890435314,61.606171250840674,60.20804673751802,61.2221794128418,11006300
2026-02-03 00:00:00-05:00,NKE,Nike,60.82834112213207,61.5667881396624,59.49913799295179,59.99143600463867,17322100
2026-02-04 00:00:00-05:00,NKE,Nike,60.76926857570081,63.41783431772925,60.562500553521126,63.23075866699219,20957700
2026-02-05 00:00:00-05:00,NKE,Nike,63.201222581855866,63.58521443875692,61.13356863217472,61.73417282104492,12506200
2026-02-06 00:00:00-05:00,NKE,Nike,62.039392993945114,63.25044563663491,62.02954868644787,62.93537521362305,11961500
2026-02-09 00:00:00-05:00,NKE,Nike,62.59076629047854,62.925529074677335,61.40925036060424,61.44863510131836,12920800
2026-02-10 00:00:00-05:00,NKE,Nike,62.029546838902505,63.20121846076945,61.330484593412436,62.068931579589844,13003400
2026-02-11 00:00:00-05:00,NKE,Nike,62.915687544032636,63.02399370780837,60.729883165099054,61.38956069946289,15511900
2026-02-12 00:00:00-05:00,NKE,Nike,61.36987374077416,61.75386560020932,59.91266827819252,60.158817291259766,13602400
2026-02-13 00:00:00-05:00,NKE,Nike,60.641268244292526,62.40369599891337,60.641268244292526,62.15754699707031,20180900
2026-02-17 00:00:00-05:00,NKE,Nike,61.97047254837756,63.82151412963867,61.97047254837756,63.82151412963867,12347500
2026-02-18 00:00:00-05:00,NKE,Nike,63.319371034968555,65.13103171500809,63.319371034968555,64.54027557373047,11211500
2026-02-19 00:00:00-05:00,NKE,Nike,64.19565439183378,64.82579521318183,63.260291222859024,64.5993423461914,10778300
2026-02-20 00:00:00-05:00,NKE,Nike,64.29412764782089,67.43498406519049,62.35447214964492,64.39258575439453,33436800
2026-02-23 00:00:00-05:00,NKE,Nike,63.604902424272716,63.96920566187249,61.09418328361855,62.1181640625,17748800
2026-02-24 00:00:00-05:00,NKE,Nike,62.30523234639186,63.7033568336593,61.63570678022741,63.102752685546875,14296100
2026-02-25 00:00:00-05:00,NKE,Nike,62.905839383334204,63.23075787415979,62.28554283644448,62.42338943481445,9500800
2026-02-26 00:00:00-05:00,NKE,Nike,63.220909541832505,64.05781465644573,62.79753295276396,62.96491622924805,10319100
2026-02-27 00:00:00-05:00,NKE,Nike,61.75386215281055,61.75386215281055,60.57234620485853,61.2221794128418,18017400
2026-03-02 00:00:00-05:00,NKE,Nike,59.3687652996699,60.98430656698472,58.61550340812185,60.46891784667969,15335000
2026-03-03 00:00:00-05:00,NKE,Nike,58.91284468954928,59.57690464439405,58.100117304240264,58.86328887939453,17438600
2026-03-04 00:00:00-05:00,NKE,Nike,58.665059346829516,58.96240175676261,58.090205168081525,58.119937896728516,15971300
2026-03-05 00:00:00-05:00,NKE,Nike,58.080293959032055,58.26861132997332,56.920672127064215,57.50543975830078,22040200
2026-03-06 00:00:00-05:00,NKE,Nike,56.9603178090165,57.03960634806334,56.256611702821516,56.50439453125,16323700
2026-03-09 00:00:00-04:00,NKE,Nike,55.24566132347709,56.20705613085387,54.898763093691585,56.02865219116211,18053100
2026-03-10 00:00:00-04:00,NKE,Nike,56.197145766905756,56.73235757917769,55.30512607978587,55.582645416259766,15706400
2026-03-11 00:00:00-04:00,NKE,Nike,57.089159878178634,57.089159878178634,54.91858374892139,55.20601272583008,20245300
2026-03-12 00:00:00-04:00,NKE,Nike,54.78973926315801,54.968143206820244,53.55082508820696,53.649940490722656,18611800
2026-03-13 00:00:00-04:00,NKE,Nike,53.85807434815711,54.38337272098835,53.26339708762612,53.50126647949219,14377100
2026-03-16 00:00:00-04:00,NKE,Nike,53.788696048665074,54.58160033166583,53.50126706455672,54.30408477783203,13115200
2026-03-17 00:00:00-04:00,NKE,Nike,54.958232069537075,55.18619181785433,54.51222222245291,54.63115692138672,9861400
2026-03-18 00:00:00-04:00,NKE,Nike,54.016656428981136,54.47257592446014,52.78765194022699,52.995792388916016,16861300
2026-03-19 00:00:00-04:00,NKE,Nike,52.43084877990165,53.15437419586343,52.12359670701406,52.96605682373047,12307700
2026-03-20 00:00:00-04:00,NKE,Nike,52.470488810379244,53.13454873666556,51.71723069817,51.90554428100586,19566100
2026-03-23 00:00:00-04:00,NKE,Nike,52.80747537109458,53.08499471090233,52.06412688318676,52.242530822753906,15242700
2026-03-24 00:00:00-04:00,NKE,Nike,51.8956341566726,53.60038115931096,51.806432190700455,53.0156135559082,12073800
2026-03-25 00:00:00-04:00,NKE,Nike,53.28321685225985,53.739140122244805,52.09386232079537,52.510135650634766,13427100
2026-03-26 00:00:00-04:00,NKE,Nike,52.29208695461357,53.14446049760458,51.40998068180017,51.60820770263672,14486700
2026-03-27 00:00:00-04:00,NKE,Nike,51.25139824293279,51.647852272396435,50.74592294718918,50.91441345214844,13077800
2026-03-30 00:00:00-04:00,NKE,Nike,50.97388181860143,51.727139924654175,50.4981392599051,50.78556823730469,16869200
2026-03-31 00:00:00-04:00,NKE,Nike,51.469448620109766,52.63898385450308,51.23157544495102,52.35155487060547,36422800
2026-04-01 00:00:00-04:00,NKE,Nike,46.14707564565088,46.41468155590174,44.16481300456243,44.23419189453125,114225700
2026-04-02 00:00:00-04:00,NKE,Nike,43.37190511622997,43.946763099516616,42.78713748327485,43.798091888427734,63242600
2026-04-06 00:00:00-04:00,NKE,Nike,43.76835923952276,43.98640934129222,43.17368195579907,43.63951110839844,26999600
2026-04-07 00:00:00-04:00,NKE,Nike,43.31243846575701,43.480928971550775,41.9843223756015,42.31139373779297,38253000
2026-04-08 00:00:00-04:00,NKE,Nike,43.52057494288791,43.90711554238363,42.38077244310726,42.747493743896484,29462900
2026-04-09 00:00:00-04:00,NKE,Nike,42.83669811553343,43.82782946457684,42.34113244101172,43.609779357910156,24147400
2026-04-10 00:00:00-04:00,NKE,Nike,43.44128761038457,43.57013195987964,42.02396951901127,42.24201583862305,26094800
2026-04-13 00:00:00-04:00,NKE,Nike,41.85547603452363,42.598824539524124,41.716718251862105,42.52944564819336,21236700
2026-04-14 00:00:00-04:00,NKE,Nike,42.608738264349256,43.81791593650846,42.5690921030677,43.808006286621094,22554100
2026-04-15 00:00:00-04:00,NKE,Nike,44.690111924218506,45.49292966448566,44.31348095930559,45.03700637817383,31523500
2026-04-16 00:00:00-04:00,NKE,Nike,45.39381223902274,46.07769524756912,45.14602941699656,45.294700622558594,21766300
2026-04-17 00:00:00-04:00,NKE,Nike,45.96867099143482,46.36512124497474,45.37398993982613,45.62177276611328,31290400
2026-04-20 00:00:00-04:00,NKE,Nike,45.57221769511245,46.14707567622461,45.16585400465473,46.06778335571289,19003100
2026-04-21 00:00:00-04:00,NKE,Nike,46.355211428092225,46.55343844457923,45.522660983539524,45.978580474853516,22194000
2026-04-22 00:00:00-04:00,NKE,Nike,45.89929325209091,46.5336166983341,45.09647551370226,45.274879455566406,17985200
2026-04-23 00:00:00-04:00,NKE,Nike,45.1757663387775,45.34425684447689,43.847650249365834,44.38285827636719,17457500
2026-04-24 00:00:00-04:00,NKE,Nike,44.581084373164416,45.017180773809564,44.194543780182116,44.29365539550781,15885000
2026-04-27 00:00:00-04:00,NKE,Nike,44.204454179192204,45.007271888065034,44.09543291283096,44.73966598510742,14583100
2026-04-28 00:00:00-04:00,NKE,Nike,44.97754016627945,45.30461153441868,44.35312637872973,44.63064193725586,12426000
2026-04-29 00:00:00-04:00,NKE,Nike,44.52161720838121,44.75949038945037,43.75844941693546,43.99631881713867,13329700
2026-04-30 00:00:00-04:00,NKE,Nike,43.698981149811615,44.41259692804836,43.12412315492845,43.96658706665039,21679500
2026-05-01 00:00:00-04:00,NKE,Nike,44.42250656527431,44.5612643485884,43.82782927082362,44.00623321533203,11562800
2026-05-04 00:00:00-04:00,NKE,Nike,43.79809050589887,43.9467617122948,42.707847595214844,42.707847595214844,33272400
2026-05-05 00:00:00-04:00,NKE,Nike,42.65829276469492,42.91598524337447,42.27175215624262,42.67811584472656,18589700
2026-05-06 00:00:00-04:00,NKE,Nike,43.24305809592846,43.67915449086552,42.81687135004795,43.490840911865234,19406700
2026-05-07 00:00:00-04:00,NKE,Nike,43.65933211846881,44.2440997247781,43.61968595986952,44.01613998413086,17177700
2026-05-08 00:00:00-04:00,NKE,Nike,43.8674698540947,44.26392388806487,43.411550361635115,43.74853515625,17357100
2026-05-11 00:00:00-04:00,NKE,Nike,43.679158123467275,43.679158123467275,42.01405715942383,42.01405715942383,24863800
2026-05-12 00:00:00-04:00,NKE,Nike,41.924855199591796,42.132991874943066,41.6869857937235,41.97441101074219,21271300
2026-05-13 00:00:00-04:00,NKE,Nike,41.82574264676562,42.23210633854384,41.33017698455481,41.964500427246094,21325200
2026-05-14 00:00:00-04:00,NKE,Nike,42.18255069185571,42.450156604189814,41.61760613721681,41.6473388671875,19146900
2026-05-15 00:00:00-04:00,NKE,Nike,41.627513949649824,42.400595141694836,41.468933095361976,41.50857925415039,26172600
2026-05-18 00:00:00-04:00,NKE,Nike,41.50857987107708,42.370863042778915,40.983277711487766,42.19245910644531,18694900
2026-05-19 00:00:00-04:00,NKE,Nike,42.2221928505344,42.81687391289736,41.43920197876539,42.04378890991211,22957900
2026-05-20 00:00:00-04:00,NKE,Nike,41.835652318730695,43.887293858907874,41.45902513747319,43.798091888427734,27060200
2026-05-21 00:00:00-04:00,NKE,Nike,43.50075315570505,44.34321704866178,42.77722774371587,43.99631881713867,18428100
2026-05-22 00:00:00-04:00,NKE,Nike,44.16481295929489,44.323393819184794,43.81791472894041,44.273834228515625,14905100
2026-05-26 00:00:00-04:00,NKE,Nike,44.303569662773434,44.55135248663585,43.708888616984126,44.541439056396484,18667600
2026-05-27 00:00:00-04:00,NKE,Nike,45.30461013326204,46.176806722768376,45.26496397445134,45.57221603393555,24251900
2026-05-28 00:00:00-04:00,NKE,Nike,45.56230854048204,47.22740948065888,45.15594484560948,46.94989013671875,22871300
2026-05-29 00:00:00-04:00,NKE,Nike,46.69219630031297,46.78139826883871,45.671332267858574,45.81999969482422,38949100
2026-06-01 00:00:00-04:00,NKE,Nike,45.52000045776367,46.279998779296875,45.04999923706055,45.93000030517578,26885100
2026-06-02 00:00:00-04:00,NKE,Nike,45.779998779296875,45.779998779296875,43.5099983215332,43.72999954223633,28345000
2026-06-03 00:00:00-04:00,NKE,Nike,43.650001525878906,43.9900016784668,43.15999984741211,43.810001373291016,18940500
2026-06-04 00:00:00-04:00,NKE,Nike,44.5,44.70000076293945,43.130001068115234,43.619998931884766,17350900
2026-06-05 00:00:00-04:00,NKE,Nike,43.29999923706055,43.7400016784668,42.790000915527344,42.97999954223633,18406500
2026-06-08 00:00:00-04:00,NKE,Nike,43.060001373291016,43.86000061035156,42.650001525878906,43.22999954223633,18192000
2026-06-09 00:00:00-04:00,NKE,Nike,43.52000045776367,45.279998779296875,43.27000045776367,44.650001525878906,21505800
2026-06-10 00:00:00-04:00,NKE,Nike,43.77000045776367,44.58000183105469,43.310001373291016,43.959999084472656,15335600
2026-06-11 00:00:00-04:00,NKE,Nike,44.52000045776367,45.97999954223633,44.220001220703125,45.959999084472656,16647500
2026-06-12 00:00:00-04:00,NKE,Nike,46.290000915527344,46.310001373291016,44.849998474121094,44.93000030517578,16524300
2026-06-15 00:00:00-04:00,NKE,Nike,45.36000061035156,46.09000015258789,45.09000015258789,45.20000076293945,14345100
2026-06-16 00:00:00-04:00,NKE,Nike,45.5099983215332,46.099998474121094,45.0,45.040000915527344,19591400
2026-06-17 00:00:00-04:00,NKE,Nike,44.900001525878906,45.849998474121094,44.15999984741211,44.189998626708984,20859700
2026-06-18 00:00:00-04:00,NKE,Nike,44.40999984741211,45.709999084472656,44.2400016784668,45.20000076293945,32320300
2026-06-22 00:00:00-04:00,NKE,Nike,44.619998931884766,44.90999984741211,43.13999938964844,43.189998626708984,25864500
2026-06-23 00:00:00-04:00,NKE,Nike,42.38999938964844,43.189998626708984,42.31999969482422,42.380001068115234,31517900
2026-06-24 00:00:00-04:00,NKE,Nike,42.040000915527344,42.33000183105469,41.310001373291016,41.81999969482422,34384300
2026-06-25 00:00:00-04:00,NKE,Nike,41.79999923706055,41.86000061035156,40.439998626708984,40.900001525878906,29228300
2026-06-26 00:00:00-04:00,NKE,Nike,40.06999969482422,41.470001220703125,40.0,40.75,33970700
2026-06-29 00:00:00-04:00,NKE,Nike,41.13999938964844,41.689998626708984,40.77000045776367,41.47999954223633,27824700
2026-06-30 00:00:00-04:00,NKE,Nike,41.380001068115234,41.63999938964844,40.88999938964844,41.04999923706055,73891500
2026-07-01 00:00:00-04:00,NKE,Nike,41.400001525878906,43.279998779296875,40.11000061035156,43.060001373291016,80185700
2026-07-02 00:00:00-04:00,NKE,Nike,44.11000061035156,45.040000915527344,43.599998474121094,44.09000015258789,34233400
2026-07-06 00:00:00-04:00,NKE,Nike,43.900001525878906,44.11000061035156,41.84000015258789,43.34000015258789,21979100
2026-07-07 00:00:00-04:00,NKE,Nike,43.720001220703125,44.040000915527344,42.880001068115234,43.209999084472656,17784900
2026-07-08 00:00:00-04:00,NKE,Nike,42.70000076293945,43.2599983215332,42.06999969482422,42.88999938964844,21101500
2026-07-09 00:00:00-04:00,NKE,Nike,42.689998626708984,43.060001373291016,42.130001068115234,42.779998779296875,19647000
2026-07-10 00:00:00-04:00,NKE,Nike,43.41999816894531,44.630001068115234,43.060001373291016,44.369998931884766,23313500
2026-07-13 00:00:00-04:00,NKE,Nike,44.7599983215332,44.900001525878906,43.66999816894531,43.7599983215332,13665500
2026-07-14 00:00:00-04:00,NKE,Nike,44.310001373291016,44.4900016784668,42.470001220703125,42.86000061035156,13090200
2026-07-15 00:00:00-04:00,NKE,Nike,43.0,43.58000183105469,42.47999954223633,42.77000045776367,14388200
2026-07-16 00:00:00-04:00,NKE,Nike,42.900001525878906,44.66999816894531,42.900001525878906,44.56999969482422,15944700
2026-07-17 00:00:00-04:00,NKE,Nike,44.52000045776367,44.97999954223633,43.52000045776367,43.7599983215332,15825100
2026-07-20 00:00:00-04:00,NKE,Nike,43.84000015258789,43.84000015258789,42.83000183105469,43.470001220703125,11926900
2026-07-21 00:00:00-04:00,NKE,Nike,43.060001373291016,43.560001373291016,42.75,42.959999084472656,11859000
2026-07-22 00:00:00-04:00,NKE,Nike,42.45000076293945,42.90999984741211,41.56999969482422,42.209999084472656,18990000
2026-07-23 00:00:00-04:00,NKE,Nike,41.79999923706055,42.08000183105469,40.689998626708984,40.9900016784668,18156200
2026-07-24 00:00:00-04:00,NKE,Nike,41.189998626708984,42.150001525878906,40.88999938964844,41.70000076293945,26175200
2026-07-27 00:00:00-04:00,NKE,Nike,42.150001525878906,42.599998474121094,41.58000183105469,42.13999938964844,16996900
2026-07-28 00:00:00-04:00,NKE,Nike,42.75,43.27000045776367,42.52000045776367,43.04999923706055,23601400
2026-07-29 00:00:00-04:00,NKE,Nike,42.599998474121094,43.689998626708984,42.400001525878906,43.220001220703125,15029100
2026-07-30 00:00:00-04:00,NKE,Nike,42.5,42.5,41.22999954223633,42.290000915527344,16977600
2026-07-31 00:00:00-04:00,NKE,Nike,42.02000045776367,42.08000183105469,41.4900016784668,41.709999084472656,22622400
2026-08-03 00:00:00-04:00,NKE,Nike,42.56999969482422,43.209999084472656,42.060001373291016,42.63999938964844,21329900
2026-08-04 00:00:00-04:00,NKE,Nike,41.349998474121094,42.09000015258789,40.90999984741211,41.529998779296875,27802800
2026-08-05 00:00:00-04:00,NKE,Nike,41.650001525878906,42.47999954223633,41.36000061035156,42.45000076293945,22088600
2026-08-06 00:00:00-04:00,NKE,Nike,42.52000045776367,42.63999938964844,41.849998474121094,42.0,18150300
2026-08-07 00:00:00-04:00,NKE,Nike,42.02000045776367,42.369998931884766,41.61000061035156,41.70000076293945,22042300
2026-08-10 00:00:00-04:00,NKE,Nike,41.7400016784668,42.22999954223633,41.13999938964844,42.11000061035156,21664600
2026-08-11 00:00:00-04:00,NKE,Nike,41.47999954223633,41.529998779296875,40.83000183105469,41.31999969482422,25538000
2026-08-12 00:00:00-04:00,NKE,Nike,41.029998779296875,41.25,40.45000076293945,40.5099983215332,28760300
2026-08-13 00:00:00-04:00,NKE,Nike,40.7400016784668,41.470001220703125,40.47999954223633,41.22999954223633,23641700
2026-08-14 00:00:00-04:00,NKE,Nike,41.22999954223633,41.33000183105469,40.709999084472656,40.72999954223633,23639800
2026-08-17 00:00:00-04:00,NKE,Nike,40.349998474121094,40.599998474121094,38.86000061035156,39.09000015258789,58659900
2026-08-18 00:00:00-04:00,NKE,Nike,,,,,35927998
2023-08-21 00:00:00-04:00,KO,Coca-Cola,55.71746536515028,55.78155024081288,55.223093330869915,55.32379913330078,8648500
2023-08-22 00:00:00-04:00,KO,Coca-Cola,55.241404968303435,55.46112704121908,54.911823605111906,54.98506546020508,9411500
2023-08-23 00:00:00-04:00,KO,Coca-Cola,55.113241318270326,55.33295992315683,55.07662038666782,55.17732620239258,7749500
2023-08-24 00:00:00-04:00,KO,Coca-Cola,55.17731822556484,55.73577512849359,55.012527549541154,55.03083801269531,8955100
2023-08-25 00:00:00-04:00,KO,Coca-Cola,55.305492318840265,55.451972543214,54.93929001172393,55.28718185424805,7629200
2023-08-28 00:00:00-04:00,KO,Coca-Cola,55.43366070973628,55.598451394632875,55.26887002483969,55.44281768798828,6254300
2023-08-29 00:00:00-04:00,KO,Coca-Cola,55.4428174395373,55.50690231755836,55.06746165725799,55.38788604736328,8189600
2023-08-30 00:00:00-04:00,KO,Coca-Cola,55.516053927739705,55.60760624493655,55.19562954846027,55.36042022705078,9447900
2023-08-31 00:00:00-04:00,KO,Coca-Cola,55.20478933187386,55.360426542682006,54.756195149706116,54.774505615234375,14663500
2023-09-01 00:00:00-04:00,KO,Coca-Cola,54.93013431323005,55.049150582103934,54.12449136544079,54.298439025878906,11262300
2023-09-05 00:00:00-04:00,KO,Coca-Cola,54.24350447588122,54.307589349459406,53.71251153210343,53.84983825683594,12474600
2023-09-06 00:00:00-04:00,KO,Coca-Cola,53.66673695359874,53.85899506609617,53.483635818648835,53.81321716308594,13923500
2023-09-07 00:00:00-04:00,KO,Coca-Cola,53.96884779405785,54.16110239083678,53.3737700508508,53.40123748779297,17628600
2023-09-08 00:00:00-04:00,KO,Coca-Cola,53.3737700508508,53.47447583745783,53.10827361204376,53.40123748779297,14312300
2023-09-11 00:00:00-04:00,KO,Coca-Cola,53.46533683276803,54.00548334073546,53.309699622490534,53.90477752685547,14767400
2023-09-12 00:00:00-04:00,KO,Coca-Cola,54.005481930371936,54.01463541668371,53.27307730032223,53.373783111572266,12292700
2023-09-13 00:00:00-04:00,KO,Coca-Cola,53.46533568721709,53.72167521351804,53.41040429199656,53.501953125,12641400
2023-09-14 00:00:00-04:00,KO,Coca-Cola,53.74187158054057,54.06483814145252,53.695730483206134,53.94487762451172,12311600
2023-09-15 00:00:00-04:00,KO,Coca-Cola,53.898739263684305,54.11097493206553,53.28971410048166,53.46503829956055,55727500
2023-09-18 00:00:00-04:00,KO,Coca-Cola,53.50195645973391,53.84337879329958,53.17898986312745,53.7972412109375,13617400
2023-09-19 00:00:00-04:00,KO,Coca-Cola,53.760323783603866,53.88028430051837,53.446583330184666,53.68650436401367,11998900
2023-09-20 00:00:00-04:00,KO,Coca-Cola,53.79723549422593,54.286303671494935,53.59422944939064,53.926422119140625,14766600
2023-09-21 00:00:00-04:00,KO,Coca-Cola,53.861833342756505,53.90797092410138,52.98520521691658,53.09593963623047,15941800
2023-09-22 00:00:00-04:00,KO,Coca-Cola,53.38198992889964,53.492724338207324,53.05902336859765,53.15129852294922,14644100
2023-09-25 00:00:00-04:00,KO,Coca-Cola,52.96674865180945,53.04979769944054,52.35772347587198,52.59764099121094,12358800
2023-09-26 00:00:00-04:00,KO,Coca-Cola,52.348490433249715,52.505362410795236,52.043979625182175,52.163936614990234,11194700
2023-09-27 00:00:00-04:00,KO,Coca-Cola,52.06243586165866,52.163940645547925,51.379591257429816,51.62873840332031,13766300
2023-09-28 00:00:00-04:00,KO,Coca-Cola,51.887109731568906,51.97015877711759,51.39804508559966,51.499549865722656,12484800
2023-09-29 00:00:00-04:00,KO,Coca-Cola,51.80406785302335,51.92402838431699,51.3242292479207,51.65642547607422,12271600
2023-10-02 00:00:00-04:00,KO,Coca-Cola,51.591819664393185,51.68409480761712,50.825926119435536,51.195030212402344,11792500
2023-10-03 00:00:00-04:00,KO,Coca-Cola,50.89975356794403,51.14890071807855,50.5491016321912,50.641380310058594,13604200
2023-10-04 00:00:00-04:00,KO,Coca-Cola,50.650600483085746,51.01047848442265,50.484502402457764,50.78901672363281,12100500
2023-10-05 00:00:00-04:00,KO,Coca-Cola,50.512184519128674,50.70596442739462,48.20527079195031,48.33445739746094,29878100
2023-10-06 00:00:00-04:00,KO,Coca-Cola,48.02071831228302,49.17417520763914,47.56856166047214,49.03575897216797,30298900
2023-10-09 00:00:00-04:00,KO,Coca-Cola,48.86966826843524,49.0449959958188,48.08531886932143,48.79584884643555,15704700
2023-10-10 00:00:00-04:00,KO,Coca-Cola,49.949299998444324,50.13385381168755,49.42332391874742,49.85702133178711,20909700
2023-10-11 00:00:00-04:00,KO,Coca-Cola,50.03236101708592,50.08772471026415,48.92504139258469,49.56174850463867,21138900
2023-10-12 00:00:00-04:00,KO,Coca-Cola,49.60787523377749,49.67247206180376,48.38059886256147,48.73125076293945,19330400
2023-10-13 00:00:00-04:00,KO,Coca-Cola,48.66666766205831,49.29414513950017,48.57438897414626,48.80508041381836,14494600
2023-10-16 00:00:00-04:00,KO,Coca-Cola,48.925030063955525,49.42332430761146,48.758931982736875,49.30336380004883,12816800
2023-10-17 00:00:00-04:00,KO,Coca-Cola,49.19263208269883,49.92161418223791,49.10035341688484,49.8939323425293,16457200
2023-10-18 00:00:00-04:00,KO,Coca-Cola,49.9216182284664,50.31840772344906,49.75552013660987,49.87548065185547,12809500
2023-10-19 00:00:00-04:00,KO,Coca-Cola,49.97698521932212,50.530643176435255,49.70015624076555,50.15230941772461,16202200
2023-10-20 00:00:00-04:00,KO,Coca-Cola,50.318408506914594,50.770565212913404,50.235359459693235,50.35531997680664,15686400
2023-10-23 00:00:00-04:00,KO,Coca-Cola,50.179992877977796,50.650601771682325,49.87547854905563,49.90316390991211,21212700
2023-10-24 00:00:00-04:00,KO,Coca-Cola,51.351900066659034,51.83173501576189,51.02893003852446,51.34267044067383,25290800
2023-10-25 00:00:00-04:00,KO,Coca-Cola,51.45340640266461,51.87788123820731,51.268856105552715,51.78560256958008,16701000
2023-10-26 00:00:00-04:00,KO,Coca-Cola,52.01629462456474,52.25621564598471,51.41649911115747,51.47186279296875,16228400
2023-10-27 00:00:00-04:00,KO,Coca-Cola,51.259630688098085,51.80406255745804,50.84438544535379,50.973575592041016,13626500
2023-10-30 00:00:00-04:00,KO,Coca-Cola,51.14890481811291,51.93325428246428,51.13967518955052,51.813297271728516,15014300
2023-10-31 00:00:00-04:00,KO,Coca-Cola,52.200845015171204,52.33926125074987,51.81328518766468,52.12702560424805,16639400
2023-11-01 00:00:00-04:00,KO,Coca-Cola,52.41308684403354,52.48690978373554,51.91479256125959,52.08089065551758,14110800
2023-11-02 00:00:00-04:00,KO,Coca-Cola,52.13625511925489,52.73605415254919,52.00706850163983,52.680686950683594,13087200
2023-11-03 00:00:00-04:00,KO,Coca-Cola,52.966748409232245,53.14207261117425,52.32081176617888,52.357723236083984,13958700
2023-11-06 00:00:00-05:00,KO,Coca-Cola,52.394633817033565,52.856016653802286,52.35772586534655,52.56996154785156,12673200
2023-11-07 00:00:00-05:00,KO,Coca-Cola,52.52382329488455,52.96675393985225,52.348499074635754,52.76374435424805,10449300
2023-11-08 00:00:00-05:00,KO,Coca-Cola,52.89292261106138,53.031338855689704,52.52381497210007,52.680686950683594,13744000
2023-11-09 00:00:00-05:00,KO,Coca-Cola,52.62531967743205,52.726824454012295,52.01629453802197,52.283897399902344,12021100
2023-11-10 00:00:00-05:00,KO,Coca-Cola,52.47767663857157,52.53304383963672,51.730238784584145,52.339263916015625,11678900
2023-11-13 00:00:00-05:00,KO,Coca-Cola,52.24698432072645,52.68991136117637,52.22852858736547,52.533042907714844,12798200
2023-11-14 00:00:00-05:00,KO,Coca-Cola,52.61609147596115,52.81910102104022,52.422311557515414,52.689910888671875,12697100
2023-11-15 00:00:00-05:00,KO,Coca-Cola,52.87446902905291,52.91138049846557,52.366948644878946,52.791419982910156,10201900
2023-11-16 00:00:00-05:00,KO,Coca-Cola,52.82832861530164,53.08670184717201,52.42231303378088,52.736053466796875,16010400
2023-11-17 00:00:00-05:00,KO,Coca-Cola,52.77296543345074,52.91138168682123,52.32081224324071,52.83755874633789,14475800
2023-11-20 00:00:00-05:00,KO,Coca-Cola,52.64377341779795,53.132841548248464,52.56072437829285,52.96674346923828,13051000
2023-11-21 00:00:00-05:00,KO,Coca-Cola,53.022108172041456,53.557313885862534,52.902151183830185,53.5480842590332,13891600
2023-11-22 00:00:00-05:00,KO,Coca-Cola,53.760324253227914,54.0187010242294,53.640367255337026,53.90796661376953,11320600
2023-11-24 00:00:00-05:00,KO,Coca-Cola,53.944878121097005,54.21248099978546,53.83414723063237,54.046382904052734,4816000
2023-11-27 00:00:00-05:00,KO,Coca-Cola,54.0187005641896,54.15711329597836,53.769553422884016,53.94487762451172,16246500
2023-11-28 00:00:00-05:00,KO,Coca-Cola,53.88951636974234,54.28630588822371,53.852604898239036,54.05561447143555,13739600
2023-11-29 00:00:00-05:00,KO,Coca-Cola,54.055609377857586,54.13865490080727,53.61267880169793,53.73263931274414,11263600
2023-11-30 00:00:00-05:00,KO,Coca-Cola,53.90935817942884,54.37441476182163,53.57451687241,54.355812072753906,22727500
2023-12-01 00:00:00-05:00,KO,Coca-Cola,54.19770248633313,54.58834836974619,54.16980022268953,54.54184341430664,15371200
2023-12-04 00:00:00-05:00,KO,Coca-Cola,54.49534448462441,54.83948545065089,54.35582605477799,54.476741790771484,14942200
2023-12-05 00:00:00-05:00,KO,Coca-Cola,54.458130851524274,54.71856497793238,54.337215133838384,54.56044387817383,11891500
2023-12-06 00:00:00-05:00,KO,Coca-Cola,54.46743302385257,54.62555057276079,54.14189125852905,54.504634857177734,14868500
2023-12-07 00:00:00-05:00,KO,Coca-Cola,54.56973836173319,54.77436439595362,54.30930780770731,54.634849548339844,11587900
2023-12-08 00:00:00-05:00,KO,Coca-Cola,54.63485462144829,54.64415419291264,54.29071015955842,54.513938903808594,11178700
2023-12-11 00:00:00-05:00,KO,Coca-Cola,54.71856409335268,54.96039197671455,54.41162501836598,54.91388702392578,14524800
2023-12-12 00:00:00-05:00,KO,Coca-Cola,55.06270005676879,55.2673225402832,54.78366681699448,55.2673225402832,12899000
2023-12-13 00:00:00-05:00,KO,Coca-Cola,55.29523383707987,55.82539810971042,55.11851004746936,55.7416877746582,16196800
2023-12-14 00:00:00-05:00,KO,Coca-Cola,55.77889262857861,55.84400027210298,54.66275602114588,54.91388702392578,22478300
2023-12-15 00:00:00-05:00,KO,Coca-Cola,54.71856402632485,55.03479912414127,53.76054496916755,54.504634857177734,65177400
2023-12-18 00:00:00-05:00,KO,Coca-Cola,54.690649100333516,55.332429404601584,54.52322845992445,54.8952751159668,16717700
2023-12-19 00:00:00-05:00,KO,Coca-Cola,54.87667680028676,55.062700143128104,54.54183549279237,54.71855926513672,14612200
2023-12-20 00:00:00-05:00,KO,Coca-Cola,54.411624371048404,54.56974191826923,53.546618776686266,53.583824157714844,17701000
2023-12-21 00:00:00-05:00,KO,Coca-Cola,53.80704847198606,54.01167451621257,53.453608002268,53.9372673034668,11725100
2023-12-22 00:00:00-05:00,KO,Coca-Cola,54.05817831012465,54.37441694074828,53.965168409159,54.24420166015625,9029400
2023-12-26 00:00:00-05:00,KO,Coca-Cola,54.00236973393943,54.606941141021636,54.00236973393943,54.46742630004883,6422500
2023-12-27 00:00:00-05:00,KO,Coca-Cola,54.54183739778831,54.66275310707346,54.31861221706219,54.6069450378418,8560100
2023-12-28 00:00:00-05:00,KO,Coca-Cola,54.5511398807386,54.755762369335294,54.439523743576515,54.64414978027344,8400100
2023-12-29 00:00:00-05:00,KO,Coca-Cola,54.63484898945741,54.85807416259606,54.53253597339379,54.81156921386719,9244300
2024-01-02 00:00:00-05:00,KO,Coca-Cola,54.69065784793459,55.695181851059516,54.56974213316575,55.639373779296875,16322600
2024-01-03 00:00:00-05:00,KO,Coca-Cola,55.741682396136774,55.992813377061765,55.58356131269504,55.76958465576172,14830600
2024-01-04 00:00:00-05:00,KO,Coca-Cola,55.85329461185409,56.04861752413203,55.49055104673787,55.583560943603516,12912900
2024-01-05 00:00:00-05:00,KO,Coca-Cola,55.62077075554848,55.76028916006917,54.9603912100981,55.499855041503906,10412800
2024-01-08 00:00:00-05:00,KO,Coca-Cola,55.50915823274797,55.97421485095256,55.26732680434535,55.90910720825195,11554600
2024-01-09 00:00:00-05:00,KO,Coca-Cola,55.79749364185263,55.937008496024646,55.453349195740884,55.806793212890625,10493700
2024-01-10 00:00:00-05:00,KO,Coca-Cola,56.011415799379634,56.188136022996126,55.78818707914289,55.99281311035156,12258000
2024-01-11 00:00:00-05:00,KO,Coca-Cola,56.039325933888065,56.04862550565887,55.518461212207065,55.63007736206055,13754200
2024-01-12 00:00:00-05:00,KO,Coca-Cola,55.88120376417436,56.23464423189918,55.685877292104976,56.16953659057617,13218000
2024-01-16 00:00:00-05:00,KO,Coca-Cola,56.16953613577608,56.20674151568808,55.66727415126504,55.79749298095703,11826900
2024-01-17 00:00:00-05:00,KO,Coca-Cola,55.676577270293194,56.0021154742724,55.6393718903812,55.79749298095703,8982100
2024-01-18 00:00:00-05:00,KO,Coca-Cola,55.51845782593958,56.02071982534359,55.36963984997917,55.95561218261719,10397700
2024-01-19 00:00:00-05:00,KO,Coca-Cola,56.04862710398624,56.067229796158976,55.471957839034374,55.648681640625,14392600
2024-01-22 00:00:00-05:00,KO,Coca-Cola,55.583557676275674,55.87189401657034,55.28592176608115,55.406837463378906,14314300
2024-01-23 00:00:00-05:00,KO,Coca-Cola,55.369642324572105,55.806796700787125,55.3045346789359,55.66727828979492,14481600
2024-01-24 00:00:00-05:00,KO,Coca-Cola,55.620772806861865,55.630075926493234,54.77436987353507,54.792972564697266,16370500
2024-01-25 00:00:00-05:00,KO,Coca-Cola,54.8859714255435,55.03478937678801,54.560433265977345,55.025489807128906,14899700
2024-01-26 00:00:00-05:00,KO,Coca-Cola,55.10920878666731,55.33243752266355,54.99759619271938,55.220821380615234,13025100
2024-01-29 00:00:00-05:00,KO,Coca-Cola,55.19291667247693,55.61146831635295,55.03479558563478,55.555660247802734,14547100
2024-01-30 00:00:00-05:00,KO,Coca-Cola,55.667274764707486,55.82539585702579,55.2952316057886,55.713783264160156,22061500
2024-01-31 00:00:00-05:00,KO,Coca-Cola,55.89980553104953,56.22534730105129,55.14641606090649,55.33243942260742,22837000
2024-02-01 00:00:00-05:00,KO,Coca-Cola,55.40684418328637,56.7462059416035,55.211521258800595,56.71830368041992,15870900
2024-02-02 00:00:00-05:00,KO,Coca-Cola,56.569485895215394,56.615990846709316,56.02071895214624,56.30905532836914,17544900
2024-02-05 00:00:00-05:00,KO,Coca-Cola,56.16023275220736,56.16023275220736,55.69517617918037,55.843994140625,12759600
2024-02-06 00:00:00-05:00,KO,Coca-Cola,55.769586881753725,55.85329721206994,55.509156319925616,55.75098419189453,12775200
2024-02-07 00:00:00-05:00,KO,Coca-Cola,55.87190019268072,56.0021154742724,55.750984482016875,55.79749298095703,10259900
2024-02-08 00:00:00-05:00,KO,Coca-Cola,55.70448616904247,55.778896937733414,55.25803220119902,55.648681640625,12874800
2024-02-09 00:00:00-05:00,KO,Coca-Cola,55.313834528813125,55.416147551079156,54.90458243974899,55.397544860839844,15235300
2024-02-12 00:00:00-05:00,KO,Coca-Cola,55.49055035977897,55.58356025549318,54.839470445479236,55.52775573730469,13516800
2024-02-13 00:00:00-05:00,KO,Coca-Cola,55.34173932588545,56.4206705724997,54.68135975858288,55.20222091674805,24195700
2024-02-14 00:00:00-05:00,KO,Coca-Cola,55.03480337225401,55.42545281117621,54.91389119543826,55.146419525146484,15872500
2024-02-15 00:00:00-05:00,KO,Coca-Cola,55.26732503291696,55.425446123050634,54.99759489956,55.24872589111328,13695800
2024-02-16 00:00:00-05:00,KO,Coca-Cola,55.20221646529925,55.45334745263531,54.8394728885139,55.23942184448242,13947100
2024-02-20 00:00:00-05:00,KO,Coca-Cola,55.4347513522441,56.58809340731176,55.35104101318193,56.45787811279297,18339300
2024-02-21 00:00:00-05:00,KO,Coca-Cola,56.72760430430758,56.997334429451904,56.57878633770719,56.96013259887695,14373000
2024-02-22 00:00:00-05:00,KO,Coca-Cola,56.72760110916449,56.96942896073176,56.27184411631464,56.87641906738281,12982800
2024-02-23 00:00:00-05:00,KO,Coca-Cola,56.82061864583592,57.31357753347656,56.73690831132143,56.92293167114258,13612900
2024-02-26 00:00:00-05:00,KO,Coca-Cola,56.96013311701143,56.98803537722151,56.42066576561517,56.46717071533203,10336100
2024-02-27 00:00:00-05:00,KO,Coca-Cola,56.309051141758786,56.532276311572836,55.918401772434045,56.12302780151367,9931100
2024-02-28 00:00:00-05:00,KO,Coca-Cola,56.15093864033857,56.26255479040017,55.86260578959772,56.1788444519043,8076500
2024-02-29 00:00:00-05:00,KO,Coca-Cola,56.13233301784696,56.402066710928025,55.71378489532171,55.82539749145508,18152700
2024-03-01 00:00:00-05:00,KO,Coca-Cola,55.71378480569177,55.71378480569177,55.19292011107322,55.3696403503418,10927600
2024-03-04 00:00:00-05:00,KO,Coca-Cola,55.0906099487373,55.760292655455636,55.0813103769665,55.63007736206055,10150200
2024-03-05 00:00:00-05:00,KO,Coca-Cola,55.723083712004616,55.90910706844135,55.26732666613963,55.3603401184082,12310000
2024-03-06 00:00:00-05:00,KO,Coca-Cola,55.36033855336741,55.80679246733405,55.23012327197302,55.388240814208984,12378800
2024-03-07 00:00:00-05:00,KO,Coca-Cola,55.5184589474365,55.59286971097004,55.09991082091206,55.28593063354492,13686900
2024-03-08 00:00:00-05:00,KO,Coca-Cola,55.15571407151776,55.611471117382735,54.848778549282486,55.3603401184082,13239000
2024-03-11 00:00:00-04:00,KO,Coca-Cola,55.6021706773267,56.07653043650268,55.41615086002691,56.030025482177734,14114300
2024-03-12 00:00:00-04:00,KO,Coca-Cola,56.10443372352863,56.50438272460433,56.00212069328592,56.271854400634766,12684600
2024-03-13 00:00:00-04:00,KO,Coca-Cola,56.62529698795482,56.93223252267612,56.550886223112954,56.8485221862793,13909500
2024-03-14 00:00:00-04:00,KO,Coca-Cola,56.79695647982361,57.003215686111446,56.62819667146417,56.72195053100586,13996600
2024-03-15 00:00:00-04:00,KO,Coca-Cola,56.27192379147775,56.67507181244771,55.9156526987991,56.14066696166992,36849900
2024-03-18 00:00:00-04:00,KO,Coca-Cola,56.15004294944234,56.628196934172514,56.06566304487116,56.375057220458984,15856700
2024-03-19 00:00:00-04:00,KO,Coca-Cola,56.47818475170394,56.58131256003665,56.30942495409732,56.468807220458984,15030600
2024-03-20 00:00:00-04:00,KO,Coca-Cola,56.42193590307085,57.012595253416634,56.403184415196954,56.95634078979492,15258800
2024-03-21 00:00:00-04:00,KO,Coca-Cola,56.778212312519,57.18136039818741,56.553198013537184,56.69383239746094,13067100
2024-03-22 00:00:00-04:00,KO,Coca-Cola,56.740707079596746,56.9938468147165,56.65632716789016,56.712581634521484,11502800
2024-03-25 00:00:00-04:00,KO,Coca-Cola,56.70320290845497,56.91883966128216,56.36568326873214,56.62820053100586,13144700
2024-03-26 00:00:00-04:00,KO,Coca-Cola,56.721953658045095,56.91883891982509,56.60944830509662,56.759456634521484,13277400
2024-03-27 00:00:00-04:00,KO,Coca-Cola,56.99384610077837,57.59387943140624,56.909466190128775,57.21885681152344,12551200
2024-03-28 00:00:00-04:00,KO,Coca-Cola,57.321990276979015,57.43449563640679,57.19073342823312,57.359493255615234,13683500
2024-04-01 00:00:00-04:00,KO,Coca-Cola,57.35948920847151,57.47199455996118,56.843835806289796,56.89071273803711,11668700
2024-04-02 00:00:00-04:00,KO,Coca-Cola,56.67507543643003,56.937589112831624,56.35630729659354,56.3938102722168,13017300
2024-04-03 00:00:00-04:00,KO,Coca-Cola,56.300051168538175,56.61881929894966,56.046911455286654,56.09379196166992,13672900
2024-04-04 00:00:00-04:00,KO,Coca-Cola,56.33755718838381,56.393811653196266,55.475006610329636,55.59688949584961,14320700
2024-04-05 00:00:00-04:00,KO,Coca-Cola,55.55001525943051,55.953163335617425,55.23124709631716,55.79377746582031,10157800
2024-04-08 00:00:00-04:00,KO,Coca-Cola,55.69064279466663,55.75627121049239,55.38124862593339,55.56875991821289,10284500
2024-04-09 00:00:00-04:00,KO,Coca-Cola,55.765643546896825,56.009409292728144,55.43750147729349,55.990657806396484,10779100
2024-04-10 00:00:00-04:00,KO,Coca-Cola,55.61563844002643,55.68126685773183,55.02497910419733,55.24061584472656,11861900
2024-04-11 00:00:00-04:00,KO,Coca-Cola,55.45625667499352,55.66251588548493,55.11873705139594,55.36249923706055,11109000
2024-04-12 00:00:00-04:00,KO,Coca-Cola,55.26874535455979,55.32499624081759,54.49995224620502,54.64058303833008,12250900
2024-04-15 00:00:00-04:00,KO,Coca-Cola,54.94997795765623,55.137489259491915,54.415573072136915,54.50932693481445,12425000
2024-04-16 00:00:00-04:00,KO,Coca-Cola,54.61245229246809,54.73433516165973,54.312435673288824,54.43431854248047,11236800
2024-04-17 00:00:00-04:00,KO,Coca-Cola,54.64057970139028,54.90309693498995,54.47181989996205,54.85621643066406,13805100
2024-04-18 00:00:00-04:00,KO,Coca-Cola,54.95935192465121,55.29687155272884,54.884349549789846,55.23124313354492,11125900
2024-04-19 00:00:00-04:00,KO,Coca-Cola,55.4093706411823,56.59068920594752,55.31561678908103,56.41255187988281,21207900
2024-04-22 00:00:00-04:00,KO,Coca-Cola,56.38442899758309,56.843831477273895,55.99065850911701,56.76882553100586,15624500
2024-04-23 00:00:00-04:00,KO,Coca-Cola,56.7500714366849,56.890705791234915,56.37505245201853,56.85320281982422,13689100
2024-04-24 00:00:00-04:00,KO,Coca-Cola,56.55319306424746,57.80014019136908,56.10316808214901,57.706382751464844,19548300
2024-04-25 00:00:00-04:00,KO,Coca-Cola,58.00639697171712,58.68143620477427,57.537620521311986,57.884517669677734,19048500
2024-04-26 00:00:00-04:00,KO,Coca-Cola,57.70638032957627,58.06265143329871,57.51886903411812,57.884517669677734,10994300
2024-04-29 00:00:00-04:00,KO,Coca-Cola,58.05326639046561,58.17514925321614,57.68762137869404,58.165775299072266,13409300
2024-04-30 00:00:00-04:00,KO,Coca-Cola,58.25952933132738,58.906443040188655,57.631370683773426,57.912635803222656,19349200
2024-05-01 00:00:00-04:00,KO,Coca-Cola,57.94077351363668,58.662689738223406,57.38761711175754,58.06265640258789,16729800
2024-05-02 00:00:00-04:00,KO,Coca-Cola,58.29704169832069,58.50330448818986,57.86576820721298,58.1189079284668,10991300
2024-05-03 00:00:00-04:00,KO,Coca-Cola,58.11891007687399,58.437678229145924,57.79076439209011,58.28766632080078,11628700
2024-05-06 00:00:00-04:00,KO,Coca-Cola,58.40954396952426,58.48454991696978,58.03452496173791,58.4564208984375,9310700
2024-05-07 00:00:00-04:00,KO,Coca-Cola,58.84082104858803,58.89707551262416,58.36267062196319,58.709564208984375,9807000
2024-05-08 00:00:00-04:00,KO,Coca-Cola,58.92519760131836,59.03770652298458,58.5783040340486,58.92519760131836,10484400
2024-05-09 00:00:00-04:00,KO,Coca-Cola,58.88769495181709,59.20646305930643,58.83144049409065,58.95332336425781,9113700
2024-05-10 00:00:00-04:00,KO,Coca-Cola,58.99082508065198,59.403350633916645,58.86894578216958,59.309593200683594,8371700
2024-05-13 00:00:00-04:00,KO,Coca-Cola,59.29085098995125,59.64711854104253,59.234596524603866,59.609619140625,10137600
2024-05-14 00:00:00-04:00,KO,Coca-Cola,59.60962409673624,59.77838035384782,58.878330292341296,59.15959548950195,10852200
2024-05-15 00:00:00-04:00,KO,Coca-Cola,59.12208901880092,59.431479625750306,59.065834555500764,59.18771743774414,9838900
2024-05-16 00:00:00-04:00,KO,Coca-Cola,59.290849979918924,59.750248921414084,59.13146411905686,59.36585235595703,10228000
2024-05-17 00:00:00-04:00,KO,Coca-Cola,59.38459866961648,59.41272411111998,59.00957609266149,59.093955993652344,11539000
2024-05-20 00:00:00-04:00,KO,Coca-Cola,59.00020501470916,59.07520738786933,58.559554001771424,58.66268539428711,11000900
2024-05-21 00:00:00-04:00,KO,Coca-Cola,58.897073037626505,59.04708135893849,58.54080193333035,58.98145294189453,9796200
2024-05-22 00:00:00-04:00,KO,Coca-Cola,58.79393524558668,59.08457790119832,58.74705832086999,59.065826416015625,7419400
2024-05-23 00:00:00-04:00,KO,Coca-Cola,58.58768434689275,58.95332941846389,58.17515876749507,58.21266174316406,9834300
2024-05-24 00:00:00-04:00,KO,Coca-Cola,58.33454342510161,58.52205114662572,58.10015519671593,58.12828063964844,8203100
2024-05-28 00:00:00-04:00,KO,Coca-Cola,57.93139299084759,58.2501611113311,57.56574794192129,57.95951843261719,12347000
2024-05-29 00:00:00-04:00,KO,Coca-Cola,57.63137864029507,58.01577519112371,57.256356044934215,57.847015380859375,11861800
2024-05-30 00:00:00-04:00,KO,Coca-Cola,57.98764595263756,58.20328626886754,57.75325772554285,58.100154876708984,9433800
2024-05-31 00:00:00-04:00,KO,Coca-Cola,58.11890752963471,59.09395985577826,57.837638790295784,59.000205993652344,19816600
2024-06-03 00:00:00-04:00,KO,Coca-Cola,58.793943205198616,59.15021431894216,58.550181017782876,59.000205993652344,9369000
2024-06-04 00:00:00-04:00,KO,Coca-Cola,59.253344956174026,59.97526113005859,59.00957919539194,59.9471321105957,11895600
2024-06-05 00:00:00-04:00,KO,Coca-Cola,59.99401868930114,60.06902107033826,59.39398175859968,59.92838668823242,9632500
2024-06-06 00:00:00-04:00,KO,Coca-Cola,59.92838356687141,60.340909158772384,59.85338118974078,60.14402389526367,8658500
2024-06-07 00:00:00-04:00,KO,Coca-Cola,60.087766406570694,60.20965287055124,59.82525629595722,59.919010162353516,9523100
2024-06-10 00:00:00-04:00,KO,Coca-Cola,59.947130115919904,59.994010621304625,59.41272525815394,59.618988037109375,15685300
2024-06-11 00:00:00-04:00,KO,Coca-Cola,59.61898872243773,59.67524318365779,59.13146078797187,59.581485748291016,8396000
2024-06-12 00:00:00-04:00,KO,Coca-Cola,59.712738872923424,59.712738872923424,58.77518603636421,58.95332336425781,9569600
2024-06-13 00:00:00-04:00,KO,Coca-Cola,58.93457464364516,59.10333444826269,58.55017810567865,59.05645751953125,9668900
2024-06-14 00:00:00-04:00,KO,Coca-Cola,58.938357144813004,59.23125144602451,58.6643562272271,59.098976135253906,8179200
2024-06-17 00:00:00-04:00,KO,Coca-Cola,58.92890460885547,59.42966575746534,58.74938863738055,59.16511154174805,10532700
2024-06-18 00:00:00-04:00,KO,Coca-Cola,59.080075613239565,59.3540765144348,58.99504097508352,59.174560546875,10651700
2024-06-20 00:00:00-04:00,KO,Coca-Cola,58.957249078120206,59.27849063569308,58.53207589835734,58.749385833740234,13306300
2024-06-21 00:00:00-04:00,KO,Coca-Cola,58.7493866872686,59.61862644142872,58.7493866872686,59.30683517456055,28278100
2024-06-24 00:00:00-04:00,KO,Coca-Cola,59.51470486718149,60.52566672331722,59.439116912947775,60.440635681152344,13212500
2024-06-25 00:00:00-04:00,KO,Coca-Cola,60.41228376050938,60.535112374598,60.006007548258516,60.31780242919922,10235300
2024-06-26 00:00:00-04:00,KO,Coca-Cola,59.90208061538824,60.57290745089822,59.74145802416044,60.51622009277344,9402500
2024-06-27 00:00:00-04:00,KO,Coca-Cola,60.516220563585165,60.72407661448102,60.109940736549724,60.383941650390625,8494100
2024-06-28 00:00:00-04:00,KO,Coca-Cola,60.374493523603995,60.52566221234076,60.015457976216815,60.13828659057617,17358800
2024-07-01 00:00:00-04:00,KO,Coca-Cola,60.49732093092215,60.75242846544034,59.63752780480107,59.788700103759766,10033400
2024-07-02 00:00:00-04:00,KO,Coca-Cola,59.76979868589674,59.88318060488616,59.39186976862695,59.665870666503906,8878200
2024-07-03 00:00:00-04:00,KO,Coca-Cola,59.70366240617225,60.15717927984855,59.458008784517816,59.835941314697266,9154200
2024-07-05 00:00:00-04:00,KO,Coca-Cola,59.8359415967358,60.27056148552855,59.52414671723334,60.24221420288086,11735500
2024-07-08 00:00:00-04:00,KO,Coca-Cola,60.081601177966796,60.081601177966796,59.3729803134386,59.486358642578125,11235100
2024-07-09 00:00:00-04:00,KO,Coca-Cola,59.58084346513572,59.7414624640687,59.1367732375858,59.23125457763672,11657500
2024-07-10 00:00:00-04:00,KO,Coca-Cola,59.25959757624533,59.391872884440765,58.853321355798315,59.363529205322266,11930400
2024-07-11 00:00:00-04:00,KO,Coca-Cola,59.184013343401396,59.95877185797574,58.957256687748064,59.61863327026367,11431600
2024-07-12 00:00:00-04:00,KO,Coca-Cola,59.95876755789093,60.57290703101903,59.89262990438258,60.18552780151367,9201500
2024-07-15 00:00:00-04:00,KO,Coca-Cola,60.27056126997392,60.41228326577856,59.85483476545746,59.91152572631836,8207500
2024-07-16 00:00:00-04:00,KO,Coca-Cola,59.93041971571961,60.76186547470246,59.892625743702695,60.72407150268555,9025100
2024-07-17 00:00:00-04:00,KO,Coca-Cola,60.913042658735115,61.78228240822853,60.856355303735235,61.612213134765625,12508200
2024-07-18 00:00:00-04:00,KO,Coca-Cola,61.22483671964927,62.179107489040774,61.14924877500544,61.593318939208984,11128200
2024-07-19 00:00:00-04:00,KO,Coca-Cola,62.01848961419335,62.01848961419335,61.24373118899572,61.687801361083984,13775700
2024-07-22 00:00:00-04:00,KO,Coca-Cola,61.65000789796093,61.68780187126647,60.77131784188135,61.19648742675781,11794200
2024-07-23 00:00:00-04:00,KO,Coca-Cola,61.82007725643402,62.39642273530485,61.27207545546448,61.376007080078125,11810300
2024-07-24 00:00:00-04:00,KO,Coca-Cola,61.4988381251356,62.33029120367742,61.25318808689739,62.179115295410156,13244600
2024-07-25 00:00:00-04:00,KO,Coca-Cola,62.396419049603026,63.199521112709036,62.22634978377774,62.42476272583008,16328600
2024-07-26 00:00:00-04:00,KO,Coca-Cola,62.424762298682666,63.40738391578694,62.36807494661644,63.3506965637207,13530100
2024-07-29 00:00:00-04:00,KO,Coca-Cola,63.190074584787475,63.33180018283444,62.727111025733194,63.14283752441406,12140200
2024-07-30 00:00:00-04:00,KO,Coca-Cola,62.8121552640642,64.08767135132234,62.698773333110395,63.945945739746094,13258000
2024-07-31 00:00:00-04:00,KO,Coca-Cola,63.77586366543606,63.87979527919749,62.93496766933917,63.05779266357422,15576800
2024-08-01 00:00:00-04:00,KO,Coca-Cola,63.3034536706807,64.35221295742424,63.020002487277516,64.21048736572266,16495900
2024-08-02 00:00:00-04:00,KO,Coca-Cola,64.74904820408413,65.82615132312392,63.955396309408115,65.50491333007812,22514800
2024-08-05 00:00:00-04:00,KO,Coca-Cola,65.18366189592649,65.71277031691635,63.99318416774193,64.34276580810547,25484300
2024-08-06 00:00:00-04:00,KO,Coca-Cola,64.39002120187993,65.0419475346732,64.03098199552242,64.29553985595703,12969100
2024-08-07 00:00:00-04:00,KO,Coca-Cola,64.29553147416853,65.36318423999721,64.08766821515714,64.68290710449219,13365300
2024-08-08 00:00:00-04:00,KO,Coca-Cola,64.24829132319314,65.06084381954595,64.10656570946387,64.93801879882812,15240900
2024-08-09 00:00:00-04:00,KO,Coca-Cola,64.9096633417139,64.9947015873531,64.48449373890874,64.8907699584961,12080400
2024-08-12 00:00:00-04:00,KO,Coca-Cola,64.67345564200713,64.75849388664318,64.0876670591383,64.40890502929688,11012300
2024-08-13 00:00:00-04:00,KO,Coca-Cola,64.32387515340396,64.82463270913301,64.2577374990334,64.68290710449219,9877600
2024-08-14 00:00:00-04:00,KO,Coca-Cola,64.46560686284711,65.08918949046998,64.37111831182949,64.79629516601562,14328000
2024-08-15 00:00:00-04:00,KO,Coca-Cola,64.83408307854494,65.11752707968428,64.72070115301098,64.8624267578125,11285100
2024-08-16 00:00:00-04:00,KO,Coca-Cola,65.0419444860276,65.47657163213745,64.85298180303886,65.36318969726562,12651200
2024-08-19 00:00:00-04:00,KO,Coca-Cola,65.52379885598424,65.58993650594186,65.0513850110118,65.1742172241211,9843900
2024-08-20 00:00:00-04:00,KO,Coca-Cola,65.18364949159212,65.5615819465326,64.97578628095175,65.55213165283203,11957400
2024-08-21 00:00:00-04:00,KO,Coca-Cola,65.6466279076092,66.26076010972672,65.5049023192502,65.73165893554688,8792400
2024-08-22 00:00:00-04:00,KO,Coca-Cola,66.06235827393903,66.06235827393903,64.9947054513018,65.50491333007812,12509200
2024-08-23 00:00:00-04:00,KO,Coca-Cola,65.57103958702493,65.99620914118158,65.13641973810887,65.93952178955078,11834700
2024-08-26 00:00:00-04:00,KO,Coca-Cola,65.97731648349739,67.00717516121664,65.8828351602559,66.93158721923828,12912200
2024-08-27 00:00:00-04:00,KO,Coca-Cola,67.38511412910437,67.58352708949063,67.1300138110259,67.55518341064453,16988400
2024-08-28 00:00:00-04:00,KO,Coca-Cola,67.6591217746335,67.84808445806236,67.36622745277951,67.79139709472656,13272600
2024-08-29 00:00:00-04:00,KO,Coca-Cola,67.93311875180875,68.23546335275027,67.30008586990994,68.07484436035156,17201700
2024-08-30 00:00:00-04:00,KO,Coca-Cola,68.21655691350666,68.56614575682006,67.81973101037035,68.47166442871094,18624200
2024-09-03 00:00:00-04:00,KO,Coca-Cola,68.44332862648871,69.24643082051942,68.26380903650082,68.98188018798828,14755800
2024-09-04 00:00:00-04:00,KO,Coca-Cola,69.25587941000055,69.4731857634534,67.94256936768728,68.55670166015625,18140800
2024-09-05 00:00:00-04:00,KO,Coca-Cola,68.61339758243717,68.67008494385375,67.0638805636954,67.24339294433594,23866100
2024-09-06 00:00:00-04:00,KO,Coca-Cola,67.07331651732703,67.71579964274505,66.97883518886093,67.21504211425781,17485700
2024-09-09 00:00:00-04:00,KO,Coca-Cola,67.30009086357283,68.32049946217477,67.06388390129622,67.88587951660156,12939300
2024-09-10 00:00:00-04:00,KO,Coca-Cola,67.9992505243956,68.42442010477255,67.5740737355554,67.60242462158203,10277600
2024-09-11 00:00:00-04:00,KO,Coca-Cola,67.42290631973908,67.43235661525893,66.67649155986614,67.15835571289062,11418200
2024-09-12 00:00:00-04:00,KO,Coca-Cola,67.08277341063481,67.44180537750384,66.76153542056211,67.30008697509766,12337800
2024-09-13 00:00:00-04:00,KO,Coca-Cola,67.39045780128787,67.98978473048862,67.0479946018796,67.93270874023438,11073800
2024-09-16 00:00:00-04:00,KO,Coca-Cola,68.27516364530973,68.72227820233822,68.13247368700864,68.58909606933594,10786500
2024-09-17 00:00:00-04:00,KO,Coca-Cola,68.39883999850623,68.82692440197533,68.22760478554217,68.3037109375,12974400
2024-09-18 00:00:00-04:00,KO,Coca-Cola,68.3893237974063,68.8554612692366,67.79951201619512,68.25614166259766,10719700
2024-09-19 00:00:00-04:00,KO,Coca-Cola,68.07538944557535,68.43689002231167,67.16213743645726,67.18116760253906,13635600
2024-09-20 00:00:00-04:00,KO,Coca-Cola,66.98139567683812,68.30370918722227,66.9528504271738,68.15149688720703,48578500
2024-09-23 00:00:00-04:00,KO,Coca-Cola,68.06587114427006,68.68421354700432,67.71388570474939,68.23710632324219,11613000
2024-09-24 00:00:00-04:00,KO,Coca-Cola,67.75195375355459,68.3227353903715,67.16214194937714,67.85659790039062,13330600
2024-09-25 00:00:00-04:00,KO,Coca-Cola,68.2180826111848,68.41785579589721,67.83755914883106,67.97074127197266,12329100
2024-09-26 00:00:00-04:00,KO,Coca-Cola,67.40946647494025,68.1229451571408,67.39043631233515,67.92317199707031,10815200
2024-09-27 00:00:00-04:00,KO,Coca-Cola,68.05637079678485,68.68422841702565,67.980264643458,68.29419708251953,11175700
2024-09-30 00:00:00-04:00,KO,Coca-Cola,68.49396092977113,68.68421902920133,68.19905869828996,68.36077880859375,18015300
2024-10-01 00:00:00-04:00,KO,Coca-Cola,68.58910998407835,69.20745987439533,68.14199533634326,68.21810150146484,13294500
2024-10-02 00:00:00-04:00,KO,Coca-Cola,67.91366308545625,67.9517161562429,66.98138825376708,67.55216979980469,11155500
2024-10-03 00:00:00-04:00,KO,Coca-Cola,67.40947654441231,67.53314358829654,66.7816117265042,67.08602905273438,9374800
2024-10-04 00:00:00-04:00,KO,Coca-Cola,66.55330145336121,66.85771878374031,66.3249902700473,66.7530746459961,12684800
2024-10-07 00:00:00-04:00,KO,Coca-Cola,66.63893256469255,66.68649347024952,65.51639213161327,65.64957427978516,14512000
2024-10-08 00:00:00-04:00,KO,Coca-Cola,65.67811240722344,66.05863594186069,65.50687717953082,65.81129455566406,13549700
2024-10-09 00:00:00-04:00,KO,Coca-Cola,65.82079583329258,66.34400923302148,65.70663661948277,66.18228912353516,9037700
2024-10-10 00:00:00-04:00,KO,Coca-Cola,66.42964265906733,66.50574881558572,65.63054253138931,65.87788391113281,8635200
2024-10-11 00:00:00-04:00,KO,Coca-Cola,66.07764499201313,66.20131203022952,65.64004555923067,66.18228912353516,8786300
2024-10-14 00:00:00-04:00,KO,Coca-Cola,66.1822932138309,67.03846922561611,66.08716415871736,66.914794921875,7659300
2024-10-15 00:00:00-04:00,KO,Coca-Cola,67.02895414274025,67.74243294291432,66.74356697739964,66.914794921875,10358700
2024-10-16 00:00:00-04:00,KO,Coca-Cola,66.67696870173833,67.25726537358256,66.562816738675,67.13359832763672,7937300
2024-10-17 00:00:00-04:00,KO,Coca-Cola,67.19067206138263,67.24775529888633,66.19180612858592,66.49622344970703,14674600
2024-10-18 00:00:00-04:00,KO,Coca-Cola,66.46768985576243,67.11457761316214,66.22034849790556,67.00993347167969,15087500
2024-10-21 00:00:00-04:00,KO,Coca-Cola,66.59135115539468,66.90528355273305,65.93494837148377,66.06813049316406,11981200
2024-10-22 00:00:00-04:00,KO,Coca-Cola,65.64004613888903,66.35352490126827,65.33562882392249,66.06813049316406,18603300
2024-10-23 00:00:00-04:00,KO,Coca-Cola,63.727929761389404,65.35466069171312,63.337898425242265,64.6982650756836,24655200
2024-10-24 00:00:00-04:00,KO,Coca-Cola,64.3557901042072,64.72679850472265,63.689872193575084,64.02283477783203,17568800
2024-10-25 00:00:00-04:00,KO,Coca-Cola,63.8040283835313,64.40334794252229,63.53766413509087,63.66133117675781,11138100
2024-10-28 00:00:00-04:00,KO,Coca-Cola,63.69939469606334,64.1179713024789,63.35692424679289,63.42351531982422,10761400
2024-10-29 00:00:00-04:00,KO,Coca-Cola,63.06202112852526,63.10958203270175,62.32951207695859,62.3675651550293,16525900
2024-10-30 00:00:00-04:00,KO,Coca-Cola,62.32000208139534,63.29984521948792,62.139251781322315,62.71003341674805,14177800
2024-10-31 00:00:00-04:00,KO,Coca-Cola,62.605382747554806,62.776617946130415,62.082169327043744,62.129730224609375,13383700
2024-11-01 00:00:00-04:00,KO,Coca-Cola,62.281936873902815,62.46268713877083,61.73017825537582,61.844337463378906,12163100
2024-11-04 00:00:00-05:00,KO,Coca-Cola,61.910938021273516,62.234378273430394,61.50187653550442,61.939476013183594,10984500
2024-11-05 00:00:00-05:00,KO,Coca-Cola,61.492361250830214,62.28194622787213,61.492361250830214,62.18681716918945,8780200
2024-11-06 00:00:00-05:00,KO,Coca-Cola,61.28307797875258,61.70165458064605,60.10346158727762,60.598140716552734,22899300
2024-11-07 00:00:00-05:00,KO,Coca-Cola,61.15940470075567,61.25453375754734,60.50300187049405,60.560081481933594,14856100
2024-11-08 00:00:00-05:00,KO,Coca-Cola,60.7979073691994,61.11183615778366,60.63618724788588,60.80741882324219,14719300
2024-11-11 00:00:00-05:00,KO,Coca-Cola,60.87401192001749,60.997682592973966,60.17004458427386,60.274688720703125,13980900
2024-11-12 00:00:00-05:00,KO,Coca-Cola,60.57910830666608,60.645699372524554,60.04637615085733,60.12248229980469,15021000
2024-11-13 00:00:00-05:00,KO,Coca-Cola,59.97978498752872,60.17955818477951,59.44705646152659,59.932220458984375,13177600
2024-11-14 00:00:00-05:00,KO,Coca-Cola,60.03687115969068,60.03687115969068,59.38998333976421,59.5041389465332,15910800
2024-11-15 00:00:00-05:00,KO,Coca-Cola,59.447056544252256,59.580238675938126,58.400618770115905,58.733577728271484,26284300
2024-11-18 00:00:00-05:00,KO,Coca-Cola,58.83821746098457,59.11409680379203,58.56234174711799,58.84773254394531,16062100
2024-11-19 00:00:00-05:00,KO,Coca-Cola,58.88578374761448,59.57072091245735,58.62893094994563,59.54218292236328,16254800
2024-11-20 00:00:00-05:00,KO,Coca-Cola,59.64683106611744,59.941733327415015,58.999943301616774,59.92271041870117,18904900
2024-11-21 00:00:00-05:00,KO,Coca-Cola,60.07491933177971,60.70278056114201,59.88465758340971,60.65521240234375,17292300
2024-11-22 00:00:00-05:00,KO,Coca-Cola,61.11183615778366,61.34015460210108,60.55056964573729,60.80741882324219,19562200
2024-11-25 00:00:00-05:00,KO,Coca-Cola,61.18794583463827,61.55895425569818,60.731319806492145,61.24502182006836,36805300
2024-11-26 00:00:00-05:00,KO,Coca-Cola,61.17842746542204,61.49235988419163,60.94060119505995,61.40674591064453,14473300
2024-11-27 00:00:00-05:00,KO,Coca-Cola,61.796777817051726,61.92995994911083,61.121352073642896,61.29258728027344,13263400
2024-11-29 00:00:00-05:00,KO,Coca-Cola,61.36446943257526,61.584932330201326,61.12484300215227,61.4219856262207,10648400
2024-12-02 00:00:00-05:00,KO,Coca-Cola,61.39323245499156,61.527424721388456,60.72226381007703,61.009822845458984,16500100
2024-12-03 00:00:00-05:00,KO,Coca-Cola,61.07692056903542,61.42198849530694,60.415539158193305,60.885215759277344,24874500
2024-12-04 00:00:00-05:00,KO,Coca-Cola,60.65516743023223,60.72226356315784,59.332411961300195,59.62955093383789,28137700
2024-12-05 00:00:00-05:00,KO,Coca-Cola,59.87876930958537,60.50180536271587,59.524114136325096,60.31010055541992,21040400
2024-12-06 00:00:00-05:00,KO,Coca-Cola,60.22383450835196,60.731849116720596,59.91710463666846,59.936275482177734,15581100
2024-12-09 00:00:00-05:00,KO,Coca-Cola,60.08963534959309,60.31968182683477,59.33240710336546,60.00336837768555,22348300
2024-12-10 00:00:00-05:00,KO,Coca-Cola,60.09923343201082,60.42513053390331,59.22697996171994,60.30052185058594,14949400
2024-12-11 00:00:00-05:00,KO,Coca-Cola,60.38678162319512,60.99065046323725,59.8116708798459,60.04171371459961,32819000
2024-12-12 00:00:00-05:00,KO,Coca-Cola,60.913964726575585,61.2686162160528,60.5976549268972,61.19193649291992,17542100
2024-12-13 00:00:00-05:00,KO,Coca-Cola,60.93314308879254,61.19194404216572,60.492224571104266,60.501808166503906,13429000
2024-12-16 00:00:00-05:00,KO,Coca-Cola,60.60723843574032,61.211107251594505,59.76373954367818,59.9554443359375,24559700
2024-12-17 00:00:00-05:00,KO,Coca-Cola,59.8595961357261,60.91396705015976,59.73498746735905,60.77019119262695,21902400
2024-12-18 00:00:00-05:00,KO,Coca-Cola,60.20466199702472,61.000231953089845,60.18549115204589,60.24300003051758,20946100
2024-12-19 00:00:00-05:00,KO,Coca-Cola,60.099226338594924,60.549728414167376,59.81167096650369,59.859596252441406,21300600
2024-12-20 00:00:00-05:00,KO,Coca-Cola,59.87876461291264,60.444291739022006,59.696643414857135,59.9554443359375,42458100
2024-12-23 00:00:00-05:00,KO,Coca-Cola,59.9075247807023,60.156738474945364,58.97775882603696,59.792503356933594,13010800
2024-12-24 00:00:00-05:00,KO,Coca-Cola,59.61996508657727,60.23341751098633,59.43784388426123,60.23341751098633,5019100
2024-12-26 00:00:00-05:00,KO,Coca-Cola,60.0225499252915,60.137575012655795,59.81167791138769,59.97462463378906,7943800
2024-12-27 00:00:00-05:00,KO,Coca-Cola,59.859596252441406,60.33885642474844,59.62954976088946,59.859596252441406,8542800
2024-12-30 00:00:00-05:00,KO,Coca-Cola,59.75415861529258,59.75415861529258,59.12153533213888,59.45701599121094,8972200
2024-12-31 00:00:00-05:00,KO,Coca-Cola,59.44743974075853,59.84043298556429,59.23656406816725,59.67748260498047,9256700
2025-01-02 00:00:00-05:00,KO,Coca-Cola,59.76374229820339,60.14715190039347,59.0640228822017,59.274898529052734,12991000
2025-01-03 00:00:00-05:00,KO,Coca-Cola,59.33241248345954,59.50494644291951,59.06402429293012,59.18863296508789,10403200
2025-01-06 00:00:00-05:00,KO,Coca-Cola,58.94900594863163,59.016102085649436,58.14384864795269,58.287628173828125,17924200
2025-01-07 00:00:00-05:00,KO,Coca-Cola,58.57518431782104,59.159882367705755,58.10550769622775,58.316383361816406,17799600
2025-01-08 00:00:00-05:00,KO,Coca-Cola,58.460163029699864,59.2078078000846,58.40265048718362,59.15029525756836,14412400
2025-01-10 00:00:00-05:00,KO,Coca-Cola,59.0256859663791,59.09278209956487,58.21094146039251,58.53683853149414,22425000
2025-01-13 00:00:00-05:00,KO,Coca-Cola,58.59435382841398,59.284486038881944,58.19177335388124,59.0927848815918,18016200
2025-01-14 00:00:00-05:00,KO,Coca-Cola,59.1023635751593,59.495356765355154,58.75729567031126,59.46660232543945,16658300
2025-01-15 00:00:00-05:00,KO,Coca-Cola,59.74458222393999,60.02255037934304,59.12154246029907,59.20780944824219,16187200
2025-01-16 00:00:00-05:00,KO,Coca-Cola,58.872322565371945,59.71582156055991,58.77647198575603,59.66789627075195,12585500
2025-01-17 00:00:00-05:00,KO,Coca-Cola,59.72540826806738,60.16632678062648,59.59121233877683,60.10881423950195,17948900
2025-01-21 00:00:00-05:00,KO,Coca-Cola,60.290937913956874,60.607247761862816,59.71582344868145,59.83084487915039,19817100
2025-01-22 00:00:00-05:00,KO,Coca-Cola,59.54328522989271,59.706235596533524,59.10236673080712,59.21738815307617,18191900
2025-01-23 00:00:00-05:00,KO,Coca-Cola,59.23655743586675,59.40909139294849,58.82439338911203,58.97775650024414,16528400
2025-01-24 00:00:00-05:00,KO,Coca-Cola,59.15988041813976,59.43784855597835,58.891492219017266,59.35158157348633,19244600
2025-01-27 00:00:00-05:00,KO,Coca-Cola,60.26217511797253,61.5178381289991,59.87876916079839,61.22069549560547,20742900
2025-01-28 00:00:00-05:00,KO,Coca-Cola,60.87562691696699,61.38364519802043,59.69664730399113,59.77333068847656,14956000
2025-01-29 00:00:00-05:00,KO,Coca-Cola,59.96503785800547,60.731853450774814,59.955450606334196,60.223838806152344,11325600
2025-01-30 00:00:00-05:00,KO,Coca-Cola,61.201525786084076,61.62327710021416,60.6072441647232,61.39323425292969,13201000
2025-01-31 00:00:00-05:00,KO,Coca-Cola,61.0577460661159,61.27820530437322,60.760603445961294,60.84687042236328,12096800
2025-02-03 00:00:00-05:00,KO,Coca-Cola,60.55932043456487,60.990655354903836,59.84043011948833,60.722267150878906,12067900
2025-02-04 00:00:00-05:00,KO,Coca-Cola,60.97148424848791,60.99065509558427,59.76374647667385,60.070472717285156,15678000
2025-02-05 00:00:00-05:00,KO,Coca-Cola,60.1184021906092,60.664758540019726,59.99379351162243,60.501808166503906,10686800
2025-02-06 00:00:00-05:00,KO,Coca-Cola,60.98106718172391,61.09609226305321,60.300518571285465,60.73185348510742,13423400
2025-02-07 00:00:00-05:00,KO,Coca-Cola,60.79894331364388,61.2686162160528,60.645580210913344,61.19193649291992,13184700
2025-02-10 00:00:00-05:00,KO,Coca-Cola,61.44115139501517,61.96834049915243,61.01940376817022,61.87248992919922,16154300
2025-02-11 00:00:00-05:00,KO,Coca-Cola,64.70013177634993,64.86307850127587,63.65534797342753,64.79598236083984,30589100
2025-02-12 00:00:00-05:00,KO,Coca-Cola,64.09625059830651,65.9653621270458,64.09625059830651,65.85992431640625,26033800
2025-02-13 00:00:00-05:00,KO,Coca-Cola,66.13790443475298,66.72260243580476,65.90786159738292,66.6171646118164,24393100
2025-02-14 00:00:00-05:00,KO,Coca-Cola,66.48297863437992,67.12518557727341,65.9078678301032,66.0133056640625,20779100
2025-02-18 00:00:00-05:00,KO,Coca-Cola,65.70657659020493,66.49256302861882,65.58196425746483,66.18583679199219,15569100
2025-02-19 00:00:00-05:00,KO,Coca-Cola,66.33920026048787,67.22103732993291,66.30085856447755,67.16352844238281,16032300
2025-02-20 00:00:00-05:00,KO,Coca-Cola,66.81845975051392,67.16352769785082,66.5404879422186,67.13477325439453,13398000
2025-02-21 00:00:00-05:00,KO,Coca-Cola,67.40315934831631,68.63006438331375,67.22103811836391,68.39043426513672,21662300
2025-02-24 00:00:00-05:00,KO,Coca-Cola,67.90157924932811,68.75466910336696,67.41273912774668,67.66194915771484,21418400
2025-02-25 00:00:00-05:00,KO,Coca-Cola,67.92076241035623,68.79301225229827,67.79615737948765,68.52462768554688,21555600
2025-02-26 00:00:00-05:00,KO,Coca-Cola,68.31374920070994,68.32333645282307,67.60444611588187,67.86325073242188,14531200
2025-02-27 00:00:00-05:00,KO,Coca-Cola,67.78656410482026,68.57255054316413,67.49900505860138,67.93034362792969,16789500
2025-02-28 00:00:00-05:00,KO,Coca-Cola,68.48627605160847,68.60130112621164,67.63319352552551,68.25623321533203,22167400
2025-03-03 00:00:00-05:00,KO,Coca-Cola,67.32645896508707,69.3585244870772,66.8376189126784,69.32018280029297,21717600
2025-03-04 00:00:00-05:00,KO,Coca-Cola,69.08056491309708,69.6365085000202,66.98140289763963,67.27854919433594,25411900
2025-03-05 00:00:00-05:00,KO,Coca-Cola,67.00057699848895,67.80573061918598,66.9430608020604,67.17311096191406,23933600
2025-03-06 00:00:00-05:00,KO,Coca-Cola,67.48942425442873,67.6044420210971,66.56923824350044,67.53734588623047,21694000
2025-03-07 00:00:00-05:00,KO,Coca-Cola,66.76095948617689,68.84094737803943,66.76095948617689,68.46712493896484,28393300
2025-03-10 00:00:00-04:00,KO,Coca-Cola,68.97512213562908,70.18285980021172,68.36166970887308,68.48627471923828,25251200
2025-03-11 00:00:00-04:00,KO,Coca-Cola,68.89843816785178,69.0518049297008,67.68112057562651,68.0932846069336,28076400
2025-03-12 00:00:00-04:00,KO,Coca-Cola,67.45107392003901,67.79614180169774,66.84720147067158,67.03890991210938,18923300
2025-03-13 00:00:00-04:00,KO,Coca-Cola,67.33605821352727,67.33605821352727,66.40629225389085,66.73219299316406,15746600
2025-03-14 00:00:00-04:00,KO,Coca-Cola,66.15283434843828,66.87702970990786,66.02730243763668,66.78047180175781,14205100
2025-03-17 00:00:00-04:00,KO,Coca-Cola,66.85771593670952,67.75571850954078,66.70322475189904,67.70744323730469,15634800
2025-03-18 00:00:00-04:00,KO,Coca-Cola,67.69778376850448,67.77503304268328,66.91565512640886,66.9928970336914,12657600
2025-03-19 00:00:00-04:00,KO,Coca-Cola,66.1914600455094,66.99289732620088,66.18180204447081,66.8963394165039,14780000
2025-03-20 00:00:00-04:00,KO,Coca-Cola,66.92529972711125,67.40809659685962,66.71286792571868,67.31153869628906,16295300
2025-03-21 00:00:00-04:00,KO,Coca-Cola,67.31154574882845,67.56260221013271,65.83418835131225,66.30732727050781,47479500
2025-03-24 00:00:00-04:00,KO,Coca-Cola,66.43285694680758,66.70322203438347,65.97902667827829,66.57769012451172,12575400
2025-03-25 00:00:00-04:00,KO,Coca-Cola,66.57768742111134,66.70321932588583,66.23973107536425,66.4425048828125,12513900
2025-03-26 00:00:00-04:00,KO,Coca-Cola,66.54872623137739,67.92952572859517,66.52941759585319,67.61087799072266,14478200
2025-03-27 00:00:00-04:00,KO,Coca-Cola,67.76537637131406,68.54750502875585,67.65916045895821,68.30610656738281,11663400
2025-03-28 00:00:00-04:00,KO,Coca-Cola,68.37370121314304,68.86615616135613,67.137742208676,67.94884490966797,17412900
2025-03-31 00:00:00-04:00,KO,Coca-Cola,68.29645249344576,69.46482010362061,68.06470467803386,69.15583038330078,24016900
2025-04-01 00:00:00-04:00,KO,Coca-Cola,69.21376686833263,69.43585669335997,68.74062794862651,69.39723205566406,15309100
2025-04-02 00:00:00-04:00,KO,Coca-Cola,69.48413016828124,69.8703691683548,68.60544362583768,68.87580871582031,14606500
2025-04-03 00:00:00-04:00,KO,Coca-Cola,69.9862499890638,71.40566685162943,69.83175142702032,70.66216278076172,24959600
2025-04-04 00:00:00-04:00,KO,Coca-Cola,69.9282979439744,70.49800209000591,67.38878902131731,67.52397155761719,26517300
2025-04-07 00:00:00-04:00,KO,Coca-Cola,63.95129155230345,66.99290664895979,63.777484343903325,66.01766204833984,34258400
2025-04-08 00:00:00-04:00,KO,Coca-Cola,66.58734713077989,67.57225692583422,65.42863752507644,66.06592559814453,22774400
2025-04-09 00:00:00-04:00,KO,Coca-Cola,65.58313478033457,68.04540212930753,64.96515528442468,67.54328918457031,27918700
2025-04-10 00:00:00-04:00,KO,Coca-Cola,67.77502841605788,68.75993081046681,66.60666084972253,68.3254165649414,22450200
2025-04-11 00:00:00-04:00,KO,Coca-Cola,68.47026079185872,69.3779139662701,68.11298842909176,68.97236633300781,19988200
2025-04-14 00:00:00-04:00,KO,Coca-Cola,68.84684829466019,70.16005659331273,68.4895758981352,69.957275390625,13930200
2025-04-15 00:00:00-04:00,KO,Coca-Cola,70.1214189059414,70.13106953901898,69.25238308075187,69.38756561279297,14965500
2025-04-16 00:00:00-04:00,KO,Coca-Cola,69.87036442142366,70.16969612686864,68.93373730412016,69.21376037597656,15276200
2025-04-17 00:00:00-04:00,KO,Coca-Cola,69.42619817003956,70.90355555803836,69.25239098516343,70.48834991455078,20754500
2025-04-21 00:00:00-04:00,KO,Coca-Cola,70.85527105258988,70.94217832618618,69.34894706795127,70.2662582397461,16037200
2025-04-22 00:00:00-04:00,KO,Coca-Cola,70.48835536583358,71.8208723083377,70.41110608504866,71.35739135742188,15613500
2025-04-23 00:00:00-04:00,KO,Coca-Cola,70.76837239451646,71.40566048891696,69.88967847670963,70.77803039550781,16353900
2025-04-24 00:00:00-04:00,KO,Coca-Cola,70.50765344968299,70.90355042927911,69.8124321273632,70.02485656738281,16893900
2025-04-25 00:00:00-04:00,KO,Coca-Cola,70.15039709104516,70.41110419808646,68.68269026305236,69.43585968017578,16316000
2025-04-28 00:00:00-04:00,KO,Coca-Cola,69.59999988063271,69.77380705183828,68.85648856112718,69.31997680664062,15997500
2025-04-29 00:00:00-04:00,KO,Coca-Cola,68.74062516382395,70.20832450232723,67.8619312673565,69.86071014404297,16244100
2025-04-30 00:00:00-04:00,KO,Coca-Cola,70.82631133977546,70.95184326202924,69.22342929094577,70.05384063720703,21074700
2025-05-01 00:00:00-04:00,KO,Coca-Cola,69.52275949278493,69.5613841320863,68.77925544519941,68.83718872070312,18034200
2025-05-02 00:00:00-04:00,KO,Coca-Cola,69.03995864687234,69.34894837690976,68.65371964260149,69.18479919433594,12629600
2025-05-05 00:00:00-04:00,KO,Coca-Cola,69.2041113653362,69.32964328410347,68.56682323758976,69.23307800292969,11932700
2025-05-06 00:00:00-04:00,KO,Coca-Cola,69.21377098988688,69.42620282641609,68.71166540373346,69.25239562988281,12705500
2025-05-07 00:00:00-04:00,KO,Coca-Cola,69.25237735041851,70.18900436412676,69.20409472144381,69.90898132324219,15018200
2025-05-08 00:00:00-04:00,KO,Coca-Cola,69.71586623715483,69.9765806767391,68.68268121290009,68.72130584716797,14371100
2025-05-09 00:00:00-04:00,KO,Coca-Cola,68.54750398523058,68.7020025342676,68.03574043361395,68.09367370605469,11228900
2025-05-12 00:00:00-04:00,KO,Coca-Cola,67.73639654983533,67.9102037028684,66.33628132626484,67.13772583007812,21539000
2025-05-13 00:00:00-04:00,KO,Coca-Cola,67.19567039245828,67.29223566796773,66.50044903030523,66.58734893798828,14389100
2025-05-14 00:00:00-04:00,KO,Coca-Cola,66.51009934528305,66.95427161629019,66.22042562083293,66.78047180175781,16286800
2025-05-15 00:00:00-04:00,KO,Coca-Cola,67.30188390338736,69.26204547616813,67.2053259982154,69.14617156982422,19817100
2025-05-16 00:00:00-04:00,KO,Coca-Cola,69.38757593174199,69.77381495225401,68.97237027389848,69.52275848388672,18441200
2025-05-19 00:00:00-04:00,KO,Coca-Cola,69.5517199545709,69.6869024966736,69.17513896344255,69.45516204833984,13282800
2025-05-20 00:00:00-04:00,KO,Coca-Cola,69.32963509267736,69.64827543545431,68.97236274847803,69.22341918945312,12137800
2025-05-21 00:00:00-04:00,KO,Coca-Cola,69.22341563603617,69.59999659472004,69.11719973826426,69.3779067993164,12094400
2025-05-22 00:00:00-04:00,KO,Coca-Cola,69.36824969715983,69.51309022935003,68.51852987088365,68.69233703613281,11101800
2025-05-23 00:00:00-04:00,KO,Coca-Cola,69.07857674590619,69.50344034708166,68.25782354382267,69.3006591796875,12822100
2025-05-27 00:00:00-04:00,KO,Coca-Cola,69.27169335924978,69.7351815993255,69.09788619008334,69.31031799316406,10666100
2025-05-28 00:00:00-04:00,KO,Coca-Cola,69.23306798473453,69.42619115224005,68.6054379493044,68.70199584960938,8710900
2025-05-29 00:00:00-04:00,KO,Coca-Cola,68.5571650197853,69.19446051241763,68.03574344405793,69.03030395507812,10291100
2025-05-30 00:00:00-04:00,KO,Coca-Cola,69.14617717058081,69.97658848273461,69.14617717058081,69.61931610107422,28019500
2025-06-02 00:00:00-04:00,KO,Coca-Cola,69.55172512121821,69.56138312262757,68.90477899782611,69.52275848388672,10202700
2025-06-03 00:00:00-04:00,KO,Coca-Cola,69.24272680449768,69.31031807220083,68.04539261937222,68.71165466308594,20139800
2025-06-04 00:00:00-04:00,KO,Coca-Cola,68.80822042653436,69.37791726699777,68.24817422049146,68.91443634033203,13565900
2025-06-05 00:00:00-04:00,KO,Coca-Cola,68.92409120269888,69.00134048418063,68.39301896802996,68.47026824951172,13531400
2025-06-06 00:00:00-04:00,KO,Coca-Cola,68.6344116191381,69.02065062685098,68.49922907147304,68.8951187133789,9524000
2025-06-09 00:00:00-04:00,KO,Coca-Cola,68.8951115786903,69.35859981332679,68.64405514464157,69.3006591796875,12281300
2025-06-10 00:00:00-04:00,KO,Coca-Cola,69.42619587963567,70.1890158677097,69.2910133366247,69.86071014404297,12265000
2025-06-11 00:00:00-04:00,KO,Coca-Cola,69.78346310999267,69.8703703857992,69.2910155590421,69.59034729003906,12718500
2025-06-12 00:00:00-04:00,KO,Coca-Cola,69.76414408361242,69.90898461045225,69.1365067119033,69.75448608398438,12806900
2025-06-13 00:00:00-04:00,KO,Coca-Cola,69.79339316336805,69.90036426836417,68.78204212949082,69.06404876708984,17467200
2025-06-16 00:00:00-04:00,KO,Coca-Cola,69.23909237992787,69.64753088439153,68.30553243409292,68.57781982421875,15045900
2025-06-17 00:00:00-04:00,KO,Coca-Cola,68.44167749876185,68.51947601729034,67.66371457130217,67.7026138305664,15437000
2025-06-18 00:00:00-04:00,KO,Coca-Cola,68.07213762938471,68.07213762938471,67.18719627895109,67.30389404296875,16227600
2025-06-20 00:00:00-04:00,KO,Coca-Cola,67.18720661151085,67.6442636501103,66.88574661553051,66.944091796875,40859400
2025-06-23 00:00:00-04:00,KO,Coca-Cola,67.235831358919,67.88737727005096,67.07051506850198,67.81930541992188,21822800
2025-06-24 00:00:00-04:00,KO,Coca-Cola,68.01379883852329,68.41250325259621,67.77068403846482,68.27635955810547,15216100
2025-06-25 00:00:00-04:00,KO,Coca-Cola,68.00407441662121,68.09159218628271,67.51784480043466,67.71233367919922,12540400
2025-06-26 00:00:00-04:00,KO,Coca-Cola,67.78040126170043,67.99434346643818,67.24555316913073,67.5567398071289,14454100
2025-06-27 00:00:00-04:00,KO,Coca-Cola,67.67343361161315,68.61672024283682,67.55674325345768,68.39305877685547,23470700
2025-06-30 00:00:00-04:00,KO,Coca-Cola,68.19855582532753,68.84038240964402,68.15965656998037,68.80148315429688,15429000
2025-07-01 00:00:00-04:00,KO,Coca-Cola,69.03487915548418,70.4546687511552,68.94736138540848,69.69615173339844,21729300
2025-07-02 00:00:00-04:00,KO,Coca-Cola,69.71560163612547,69.85174532904846,68.79176095497682,68.95708465576172,13050200
2025-07-03 00:00:00-04:00,KO,Coca-Cola,69.08351160092465,69.43359755279754,68.50975673897017,69.38497161865234,9440500
2025-07-07 00:00:00-04:00,KO,Coca-Cola,69.40441481917803,69.40441481917803,68.85011337958225,69.05432891845703,16984700
2025-07-08 00:00:00-04:00,KO,Coca-Cola,68.73341112175684,68.73341112175684,67.9554408555187,68.30552673339844,17115500
2025-07-09 00:00:00-04:00,KO,Coca-Cola,68.22773982622861,68.31525759142838,67.07051102453329,67.56646728515625,33704100
2025-07-10 00:00:00-04:00,KO,Coca-Cola,67.38169635137521,67.92627110894632,67.25527933101753,67.84847259521484,14608400
2025-07-11 00:00:00-04:00,KO,Coca-Cola,67.65399136691192,68.22774619635348,67.34280469613401,67.94573211669922,12916700
2025-07-14 00:00:00-04:00,KO,Coca-Cola,67.87765311423554,68.14994049507462,67.36224352133337,67.5567398071289,13983200
2025-07-15 00:00:00-04:00,KO,Coca-Cola,67.5956384245537,67.63453768134465,67.24555253270967,67.44976806640625,12639800
2025-07-16 00:00:00-04:00,KO,Coca-Cola,67.44004216681327,67.58591252662495,66.895467404076,67.36224365234375,13178300
2025-07-17 00:00:00-04:00,KO,Coca-Cola,67.8873723163439,68.7431411346933,67.5956390167677,68.64588928222656,20464700
2025-07-18 00:00:00-04:00,KO,Coca-Cola,68.50002428260001,68.75285831744291,67.90682361290611,67.92626953125,14928000
2025-07-21 00:00:00-04:00,KO,Coca-Cola,68.25691078277983,68.67506851815607,68.00406932390068,68.14021301269531,17811700
2025-07-22 00:00:00-04:00,KO,Coca-Cola,67.53729313821027,68.3249901897365,66.79822943702882,67.74151611328125,22339900
2025-07-23 00:00:00-04:00,KO,Coca-Cola,67.74151680899574,67.81930791252006,66.71070493008698,67.25528717041016,21030000
2025-07-24 00:00:00-04:00,KO,Coca-Cola,67.35252696650302,67.63454102773488,67.08995882499147,67.19692993164062,12511400
2025-07-25 00:00:00-04:00,KO,Coca-Cola,67.22610775729738,67.3233596212991,66.85657589962774,67.26500701904297,12574800
2025-07-28 00:00:00-04:00,KO,Coca-Cola,66.84684454319225,67.0024415792667,66.1855719784259,66.2147445678711,13668800
2025-07-29 00:00:00-04:00,KO,Coca-Cola,66.45784943819044,67.50810701687584,66.273087259564,67.46920776367188,16223400
2025-07-30 00:00:00-04:00,KO,Coca-Cola,67.20665327464992,67.42059547735886,66.64262518010356,66.8565673828125,10448200
2025-07-31 00:00:00-04:00,KO,Coca-Cola,66.27308985919274,66.75931941440432,65.87437806266762,66.02024841308594,17193400
2025-08-01 00:00:00-04:00,KO,Coca-Cola,66.71069766162186,67.13858207112519,66.38978435449438,66.96353912353516,16107500
2025-08-04 00:00:00-04:00,KO,Coca-Cola,66.82739526312896,67.17748115741855,66.42868344269235,67.06078338623047,10701500
2025-08-05 00:00:00-04:00,KO,Coca-Cola,67.00244505561813,67.57619246254212,66.85657468154875,67.1483154296875,11993400
2025-08-06 00:00:00-04:00,KO,Coca-Cola,67.21638358966032,67.87765615241412,66.73987323258883,67.59564208984375,10783000
2025-08-07 00:00:00-04:00,KO,Coca-Cola,67.54701641074455,68.77231710316218,67.42059938330841,68.49030303955078,15790800
2025-08-08 00:00:00-04:00,KO,Coca-Cola,68.42222433330343,68.91818056231021,68.14993696656224,68.40277099609375,9232700
2025-08-11 00:00:00-04:00,KO,Coca-Cola,68.36387951537151,68.90845425168295,68.03323955455788,68.80148315429688,10909400
2025-08-12 00:00:00-04:00,KO,Coca-Cola,68.86955960552183,69.1029477339502,68.28608557481346,68.76258850097656,11061100
2025-08-13 00:00:00-04:00,KO,Coca-Cola,68.7431390818534,68.82093017451922,68.29580876710854,68.51947021484375,10356500
2025-08-14 00:00:00-04:00,KO,Coca-Cola,68.44167991817999,68.51947843945867,67.47894733000125,67.6345443725586,10722400
2025-08-15 00:00:00-04:00,KO,Coca-Cola,67.81930366295872,68.45140363736765,67.65398737682446,67.99434661865234,12381100
2025-08-18 00:00:00-04:00,KO,Coca-Cola,68.0527010275443,68.1207728777212,67.14831363560826,67.22610473632812,14094900
2025-08-19 00:00:00-04:00,KO,Coca-Cola,67.39142710581851,68.28608781014285,67.33307450734513,68.19856262207031,13862200
2025-08-20 00:00:00-04:00,KO,Coca-Cola,68.79175264673107,69.73503913325516,68.47084679175525,68.75285339355469,17530800
2025-08-21 00:00:00-04:00,KO,Coca-Cola,68.65561377614269,68.95708115454391,68.39305307291524,68.7139663696289,8840400
2025-08-22 00:00:00-04:00,KO,Coca-Cola,69.0057055575972,69.0640507367955,67.99434707560117,68.19856262207031,12999600
2025-08-25 00:00:00-04:00,KO,Coca-Cola,68.17911841948447,68.29581620009569,66.8274006593243,67.0316162109375,13634600
2025-08-26 00:00:00-04:00,KO,Coca-Cola,67.13858767963907,67.17748694005022,66.69125731382393,66.83712768554688,17964200
2025-08-27 00:00:00-04:00,KO,Coca-Cola,66.92464527834655,66.97327120854948,66.58428602475186,66.93437194824219,11562700
2025-08-28 00:00:00-04:00,KO,Coca-Cola,66.98299337753444,67.00244671817329,66.39951928605443,66.4773178100586,16209900
2025-08-29 00:00:00-04:00,KO,Coca-Cola,66.7787715434092,67.23582855490409,66.54538341259635,67.08995819091797,14601100
2025-09-02 00:00:00-04:00,KO,Coca-Cola,67.06078321615301,67.43031502839942,66.38006476746892,67.15802764892578,24770100
2025-09-03 00:00:00-04:00,KO,Coca-Cola,66.76905229327839,67.19692929655614,65.51457903383762,67.08995819091797,33581500
2025-09-04 00:00:00-04:00,KO,Coca-Cola,67.2066539207852,67.54701314687868,66.23419474950401,66.3703384399414,16736000
2025-09-05 00:00:00-04:00,KO,Coca-Cola,66.13695142757932,66.69125286775295,66.00080773485419,66.08832550048828,23978000
2025-09-08 00:00:00-04:00,KO,Coca-Cola,65.99107949039693,66.01052540920429,65.31036104301985,65.57292175292969,21671700
2025-09-09 00:00:00-04:00,KO,Coca-Cola,65.42705312687427,66.23419603533294,65.42705312687427,65.99108123779297,14120600
2025-09-10 00:00:00-04:00,KO,Coca-Cola,65.92300636779525,66.21473965989843,65.35897828274484,65.95217895507812,16041900
2025-09-11 00:00:00-04:00,KO,Coca-Cola,66.04943138652364,66.29254620236269,65.71879879823474,65.75769805908203,15128700
2025-09-12 00:00:00-04:00,KO,Coca-Cola,65.73823708358144,65.85493485256897,65.09641790233633,65.16448974609375,18712400
2025-09-15 00:00:00-04:00,KO,Coca-Cola,65.34087997366443,65.43887019959712,64.77252619660982,64.88031768798828,15986100
2025-09-16 00:00:00-04:00,KO,Coca-Cola,65.01750523605885,65.1742955778558,64.7333283486831,64.90971374511719,18555900
2025-09-17 00:00:00-04:00,KO,Coca-Cola,65.07630415392892,65.78183825049771,65.07630415392892,65.69364929199219,17372300
2025-09-18 00:00:00-04:00,KO,Coca-Cola,65.45847328880967,65.69365132828905,65.01750605408886,65.12529754638672,17722900
2025-09-19 00:00:00-04:00,KO,Coca-Cola,65.15468649403651,65.3898719830779,64.7235280498091,65.09589385986328,31192900
2025-09-22 00:00:00-04:00,KO,Coca-Cola,64.83132631310944,65.2526835370025,64.75293114189328,64.88031768798828,13298700
2025-09-23 00:00:00-04:00,KO,Coca-Cola,65.01749901626968,65.41926862155853,64.57653930545564,65.37026977539062,15072800
2025-09-24 00:00:00-04:00,KO,Coca-Cola,65.07630366615524,65.43886823886022,64.63533644840827,65.11549377441406,14759300
2025-09-25 00:00:00-04:00,KO,Coca-Cola,65.40947067059923,65.57605479413007,64.62553394924579,64.65493774414062,14395000
2025-09-26 00:00:00-04:00,KO,Coca-Cola,64.74312650156337,64.99790705664735,64.18457401907035,64.35115814208984,17821600
2025-09-29 00:00:00-04:00,KO,Coca-Cola,64.35115781937314,64.7725224953635,64.03758462860179,64.71372985839844,14818500
2025-09-30 00:00:00-04:00,KO,Coca-Cola,64.74311888320895,65.30167129997683,64.63532741013324,64.98809814453125,13815000
2025-10-01 00:00:00-04:00,KO,Coca-Cola,65.17429132233272,65.48786450927703,64.95870835452578,65.4388656616211,14877500
2025-10-02 00:00:00-04:00,KO,Coca-Cola,65.19388664524624,65.31147939440201,64.53734395051924,64.77252197265625,14350700
2025-10-03 00:00:00-04:00,KO,Coca-Cola,64.77252782012611,65.64465356228432,64.71373517832788,65.31148529052734,12249200
2025-10-06 00:00:00-04:00,KO,Coca-Cola,65.15468906219432,65.16449032700093,64.51774142090602,64.77252197265625,14333300
2025-10-07 00:00:00-04:00,KO,Coca-Cola,64.89010937503801,65.90922402189203,64.54713989681164,65.44866180419922,13328300
2025-10-08 00:00:00-04:00,KO,Coca-Cola,65.33107181102581,65.52705971837518,64.7333217769151,64.79212188720703,12606700
2025-10-09 00:00:00-04:00,KO,Coca-Cola,64.95870658196498,65.45846640495527,64.79212246635964,65.03710174560547,12705200
2025-10-10 00:00:00-04:00,KO,Coca-Cola,65.18408816671072,66.04642007836401,65.04690035825222,65.69364929199219,17991700
2025-10-13 00:00:00-04:00,KO,Coca-Cola,64.89991312561031,65.45846557617188,64.67452890204109,65.45846557617188,13690000
2025-10-14 00:00:00-04:00,KO,Coca-Cola,65.52706653524768,66.21300559189413,65.40947377860472,66.15421295166016,14245600
2025-10-15 00:00:00-04:00,KO,Coca-Cola,65.91902065868352,66.35998784361045,65.57605116563428,65.73284149169922,11193700
2025-10-16 00:00:00-04:00,KO,Coca-Cola,65.83083520250732,66.74215846166473,65.81124014879597,66.23259735107422,15707200
2025-10-17 00:00:00-04:00,KO,Coca-Cola,66.63437053261288,67.12432913947032,66.4383900803399,67.06553649902344,15541800
2025-10-20 00:00:00-04:00,KO,Coca-Cola,67.05573523355727,67.2615169512964,66.55597536123368,67.06553649902344,17786800
2025-10-21 00:00:00-04:00,KO,Coca-Cola,69.15274814154425,69.95627984931726,68.81957992240194,69.7896957397461,33651300
2025-10-22 00:00:00-04:00,KO,Coca-Cola,69.92688925310526,70.18166980846195,69.09396116094165,69.38793182373047,18293000
2025-10-23 00:00:00-04:00,KO,Coca-Cola,69.38793888201415,69.50553164479624,68.3198326557346,68.53541564941406,13989400
2025-10-24 00:00:00-04:00,KO,Coca-Cola,68.50600835335094,68.64319614986536,68.25122781289237,68.31002044677734,15688200
2025-10-27 00:00:00-04:00,KO,Coca-Cola,68.37861664627238,68.71179236057321,67.85926175967863,68.65299224853516,13800000
2025-10-28 00:00:00-04:00,KO,Coca-Cola,68.64320033514493,69.47612842938857,68.54520263779597,68.75099182128906,12730500
2025-10-29 00:00:00-04:00,KO,Coca-Cola,68.51580263469621,68.62359411504399,66.79115390148044,66.97733306884766,19789600
2025-10-30 00:00:00-04:00,KO,Coca-Cola,67.07533361590055,67.8984680038675,67.01654097253697,67.59469604492188,14751700
2025-10-31 00:00:00-04:00,KO,Coca-Cola,67.17332686291137,67.68288051597163,66.53637918945483,67.51629638671875,16742700
2025-11-03 00:00:00-05:00,KO,Coca-Cola,67.41830590425431,67.50649486310667,66.30120090174199,66.60497283935547,15660400
2025-11-04 00:00:00-05:00,KO,Coca-Cola,67.09492602676555,67.34970656986725,66.79115411364286,67.28111267089844,12743800
2025-11-05 00:00:00-05:00,KO,Coca-Cola,67.28112146688203,67.44770560384544,66.8107579009071,67.1341323852539,12850100
2025-11-06 00:00:00-05:00,KO,Coca-Cola,66.92834119869096,67.7514679775491,66.55596791439153,67.6730728149414,15906700
2025-11-07 00:00:00-05:00,KO,Coca-Cola,68.40801177093759,69.44672900218079,68.01605090378472,69.1331558227539,25108300
2025-11-10 00:00:00-05:00,KO,Coca-Cola,68.60399978698393,69.24094741135572,68.04544732663392,69.10375213623047,15318000
2025-11-11 00:00:00-05:00,KO,Coca-Cola,69.5545222605106,70.30905517284877,69.2409490730724,70.17186737060547,16160200
2025-11-12 00:00:00-05:00,KO,Coca-Cola,70.05426527090506,70.4462335719265,69.90727622350033,70.07386779785156,13612600
2025-11-13 00:00:00-05:00,KO,Coca-Cola,69.98567731361902,70.2306565880096,69.57411392692464,69.64270782470703,14002800
2025-11-14 00:00:00-05:00,KO,Coca-Cola,69.97589055387915,70.20126732229785,69.18215254133207,69.73091125488281,13172000
2025-11-17 00:00:00-05:00,KO,Coca-Cola,69.77009744703302,70.09347189783703,69.20175118715945,69.26054382324219,14772300
2025-11-18 00:00:00-05:00,KO,Coca-Cola,69.56431152148734,69.90728100477325,69.15274814154425,69.7896957397461,12838900
2025-11-19 00:00:00-05:00,KO,Coca-Cola,69.77009660687074,70.01507588916476,69.387929524586,69.6819076538086,12401500
2025-11-20 00:00:00-05:00,KO,Coca-Cola,69.52511904395256,70.04448141524637,69.19195080035703,69.77989959716797,15396500
2025-11-21 00:00:00-05:00,KO,Coca-Cola,70.24046331284934,71.72014033852818,70.05427665746251,71.48495483398438,26492500
2025-11-24 00:00:00-05:00,KO,Coca-Cola,71.69073918877703,71.69073918877703,70.13266709990427,71.1321792602539,39818600
2025-11-25 00:00:00-05:00,KO,Coca-Cola,71.33797346016362,71.46536000172232,70.69122453492395,71.15178680419922,17451200
2025-11-26 00:00:00-05:00,KO,Coca-Cola,71.14198334291316,71.62214065138447,70.9362016392826,71.4163589477539,11795100
2025-11-28 00:00:00-05:00,KO,Coca-Cola,71.53395753436592,71.75934178597755,71.2987794933354,71.65155029296875,7423000
2025-12-01 00:00:00-05:00,KO,Coca-Cola,71.64167322861248,71.94758632563475,70.98051908409195,71.00025177001953,14388100
2025-12-02 00:00:00-05:00,KO,Coca-Cola,70.85224088449384,70.85224088449384,69.50032221475122,69.73715209960938,19871300
2025-12-03 00:00:00-05:00,KO,Coca-Cola,69.94437323728688,70.45751339427578,69.67794058058216,69.87529754638672,17001700
2025-12-04 00:00:00-05:00,KO,Coca-Cola,69.89503882975501,70.39830135886356,69.44111177850974,69.52005004882812,17710000
2025-12-05 00:00:00-05:00,KO,Coca-Cola,69.39176441704456,69.77661575217998,68.94770750071454,69.07598876953125,13978200
2025-12-08 00:00:00-05:00,KO,Coca-Cola,68.91810129893102,69.4509741475746,68.57272284018585,69.32269287109375,17775100
2025-12-09 00:00:00-05:00,KO,Coca-Cola,69.44110519218218,69.69766772158269,68.90823239247449,69.164794921875,13010600
2025-12-10 00:00:00-05:00,KO,Coca-Cola,69.46085031155356,69.59900170709838,68.85890171867125,69.2832260131836,29789400
2025-12-11 00:00:00-05:00,KO,Coca-Cola,69.61873284921789,69.756884226757,67.88196299470222,68.19773864746094,23124200
2025-12-12 00:00:00-05:00,KO,Coca-Cola,68.1977426238054,69.68781260121206,68.12866693100831,69.58912658691406,18444500
2025-12-15 00:00:00-05:00,KO,Coca-Cola,69.5003226051665,70.37857398144007,69.39177400552045,70.03319549560547,18660100
2025-12-16 00:00:00-05:00,KO,Coca-Cola,70.35883287251339,70.35883287251339,69.39176569924918,69.44110870361328,17370000
2025-12-17 00:00:00-05:00,KO,Coca-Cola,69.638473608309,69.98385209220345,69.38190350797899,69.73715209960938,13672700
2025-12-18 00:00:00-05:00,KO,Coca-Cola,69.34242036795195,69.86543059913025,69.24374189122055,69.43123626708984,15524800
2025-12-19 00:00:00-05:00,KO,Coca-Cola,69.13520050048828,69.83582754545967,69.10559770725773,69.13520050048828,36911100
2025-12-22 00:00:00-05:00,KO,Coca-Cola,69.00692322209395,69.29309612106148,68.7404905388822,69.2832260131836,12828500
2025-12-23 00:00:00-05:00,KO,Coca-Cola,69.27334635810989,69.33255946853012,68.77008385599288,68.94770812988281,9471000
2025-12-24 00:00:00-05:00,KO,Coca-Cola,68.97732033128716,69.23389043495087,68.82929882807016,69.1845474243164,4515300
2025-12-26 00:00:00-05:00,KO,Coca-Cola,69.0266463959675,69.23388098941024,68.8095567533779,68.94770812988281,5711400
2025-12-29 00:00:00-05:00,KO,Coca-Cola,69.07599511614383,69.49044927995605,68.92797362087204,69.23388671875,9686900
2025-12-30 00:00:00-05:00,KO,Coca-Cola,69.07598961914546,69.31281947552205,68.8786326602792,69.14506530761719,8610900
2025-12-31 00:00:00-05:00,KO,Coca-Cola,69.14506668168093,69.2338825850155,68.95757229695229,68.9871826171875,8127800
2026-01-02 00:00:00-05:00,KO,Coca-Cola,68.92797078737598,68.94771100123326,68.0694597017261,68.20761108398438,12151300
2026-01-05 00:00:00-05:00,KO,Coca-Cola,68.01024198336809,68.01024198336809,67.02344216052634,67.04318237304688,21186600
2026-01-06 00:00:00-05:00,KO,Coca-Cola,67.11225784593513,67.34908769463168,66.69779619985977,66.94449615478516,21019900
2026-01-07 00:00:00-05:00,KO,Coca-Cola,67.0925249735506,67.17147077464801,66.38202782104587,66.64846801757812,20223400
2026-01-08 00:00:00-05:00,KO,Coca-Cola,66.64846947164689,68.54312356720452,66.55965356130312,68.45431518554688,19237000
2026-01-09 00:00:00-05:00,KO,Coca-Cola,68.51351610046417,69.72728326780512,68.20761054625903,69.57926177978516,19638600
2026-01-12 00:00:00-05:00,KO,Coca-Cola,69.96411846121707,70.03319415706375,69.31282687578879,69.56939697265625,20582500
2026-01-13 00:00:00-05:00,KO,Coca-Cola,69.49045352040655,70.29962921142578,69.34243201610218,70.29962921142578,18324800
2026-01-14 00:00:00-05:00,KO,Coca-Cola,70.230546203407,70.76341904622764,69.87529764152659,70.49698638916016,16739100
2026-01-15 00:00:00-05:00,KO,Coca-Cola,70.64500068317753,70.65487079013353,69.441111138545,69.5496597290039,15464100
2026-01-16 00:00:00-05:00,KO,Coca-Cola,69.362163755484,69.80622068544412,69.11546378802049,69.51018524169922,20027500
2026-01-20 00:00:00-05:00,KO,Coca-Cola,69.07599472418063,70.83249738543434,68.86876764345041,70.80289459228516,22152200
2026-01-21 00:00:00-05:00,KO,Coca-Cola,71.02986070831885,71.28642326380957,69.89503930809639,71.05946350097656,21660600
2026-01-22 00:00:00-05:00,KO,Coca-Cola,70.88183752597381,71.08906459832171,70.49698617322974,70.92131042480469,13962800
2026-01-23 00:00:00-05:00,KO,Coca-Cola,71.06932783504202,72.0956006684145,70.83249795924407,71.91797637939453,18307100
2026-01-26 00:00:00-05:00,KO,Coca-Cola,71.89824637142958,72.33244076713704,71.58247068237496,71.60220336914062,14017400
2026-01-27 00:00:00-05:00,KO,Coca-Cola,71.48378364275746,72.58899465793839,71.31602194622288,72.57913208007812,13239200
2026-01-28 00:00:00-05:00,KO,Coca-Cola,72.24361780016629,72.64820936187252,71.61206648372996,72.09559631347656,14633700
2026-01-29 00:00:00-05:00,KO,Coca-Cola,72.21401627497787,73.11200026025516,72.17454337592267,72.4607162475586,20862100
2026-01-30 00:00:00-05:00,KO,Coca-Cola,72.7370236927637,73.91131804699124,72.56926950749867,73.82250213623047,26420500
2026-02-02 00:00:00-05:00,KO,Coca-Cola,74.01986427962527,74.70075110650464,73.41791572472846,74.33563995361328,19301500
2026-02-03 00:00:00-05:00,KO,Coca-Cola,74.27642718447655,76.47699433406568,74.13827579700666,75.87504577636719,27007100
2026-02-04 00:00:00-05:00,KO,Coca-Cola,76.25002606276702,77.07894190566772,76.06253919856275,76.32897186279297,28607300
2026-02-05 00:00:00-05:00,KO,Coca-Cola,76.79276898046798,77.81904179412463,76.56580168770265,77.47366333007812,21633500
2026-02-06 00:00:00-05:00,KO,Coca-Cola,77.46379836310241,78.15455533703133,77.22696847613912,77.98680114746094,18512400
2026-02-09 00:00:00-05:00,KO,Coca-Cola,77.63154517734705,78.06573953610142,76.51646401717456,76.94078826904297,23415600
2026-02-10 00:00:00-05:00,KO,Coca-Cola,75.61847252120707,76.48686123887099,75.00666141051002,75.79609680175781,28848200
2026-02-11 00:00:00-05:00,KO,Coca-Cola,75.86517247503785,78.00653394803875,75.56913702664558,77.56246948242188,22649700
2026-02-12 00:00:00-05:00,KO,Coca-Cola,77.93745878206704,79.34858292876153,77.74996439340934,77.95719146728516,26043500
2026-02-13 00:00:00-05:00,KO,Coca-Cola,77.41445116149315,78.35191560814155,77.09867548640923,77.64141845703125,16711900
2026-02-17 00:00:00-05:00,KO,Coca-Cola,77.94732051141658,78.58874193996218,77.70062054110562,78.50979614257812,16260200
2026-02-18 00:00:00-05:00,KO,Coca-Cola,78.45058971122995,78.78609805345862,77.87824397940815,78.44071960449219,16304900
2026-02-19 00:00:00-05:00,KO,Coca-Cola,78.41111307125654,78.6183401307477,77.55259451449156,77.86837768554688,14924700
2026-02-20 00:00:00-05:00,KO,Coca-Cola,78.28283975448566,78.78610229492188,77.8486453788755,78.78610229492188,17175100
2026-02-23 00:00:00-05:00,KO,Coca-Cola,78.47032449375682,79.78277016360019,78.45059180843931,79.49659729003906,17157700
2026-02-24 00:00:00-05:00,KO,Coca-Cola,79.47687094249291,80.01960641188997,78.79597655011308,79.65449523925781,16448500
2026-02-25 00:00:00-05:00,KO,Coca-Cola,79.33871544412028,79.62488832569855,78.50979959253391,79.40779113769531,18086900
2026-02-26 00:00:00-05:00,KO,Coca-Cola,79.68409316732277,79.82224455318176,78.96372591647007,79.43739318847656,12843200
2026-02-27 00:00:00-05:00,KO,Coca-Cola,79.8715797388387,80.9175851375349,79.753161050262,80.48339080810547,28483500
2026-03-02 00:00:00-05:00,KO,Coca-Cola,80.17748970098327,80.32551118770682,79.09201134615323,79.16108703613281,18137200
2026-03-03 00:00:00-05:00,KO,Coca-Cola,78.80584189357235,79.02293907968077,77.52299899130585,78.2927017211914,20549300
2026-03-04 00:00:00-05:00,KO,Coca-Cola,78.24337091745954,78.42099521409853,76.72369805258968,77.06907653808594,21011800
2026-03-05 00:00:00-05:00,KO,Coca-Cola,76.6546126312317,76.69408552866471,75.49018850735642,76.01319122314453,23165700
2026-03-06 00:00:00-05:00,KO,Coca-Cola,75.78623379649675,76.17108514740708,75.34216933327939,76.02306365966797,15516000
2026-03-09 00:00:00-04:00,KO,Coca-Cola,75.6086089906323,77.03946579521713,75.51979308713285,76.77303314208984,18554100
2026-03-10 00:00:00-04:00,KO,Coca-Cola,76.45726054519106,77.37498476510837,76.08227176002292,76.85197448730469,17243900
2026-03-11 00:00:00-04:00,KO,Coca-Cola,76.6842238186469,76.6842238186469,75.58887526317328,76.60527801513672,11546800
2026-03-12 00:00:00-04:00,KO,Coca-Cola,76.39804638147584,77.12828372746395,75.88491374656532,76.58554077148438,16842200
2026-03-13 00:00:00-04:00,KO,Coca-Cola,76.97304299165201,77.5493241995201,76.69484036177172,76.8438720703125,11974500
2026-03-16 00:00:00-04:00,KO,Coca-Cola,77.49963877532433,77.92688067691923,77.24130452354646,77.32079315185547,11761200
2026-03-17 00:00:00-04:00,KO,Coca-Cola,77.49964036226936,77.79771893430544,76.95316550702088,77.08233642578125,14900100
2026-03-18 00:00:00-04:00,KO,Coca-Cola,76.58553841167979,76.63521311651704,75.36342544980671,75.48265838623047,13134600
2026-03-19 00:00:00-04:00,KO,Coca-Cola,75.51247130772158,75.95958159249396,75.04548507491977,75.06536102294922,13023300
2026-03-20 00:00:00-04:00,KO,Coca-Cola,75.08522438882993,75.56214856387686,73.91279368814436,74.2704849243164,33298700
2026-03-23 00:00:00-04:00,KO,Coca-Cola,74.85670179768411,74.96599677096391,74.07177619751555,74.62818145751953,15054900
2026-03-24 00:00:00-04:00,KO,Coca-Cola,74.37978549776209,75.20446299780555,74.151257576135,74.19100189208984,15653700
2026-03-25 00:00:00-04:00,KO,Coca-Cola,74.11151075817682,75.16471614429118,73.59484982911259,74.76728057861328,14787900
2026-03-26 00:00:00-04:00,KO,Coca-Cola,74.70766903439187,75.2640742865408,74.17113214962554,74.21087646484375,11202100
2026-03-27 00:00:00-04:00,KO,Coca-Cola,74.34003695394449,75.56214996357933,74.22080401286095,75.22432708740234,17461000
2026-03-30 00:00:00-04:00,KO,Coca-Cola,75.4429159104272,76.50605164961281,75.23426395194622,75.78073120117188,18502800
2026-03-31 00:00:00-04:00,KO,Coca-Cola,76.03906564550054,76.5259202165659,75.02561219015698,75.56214904785156,18301800
2026-04-01 00:00:00-04:00,KO,Coca-Cola,75.6615077468629,75.87015971059611,74.77721760418045,75.59195709228516,15834300
2026-04-02 00:00:00-04:00,KO,Coca-Cola,76.08875055685873,76.46631017472605,75.6317023098237,76.22785186767578,14573400
2026-04-06 00:00:00-04:00,KO,Coca-Cola,76.14835873586692,76.78425257070258,75.73105482809088,76.72463989257812,8259900
2026-04-07 00:00:00-04:00,KO,Coca-Cola,76.70476805785233,77.10220362104153,75.14483972620837,75.42304992675781,12769200
2026-04-08 00:00:00-04:00,KO,Coca-Cola,75.32368772647273,76.87368571375517,74.83683312594741,76.79419708251953,12331300
2026-04-09 00:00:00-04:00,KO,Coca-Cola,76.15829809226068,77.78777702117893,75.88009548202379,77.67848205566406,14311000
2026-04-10 00:00:00-04:00,KO,Coca-Cola,77.47976823541833,77.66854424679165,76.81406046756733,76.97303771972656,11081400
2026-04-13 00:00:00-04:00,KO,Coca-Cola,76.82400413323315,76.95316747484344,75.34356436995671,75.91984558105469,12696200
2026-04-14 00:00:00-04:00,KO,Coca-Cola,75.48265947782349,76.12849129366677,75.31375183411984,75.4131088256836,12397600
2026-04-15 00:00:00-04:00,KO,Coca-Cola,75.25413092050265,75.25413092050265,74.24067748663992,74.82688903808594,16212100
2026-04-16 00:00:00-04:00,KO,Coca-Cola,74.54869173119597,75.35349326766206,74.41952839214989,74.6977310180664,11501900
2026-04-17 00:00:00-04:00,KO,Coca-Cola,74.46920197461165,75.57208206813982,74.32017027044805,75.25413513183594,15033900
2026-04-20 00:00:00-04:00,KO,Coca-Cola,75.33361911555104,75.73105465653612,74.87657089657657,74.99580383300781,10141800
2026-04-21 00:00:00-04:00,KO,Coca-Cola,74.99580503568177,75.04547974131874,74.14132126201923,74.2208023071289,11806900
2026-04-22 00:00:00-04:00,KO,Coca-Cola,74.4195249666911,74.89644156618083,74.0717717003022,74.15125274658203,9352300
2026-04-23 00:00:00-04:00,KO,Coca-Cola,74.95606443388003,76.16823950213326,74.67786181109135,75.7906723022461,12060300
2026-04-24 00:00:00-04:00,KO,Coca-Cola,76.21791636612102,76.515994944942,75.68137947251515,76.138427734375,12008700
2026-04-27 00:00:00-04:00,KO,Coca-Cola,76.21791205760562,76.21791205760562,74.91631800326823,74.95606231689453,15812200
2026-04-28 00:00:00-04:00,KO,Coca-Cola,79.00988194129084,79.80475303460555,77.5791245859579,77.8473892211914,30710700
2026-04-29 00:00:00-04:00,KO,Coca-Cola,77.86726689898849,78.77142539679481,77.68842127803904,78.36405944824219,18294700
2026-04-30 00:00:00-04:00,KO,Coca-Cola,78.29451268715263,78.61245963126434,77.82752645476445,78.25476837158203,15142200
2026-05-01 00:00:00-04:00,KO,Coca-Cola,78.78136462651507,79.12911790044723,77.5393832335768,78.07592010498047,12610400
2026-05-04 00:00:00-04:00,KO,Coca-Cola,77.5592522393189,78.26469676666424,77.23137491002663,77.68842315673828,12672400
2026-05-05 00:00:00-04:00,KO,Coca-Cola,77.68842190943671,78.2746334837031,77.24130406320289,77.9765625,11637500
2026-05-06 00:00:00-04:00,KO,Coca-Cola,78.27463052273052,78.82110534286001,78.0659785678954,78.72174835205078,14060300
2026-05-07 00:00:00-04:00,KO,Coca-Cola,78.2845711261052,78.64226236939791,77.59899497971874,77.9268798828125,16531400
2026-05-08 00:00:00-04:00,KO,Coca-Cola,78.06597805720338,78.69193391761387,77.61886781126051,77.91693878173828,12447200
2026-05-11 00:00:00-04:00,KO,Coca-Cola,77.6586181965025,78.22496142319731,77.3406636744042,78.15541076660156,10967900
2026-05-12 00:00:00-04:00,KO,Coca-Cola,78.49322534922855,79.80475741893426,77.777842842034,79.51661682128906,19883100
2026-05-13 00:00:00-04:00,KO,Coca-Cola,79.3576425036781,80.51019724643862,79.32782858391015,79.7451400756836,12357000
2026-05-14 00:00:00-04:00,KO,Coca-Cola,80.2121320219049,80.40090804458362,79.39739250692739,79.93392181396484,10642000
2026-05-15 00:00:00-04:00,KO,Coca-Cola,80.83808871150025,80.83808871150025,79.93392258301539,80.30155181884766,17527200
2026-05-18 00:00:00-04:00,KO,Coca-Cola,80.35123034180992,80.86789126211345,79.8743061549928,80.67910766601562,12375500
2026-05-19 00:00:00-04:00,KO,Coca-Cola,80.88777013797514,82.1297515668438,80.73873085042028,81.39449310302734,16595200
2026-05-20 00:00:00-04:00,KO,Coca-Cola,81.64288865926339,81.8714165755325,80.99705680593205,81.02687072753906,16999700
2026-05-21 00:00:00-04:00,KO,Coca-Cola,81.26532510394343,81.27526307733143,80.20218936500615,80.64929962158203,15708400
2026-05-22 00:00:00-04:00,KO,Coca-Cola,80.65924259051201,81.15603516434358,80.40090832959272,80.95732116699219,8240200
2026-05-26 00:00:00-04:00,KO,Coca-Cola,80.32141489019156,81.07654167973828,79.72526535337158,79.94385528564453,13004200
2026-05-27 00:00:00-04:00,KO,Coca-Cola,80.57975178021998,81.98071043915546,80.28168079225381,81.09642028808594,13209600
2026-05-28 00:00:00-04:00,KO,Coca-Cola,80.7983387830763,81.23551864608098,79.82462206468935,79.89418029785156,14691400
2026-05-29 00:00:00-04:00,KO,Coca-Cola,79.52654997942535,79.8146905596223,78.40380157834277,78.50315856933594,32477000
2026-06-01 00:00:00-04:00,KO,Coca-Cola,78.07592351013162,78.69194145640577,77.92688422038836,78.13553619384766,12776300
2026-06-02 00:00:00-04:00,KO,Coca-Cola,78.37399157852226,78.69193851387408,77.74803568155077,77.90701293945312,12533200
2026-06-03 00:00:00-04:00,KO,Coca-Cola,77.78778213919385,78.52303302611722,77.60893650935269,78.25476837158203,14964300
2026-06-04 00:00:00-04:00,KO,Coca-Cola,79.26822055124178,79.52655480787077,76.31727149881779,76.32720947265625,19361600
2026-06-05 00:00:00-04:00,KO,Coca-Cola,77.01278234173839,80.222057932939,76.98297600195211,78.97014617919922,25708100
2026-06-08 00:00:00-04:00,KO,Coca-Cola,78.80123435242527,79.41725986290979,78.59258238446752,79.0297622680664,12828900
2026-06-09 00:00:00-04:00,KO,Coca-Cola,79.03969616429994,81.235518281949,78.87078093951726,80.81820678710938,20591600
2026-06-10 00:00:00-04:00,KO,Coca-Cola,82.14961350503755,83.3121062121698,81.59320829419526,83.05377197265625,20880500
2026-06-11 00:00:00-04:00,KO,Coca-Cola,83.38166256276116,83.50089550771385,81.96083551900014,82.00057983398438,14264500
2026-06-12 00:00:00-04:00,KO,Coca-Cola,82.17942298796885,82.35826860978896,81.34481513977678,82.09000396728516,11757700
2026-06-15 00:00:00-04:00,KO,Coca-Cola,81.08000183105469,81.19999694824219,80.25,80.91000366210938,20055200
2026-06-16 00:00:00-04:00,KO,Coca-Cola,81.1500015258789,81.38999938964844,79.83999633789062,80.27999877929688,17565100
2026-06-17 00:00:00-04:00,KO,Coca-Cola,79.94999694824219,80.33000183105469,78.98999786376953,79.93000030517578,17055400
2026-06-18 00:00:00-04:00,KO,Coca-Cola,79.87000274658203,80.01000213623047,78.73999786376953,79.38999938964844,46857900
2026-06-22 00:00:00-04:00,KO,Coca-Cola,79.25,80.05999755859375,79.05999755859375,79.52999877929688,21205900
2026-06-23 00:00:00-04:00,KO,Coca-Cola,81.33000183105469,81.33000183105469,79.83000183105469,80.30999755859375,16854000
2026-06-24 00:00:00-04:00,KO,Coca-Cola,80.88999938964844,81.58000183105469,80.55999755859375,80.5999984741211,20632600
2026-06-25 00:00:00-04:00,KO,Coca-Cola,80.52999877929688,81.37999725341797,79.97000122070312,80.41999816894531,16021400
2026-06-26 00:00:00-04:00,KO,Coca-Cola,80.95999908447266,82.80999755859375,80.69999694824219,82.62999725341797,53357500
2026-06-29 00:00:00-04:00,KO,Coca-Cola,82.83000183105469,83.62000274658203,82.20999908447266,82.6500015258789,15015800
2026-06-30 00:00:00-04:00,KO,Coca-Cola,82.5,82.54000091552734,81.01000213623047,81.2699966430664,16422100
2026-07-01 00:00:00-04:00,KO,Coca-Cola,81.69999694824219,81.9800033569336,80.95999908447266,81.29000091552734,21734800
2026-07-02 00:00:00-04:00,KO,Coca-Cola,81.62999725341797,84.13999938964844,81.4000015258789,84.13999938964844,18308400
2026-07-06 00:00:00-04:00,KO,Coca-Cola,84.0999984741211,84.55999755859375,82.31999969482422,82.95999908447266,18992600
2026-07-07 00:00:00-04:00,KO,Coca-Cola,84.5999984741211,85.68000030517578,83.63999938964844,84.05000305175781,17835200
2026-07-08 00:00:00-04:00,KO,Coca-Cola,84.16999816894531,84.83000183105469,83.2699966430664,83.4000015258789,14160000
2026-07-09 00:00:00-04:00,KO,Coca-Cola,82.08999633789062,82.81999969482422,81.70999908447266,82.62999725341797,15782500
2026-07-10 00:00:00-04:00,KO,Coca-Cola,82.7300033569336,83.73999786376953,82.41000366210938,83.48999786376953,10694600
2026-07-13 00:00:00-04:00,KO,Coca-Cola,83.9000015258789,84.68000030517578,83.66999816894531,84.25,12085800
2026-07-14 00:00:00-04:00,KO,Coca-Cola,84.16999816894531,84.62999725341797,83.08000183105469,83.08000183105469,13775400
2026-07-15 00:00:00-04:00,KO,Coca-Cola,82.93000030517578,83.23999786376953,82.2300033569336,82.44999694824219,18383800
2026-07-16 00:00:00-04:00,KO,Coca-Cola,83.5,84.94999694824219,83.27999877929688,84.91999816894531,17889900
2026-07-17 00:00:00-04:00,KO,Coca-Cola,85.37000274658203,85.55999755859375,80.83000183105469,81.55999755859375,32903000
2026-07-20 00:00:00-04:00,KO,Coca-Cola,81.55000305175781,82.37000274658203,81.30000305175781,82.12000274658203,14967200
2026-07-21 00:00:00-04:00,KO,Coca-Cola,81.97000122070312,82.4000015258789,81.31999969482422,81.97000122070312,12949400
2026-07-22 00:00:00-04:00,KO,Coca-Cola,82.8499984741211,82.91999816894531,81.95999908447266,82.19999694824219,11701300
2026-07-23 00:00:00-04:00,KO,Coca-Cola,81.66999816894531,81.87000274658203,80.87999725341797,81.16999816894531,13755600
2026-07-24 00:00:00-04:00,KO,Coca-Cola,81.56999969482422,82.33000183105469,80.9000015258789,82.25,11980400
2026-07-27 00:00:00-04:00,KO,Coca-Cola,83.08000183105469,84.13999938964844,82.5,84.06999969482422,19937600
2026-07-28 00:00:00-04:00,KO,Coca-Cola,88.30000305175781,90.22000122070312,86.25,88.2699966430664,34982900
2026-07-29 00:00:00-04:00,KO,Coca-Cola,88.6500015258789,90.91999816894531,88.63999938964844,89.08000183105469,21711700
2026-07-30 00:00:00-04:00,KO,Coca-Cola,87.62999725341797,88.63999938964844,87.20999908447266,88.48999786376953,17616100
2026-07-31 00:00:00-04:00,KO,Coca-Cola,87.66000366210938,88.0,86.81999969482422,87.58999633789062,14725900
2026-08-03 00:00:00-04:00,KO,Coca-Cola,88.4800033569336,88.4800033569336,86.62999725341797,86.86000061035156,23197100
2026-08-04 00:00:00-04:00,KO,Coca-Cola,85.79000091552734,86.68000030517578,85.16000366210938,86.55999755859375,17085700
2026-08-05 00:00:00-04:00,KO,Coca-Cola,87.05000305175781,87.1500015258789,86.19000244140625,86.83000183105469,15868600
2026-08-06 00:00:00-04:00,KO,Coca-Cola,87.86000061035156,87.97000122070312,86.41999816894531,86.8499984741211,13568500
2026-08-07 00:00:00-04:00,KO,Coca-Cola,86.51000213623047,87.16999816894531,86.19000244140625,87.05000305175781,11221700
2026-08-10 00:00:00-04:00,KO,Coca-Cola,87.11000061035156,87.52999877929688,86.43000030517578,86.87000274658203,13710800
2026-08-11 00:00:00-04:00,KO,Coca-Cola,86.62000274658203,87.05000305175781,86.11000061035156,86.4800033569336,16018000
2026-08-12 00:00:00-04:00,KO,Coca-Cola,85.77999877929688,87.29000091552734,85.66000366210938,86.70999908447266,12651900
2026-08-13 00:00:00-04:00,KO,Coca-Cola,87.13999938964844,87.75,86.91000366210938,87.41999816894531,10140600
2026-08-14 00:00:00-04:00,KO,Coca-Cola,87.30000305175781,87.97000122070312,87.19999694824219,87.70999908447266,9166400
2026-08-17 00:00:00-04:00,KO,Coca-Cola,87.30000305175781,88.0199966430664,86.8499984741211,86.9800033569336,12056400
2026-08-18 00:00:00-04:00,KO,Coca-Cola,,,,,12497327
2023-08-21 00:00:00-04:00,VTI,Vanguard Total Stock Market (ETF),209.00736894439126,210.22827441269885,207.99794724559698,209.8245086669922,2755400
2023-08-22 00:00:00-04:00,VTI,Vanguard Total Stock Market (ETF),210.74742642522304,210.74742642522304,208.97854361032017,209.26693725585938,2891900
2023-08-23 00:00:00-04:00,VTI,Vanguard Total Stock Market (ETF),209.65146047169196,211.88178751092627,209.65146047169196,211.554931640625,2560200
2023-08-24 00:00:00-04:00,VTI,Vanguard Total Stock Market (ETF),212.17022648778493,212.59322340187296,208.6901395166987,208.71897888183594,3099400
2023-08-25 00:00:00-04:00,VTI,Vanguard Total Stock Market (ETF),209.55532933480146,210.76664122844258,207.69992856998715,210.14175415039062,3631000
2023-08-28 00:00:00-04:00,VTI,Vanguard Total Stock Market (ETF),211.0838746665243,211.8048880140628,210.63203846187582,211.48764038085938,2364700
2023-08-29 00:00:00-04:00,VTI,Vanguard Total Stock Market (ETF),211.43957361603245,214.6889451869561,211.30498504221603,214.56396484375,3160300
2023-08-30 00:00:00-04:00,VTI,Vanguard Total Stock Market (ETF),214.62165173436173,215.82334071383744,214.4293844314566,215.5157012939453,2420800
2023-08-31 00:00:00-04:00,VTI,Vanguard Total Stock Market (ETF),215.82335802103717,216.47706983714772,215.227324933518,215.28500366210938,3044000
2023-09-01 00:00:00-04:00,VTI,Vanguard Total Stock Market (ETF),216.6308636850365,217.05386053625875,215.30420907872187,215.99636840820312,3047600
2023-09-05 00:00:00-04:00,VTI,Vanguard Total Stock Market (ETF),215.5926170118391,215.9579351656319,214.6504969336451,214.7081756591797,2531500
2023-09-06 00:00:00-04:00,VTI,Vanguard Total Stock Market (ETF),214.37174179277605,214.55438622639483,212.21830949820765,213.36231994628906,2473700
2023-09-07 00:00:00-04:00,VTI,Vanguard Total Stock Market (ETF),211.8625683984055,212.93927697842025,211.5741601233146,212.6316375732422,2964700
2023-09-08 00:00:00-04:00,VTI,Vanguard Total Stock Market (ETF),212.66049019976256,213.59298730155214,212.43936887785446,212.86236572265625,2244400
2023-09-11 00:00:00-04:00,VTI,Vanguard Total Stock Market (ETF),214.0544268683213,214.4197302898989,213.37186117304657,214.19862365722656,2087900
2023-09-12 00:00:00-04:00,VTI,Vanguard Total Stock Market (ETF),213.554542621597,214.35246583170317,212.8912079849392,213.16038513183594,2448500
2023-09-13 00:00:00-04:00,VTI,Vanguard Total Stock Market (ETF),213.2180941256432,213.70839266707353,212.55477406386314,213.1892547607422,1990000
2023-09-14 00:00:00-04:00,VTI,Vanguard Total Stock Market (ETF),214.23714640498375,215.32346341592236,213.7468478461611,215.01583862304688,2002400
2023-09-15 00:00:00-04:00,VTI,Vanguard Total Stock Market (ETF),214.2755865041765,214.30442586909123,212.22790358089048,212.4874725341797,2639200
2023-09-18 00:00:00-04:00,VTI,Vanguard Total Stock Market (ETF),212.37207952073115,213.1219322210927,212.02599253063707,212.5066680908203,2259600
2023-09-19 00:00:00-04:00,VTI,Vanguard Total Stock Market (ETF),212.08368019912015,212.33362622010182,210.6993321803349,211.96832275390625,2977800
2023-09-20 00:00:00-04:00,VTI,Vanguard Total Stock Market (ETF),212.5835997707607,212.92968679639418,210.00717087569925,210.09368896484375,2448400
2023-09-21 00:00:00-04:00,VTI,Vanguard Total Stock Market (ETF),208.76023060897876,208.81812071866943,206.46382477248025,206.56996154785156,4190400
2023-09-22 00:00:00-04:00,VTI,Vanguard Total Stock Market (ETF),207.13923563457422,207.73746779288834,205.9041975415873,206.13577270507812,3261300
2023-09-25 00:00:00-04:00,VTI,Vanguard Total Stock Market (ETF),205.66297457066077,206.96556091308594,205.27703069584632,206.96556091308594,3440000
2023-09-26 00:00:00-04:00,VTI,Vanguard Total Stock Market (ETF),205.57615258980366,205.9331514330403,203.59815697820684,203.98411560058594,4371900
2023-09-27 00:00:00-04:00,VTI,Vanguard Total Stock Market (ETF),204.66919025222379,204.99725879724875,202.4692773978182,204.1964111328125,4407300
2023-09-28 00:00:00-04:00,VTI,Vanguard Total Stock Market (ETF),203.99376218109035,206.35770172859114,203.72359850267975,205.54721069335938,2952400
2023-09-29 00:00:00-04:00,VTI,Vanguard Total Stock Market (ETF),207.01380523416432,207.12958545073468,204.35074247052665,204.948974609375,4441400
2023-10-02 00:00:00-04:00,VTI,Vanguard Total Stock Market (ETF),204.74635130332604,205.37352851713368,203.3376428789136,204.67881774902344,4358100
2023-10-03 00:00:00-04:00,VTI,Vanguard Total Stock Market (ETF),203.58851831065607,204.2542840674174,201.01230517744403,201.70701599121094,4389100
2023-10-04 00:00:00-04:00,VTI,Vanguard Total Stock Market (ETF),201.88068610447866,203.48238129678265,201.07983850832665,203.16397094726562,3045400
2023-10-05 00:00:00-04:00,VTI,Vanguard Total Stock Market (ETF),202.99025149185505,203.4533870141802,201.44644678702082,203.0577850341797,2679700
2023-10-06 00:00:00-04:00,VTI,Vanguard Total Stock Market (ETF),201.71667097479408,206.27088002652982,201.24389186811405,205.4796905517578,3666300
2023-10-09 00:00:00-04:00,VTI,Vanguard Total Stock Market (ETF),204.46654891235193,207.1102954915342,204.3218089106816,206.77259826660156,2869700
2023-10-10 00:00:00-04:00,VTI,Vanguard Total Stock Market (ETF),207.062043016321,209.3294889228417,207.0330979634201,208.0558624267578,3494600
2023-10-11 00:00:00-04:00,VTI,Vanguard Total Stock Market (ETF),208.6058739025991,209.0207776132479,207.332247157732,208.87603759765625,3033000
2023-10-12 00:00:00-04:00,VTI,Vanguard Total Stock Market (ETF),209.02077105934114,209.1076062322831,206.02965417137347,207.19715881347656,3244200
2023-10-13 00:00:00-04:00,VTI,Vanguard Total Stock Market (ETF),207.95938139752798,208.42251699414018,205.27703170280884,206.02963256835938,3267700
2023-10-16 00:00:00-04:00,VTI,Vanguard Total Stock Market (ETF),207.1874626345934,208.85670584103437,207.0234357637458,208.42250061035156,3361600
2023-10-17 00:00:00-04:00,VTI,Vanguard Total Stock Market (ETF),206.84013081389688,209.74441232648746,206.64715886875976,208.69268798828125,3627700
2023-10-18 00:00:00-04:00,VTI,Vanguard Total Stock Market (ETF),207.55413773727983,208.05587655966883,205.12265006873432,205.60508728027344,3255000
2023-10-19 00:00:00-04:00,VTI,Vanguard Total Stock Market (ETF),205.90419619830917,206.82083867938738,203.28939475397164,203.6656951904297,4322700
2023-10-20 00:00:00-04:00,VTI,Vanguard Total Stock Market (ETF),203.45340320150532,203.63673168110697,201.06051896915915,201.14735412597656,4447600
2023-10-23 00:00:00-04:00,VTI,Vanguard Total Stock Market (ETF),200.3754646024938,202.59467866396935,199.40094676006296,200.59738159179688,5473000
2023-10-24 00:00:00-04:00,VTI,Vanguard Total Stock Market (ETF),201.72629977782913,202.8262560152924,200.8096573109305,202.11224365234375,3180900
2023-10-25 00:00:00-04:00,VTI,Vanguard Total Stock Market (ETF),201.128080078008,201.2149152467247,198.85097574271364,199.1114959716797,3454500
2023-10-26 00:00:00-04:00,VTI,Vanguard Total Stock Market (ETF),198.6869296117491,199.11147669256715,196.4773737701647,197.04664611816406,4133400
2023-10-27 00:00:00-04:00,VTI,Vanguard Total Stock Market (ETF),197.79925917645807,197.90539595322147,195.32918297849034,195.98529052734375,4290700
2023-10-30 00:00:00-04:00,VTI,Vanguard Total Stock Market (ETF),197.34576216895456,198.744827120802,196.60280474985183,198.24310302734375,3562700
2023-10-31 00:00:00-04:00,VTI,Vanguard Total Stock Market (ETF),198.40713926572616,199.7290125602587,197.6255933113583,199.52638244628906,3325300
2023-11-01 00:00:00-04:00,VTI,Vanguard Total Stock Market (ETF),199.8640963805966,201.87103703744063,199.6035761522809,201.523681640625,5789300
2023-11-02 00:00:00-04:00,VTI,Vanguard Total Stock Market (ETF),203.4437755271795,205.62438639666962,203.4437755271795,205.52789306640625,4111600
2023-11-03 00:00:00-04:00,VTI,Vanguard Total Stock Market (ETF),206.79190303432742,208.60585702252638,206.7436563663676,207.84361267089844,4217100
2023-11-06 00:00:00-05:00,VTI,Vanguard Total Stock Market (ETF),208.2488455024349,208.48042066085418,206.93661571702253,207.93043518066406,2915000
2023-11-07 00:00:00-05:00,VTI,Vanguard Total Stock Market (ETF),207.8146591086229,208.8953137571743,207.3515087825448,208.54795837402344,3194300
2023-11-08 00:00:00-05:00,VTI,Vanguard Total Stock Market (ETF),208.74092944640108,209.10758643898308,207.44800125114867,208.51901245117188,2813800
2023-11-09 00:00:00-05:00,VTI,Vanguard Total Stock Market (ETF),209.020741205827,209.1654664733931,206.54100698755377,206.74363708496094,2771200
2023-11-10 00:00:00-05:00,VTI,Vanguard Total Stock Market (ETF),207.54449005737854,209.9663195096631,206.91731286148885,209.82159423828125,3303400
2023-11-13 00:00:00-05:00,VTI,Vanguard Total Stock Market (ETF),209.1944281533898,210.2075492753179,208.74093598188688,209.6961669921875,2829400
2023-11-14 00:00:00-05:00,VTI,Vanguard Total Stock Market (ETF),212.76445406676,214.9547231329741,212.76445406676,214.3468475341797,4055100
2023-11-15 00:00:00-05:00,VTI,Vanguard Total Stock Market (ETF),215.03190113175413,215.93888538864408,214.4819156778813,214.8775177001953,2819200
2023-11-16 00:00:00-05:00,VTI,Vanguard Total Stock Market (ETF),214.49159998336404,215.0512289488537,213.8161907915028,214.73281860351562,2754500
2023-11-17 00:00:00-05:00,VTI,Vanguard Total Stock Market (ETF),215.04157240569933,215.5915579307509,214.60738183071015,215.2731475830078,3123700
2023-11-20 00:00:00-05:00,VTI,Vanguard Total Stock Market (ETF),215.27310697815648,217.33793740386892,215.16697021559497,216.8940887451172,2875600
2023-11-21 00:00:00-05:00,VTI,Vanguard Total Stock Market (ETF),216.37307500547922,216.54674532314812,215.75555600463255,216.30552673339844,2513800
2023-11-22 00:00:00-05:00,VTI,Vanguard Total Stock Market (ETF),216.95201967788265,217.83004421257135,216.64325279588837,217.23182678222656,2880400
2023-11-24 00:00:00-05:00,VTI,Vanguard Total Stock Market (ETF),217.13535615549023,217.5213147983405,217.10641109762855,217.4634246826172,1219500
2023-11-27 00:00:00-05:00,VTI,Vanguard Total Stock Market (ETF),217.21253880665205,217.6081408779849,216.87484157143948,217.18359375,2410000
2023-11-28 00:00:00-05:00,VTI,Vanguard Total Stock Market (ETF),216.87484578374105,217.97480212633147,216.56607887636724,217.3186798095703,2761900
2023-11-29 00:00:00-05:00,VTI,Vanguard Total Stock Market (ETF),218.4282515879821,219.20979742550318,217.2028570886467,217.41513061523438,2653700
2023-11-30 00:00:00-05:00,VTI,Vanguard Total Stock Market (ETF),217.80111769064635,218.43793839683576,216.92309308124567,218.3125,3148000
2023-12-01 00:00:00-05:00,VTI,Vanguard Total Stock Market (ETF),218.0520065569227,220.30980948807195,217.66604790021938,220.15542602539062,4078700
2023-12-04 00:00:00-05:00,VTI,Vanguard Total Stock Market (ETF),218.6212545874493,219.4413890360337,218.13881736258233,219.3642120361328,3837800
2023-12-05 00:00:00-05:00,VTI,Vanguard Total Stock Market (ETF),218.62127164683977,219.4607077723099,218.264272783882,218.93968200683594,3019000
2023-12-06 00:00:00-05:00,VTI,Vanguard Total Stock Market (ETF),219.88525616157366,220.1457764071913,217.94586365552826,218.01339721679688,3172900
2023-12-07 00:00:00-05:00,VTI,Vanguard Total Stock Market (ETF),219.01686863482888,220.03963325188494,218.74670495193922,219.7598114013672,2724300
2023-12-08 00:00:00-05:00,VTI,Vanguard Total Stock Market (ETF),219.3738552089618,221.04308388254756,219.28702004206895,220.8115234375,2741500
2023-12-11 00:00:00-05:00,VTI,Vanguard Total Stock Market (ETF),220.6571223668698,221.75707856143177,220.48343732414187,221.71847534179688,3076600
2023-12-12 00:00:00-05:00,VTI,Vanguard Total Stock Market (ETF),221.52549973599096,222.67370257463557,220.9176389035665,222.55792236328125,3214900
2023-12-13 00:00:00-05:00,VTI,Vanguard Total Stock Market (ETF),222.66407632269795,226.1955055469871,222.451802770283,226.01219177246094,4231100
2023-12-14 00:00:00-05:00,VTI,Vanguard Total Stock Market (ETF),227.3823080917239,228.26999078647123,225.96394152435175,227.35336303710938,5014500
2023-12-15 00:00:00-05:00,VTI,Vanguard Total Stock Market (ETF),226.54286261074475,227.65247704710922,226.38849389014715,227.0446014404297,4298600
2023-12-18 00:00:00-05:00,VTI,Vanguard Total Stock Market (ETF),227.57528591173707,228.5015718517869,227.53669741219213,228.02877807617188,3855100
2023-12-19 00:00:00-05:00,VTI,Vanguard Total Stock Market (ETF),228.40505470729343,229.73658600642202,228.40505470729343,229.69798278808594,3731700
2023-12-20 00:00:00-05:00,VTI,Vanguard Total Stock Market (ETF),229.38924472591654,230.30587245963412,226.2051562673264,226.27268981933594,5149700
2023-12-21 00:00:00-05:00,VTI,Vanguard Total Stock Market (ETF),227.79601953343266,228.85224220292176,226.80762021675798,228.77471923828125,4427000
2023-12-22 00:00:00-05:00,VTI,Vanguard Total Stock Market (ETF),229.25923527361994,230.16042683361084,228.33867406123787,229.29800415039062,3662400
2023-12-26 00:00:00-05:00,VTI,Vanguard Total Stock Market (ETF),229.63713291073174,230.9259244237528,229.520855861314,230.43173217773438,3829400
2023-12-27 00:00:00-05:00,VTI,Vanguard Total Stock Market (ETF),230.62552888596045,231.05189777571016,230.11195221039634,230.86778259277344,5103700
2023-12-28 00:00:00-05:00,VTI,Vanguard Total Stock Market (ETF),230.8678182033832,231.34264086493394,230.7515411376953,230.7515411376953,4099400
2023-12-29 00:00:00-05:00,VTI,Vanguard Total Stock Market (ETF),230.7611664569862,231.08094309116063,229.15259846180263,229.8696746826172,4188800
2024-01-02 00:00:00-05:00,VTI,Vanguard Total Stock Market (ETF),228.34834914375216,229.18170252683208,227.49562610910758,228.3289794921875,4847600
2024-01-03 00:00:00-05:00,VTI,Vanguard Total Stock Market (ETF),227.2630530916477,227.46655271733147,225.88705376986053,226.1389923095703,3925500
2024-01-04 00:00:00-05:00,VTI,Vanguard Total Stock Market (ETF),226.03236389292692,227.2824011377071,225.45096394376552,225.55755615234375,3681900
2024-01-05 00:00:00-05:00,VTI,Vanguard Total Stock Market (ETF),225.489744068411,227.12738146843404,225.19903666726026,225.896728515625,3305500
2024-01-08 00:00:00-05:00,VTI,Vanguard Total Stock Market (ETF),226.04210544927525,229.2301579021865,226.0324058374285,229.12356567382812,4156600
2024-01-09 00:00:00-05:00,VTI,Vanguard Total Stock Market (ETF),227.86380556258464,229.23011986683616,227.46652076461768,228.69715881347656,4524800
2024-01-10 00:00:00-05:00,VTI,Vanguard Total Stock Market (ETF),228.8037722417517,230.29606332954276,228.48399558008217,229.87937927246094,3343400
2024-01-11 00:00:00-05:00,VTI,Vanguard Total Stock Market (ETF),230.16037311093467,230.48983455661354,227.64092900470513,229.7243194580078,3375600
2024-01-12 00:00:00-05:00,VTI,Vanguard Total Stock Market (ETF),230.60613015695773,230.98404532472406,229.09446948589246,229.76309204101562,3053400
2024-01-16 00:00:00-05:00,VTI,Vanguard Total Stock Market (ETF),228.96848175227942,229.5692809333353,227.81536665536294,228.69715881347656,3646700
2024-01-17 00:00:00-05:00,VTI,Vanguard Total Stock Market (ETF),227.14676668128544,227.59250521671342,226.19712151521375,227.32118225097656,3336600
2024-01-18 00:00:00-05:00,VTI,Vanguard Total Stock Market (ETF),228.33864240925342,229.61774901748242,227.3502431925303,229.32704162597656,3509900
2024-01-19 00:00:00-05:00,VTI,Vanguard Total Stock Market (ETF),230.02473712844255,232.3116126396596,229.42393790012792,232.1177978515625,3850800
2024-01-22 00:00:00-05:00,VTI,Vanguard Total Stock Market (ETF),233.08681096224842,233.92016427266438,232.61200317842489,233.12557983398438,3952700
2024-01-23 00:00:00-05:00,VTI,Vanguard Total Stock Market (ETF),233.55194091796875,233.69728721715052,232.62168024523015,233.55194091796875,3015300
2024-01-24 00:00:00-05:00,VTI,Vanguard Total Stock Market (ETF),235.14113615503987,235.3446209839558,233.38722172356145,233.51318359375,3003000
2024-01-25 00:00:00-05:00,VTI,Vanguard Total Stock Market (ETF),234.68568411787967,235.0442148430215,233.6003923319422,234.81166076660156,2993900
2024-01-26 00:00:00-05:00,VTI,Vanguard Total Stock Market (ETF),234.80198933543093,235.48999639472373,234.23995893997892,234.6178741455078,2858200
2024-01-29 00:00:00-05:00,VTI,Vanguard Total Stock Market (ETF),234.83101980570257,236.7690492135951,234.62753499802878,236.7496795654297,3463400
2024-01-30 00:00:00-05:00,VTI,Vanguard Total Stock Market (ETF),236.50744962024132,236.75938814558975,236.02294221965346,236.42022705078125,3098900
2024-01-31 00:00:00-05:00,VTI,Vanguard Total Stock Market (ETF),235.31555144458068,235.70316623775946,232.427891468863,232.4375762939453,3884500
2024-02-01 00:00:00-05:00,VTI,Vanguard Total Stock Market (ETF),233.43566048416858,235.5675048828125,232.60230716087847,235.5675048828125,3986800
2024-02-02 00:00:00-05:00,VTI,Vanguard Total Stock Market (ETF),235.43185422712554,238.38733768788455,235.17021607780828,237.5830535888672,3876600
2024-02-05 00:00:00-05:00,VTI,Vanguard Total Stock Market (ETF),237.24391457873918,237.39896050800382,235.2186770304482,236.45901489257812,3324800
2024-02-06 00:00:00-05:00,VTI,Vanguard Total Stock Market (ETF),236.9047448586126,237.42802115439085,236.34271447492154,237.26329040527344,2568400
2024-02-07 00:00:00-05:00,VTI,Vanguard Total Stock Market (ETF),238.37760785369468,239.4338302910754,237.7865083159512,239.13343811035156,2305700
2024-02-08 00:00:00-05:00,VTI,Vanguard Total Stock Market (ETF),239.16253325715164,239.8020865546294,238.87182586866248,239.7245635986328,2668200
2024-02-09 00:00:00-05:00,VTI,Vanguard Total Stock Market (ETF),240.07341356714204,241.4300283550418,239.8408446952197,241.18777465820312,2367700
2024-02-12 00:00:00-05:00,VTI,Vanguard Total Stock Market (ETF),241.32344172571712,242.58316393565022,241.0133646752986,241.42034912109375,2769700
2024-02-13 00:00:00-05:00,VTI,Vanguard Total Stock Market (ETF),237.99970835963552,238.68771532357775,235.80974039340987,237.553955078125,5832600
2024-02-14 00:00:00-05:00,VTI,Vanguard Total Stock Market (ETF),239.22067796354682,240.34473867557574,237.99972464351066,240.1800079345703,2606900
2024-02-15 00:00:00-05:00,VTI,Vanguard Total Stock Market (ETF),240.64513911831844,242.19556875932884,240.33506206171208,242.0308380126953,3181900
2024-02-16 00:00:00-05:00,VTI,Vanguard Total Stock Market (ETF),241.87578996230485,242.47657441956142,240.41258290615082,240.7614288330078,2909200
2024-02-20 00:00:00-05:00,VTI,Vanguard Total Stock Market (ETF),239.879639670081,240.07343969144242,238.1450947318107,239.24977111816406,3445100
2024-02-21 00:00:00-05:00,VTI,Vanguard Total Stock Market (ETF),238.42606470045686,239.33694086438103,237.53457297018804,239.2981719970703,2169900
2024-02-22 00:00:00-05:00,VTI,Vanguard Total Stock Market (ETF),242.21492475288886,244.39520786240988,241.87576368812248,244.0269775390625,3873000
2024-02-23 00:00:00-05:00,VTI,Vanguard Total Stock Market (ETF),244.6374799930851,245.0832185156076,243.73628855112844,244.1917266845703,2856000
2024-02-26 00:00:00-05:00,VTI,Vanguard Total Stock Market (ETF),244.21110682806972,244.61809125773829,243.41650761824633,243.4552764892578,2585800
2024-02-27 00:00:00-05:00,VTI,Vanguard Total Stock Market (ETF),243.98821435716897,244.28862134615963,243.17424552594701,244.13357543945312,2024600
2024-02-28 00:00:00-05:00,VTI,Vanguard Total Stock Market (ETF),243.31959336532861,244.15294658603068,243.19361672473704,243.72657775878906,2192200
2024-02-29 00:00:00-05:00,VTI,Vanguard Total Stock Market (ETF),244.85066153285106,245.45146078532645,243.33900075525472,244.75376892089844,2610400
2024-03-01 00:00:00-05:00,VTI,Vanguard Total Stock Market (ETF),245.19950863700004,247.1666223655482,244.85066270311873,247.0018768310547,3693800
2024-03-04 00:00:00-05:00,VTI,Vanguard Total Stock Market (ETF),246.88557442611506,247.66078917579,246.64332074096612,246.7595977783203,4966800
2024-03-05 00:00:00-05:00,VTI,Vanguard Total Stock Market (ETF),245.81967152155326,245.99410187721753,243.13551112610028,244.14328002929688,3134800
2024-03-06 00:00:00-05:00,VTI,Vanguard Total Stock Market (ETF),246.0037969767151,246.6239658936587,244.850666931306,245.58712768554688,2501700
2024-03-07 00:00:00-05:00,VTI,Vanguard Total Stock Market (ETF),247.09879897334247,248.42634465199492,246.75963784466776,247.98060607910156,2940900
2024-03-08 00:00:00-05:00,VTI,Vanguard Total Stock Market (ETF),248.47476133130397,249.72476899717284,246.16848683758232,246.54640197753906,3673500
2024-03-11 00:00:00-04:00,VTI,Vanguard Total Stock Market (ETF),246.02316275094506,246.46891605711838,244.87003279301084,246.14913940429688,3038700
2024-03-12 00:00:00-04:00,VTI,Vanguard Total Stock Market (ETF),247.08909877791066,248.78485995782285,245.7906076580914,248.5813751220703,4380100
2024-03-13 00:00:00-04:00,VTI,Vanguard Total Stock Market (ETF),248.62014673357424,248.91083935927904,247.55422448601283,248.2712860107422,2667400
2024-03-14 00:00:00-04:00,VTI,Vanguard Total Stock Market (ETF),248.73641892448043,248.91083449649588,245.8584436982826,247.3119659423828,3664100
2024-03-15 00:00:00-04:00,VTI,Vanguard Total Stock Market (ETF),245.7421321575221,246.75958575678655,244.87001006187867,245.84872436523438,3216800
2024-03-18 00:00:00-04:00,VTI,Vanguard Total Stock Market (ETF),247.66080049114464,248.27126975113745,246.91465496671768,247.09877014160156,3455400
2024-03-19 00:00:00-04:00,VTI,Vanguard Total Stock Market (ETF),246.54642542915246,248.60073204832483,246.29448690721375,248.52322387695312,2900200
2024-03-20 00:00:00-04:00,VTI,Vanguard Total Stock Market (ETF),248.5135347520192,251.16865549228888,248.25191139411794,251.0426788330078,2480800
2024-03-21 00:00:00-04:00,VTI,Vanguard Total Stock Market (ETF),252.57367567914338,252.9806748648775,251.98259090660446,252.07949829101562,3723200
2024-03-22 00:00:00-04:00,VTI,Vanguard Total Stock Market (ETF),252.04159303701604,252.29443178432894,251.21502993503185,251.37062072753906,2465300
2024-03-25 00:00:00-04:00,VTI,Vanguard Total Stock Market (ETF),250.98166914546977,251.3608976064876,250.68022124602388,250.806640625,2714400
2024-03-26 00:00:00-04:00,VTI,Vanguard Total Stock Market (ETF),251.66233822503762,251.69150964427195,250.1842701906487,250.3592987060547,2591500
2024-03-27 00:00:00-04:00,VTI,Vanguard Total Stock Market (ETF),251.98320769490675,252.68335130513464,250.89410200697546,252.56666564941406,4030200
2024-03-28 00:00:00-04:00,VTI,Vanguard Total Stock Market (ETF),252.63476193026517,253.39324851676415,252.5958864880212,252.7320098876953,2669100
2024-04-01 00:00:00-04:00,VTI,Vanguard Total Stock Market (ETF),253.14041709889187,253.1987599330192,251.54563383032541,252.5375213623047,3292300
2024-04-02 00:00:00-04:00,VTI,Vanguard Total Stock Market (ETF),250.39821601441122,250.39821601441122,249.1243478526438,250.20372009277344,3213400
2024-04-03 00:00:00-04:00,VTI,Vanguard Total Stock Market (ETF),249.64941796081482,251.3122479892876,249.5813414329595,250.59266662597656,3241600
2024-04-04 00:00:00-04:00,VTI,Vanguard Total Stock Market (ETF),252.48891268766607,252.81953201248692,247.4226114801677,247.58792114257812,3121300
2024-04-05 00:00:00-04:00,VTI,Vanguard Total Stock Market (ETF),248.0741187680311,251.07890847441394,247.96715195210217,250.08702087402344,4178500
2024-04-08 00:00:00-04:00,VTI,Vanguard Total Stock Market (ETF),250.68989028209376,251.02053923138263,250.0092140166263,250.3787384033203,3223800
2024-04-09 00:00:00-04:00,VTI,Vanguard Total Stock Market (ETF),251.2247812993013,251.37063840381174,248.35612964831296,250.7385711669922,2940600
2024-04-10 00:00:00-04:00,VTI,Vanguard Total Stock Market (ETF),247.69486797889166,248.97846973115546,246.91692887187915,247.93797302246094,3348900
2024-04-11 00:00:00-04:00,VTI,Vanguard Total Stock Market (ETF),248.6964587425427,250.33011750766568,246.8780377708501,249.62026977539062,3434200
2024-04-12 00:00:00-04:00,VTI,Vanguard Total Stock Market (ETF),248.22970633804542,248.58949706060886,245.20547895019013,246.02230834960938,3574400
2024-04-15 00:00:00-04:00,VTI,Vanguard Total Stock Market (ETF),247.96712951884163,248.17134427185078,242.38543271271507,242.99806213378906,4804300
2024-04-16 00:00:00-04:00,VTI,Vanguard Total Stock Market (ETF),242.99806815665448,243.73710212128643,241.6172333386046,242.2687530517578,3466800
2024-04-17 00:00:00-04:00,VTI,Vanguard Total Stock Market (ETF),243.53290337750067,244.00937975204423,240.16832314862583,240.84901428222656,2861400
2024-04-18 00:00:00-04:00,VTI,Vanguard Total Stock Market (ETF),241.47138046201357,242.648000542503,239.84742574273636,240.35308837890625,2991700
2024-04-19 00:00:00-04:00,VTI,Vanguard Total Stock Market (ETF),240.2558783065024,240.8587741133988,237.82482768133258,238.46661376953125,3469000
2024-04-22 00:00:00-04:00,VTI,Vanguard Total Stock Market (ETF),239.78909072217485,242.0159412631043,238.61247060333915,240.8101348876953,3112000
2024-04-23 00:00:00-04:00,VTI,Vanguard Total Stock Market (ETF),241.7144787354138,244.0288285540392,241.42274972894484,243.6787567138672,2399000
2024-04-24 00:00:00-04:00,VTI,Vanguard Total Stock Market (ETF),244.2816893677153,244.57340356260232,242.42436319117473,243.73712158203125,2285900
2024-04-25 00:00:00-04:00,VTI,Vanguard Total Stock Market (ETF),240.48921341190464,242.9980590593784,239.63347897271737,242.57992553710938,2473300
2024-04-26 00:00:00-04:00,VTI,Vanguard Total Stock Market (ETF),243.94131276696288,245.5749714521732,243.53289809566033,244.8359375,3238100
2024-04-29 00:00:00-04:00,VTI,Vanguard Total Stock Market (ETF),245.77920771952128,246.1389984485517,244.4178253626861,245.7986602783203,2086000
2024-04-30 00:00:00-04:00,VTI,Vanguard Total Stock Market (ETF),244.99153304708642,245.37077630909923,241.7047482176727,241.7533721923828,2502700
2024-05-01 00:00:00-04:00,VTI,Vanguard Total Stock Market (ETF),241.607536130252,245.03044464598034,240.77125414150987,241.15049743652344,3509500
2024-05-02 00:00:00-04:00,VTI,Vanguard Total Stock Market (ETF),243.231463614089,243.99966902519677,240.78096061349297,243.64959716796875,2580200
2024-05-03 00:00:00-04:00,VTI,Vanguard Total Stock Market (ETF),246.6057657443991,247.3836900248532,245.24436857769535,246.53768920898438,2350200
2024-05-06 00:00:00-04:00,VTI,Vanguard Total Stock Market (ETF),247.77265671663804,249.1826629638672,247.59761337423473,249.1826629638672,2811500
2024-05-07 00:00:00-04:00,VTI,Vanguard Total Stock Market (ETF),249.51329352942878,250.07731385935503,249.07572224853,249.40634155273438,1829900
2024-05-08 00:00:00-04:00,VTI,Vanguard Total Stock Market (ETF),248.43388543293685,249.47436723441848,248.28802835168585,249.23126220703125,2600100
2024-05-09 00:00:00-04:00,VTI,Vanguard Total Stock Market (ETF),249.23126684825158,250.76770726845845,248.9395526803172,250.6996307373047,2418700
2024-05-10 00:00:00-04:00,VTI,Vanguard Total Stock Market (ETF),251.5359393513842,251.88599636942857,250.34958555260835,250.93301391601562,1922500
2024-05-13 00:00:00-04:00,VTI,Vanguard Total Stock Market (ETF),251.9345913062399,251.9345913062399,250.45652340907878,251.06915283203125,1948400
2024-05-14 00:00:00-04:00,VTI,Vanguard Total Stock Market (ETF),251.1080949458331,252.50838249722082,250.9622081658004,252.29444885253906,2466800
2024-05-15 00:00:00-04:00,VTI,Vanguard Total Stock Market (ETF),253.65581340185585,255.4839681137251,253.257117561424,255.39645385742188,2508700
2024-05-16 00:00:00-04:00,VTI,Vanguard Total Stock Market (ETF),255.4353087387444,256.0187667430463,254.63791712206205,254.70599365234375,2445000
2024-05-17 00:00:00-04:00,VTI,Vanguard Total Stock Market (ETF),254.91998455992342,255.0658416748047,254.03507849509248,255.0658416748047,2208700
2024-05-20 00:00:00-04:00,VTI,Vanguard Total Stock Market (ETF),255.19218557216055,256.0965290928035,254.97825197498543,255.32833862304688,2366100
2024-05-21 00:00:00-04:00,VTI,Vanguard Total Stock Market (ETF),254.96859356320297,255.90210866518052,254.90051702558222,255.8534698486328,2241900
2024-05-22 00:00:00-04:00,VTI,Vanguard Total Stock Market (ETF),255.61035533691006,255.81458494221658,253.92808741107237,254.98802185058594,2356600
2024-05-23 00:00:00-04:00,VTI,Vanguard Total Stock Market (ETF),256.58274950801956,256.6411220149813,252.27493565159918,252.81948852539062,6603000
2024-05-24 00:00:00-04:00,VTI,Vanguard Total Stock Market (ETF),253.84056363665593,254.97827859083014,253.26683931068564,254.6476593017578,3123700
2024-05-28 00:00:00-04:00,VTI,Vanguard Total Stock Market (ETF),255.23111732549455,255.23111732549455,253.30571474993567,254.6476593017578,3078100
2024-05-29 00:00:00-04:00,VTI,Vanguard Total Stock Market (ETF),252.45972836287433,253.1890435151479,252.2749661502256,252.55697631835938,3179000
2024-05-30 00:00:00-04:00,VTI,Vanguard Total Stock Market (ETF),252.1291019138423,252.45972121239964,250.64130023237993,251.32200622558594,3030200
2024-05-31 00:00:00-04:00,VTI,Vanguard Total Stock Market (ETF),251.85680800712623,253.41268611532456,249.18265270975326,253.25709533691406,3407400
2024-06-03 00:00:00-04:00,VTI,Vanguard Total Stock Market (ETF),254.44342719845676,254.44342719845676,250.96214689187548,253.33485412597656,6203400
2024-06-04 00:00:00-04:00,VTI,Vanguard Total Stock Market (ETF),252.67361224894003,253.6946710666457,251.80817387009998,253.30567932128906,2489800
2024-06-05 00:00:00-04:00,VTI,Vanguard Total Stock Market (ETF),254.57959067890988,256.4077453613281,253.5099522240517,256.4077453613281,2384000
2024-06-06 00:00:00-04:00,VTI,Vanguard Total Stock Market (ETF),256.3786093232583,256.68005724590483,255.35757986602485,256.18414306640625,2190200
2024-06-07 00:00:00-04:00,VTI,Vanguard Total Stock Market (ETF),255.6395789108286,257.01066537611547,255.01721569386837,255.6979217529297,1838900
2024-06-10 00:00:00-04:00,VTI,Vanguard Total Stock Market (ETF),255.0949283336502,256.7188828088157,254.96853866002613,256.5535583496094,1958400
2024-06-11 00:00:00-04:00,VTI,Vanguard Total Stock Market (ETF),255.7465142604551,257.05928747416027,254.6574083775295,256.9912109375,3017300
2024-06-12 00:00:00-04:00,VTI,Vanguard Total Stock Market (ETF),259.72374877415376,260.8128548224263,258.8680141145356,259.4125671386719,2762600
2024-06-13 00:00:00-04:00,VTI,Vanguard Total Stock Market (ETF),260.0931959024151,260.4140814663802,258.1775271878457,259.5292053222656,2285200
2024-06-14 00:00:00-04:00,VTI,Vanguard Total Stock Market (ETF),258.5275915017358,259.334716796875,257.92469579263775,259.334716796875,2205600
2024-06-17 00:00:00-04:00,VTI,Vanguard Total Stock Market (ETF),259.0624883997036,261.9700155186568,258.7026976469663,261.30877685546875,2452000
2024-06-18 00:00:00-04:00,VTI,Vanguard Total Stock Market (ETF),261.4448859928731,262.10615429588165,261.2504197545023,261.9700012207031,2024300
2024-06-20 00:00:00-04:00,VTI,Vanguard Total Stock Market (ETF),262.49513077514695,262.73823584331126,260.3655280039548,261.30877685546875,3168600
2024-06-21 00:00:00-04:00,VTI,Vanguard Total Stock Market (ETF),261.0170768821458,261.39630537769443,260.083532002815,260.91009521484375,2676000
2024-06-24 00:00:00-04:00,VTI,Vanguard Total Stock Market (ETF),260.93921497420223,262.33950234004215,260.39466207369867,260.4724426269531,2226500
2024-06-25 00:00:00-04:00,VTI,Vanguard Total Stock Market (ETF),260.96842579727775,261.3282165527344,260.11269120272584,261.3282165527344,2073800
2024-06-26 00:00:00-04:00,VTI,Vanguard Total Stock Market (ETF),260.589196754467,261.6783027175671,260.24884372202035,261.3185119628906,1857500
2024-06-27 00:00:00-04:00,VTI,Vanguard Total Stock Market (ETF),261.2114822343601,262.1547309173871,261.08506287335035,261.9505310058594,2655400
2024-06-28 00:00:00-04:00,VTI,Vanguard Total Stock Market (ETF),262.86978927930215,263.8847012294373,260.50820332250123,261.0546875,2822800
2024-07-01 00:00:00-04:00,VTI,Vanguard Total Stock Market (ETF),262.01104976760496,262.01104976760496,260.29354063459255,261.5816650390625,2881000
2024-07-02 00:00:00-04:00,VTI,Vanguard Total Stock Market (ETF),261.00586472377614,263.12351315443175,260.8009406115039,263.09423828125,4207800
2024-07-03 00:00:00-04:00,VTI,Vanguard Total Stock Market (ETF),263.1039979781379,264.3628771889814,263.1039979781379,264.1774597167969,1948500
2024-07-05 00:00:00-04:00,VTI,Vanguard Total Stock Market (ETF),264.28478826919365,265.69004168490073,263.87491028079927,265.55340576171875,4237500
2024-07-08 00:00:00-04:00,VTI,Vanguard Total Stock Market (ETF),266.07069340467837,266.3341971109714,265.34855982983737,265.91455078125,2335000
2024-07-09 00:00:00-04:00,VTI,Vanguard Total Stock Market (ETF),266.2365329697355,266.5878314425267,265.7388303521289,265.84619140625,2702100
2024-07-10 00:00:00-04:00,VTI,Vanguard Total Stock Market (ETF),266.6171220103684,268.5688597238422,266.26582351689706,268.4224853515625,1992600
2024-07-11 00:00:00-04:00,VTI,Vanguard Total Stock Market (ETF),269.0958493617587,269.5935520310739,266.8415945836867,267.22216796875,3598000
2024-07-12 00:00:00-04:00,VTI,Vanguard Total Stock Market (ETF),267.7296157610483,270.6669606475079,267.71984754291447,268.9884948730469,2729500
2024-07-15 00:00:00-04:00,VTI,Vanguard Total Stock Market (ETF),270.1205087274166,271.5843121268379,269.22272598655246,270.1400451660156,3386100
2024-07-16 00:00:00-04:00,VTI,Vanguard Total Stock Market (ETF),270.9012477296891,272.4723825674966,270.7060620119131,272.36505126953125,3261100
2024-07-17 00:00:00-04:00,VTI,Vanguard Total Stock Market (ETF),269.574005837288,270.57914957736335,268.354169755587,268.52008056640625,3346100
2024-07-18 00:00:00-04:00,VTI,Vanguard Total Stock Market (ETF),269.3398455995883,269.8765616403124,265.0948094681456,266.17803955078125,2904200
2024-07-19 00:00:00-04:00,VTI,Vanguard Total Stock Market (ETF),265.9828157502588,266.7342240559078,263.9725282686718,264.5190124511719,2414200
2024-07-22 00:00:00-04:00,VTI,Vanguard Total Stock Market (ETF),266.19750130128074,267.5344368486899,265.3387319560724,267.2807312011719,2527300
2024-07-23 00:00:00-04:00,VTI,Vanguard Total Stock Market (ETF),267.2612205499418,268.50059315773296,266.95870356248645,267.0855712890625,2229500
2024-07-24 00:00:00-04:00,VTI,Vanguard Total Stock Market (ETF),264.7922461112243,265.0557199754552,260.63503534421704,261.0741882324219,3050700
2024-07-25 00:00:00-04:00,VTI,Vanguard Total Stock Market (ETF),261.2400852141947,264.5287582490866,259.5323148433392,260.06903076171875,3237800
2024-07-26 00:00:00-04:00,VTI,Vanguard Total Stock Market (ETF),262.1574175092289,264.4506854411315,261.77681436952554,263.18206787109375,2757900
2024-07-29 00:00:00-04:00,VTI,Vanguard Total Stock Market (ETF),264.1969738503989,264.5385041092326,262.28424953893636,263.2015686035156,2814400
2024-07-30 00:00:00-04:00,VTI,Vanguard Total Stock Market (ETF),263.97252514640974,264.6068339456139,260.4301164395343,262.1086120605469,2174100
2024-07-31 00:00:00-04:00,VTI,Vanguard Total Stock Market (ETF),265.37781252435565,267.6711105811733,264.55808615575745,265.99261474609375,2541500
2024-08-01 00:00:00-04:00,VTI,Vanguard Total Stock Market (ETF),266.65618568474144,267.8857900691041,260.1764016809239,261.82562255859375,3767300
2024-08-02 00:00:00-04:00,VTI,Vanguard Total Stock Market (ETF),258.1173042797625,258.3807781413661,254.39924643803587,256.555908203125,4744200
2024-08-05 00:00:00-04:00,VTI,Vanguard Total Stock Market (ETF),245.14804601506182,252.096213298625,244.94310698326115,249.02223205566406,8463400
2024-08-06 00:00:00-04:00,VTI,Vanguard Total Stock Market (ETF),250.37870352283878,255.05309434855087,249.36379147662615,251.5497283935547,5255200
2024-08-07 00:00:00-04:00,VTI,Vanguard Total Stock Market (ETF),254.77013810105302,256.0192492843444,249.39309014631385,249.62730407714844,3398500
2024-08-08 00:00:00-04:00,VTI,Vanguard Total Stock Market (ETF),252.43773456580462,255.84353693612908,251.2862165268668,255.4727020263672,2922800
2024-08-09 00:00:00-04:00,VTI,Vanguard Total Stock Market (ETF),255.42389162892607,257.27806618435125,254.50657256923756,256.575439453125,2667400
2024-08-12 00:00:00-04:00,VTI,Vanguard Total Stock Market (ETF),257.26831527004686,257.6196137687119,255.44344524595422,256.4095458984375,2548500
2024-08-13 00:00:00-04:00,VTI,Vanguard Total Stock Market (ETF),258.0295063321111,260.7619274128162,257.9221452640354,260.6741027832031,2316200
2024-08-14 00:00:00-04:00,VTI,Vanguard Total Stock Market (ETF),261.1913414025645,261.9915611591749,259.7080311897809,261.4158020019531,2335300
2024-08-15 00:00:00-04:00,VTI,Vanguard Total Stock Market (ETF),264.40192683547,266.18775385041846,264.0505985390413,265.94378662109375,3031600
2024-08-16 00:00:00-04:00,VTI,Vanguard Total Stock Market (ETF),265.33878279191293,266.93922229300017,265.1729017345803,266.5781555175781,2571900
2024-08-19 00:00:00-04:00,VTI,Vanguard Total Stock Market (ETF),267.0171895767085,269.13483776455087,266.4316623990584,269.0957946777344,2660000
2024-08-20 00:00:00-04:00,VTI,Vanguard Total Stock Market (ETF),269.027513341337,269.64231547249955,267.807677297333,268.4419860839844,2041900
2024-08-21 00:00:00-04:00,VTI,Vanguard Total Stock Market (ETF),269.1153139527771,270.2180504031571,268.3151242129786,269.7886657714844,1983700
2024-08-22 00:00:00-04:00,VTI,Vanguard Total Stock Market (ETF),270.48163696909813,270.89148529155284,267.00751576171876,267.5052185058594,2554300
2024-08-23 00:00:00-04:00,VTI,Vanguard Total Stock Market (ETF),269.08608552273915,271.12564798461426,268.68597569321014,270.8914489746094,2281800
2024-08-26 00:00:00-04:00,VTI,Vanguard Total Stock Market (ETF),271.41844201906684,271.80878365173845,269.59357180592986,270.2083740234375,2263800
2024-08-27 00:00:00-04:00,VTI,Vanguard Total Stock Market (ETF),269.4374195095854,270.6865305579201,268.9592234791844,270.45233154296875,1787900
2024-08-28 00:00:00-04:00,VTI,Vanguard Total Stock Market (ETF),270.12049977683887,270.3937418777639,267.3100223592479,268.8031005859375,1856400
2024-08-29 00:00:00-04:00,VTI,Vanguard Total Stock Market (ETF),269.80819808754336,271.5940247656673,268.59810060714295,269.0665283203125,3018000
2024-08-30 00:00:00-04:00,VTI,Vanguard Total Stock Market (ETF),270.04246845155757,271.80878894323797,268.4420290109421,271.66241455078125,2029300
2024-09-03 00:00:00-04:00,VTI,Vanguard Total Stock Market (ETF),270.1205113957999,270.3156970967801,264.61662604580704,265.81695556640625,3818900
2024-09-04 00:00:00-04:00,VTI,Vanguard Total Stock Market (ETF),264.4702104049826,266.9391572533431,264.4409355325179,265.22161865234375,2946700
2024-09-05 00:00:00-04:00,VTI,Vanguard Total Stock Market (ETF),265.24114944503526,266.4317106688648,263.31868656183076,264.40191650390625,3997800
2024-09-06 00:00:00-04:00,VTI,Vanguard Total Stock Market (ETF),264.6361068529258,265.47536954777075,259.5908815900294,260.010498046875,3599900
2024-09-09 00:00:00-04:00,VTI,Vanguard Total Stock Market (ETF),261.91344156539844,263.53335756622215,261.1229604386222,262.7917175292969,2969800
2024-09-10 00:00:00-04:00,VTI,Vanguard Total Stock Market (ETF),263.61145161699704,263.96275010058247,261.2108226357039,263.8163757324219,1874700
2024-09-11 00:00:00-04:00,VTI,Vanguard Total Stock Market (ETF),263.6993386435903,266.7635520064742,259.50311359711327,266.4415283203125,2640200
2024-09-12 00:00:00-04:00,VTI,Vanguard Total Stock Market (ETF),266.83183760750046,268.9006749991206,265.5827265532493,268.6567077636719,2420700
2024-09-13 00:00:00-04:00,VTI,Vanguard Total Stock Market (ETF),269.33980379669845,270.99879276153104,269.1056048016271,270.5303649902344,2474700
2024-09-16 00:00:00-04:00,VTI,Vanguard Total Stock Market (ETF),270.43279929154465,271.1744692252496,269.58379806804396,271.0671081542969,2065700
2024-09-17 00:00:00-04:00,VTI,Vanguard Total Stock Market (ETF),272.2478821098945,273.02856521898,270.2863763382913,271.3403015136719,2133600
2024-09-18 00:00:00-04:00,VTI,Vanguard Total Stock Market (ETF),271.65263267992293,274.2777225169788,270.4035216251316,270.6572570800781,3389900
2024-09-19 00:00:00-04:00,VTI,Vanguard Total Stock Market (ETF),275.29267729017886,276.1709535182803,273.8288736496226,275.2438659667969,2660200
2024-09-20 00:00:00-04:00,VTI,Vanguard Total Stock Market (ETF),274.88272211683886,275.21451394195685,273.3213260483429,274.66802978515625,2293600
2024-09-23 00:00:00-04:00,VTI,Vanguard Total Stock Market (ETF),275.390178343363,275.74147680501954,274.66801520359445,275.35113525390625,1920800
2024-09-24 00:00:00-04:00,VTI,Vanguard Total Stock Market (ETF),275.9367360846122,276.06360382332844,274.355833023107,276.0440673828125,1952100
2024-09-25 00:00:00-04:00,VTI,Vanguard Total Stock Market (ETF),276.1221423357629,276.3172982648579,274.70712038932265,275.1365051269531,1744200
2024-09-26 00:00:00-04:00,VTI,Vanguard Total Stock Market (ETF),277.41024597341567,277.488332164127,275.28285888444776,276.3660888671875,2616800
2024-09-27 00:00:00-04:00,VTI,Vanguard Total Stock Market (ETF),277.1991564594453,277.4536747501671,275.5154821186736,276.093017578125,2644100
2024-09-30 00:00:00-04:00,VTI,Vanguard Total Stock Market (ETF),275.67208240341654,277.40471850360314,274.4484828402503,277.1795654296875,2828300
2024-10-01 00:00:00-04:00,VTI,Vanguard Total Stock Market (ETF),277.02292396872105,277.0718559990071,273.2640299279025,274.6540222167969,4874900
2024-10-02 00:00:00-04:00,VTI,Vanguard Total Stock Market (ETF),274.3211928401044,275.23157351617397,272.9801326494525,274.7127685546875,3637500
2024-10-03 00:00:00-04:00,VTI,Vanguard Total Stock Market (ETF),273.9198410397349,275.0162111878862,273.0094902619695,274.12542724609375,2369200
2024-10-04 00:00:00-04:00,VTI,Vanguard Total Stock Market (ETF),276.49431480261785,276.9152557209569,274.42889325028233,276.7781982421875,2335400
2024-10-07 00:00:00-04:00,VTI,Vanguard Total Stock Market (ETF),276.08318545146415,276.17128102262797,273.6359866756964,274.252685546875,11465600
2024-10-08 00:00:00-04:00,VTI,Vanguard Total Stock Market (ETF),275.33923626635925,276.905449507526,274.94769042432574,276.5628356933594,2164600
2024-10-09 00:00:00-04:00,VTI,Vanguard Total Stock Market (ETF),276.5824143183868,278.72616299570444,276.29856074780804,278.4912414550781,2123800
2024-10-10 00:00:00-04:00,VTI,Vanguard Total Stock Market (ETF),277.7863761608234,278.59883286377493,277.052216660447,277.91363525390625,2547200
2024-10-11 00:00:00-04:00,VTI,Vanguard Total Stock Market (ETF),277.9723828194364,280.34128409798916,277.95281598583887,280.0671691894531,1799500
2024-10-14 00:00:00-04:00,VTI,Vanguard Total Stock Market (ETF),280.80133924054854,282.63186886988257,280.556619382796,282.2500915527344,1997000
2024-10-15 00:00:00-04:00,VTI,Vanguard Total Stock Market (ETF),282.2305455006564,282.5927261371149,279.8714423134438,280.3119201660156,3260800
2024-10-16 00:00:00-04:00,VTI,Vanguard Total Stock Market (ETF),280.664345904646,282.024972945817,280.18470448428803,281.7411193847656,2215300
2024-10-17 00:00:00-04:00,VTI,Vanguard Total Stock Market (ETF),283.35624861891364,283.58140165706004,281.65300785694564,281.682373046875,2810600
2024-10-18 00:00:00-04:00,VTI,Vanguard Total Stock Market (ETF),282.60258468370586,283.15075493235025,281.82926134710334,282.78857421875,1822100
2024-10-21 00:00:00-04:00,VTI,Vanguard Total Stock Market (ETF),282.41654054761824,282.7003941005115,280.586040620541,281.8977355957031,2320100
2024-10-22 00:00:00-04:00,VTI,Vanguard Total Stock Market (ETF),280.84051690349906,282.16201017641635,280.41960589652746,281.5746765136719,2029000
2024-10-23 00:00:00-04:00,VTI,Vanguard Total Stock Market (ETF),280.71327606127875,280.8503335364861,277.3557263950937,279.02960205078125,2637300
2024-10-24 00:00:00-04:00,VTI,Vanguard Total Stock Market (ETF),280.0769792878778,280.13570966416177,278.4618341940108,279.7735290527344,2235600
2024-10-25 00:00:00-04:00,VTI,Vanguard Total Stock Market (ETF),280.9677369720898,282.1619709669404,279.0295451162753,279.50921630859375,2813700
2024-10-28 00:00:00-04:00,VTI,Vanguard Total Stock Market (ETF),280.9971882410162,281.40833083566747,280.507748418974,280.6448059082031,1874300
2024-10-29 00:00:00-04:00,VTI,Vanguard Total Stock Market (ETF),280.2238031682017,281.5746615588587,279.4211447405466,281.0166931152344,2503400
2024-10-30 00:00:00-04:00,VTI,Vanguard Total Stock Market (ETF),280.91884833474404,282.0151885898702,279.9889008649327,280.32171630859375,2204100
2024-10-31 00:00:00-04:00,VTI,Vanguard Total Stock Market (ETF),278.76528024973317,278.76528024973317,275.02595369289463,275.094482421875,3027400
2024-11-01 00:00:00-04:00,VTI,Vanguard Total Stock Market (ETF),276.5530185782873,278.4814123393461,276.00484846201965,276.2691650390625,2449400
2024-11-04 00:00:00-05:00,VTI,Vanguard Total Stock Market (ETF),276.21043569321364,277.0914212495788,274.937874446881,275.7699279785156,2383900
2024-11-05 00:00:00-05:00,VTI,Vanguard Total Stock Market (ETF),276.15166419199437,279.2742919921875,276.05380014652,279.2742919921875,2060300
2024-11-06 00:00:00-05:00,VTI,Vanguard Total Stock Market (ETF),286.12650264221105,287.40883256203216,284.0806478092672,287.0858154296875,5676800
2024-11-07 00:00:00-05:00,VTI,Vanguard Total Stock Market (ETF),287.810138512457,289.650436743681,287.80037003116337,289.09246826171875,4109000
2024-11-08 00:00:00-05:00,VTI,Vanguard Total Stock Market (ETF),289.36655542993543,291.08939291391374,289.268691378099,290.4433288574219,4142400
2024-11-11 00:00:00-05:00,VTI,Vanguard Total Stock Market (ETF),291.63754578930036,291.82353527363534,290.4922735679006,291.25579833984375,3200900
2024-11-12 00:00:00-05:00,VTI,Vanguard Total Stock Market (ETF),291.13828426774853,291.4906664642509,288.8574788504074,290.1104431152344,3474800
2024-11-13 00:00:00-05:00,VTI,Vanguard Total Stock Market (ETF),290.5314494031385,291.26560909321347,289.376378660282,289.9735107421875,2829100
2024-11-14 00:00:00-05:00,VTI,Vanguard Total Stock Market (ETF),290.2377469135514,290.3454093102833,287.51646333134045,287.8297119140625,3280800
2024-11-15 00:00:00-05:00,VTI,Vanguard Total Stock Market (ETF),286.3320441034899,286.4299081523301,283.23878138516017,284.1784973144531,4025800
2024-11-18 00:00:00-05:00,VTI,Vanguard Total Stock Market (ETF),284.5015639356446,286.0677473017192,284.0023258107144,285.3335876464844,2990100
2024-11-19 00:00:00-05:00,VTI,Vanguard Total Stock Market (ETF),283.777123765908,286.8997513502043,283.3366459726386,286.6452331542969,2342200
2024-11-20 00:00:00-05:00,VTI,Vanguard Total Stock Market (ETF),286.73337881429495,286.9683003206118,284.0120951650162,286.8116760253906,2670800
2024-11-21 00:00:00-05:00,VTI,Vanguard Total Stock Market (ETF),288.3093832974112,289.5231843405958,285.78388728461664,288.8183898925781,2560700
2024-11-22 00:00:00-05:00,VTI,Vanguard Total Stock Market (ETF),288.8966697820928,290.5411799344381,288.8966697820928,290.2475280761719,2639800
2024-11-25 00:00:00-05:00,VTI,Vanguard Total Stock Market (ETF),292.36192652443594,293.14501810321264,290.62929085002355,291.6669006347656,3384600
2024-11-26 00:00:00-05:00,VTI,Vanguard Total Stock Market (ETF),292.12698624120645,293.0667320190448,291.57881614064905,292.73388671875,3292800
2024-11-27 00:00:00-05:00,VTI,Vanguard Total Stock Market (ETF),292.81226738681187,293.1450828749805,291.11879487906634,291.90191650390625,2730500
2024-11-29 00:00:00-05:00,VTI,Vanguard Total Stock Market (ETF),292.62621159270515,294.0358003251316,292.40105857536315,293.5267639160156,1811900
2024-12-02 00:00:00-05:00,VTI,Vanguard Total Stock Market (ETF),293.9574882056969,294.39799590938685,293.46804847849927,294.0847473144531,3583700
2024-12-03 00:00:00-05:00,VTI,Vanguard Total Stock Market (ETF),294.03581529094544,294.221804777123,293.3114540540626,294.0847473144531,2101200
2024-12-04 00:00:00-05:00,VTI,Vanguard Total Stock Market (ETF),295.1126194244118,296.20895974791915,294.8091691517636,296.0621337890625,3258100
2024-12-05 00:00:00-05:00,VTI,Vanguard Total Stock Market (ETF),296.2089486848095,296.35577463818237,295.1517420744607,295.2398376464844,2183400
2024-12-06 00:00:00-05:00,VTI,Vanguard Total Stock Market (ETF),295.9250763121074,296.5515735672735,295.6411928762957,296.0621337890625,2332900
2024-12-09 00:00:00-05:00,VTI,Vanguard Total Stock Market (ETF),296.1404396049658,296.25790037546045,293.9868925691169,294.1728820800781,2953900
2024-12-10 00:00:00-05:00,VTI,Vanguard Total Stock Market (ETF),294.6427235675729,294.6427235675729,292.75349334013885,293.0667419433594,2557100
2024-12-11 00:00:00-05:00,VTI,Vanguard Total Stock Market (ETF),294.64275057834755,295.9055135881328,294.5056930994875,295.42584228515625,2235300
2024-12-12 00:00:00-05:00,VTI,Vanguard Total Stock Market (ETF),295.1126122264131,295.18111109018656,293.7030233097035,293.7421569824219,2120000
2024-12-13 00:00:00-05:00,VTI,Vanguard Total Stock Market (ETF),294.6427145779665,294.90700127529044,292.7828495967648,293.5953063964844,2279200
2024-12-16 00:00:00-05:00,VTI,Vanguard Total Stock Market (ETF),294.22175290676796,295.37682328979196,294.0846954682609,294.78948974609375,2545400
2024-12-17 00:00:00-05:00,VTI,Vanguard Total Stock Market (ETF),293.62467606031305,293.84003073761005,292.6849601380308,293.3310241699219,3059900
2024-12-18 00:00:00-05:00,VTI,Vanguard Total Stock Market (ETF),293.4289006864776,294.18262707579504,283.8260960908751,284.2568054199219,3890900
2024-12-19 00:00:00-05:00,VTI,Vanguard Total Stock Market (ETF),286.80190636416825,287.4969323449376,283.7478069843892,283.8554992675781,4826200
2024-12-20 00:00:00-05:00,VTI,Vanguard Total Stock Market (ETF),282.51443443354384,289.4644857506043,282.02499462069505,287.0858154296875,3837000
2024-12-23 00:00:00-05:00,VTI,Vanguard Total Stock Market (ETF),287.27336351680856,288.90353764409235,285.3191325306531,288.7169494628906,3704500
2024-12-24 00:00:00-05:00,VTI,Vanguard Total Stock Market (ETF),289.27668786258675,291.829972770577,288.96243095747053,291.7808532714844,2642200
2024-12-26 00:00:00-05:00,VTI,Vanguard Total Stock Market (ETF),291.11305270888516,292.42896966114995,290.22923146861,291.9477844238281,4307800
2024-12-27 00:00:00-05:00,VTI,Vanguard Total Stock Market (ETF),290.0230129229132,290.6122371325285,286.7430351180535,288.7856750488281,3636800
2024-12-30 00:00:00-05:00,VTI,Vanguard Total Stock Market (ETF),285.65300511932344,287.2635193776573,283.59073530301265,285.5940856933594,4968500
2024-12-31 00:00:00-05:00,VTI,Vanguard Total Stock Market (ETF),286.56626400035884,286.8903507872545,283.8755105257297,284.6022033691406,3893200
2025-01-02 00:00:00-05:00,VTI,Vanguard Total Stock Market (ETF),286.21278284356947,287.2929923488877,282.18645205814045,284.0621337890625,3796400
2025-01-03 00:00:00-05:00,VTI,Vanguard Total Stock Market (ETF),285.4369260360841,288.07858989843356,284.97537060368734,287.7937927246094,2726800
2025-01-06 00:00:00-05:00,VTI,Vanguard Total Stock Market (ETF),289.8953425188165,291.56477596651604,288.64814491789264,289.4043273925781,3678600
2025-01-07 00:00:00-05:00,VTI,Vanguard Total Stock Market (ETF),290.5238800626187,290.5533397768776,285.18163210293994,286.1734924316406,3317000
2025-01-08 00:00:00-05:00,VTI,Vanguard Total Stock Market (ETF),286.18329112679874,286.99836311189745,284.3076096056247,286.4385986328125,2971300
2025-01-10 00:00:00-05:00,VTI,Vanguard Total Stock Market (ETF),284.8379435798742,284.8379435798742,281.07677983191587,282.1373596191406,4403700
2025-01-13 00:00:00-05:00,VTI,Vanguard Total Stock Market (ETF),279.8786030908686,282.70685482243505,279.5152567170129,282.59881591796875,3633300
2025-01-14 00:00:00-05:00,VTI,Vanguard Total Stock Market (ETF),284.20944423542625,284.5433310016446,281.3713617687828,283.23724365234375,3803700
2025-01-15 00:00:00-05:00,VTI,Vanguard Total Stock Market (ETF),287.4500985453579,289.01152322287373,286.9198237282917,288.43212890625,2815300
2025-01-16 00:00:00-05:00,VTI,Vanguard Total Stock Market (ETF),288.9427872574402,289.36505309573465,287.66612988018653,288.216064453125,3130300
2025-01-17 00:00:00-05:00,VTI,Vanguard Total Stock Market (ETF),290.8577205852522,291.7808314442334,290.13102776957214,290.87738037109375,2603200
2025-01-21 00:00:00-05:00,VTI,Vanguard Total Stock Market (ETF),292.39955076503077,293.8431366476761,291.5746488276891,293.76458740234375,3893500
2025-01-22 00:00:00-05:00,VTI,Vanguard Total Stock Market (ETF),295.1884733298813,295.8759065020536,294.8742164529347,295.19830322265625,3515700
2025-01-23 00:00:00-05:00,VTI,Vanguard Total Stock Market (ETF),294.8447672703894,296.7499084472656,294.6287194059235,296.7499084472656,2647800
2025-01-24 00:00:00-05:00,VTI,Vanguard Total Stock Market (ETF),296.82845170265585,297.2310876726299,295.3946660624997,295.88568115234375,2359000
2025-01-27 00:00:00-05:00,VTI,Vanguard Total Stock Market (ETF),289.6989606869711,292.2325858685701,289.14902607438853,291.76123046875,5321300
2025-01-28 00:00:00-05:00,VTI,Vanguard Total Stock Market (ETF),292.54679745146694,294.71707585302636,290.87736405379974,294.2653503417969,2717300
2025-01-29 00:00:00-05:00,VTI,Vanguard Total Stock Market (ETF),293.9413331592525,294.2163004599861,291.6335558303166,293.0083923339844,2620200
2025-01-30 00:00:00-05:00,VTI,Vanguard Total Stock Market (ETF),294.1181251590728,295.6991798273036,292.9200467893734,294.8448181152344,2891200
2025-01-31 00:00:00-05:00,VTI,Vanguard Total Stock Market (ETF),295.8071675149657,297.1623741210586,292.8709065145555,293.2342529296875,3335000
2025-02-03 00:00:00-05:00,VTI,Vanguard Total Stock Market (ETF),288.04917499305157,292.3504731024748,287.4403209171406,291.0934753417969,5037700
2025-02-04 00:00:00-05:00,VTI,Vanguard Total Stock Market (ETF),291.2898323314022,293.37173184051983,290.9068560858357,293.2048034667969,2601900
2025-02-05 00:00:00-05:00,VTI,Vanguard Total Stock Market (ETF),292.8807345279895,294.57965789510433,291.75140557099627,294.5600280761719,2226200
2025-02-06 00:00:00-05:00,VTI,Vanguard Total Stock Market (ETF),295.32600225243016,295.4536410256742,293.5288699029695,295.2867126464844,2899800
2025-02-07 00:00:00-05:00,VTI,Vanguard Total Stock Market (ETF),295.53219091342197,296.23925390434545,292.32096272962,292.64501953125,3632000
2025-02-10 00:00:00-05:00,VTI,Vanguard Total Stock Market (ETF),294.1770048243784,294.83497833542594,293.53869110031553,294.5207214355469,2623900
2025-02-11 00:00:00-05:00,VTI,Vanguard Total Stock Market (ETF),293.3619262950745,294.67784331865715,293.31280679789506,294.36358642578125,2719900
2025-02-12 00:00:00-05:00,VTI,Vanguard Total Stock Market (ETF),291.5451661431223,293.9511224451682,290.91665235322796,293.3913879394531,3283500
2025-02-13 00:00:00-05:00,VTI,Vanguard Total Stock Market (ETF),294.1377453705107,296.5437319261309,293.411052438089,296.4553527832031,3066800
2025-02-14 00:00:00-05:00,VTI,Vanguard Total Stock Market (ETF),296.5731745995958,297.1132793206281,296.0821594098614,296.4160461425781,2377000
2025-02-18 00:00:00-05:00,VTI,Vanguard Total Stock Market (ETF),296.9365365266112,297.2606233514789,295.8072075251788,297.25079345703125,2851500
2025-02-19 00:00:00-05:00,VTI,Vanguard Total Stock Market (ETF),296.4258669133357,297.9382020425451,296.2589085675214,297.67303466796875,2566600
2025-02-20 00:00:00-05:00,VTI,Vanguard Total Stock Market (ETF),297.09364663632556,297.28023480416005,294.4912721496721,296.07232666015625,2863900
2025-02-21 00:00:00-05:00,VTI,Vanguard Total Stock Market (ETF),296.3178105110556,296.366930007133,290.3274497093869,290.6024169921875,3595000
2025-02-24 00:00:00-05:00,VTI,Vanguard Total Stock Market (ETF),291.6237333532756,291.9969096928736,288.6089228622269,289.11956787109375,4465400
2025-02-25 00:00:00-05:00,VTI,Vanguard Total Stock Market (ETF),289.1096863135671,289.53195210904795,285.31906410805993,287.6857604980469,3509200
2025-02-26 00:00:00-05:00,VTI,Vanguard Total Stock Market (ETF),288.61869780933733,290.3863703224779,286.62517750854556,287.7839660644531,2807300
2025-02-27 00:00:00-05:00,VTI,Vanguard Total Stock Market (ETF),289.05078478554583,289.4927103927478,283.2175226102432,283.3255615234375,2747300
2025-02-28 00:00:00-05:00,VTI,Vanguard Total Stock Market (ETF),283.4434091624712,287.94109473223165,282.18641158221266,287.6955871582031,3485800
2025-03-03 00:00:00-05:00,VTI,Vanguard Total Stock Market (ETF),288.6285165763235,289.4239586873587,280.63477589511456,282.5399169921875,7835600
2025-03-04 00:00:00-05:00,VTI,Vanguard Total Stock Market (ETF),280.0751055532926,283.2667046209232,276.44158078092863,279.0144958496094,6449600
2025-03-05 00:00:00-05:00,VTI,Vanguard Total Stock Market (ETF),278.975173405152,282.9622442658855,277.2468203386876,282.1864318847656,3662300
2025-03-06 00:00:00-05:00,VTI,Vanguard Total Stock Market (ETF),278.43505812443294,280.6839159703609,275.60680598040227,276.9423828125,4836300
2025-03-07 00:00:00-05:00,VTI,Vanguard Total Stock Market (ETF),276.1665745865214,278.94570727408257,273.1124446321721,278.24847412109375,3868700
2025-03-10 00:00:00-04:00,VTI,Vanguard Total Stock Market (ETF),274.4087391230742,275.24347093149277,268.2317896729917,270.6672058105469,6442900
2025-03-11 00:00:00-04:00,VTI,Vanguard Total Stock Market (ETF),270.05833842721574,272.0223990703228,266.6997815410605,268.7718811035156,5282400
2025-03-12 00:00:00-04:00,VTI,Vanguard Total Stock Market (ETF),271.8260094174573,272.30722470434085,267.5836607617074,270.09765625,3996100
2025-03-13 00:00:00-04:00,VTI,Vanguard Total Stock Market (ETF),269.9895900367977,270.05833935214685,265.3446057802206,266.3069763183594,3932500
2025-03-14 00:00:00-04:00,VTI,Vanguard Total Stock Market (ETF),268.6835361304297,272.39561001907543,268.4478284442425,272.0126037597656,3610100
2025-03-17 00:00:00-04:00,VTI,Vanguard Total Stock Market (ETF),271.75724836456016,275.5577007277956,271.70812886937557,274.26141357421875,3981100
2025-03-18 00:00:00-04:00,VTI,Vanguard Total Stock Market (ETF),273.2008220782367,273.49541915967575,270.3823701429432,271.30548095703125,3120900
2025-03-19 00:00:00-04:00,VTI,Vanguard Total Stock Market (ETF),272.0223721663439,276.32366934440466,271.6590257783753,274.3890686035156,2867800
2025-03-20 00:00:00-04:00,VTI,Vanguard Total Stock Market (ETF),272.709850113344,276.1469564635055,272.2777543460743,273.73114013671875,2256400
2025-03-21 00:00:00-04:00,VTI,Vanguard Total Stock Market (ETF),271.44301588311595,274.0552202416302,270.72612293014254,273.83917236328125,3382500
2025-03-24 00:00:00-04:00,VTI,Vanguard Total Stock Market (ETF),277.1780805281074,279.41710864237467,276.83436389411065,278.9064636230469,3251600
2025-03-25 00:00:00-04:00,VTI,Vanguard Total Stock Market (ETF),279.40726732922957,279.96703182721694,278.56273560456503,279.3778076171875,2517200
2025-03-26 00:00:00-04:00,VTI,Vanguard Total Stock Market (ETF),279.0438964278471,279.80007891928085,275.27290377111655,276.1076354980469,2327500
2025-03-27 00:00:00-04:00,VTI,Vanguard Total Stock Market (ETF),275.4029974255859,276.9994746485517,274.0134631566407,274.9398193359375,2345300
2025-03-28 00:00:00-04:00,VTI,Vanguard Total Stock Market (ETF),274.26970139728803,274.7033162126996,269.08605251503377,269.4605407714844,3912900
2025-03-31 00:00:00-04:00,VTI,Vanguard Total Stock Market (ETF),266.3464038906666,271.57931472757093,264.8287821556359,270.8500671386719,6064000
2025-04-01 00:00:00-04:00,VTI,Vanguard Total Stock Market (ETF),269.9237230878746,272.77178271207293,268.11043841077014,271.7665710449219,3269900
2025-04-02 00:00:00-04:00,VTI,Vanguard Total Stock Market (ETF),268.88900933357996,275.19609373919207,268.6524729921159,273.91497802734375,2594700
2025-04-03 00:00:00-04:00,VTI,Vanguard Total Stock Market (ETF),264.1192444680491,265.4594865875745,259.8718161729999,260.1280212402344,8137500
2025-04-04 00:00:00-04:00,VTI,Vanguard Total Stock Market (ETF),253.23953470605534,253.98851131229208,244.57713184422693,244.86293029785156,16633700
2025-04-07 00:00:00-04:00,VTI,Vanguard Total Stock Market (ETF),236.51586511097588,253.2986355031603,232.9878349852643,244.06466674804688,16346700
2025-04-08 00:00:00-04:00,VTI,Vanguard Total Stock Market (ETF),252.7763471867488,253.9687729962686,236.5651575578606,240.21144104003906,11064300
2025-04-09 00:00:00-04:00,VTI,Vanguard Total Stock Market (ETF),238.33901669776648,264.5824279785156,238.1123448312061,264.5824279785156,12138000
2025-04-10 00:00:00-04:00,VTI,Vanguard Total Stock Market (ETF),257.31939473675124,257.86142831150516,246.26229175852805,253.6928253173828,7255700
2025-04-11 00:00:00-04:00,VTI,Vanguard Total Stock Market (ETF),252.9832695290507,258.93559378809744,250.97289132593545,257.94024658203125,5007900
2025-04-14 00:00:00-04:00,VTI,Vanguard Total Stock Market (ETF),262.5622074745165,262.8578703956045,257.6643561532247,260.3153076171875,4039900
2025-04-15 00:00:00-04:00,VTI,Vanguard Total Stock Market (ETF),260.41380638877376,262.5325882025718,259.3297693917354,259.8619384765625,4680400
2025-04-16 00:00:00-04:00,VTI,Vanguard Total Stock Market (ETF),256.9843356045939,258.77792149528216,251.7415749958013,254.4615020751953,4295500
2025-04-17 00:00:00-04:00,VTI,Vanguard Total Stock Market (ETF),255.36814058713867,257.16172634518665,253.59425365654167,254.99365234375,3401000
2025-04-21 00:00:00-04:00,VTI,Vanguard Total Stock Market (ETF),252.51027561393892,252.77634515041746,246.31158021062413,248.93296813964844,5523200
2025-04-22 00:00:00-04:00,VTI,Vanguard Total Stock Market (ETF),251.90909254142107,256.4324546974855,251.56418260566878,255.26959228515625,3802300
2025-04-23 00:00:00-04:00,VTI,Vanguard Total Stock Market (ETF),262.0694432224375,264.4838881991937,258.75823533099407,259.6156005859375,6842700
2025-04-24 00:00:00-04:00,VTI,Vanguard Total Stock Market (ETF),260.06891787935956,265.3412571372947,259.56634207698005,265.08502197265625,3487600
2025-04-25 00:00:00-04:00,VTI,Vanguard Total Stock Market (ETF),264.9568714453509,266.96726462854434,263.5279395364683,266.7110595703125,3220900
2025-04-28 00:00:00-04:00,VTI,Vanguard Total Stock Market (ETF),267.0855334975159,268.30755260130485,264.1882117043718,267.09539794921875,2507700
2025-04-29 00:00:00-04:00,VTI,Vanguard Total Stock Market (ETF),266.2084813551076,269.3028817987675,266.13949033919994,268.7017517089844,2209100
2025-04-30 00:00:00-04:00,VTI,Vanguard Total Stock Market (ETF),265.20330314210196,269.5492865753524,262.3848363312865,268.8594665527344,4039500
2025-05-01 00:00:00-04:00,VTI,Vanguard Total Stock Market (ETF),271.2837055601214,273.2546711715941,270.2686594731949,270.53472900390625,3238000
2025-05-02 00:00:00-04:00,VTI,Vanguard Total Stock Market (ETF),273.49117720676867,275.5409982828409,272.6042486972108,274.7525939941406,3170800
2025-05-05 00:00:00-04:00,VTI,Vanguard Total Stock Market (ETF),272.6337937438959,274.79200334838407,272.37758868243395,273.1955261230469,2820800
2025-05-06 00:00:00-04:00,VTI,Vanguard Total Stock Market (ETF),270.58399286551736,273.0772629000651,269.97299840184445,270.9781799316406,2444000
2025-05-07 00:00:00-04:00,VTI,Vanguard Total Stock Market (ETF),271.75672863753056,273.2053894610161,269.60835341849565,272.10162353515625,2694800
2025-05-08 00:00:00-04:00,VTI,Vanguard Total Stock Market (ETF),274.06276314233986,276.792539576355,272.48598470238943,274.2401428222656,2781500
2025-05-09 00:00:00-04:00,VTI,Vanguard Total Stock Market (ETF),275.00883453474245,275.5607025103696,273.2251130287782,273.9346618652344,2151200
2025-05-12 00:00:00-04:00,VTI,Vanguard Total Stock Market (ETF),282.61673246737246,283.099609375,280.24171550970823,283.099609375,4184800
2025-05-13 00:00:00-04:00,VTI,Vanguard Total Stock Market (ETF),283.4347192149364,286.13496278097125,282.8532879194845,285.0213623046875,3286800
2025-05-14 00:00:00-04:00,VTI,Vanguard Total Stock Market (ETF),285.5140543656335,286.0067957248125,284.25263768911725,285.20855712890625,3198800
2025-05-15 00:00:00-04:00,VTI,Vanguard Total Stock Market (ETF),284.18368681423703,286.63752950563276,283.86832508193515,286.3714599609375,2347000
2025-05-16 00:00:00-04:00,VTI,Vanguard Total Stock Market (ETF),286.8543561809431,288.5001258962283,285.9871564707618,288.33258056640625,5440100
2025-05-19 00:00:00-04:00,VTI,Vanguard Total Stock Market (ETF),285.25783084577944,288.8745658021641,285.11987889835814,288.5592041015625,3083600
2025-05-20 00:00:00-04:00,VTI,Vanguard Total Stock Market (ETF),287.7511111319558,288.25371698028965,286.14476936728323,287.6131591796875,2827200
2025-05-21 00:00:00-04:00,VTI,Vanguard Total Stock Market (ETF),285.33667897712894,287.2583522620437,281.9958780759681,282.60687255859375,3166700
2025-05-22 00:00:00-04:00,VTI,Vanguard Total Stock Market (ETF),282.22258714057716,284.3413692812876,281.72984570903753,282.5576477050781,2738700
2025-05-23 00:00:00-04:00,VTI,Vanguard Total Stock Market (ETF),278.93104258066694,282.0747349208087,278.8916148502745,280.9020080566406,2855800
2025-05-27 00:00:00-04:00,VTI,Vanguard Total Stock Market (ETF),284.2723604765418,286.80505849408104,283.34600423724373,286.67694091796875,2980600
2025-05-28 00:00:00-04:00,VTI,Vanguard Total Stock Market (ETF),286.87406664357275,287.4160701869089,284.60743802018953,284.9917907714844,2413800
2025-05-29 00:00:00-04:00,VTI,Vanguard Total Stock Market (ETF),287.29782917831307,287.58362764072893,284.13443748419434,285.9082946777344,3850800
2025-05-30 00:00:00-04:00,VTI,Vanguard Total Stock Market (ETF),285.26773185556635,286.529148745082,282.6956058875663,285.6717834472656,3178000
2025-06-02 00:00:00-04:00,VTI,Vanguard Total Stock Market (ETF),285.13958462997124,287.1894056589612,283.40512530921785,287.1302490234375,2845900
2025-06-03 00:00:00-04:00,VTI,Vanguard Total Stock Market (ETF),287.3076636946715,289.5841265548202,286.7951933913854,289.111083984375,3493700
2025-06-04 00:00:00-04:00,VTI,Vanguard Total Stock Market (ETF),289.5545550081135,290.07685967378865,288.77601519810986,289.0815124511719,2718900
2025-06-05 00:00:00-04:00,VTI,Vanguard Total Stock Market (ETF),289.7122471600164,290.6188745029978,286.8444885754615,287.48504638671875,3034300
2025-06-06 00:00:00-04:00,VTI,Vanguard Total Stock Market (ETF),290.43164178265243,291.58466994789,289.7516562114058,290.835693359375,2308800
2025-06-09 00:00:00-04:00,VTI,Vanguard Total Stock Market (ETF),291.1707283633492,291.9689669943963,290.54003503459904,291.0721740722656,3119700
2025-06-10 00:00:00-04:00,VTI,Vanguard Total Stock Market (ETF),291.4466959733112,292.8756581725907,290.934255704895,292.6095886230469,2823100
2025-06-11 00:00:00-04:00,VTI,Vanguard Total Stock Market (ETF),293.2796850779531,293.7428631934338,290.8751046581659,291.8310241699219,2706600
2025-06-12 00:00:00-04:00,VTI,Vanguard Total Stock Market (ETF),291.0130537634648,292.7869408174313,290.8159752516116,292.7672119140625,3092300
2025-06-13 00:00:00-04:00,VTI,Vanguard Total Stock Market (ETF),290.17539610096725,291.8309998365133,288.58875329849303,289.30816650390625,3383100
2025-06-16 00:00:00-04:00,VTI,Vanguard Total Stock Market (ETF),291.16089506628856,293.05300513410384,291.04261187182124,292.16607666015625,3113100
2025-06-17 00:00:00-04:00,VTI,Vanguard Total Stock Market (ETF),290.8160012844779,291.7521919673182,289.3180480726526,289.7319641113281,2720400
2025-06-18 00:00:00-04:00,VTI,Vanguard Total Stock Market (ETF),290.0473356124089,291.6536775583514,289.4166121178701,289.8403625488281,2409300
2025-06-20 00:00:00-04:00,VTI,Vanguard Total Stock Market (ETF),291.32843691013585,291.6930607547167,288.47054264430034,289.17022705078125,2686100
2025-06-23 00:00:00-04:00,VTI,Vanguard Total Stock Market (ETF),289.2293073973827,292.16605666410885,287.7313845233355,291.9492492675781,3340000
2025-06-24 00:00:00-04:00,VTI,Vanguard Total Stock Market (ETF),294.0976225352766,295.81238304484583,293.61474559082774,295.3590393066406,3225300
2025-06-25 00:00:00-04:00,VTI,Vanguard Total Stock Market (ETF),295.98974748607355,296.0685728726095,294.43266791243326,295.01409912109375,3025900
2025-06-26 00:00:00-04:00,VTI,Vanguard Total Stock Market (ETF),296.00945596974043,297.8030418360409,295.7433864476377,297.5566711425781,2286100
2025-06-27 00:00:00-04:00,VTI,Vanguard Total Stock Market (ETF),298.285940312117,299.8430200489931,297.01468909571975,298.90679931640625,3189900
2025-06-30 00:00:00-04:00,VTI,Vanguard Total Stock Market (ETF),300.2343096533591,301.0152001443407,299.10748289511685,300.422119140625,3100000
2025-07-01 00:00:00-04:00,VTI,Vanguard Total Stock Market (ETF),299.54240695348483,301.17335708968847,299.3051564527868,300.422119140625,3970600
2025-07-02 00:00:00-04:00,VTI,Vanguard Total Stock Market (ETF),300.44186391499454,302.03326704206467,300.00693991988317,301.9838562011719,4474700
2025-07-03 00:00:00-04:00,VTI,Vanguard Total Stock Market (ETF),303.01183304508874,304.8404866510039,303.01183304508874,304.4747619628906,2238100
2025-07-07 00:00:00-04:00,VTI,Vanguard Total Stock Market (ETF),303.4467560760486,303.80261669399,300.70873787577017,302.07281494140625,4255800
2025-07-08 00:00:00-04:00,VTI,Vanguard Total Stock Market (ETF),302.5571628791301,302.96243435569585,301.6576623089988,302.05303955078125,3497900
2025-07-09 00:00:00-04:00,VTI,Vanguard Total Stock Market (ETF),303.2292814244403,304.13867615203304,302.2704758578321,303.95086669921875,2838800
2025-07-10 00:00:00-04:00,VTI,Vanguard Total Stock Market (ETF),304.0991333637253,305.3643585456304,303.41709485043634,304.76141357421875,2598100
2025-07-11 00:00:00-04:00,VTI,Vanguard Total Stock Market (ETF),303.338041457292,304.089279303111,302.61645614931587,303.4764099121094,2909500
2025-07-14 00:00:00-04:00,VTI,Vanguard Total Stock Market (ETF),303.1996351404112,304.39569118886095,302.70540607867594,304.1683349609375,2364500
2025-07-15 00:00:00-04:00,VTI,Vanguard Total Stock Market (ETF),305.522558163796,305.7202618807723,302.5176366247987,302.56707763671875,3447800
2025-07-16 00:00:00-04:00,VTI,Vanguard Total Stock Market (ETF),303.31827665946963,304.00031524843195,300.4913006133312,303.71368408203125,3069700
2025-07-17 00:00:00-04:00,VTI,Vanguard Total Stock Market (ETF),303.95088624915036,306.0068659630576,303.76307678425627,305.6905822753906,4953000
2025-07-18 00:00:00-04:00,VTI,Vanguard Total Stock Market (ETF),306.47143333796305,306.61972619080495,304.9887461323312,305.52252197265625,2609100
2025-07-21 00:00:00-04:00,VTI,Vanguard Total Stock Market (ETF),306.36272884282715,307.4500388672262,305.7004485935365,305.8684997558594,3205000
2025-07-22 00:00:00-04:00,VTI,Vanguard Total Stock Market (ETF),306.16506015038556,306.6098784456592,304.6725086495145,306.224365234375,2117300
2025-07-23 00:00:00-04:00,VTI,Vanguard Total Stock Market (ETF),307.5093519081663,308.8437765106076,306.7383557191436,308.8042297363281,3970900
2025-07-24 00:00:00-04:00,VTI,Vanguard Total Stock Market (ETF),308.89316878205057,309.5257964710835,308.59664340615916,308.6954650878906,3661700
2025-07-25 00:00:00-04:00,VTI,Vanguard Total Stock Market (ETF),309.1896852914039,310.3066477841448,308.8042023137995,310.0694274902344,3233200
2025-07-28 00:00:00-04:00,VTI,Vanguard Total Stock Market (ETF),310.5735496479616,310.6130662532375,309.3181885447843,309.98046875,4797900
2025-07-29 00:00:00-04:00,VTI,Vanguard Total Stock Market (ETF),310.71193557265326,310.8700924986948,308.63616739571296,309.00189208984375,3745600
2025-07-30 00:00:00-04:00,VTI,Vanguard Total Stock Market (ETF),309.5752102025062,310.3857531246421,307.18312820836934,308.64605712890625,5966800
2025-07-31 00:00:00-04:00,VTI,Vanguard Total Stock Market (ETF),310.74160360561837,311.2061801723592,306.80755922356025,307.3017883300781,4685900
2025-08-01 00:00:00-04:00,VTI,Vanguard Total Stock Market (ETF),304.4253483835111,304.4253483835111,300.88665135475173,302.211181640625,5607300
2025-08-04 00:00:00-04:00,VTI,Vanguard Total Stock Market (ETF),304.0299591029066,306.9755753908724,304.0299591029066,306.9459228515625,4118100
2025-08-05 00:00:00-04:00,VTI,Vanguard Total Stock Market (ETF),307.27209665373385,307.7465674416645,304.8899389753764,305.59173583984375,4491800
2025-08-06 00:00:00-04:00,VTI,Vanguard Total Stock Market (ETF),305.97723223822544,307.9838012333166,305.48300312450493,307.6576232910156,3226400
2025-08-07 00:00:00-04:00,VTI,Vanguard Total Stock Market (ETF),309.4368337808026,309.7828001909577,305.78942053487935,307.4797058105469,2974400
2025-08-08 00:00:00-04:00,VTI,Vanguard Total Stock Market (ETF),308.3000906876579,309.68392606340194,308.0925229226335,309.41705322265625,2881400
2025-08-11 00:00:00-04:00,VTI,Vanguard Total Stock Market (ETF),309.7135998224732,310.3066807856718,308.221048427422,308.70538330078125,4275200
2025-08-12 00:00:00-04:00,VTI,Vanguard Total Stock Market (ETF),310.0991351495589,312.590039174439,309.3676856697491,312.4813232421875,3340100
2025-08-13 00:00:00-04:00,VTI,Vanguard Total Stock Market (ETF),313.69706627981174,314.2604946690819,312.7481548952272,313.9936218261719,2893600
2025-08-14 00:00:00-04:00,VTI,Vanguard Total Stock Market (ETF),312.6690989436633,313.89477743476044,312.3626793208891,313.529052734375,3487000
2025-08-15 00:00:00-04:00,VTI,Vanguard Total Stock Market (ETF),314.27038698369785,314.27038698369785,312.3626699916995,312.8173522949219,3434100
2025-08-18 00:00:00-04:00,VTI,Vanguard Total Stock Market (ETF),312.6690707783054,313.1534055902841,312.34286271547916,312.9359436035156,3788600
2025-08-19 00:00:00-04:00,VTI,Vanguard Total Stock Market (ETF),312.92607554001864,313.3214829420093,310.47471857363416,311.03814697265625,4135700
2025-08-20 00:00:00-04:00,VTI,Vanguard Total Stock Market (ETF),310.93929773515606,310.93929773515606,307.64771509455517,310.21771240234375,6190300
2025-08-21 00:00:00-04:00,VTI,Vanguard Total Stock Market (ETF),309.28851492410325,310.2176678956554,308.26051011540494,309.150146484375,2697000
2025-08-22 00:00:00-04:00,VTI,Vanguard Total Stock Market (ETF),310.36598703694034,315.15012120485864,310.0595674017788,314.50762939453125,3548300
2025-08-25 00:00:00-04:00,VTI,Vanguard Total Stock Market (ETF),313.91455923008266,314.30007242875416,312.94588944637843,312.99530029296875,2792700
2025-08-26 00:00:00-04:00,VTI,Vanguard Total Stock Market (ETF),313.0842460281553,314.5372808138915,312.6789745393063,314.4186706542969,2832000
2025-08-27 00:00:00-04:00,VTI,Vanguard Total Stock Market (ETF),313.9837002221826,315.5652391688625,313.9837002221826,315.2588195800781,5481300
2025-08-28 00:00:00-04:00,VTI,Vanguard Total Stock Market (ETF),315.7431763166333,316.7019819187318,314.82391748641936,316.40545654296875,3236900
2025-08-29 00:00:00-04:00,VTI,Vanguard Total Stock Market (ETF),315.87169342991746,316.01009205441625,313.6279042219632,314.52740478515625,3418800
2025-09-02 00:00:00-04:00,VTI,Vanguard Total Stock Market (ETF),310.8898607539778,312.46150566480304,309.68394054899017,312.3428955078125,4816300
2025-09-03 00:00:00-04:00,VTI,Vanguard Total Stock Market (ETF),313.38078828186474,314.08258513989205,312.2143847095741,313.66741943359375,3161400
2025-09-04 00:00:00-04:00,VTI,Vanguard Total Stock Market (ETF),314.1715657732799,316.53399546423185,313.6575783440939,316.4450378417969,3042000
2025-09-05 00:00:00-04:00,VTI,Vanguard Total Stock Market (ETF),317.8980072394462,318.3428254676249,313.8255645378975,315.8617858886719,3872100
2025-09-08 00:00:00-04:00,VTI,Vanguard Total Stock Market (ETF),316.7415212531696,317.2159920085978,316.0199359686252,316.8700256347656,4149800
2025-09-09 00:00:00-04:00,VTI,Vanguard Total Stock Market (ETF),317.0083960733236,317.5718244429257,315.7629593512034,317.2752990722656,3110500
2025-09-10 00:00:00-04:00,VTI,Vanguard Total Stock Market (ETF),318.77774818957164,319.31152402818657,317.2654084512862,318.0858154296875,3702700
2025-09-11 00:00:00-04:00,VTI,Vanguard Total Stock Market (ETF),319.183021212411,321.3082001777124,318.78764398996975,321.03143310546875,3577800
2025-09-12 00:00:00-04:00,VTI,Vanguard Total Stock Market (ETF),321.05119886000216,321.44660625696883,320.31974947324227,320.5668640136719,3055600
2025-09-15 00:00:00-04:00,VTI,Vanguard Total Stock Market (ETF),321.7134659081468,322.35595765384636,321.4564571437278,322.1286315917969,3200800
2025-09-16 00:00:00-04:00,VTI,Vanguard Total Stock Market (ETF),322.5437851383012,322.6327427543381,321.1698439590425,321.6937255859375,3709300
2025-09-17 00:00:00-04:00,VTI,Vanguard Total Stock Market (ETF),321.9012725132454,323.12695091974524,319.0446140889607,321.40704345703125,3643200
2025-09-18 00:00:00-04:00,VTI,Vanguard Total Stock Market (ETF),323.1566130538675,324.48114334401663,322.1582908431023,323.4333801269531,3112500
2025-09-19 00:00:00-04:00,VTI,Vanguard Total Stock Market (ETF),324.52069605221476,325.0544719048399,323.05776711608814,324.6492004394531,3610400
2025-09-22 00:00:00-04:00,VTI,Vanguard Total Stock Market (ETF),323.9770573985928,326.2900458818901,323.7595953959572,326.05279541015625,3434800
2025-09-23 00:00:00-04:00,VTI,Vanguard Total Stock Market (ETF),326.1813177552478,326.5470424695081,323.79912982965806,324.3032531738281,3455200
2025-09-24 00:00:00-04:00,VTI,Vanguard Total Stock Market (ETF),325.10390700196524,325.1138012372138,322.5042570211091,323.11712646484375,2957000
2025-09-25 00:00:00-04:00,VTI,Vanguard Total Stock Market (ETF),321.46636196352944,322.0792011923878,319.64760258050336,321.3872985839844,4108100
2025-09-26 00:00:00-04:00,VTI,Vanguard Total Stock Market (ETF),322.1286581960097,323.56190449088683,321.46637792736686,323.40374755859375,3169300
2025-09-29 00:00:00-04:00,VTI,Vanguard Total Stock Market (ETF),324.8082575468846,324.9271974127256,323.41065362484744,324.22344970703125,3711800
2025-09-30 00:00:00-04:00,VTI,Vanguard Total Stock Market (ETF),324.02520674881265,325.47235891129634,323.0141876077686,325.2840576171875,4210900
2025-10-01 00:00:00-04:00,VTI,Vanguard Total Stock Market (ETF),324.0549266627905,326.7609295679461,323.7773902301491,326.41400146484375,5983100
2025-10-02 00:00:00-04:00,VTI,Vanguard Total Stock Market (ETF),327.29619907279647,327.3556690066409,325.5615887541927,326.8898010253906,4010500
2025-10-03 00:00:00-04:00,VTI,Vanguard Total Stock Market (ETF),327.4547613523236,328.8226303122568,326.53294713991744,327.0682067871094,4894000
2025-10-06 00:00:00-04:00,VTI,Vanguard Total Stock Market (ETF),328.495555528539,328.84248364821633,327.2367349077028,328.29730224609375,4899400
2025-10-07 00:00:00-04:00,VTI,Vanguard Total Stock Market (ETF),328.80285210471976,329.07046683221756,325.90851730522013,326.7213134765625,4956100
2025-10-08 00:00:00-04:00,VTI,Vanguard Total Stock Market (ETF),327.60350363021854,328.95152926603396,326.92946056310444,328.8920593261719,3149300
2025-10-09 00:00:00-04:00,VTI,Vanguard Total Stock Market (ETF),329.0109874290099,329.2786323980153,326.8501656934839,327.7521667480469,3803200
2025-10-10 00:00:00-04:00,VTI,Vanguard Total Stock Market (ETF),328.24773426191024,329.22901837768944,318.7916219443581,318.97003173828125,7886700
2025-10-13 00:00:00-04:00,VTI,Vanguard Total Stock Market (ETF),322.9249726650856,324.699209413882,322.30050811974934,324.054931640625,4476800
2025-10-14 00:00:00-04:00,VTI,Vanguard Total Stock Market (ETF),321.05161476762424,325.7301082599588,319.24761260232606,323.9558410644531,6307300
2025-10-15 00:00:00-04:00,VTI,Vanguard Total Stock Market (ETF),326.493345717025,328.0792510538211,322.43928672091454,325.4922180175781,4245600
2025-10-16 00:00:00-04:00,VTI,Vanguard Total Stock Market (ETF),326.4734679813836,327.03846257916496,321.22998053287654,322.9051208496094,5328500
2025-10-17 00:00:00-04:00,VTI,Vanguard Total Stock Market (ETF),322.15188237659225,325.05610879267476,321.38863437189906,324.4217224121094,5646800
2025-10-20 00:00:00-04:00,VTI,Vanguard Total Stock Market (ETF),326.0571999734286,328.445979624917,325.967964821195,328.03961181640625,3919600
2025-10-21 00:00:00-04:00,VTI,Vanguard Total Stock Market (ETF),327.8809990999922,328.94156639438654,327.2168778556345,327.99993896484375,4099800
2025-10-22 00:00:00-04:00,VTI,Vanguard Total Stock Market (ETF),328.2675777400911,328.3171561868844,323.77741601736545,326.00762939453125,7357900
2025-10-23 00:00:00-04:00,VTI,Vanguard Total Stock Market (ETF),326.4239501038656,328.6640549772204,326.09683520142204,328.0990905761719,2955700
2025-10-24 00:00:00-04:00,VTI,Vanguard Total Stock Market (ETF),330.4284014569939,331.59804746910515,330.2797266141169,330.77532958984375,3780100
2025-10-27 00:00:00-04:00,VTI,Vanguard Total Stock Market (ETF),333.7390549838306,334.7302609324025,333.2731869780336,334.4626159667969,5496100
2025-10-28 00:00:00-04:00,VTI,Vanguard Total Stock Market (ETF),335.36461244642453,335.8304804458822,334.1454182565575,334.9780578613281,3765000
2025-10-29 00:00:00-04:00,VTI,Vanguard Total Stock Market (ETF),335.3745291307762,336.0782768643017,332.737917753287,334.7401428222656,4818800
2025-10-30 00:00:00-04:00,VTI,Vanguard Total Stock Market (ETF),333.0451879957976,334.21480371764056,331.1123243586404,331.1420593261719,5025800
2025-10-31 00:00:00-04:00,VTI,Vanguard Total Stock Market (ETF),333.65973536312714,333.65973536312714,330.91410582635893,332.4703063964844,4243100
2025-11-03 00:00:00-05:00,VTI,Vanguard Total Stock Market (ETF),334.03641361552974,334.17519697166534,330.9537775525245,332.8469543457031,3344400
2025-11-04 00:00:00-05:00,VTI,Vanguard Total Stock Market (ETF),329.28853037440695,331.19165916697756,328.4757644596398,328.8226623535156,3288700
2025-11-05 00:00:00-05:00,VTI,Vanguard Total Stock Market (ETF),328.9118427784816,331.7367856630003,328.3865048577904,330.23016357421875,3147000
2025-11-06 00:00:00-05:00,VTI,Vanguard Total Stock Market (ETF),329.86344852368035,330.1310632501642,325.7400279923536,326.4735107421875,2968100
2025-11-07 00:00:00-05:00,VTI,Vanguard Total Stock Market (ETF),325.15520423427876,327.2268210139212,322.1121947460919,327.1871643066406,4707100
2025-11-10 00:00:00-05:00,VTI,Vanguard Total Stock Market (ETF),330.38873502984654,332.5000082909062,329.1199927754391,331.97467041015625,3658900
2025-11-11 00:00:00-05:00,VTI,Vanguard Total Stock Market (ETF),331.39979330739357,333.09474701014346,330.8149854274788,332.7874755859375,2506400
2025-11-12 00:00:00-05:00,VTI,Vanguard Total Stock Market (ETF),333.8579820414173,333.9670001719568,331.93504015507074,332.9064025878906,2730900
2025-11-13 00:00:00-05:00,VTI,Vanguard Total Stock Market (ETF),331.5583902248288,331.68725183818214,326.3446372488722,327.0087585449219,4213800
2025-11-14 00:00:00-05:00,VTI,Vanguard Total Stock Market (ETF),323.6981218107344,328.9316878140096,322.7564640950337,326.95916748046875,3669200
2025-11-17 00:00:00-05:00,VTI,Vanguard Total Stock Market (ETF),325.8192743545002,327.8611560348895,321.9436557574731,323.559326171875,4336700
2025-11-18 00:00:00-05:00,VTI,Vanguard Total Stock Market (ETF),321.8841905864249,323.67827082486696,319.0890129699481,321.3687744140625,5563300
2025-11-19 00:00:00-05:00,VTI,Vanguard Total Stock Market (ETF),321.7949995347596,324.7289606215214,320.50644392379917,322.4194641113281,3538300
2025-11-20 00:00:00-05:00,VTI,Vanguard Total Stock Market (ETF),327.40520708118385,328.6838711177204,317.03720219568305,317.2850036621094,4176000
2025-11-21 00:00:00-05:00,VTI,Vanguard Total Stock Market (ETF),318.55378259951317,323.4503425592238,316.63084057893667,320.9524841308594,4695300
2025-11-24 00:00:00-05:00,VTI,Vanguard Total Stock Market (ETF),322.64742926466704,326.29505957074747,322.0824346644898,325.7499084472656,4167600
2025-11-25 00:00:00-05:00,VTI,Vanguard Total Stock Market (ETF),325.7499187874387,329.7345555825985,323.88644687105847,329.23895263671875,3654300
2025-11-26 00:00:00-05:00,VTI,Vanguard Total Stock Market (ETF),330.3887556065908,332.53965545544605,330.0319057554257,331.4989013671875,2745500
2025-11-28 00:00:00-05:00,VTI,Vanguard Total Stock Market (ETF),332.4504769629084,333.461526413852,331.9152172682444,333.35247802734375,2288300
2025-12-01 00:00:00-05:00,VTI,Vanguard Total Stock Market (ETF),331.0231541839144,333.1443495877083,330.81500938935756,331.7170104980469,4270600
2025-12-02 00:00:00-05:00,VTI,Vanguard Total Stock Market (ETF),332.698241666806,333.4019893593378,331.2411678391008,332.1134338378906,2920000
2025-12-03 00:00:00-05:00,VTI,Vanguard Total Stock Market (ETF),331.8160917507765,334.10577492524845,331.4691636411771,333.6002502441406,3779900
2025-12-04 00:00:00-05:00,VTI,Vanguard Total Stock Market (ETF),334.2742851943532,334.373411839282,332.6388014252455,334.1256103515625,3587800
2025-12-05 00:00:00-05:00,VTI,Vanguard Total Stock Market (ETF),334.60141343886875,335.9791740359364,334.0661537342754,334.59149169921875,3340500
2025-12-08 00:00:00-05:00,VTI,Vanguard Total Stock Market (ETF),335.22583887241984,335.22583887241984,332.64869754874985,333.61016845703125,3532800
2025-12-09 00:00:00-05:00,VTI,Vanguard Total Stock Market (ETF),333.32274155807033,334.58156224714605,333.1145967746622,333.273193359375,3035700
2025-12-10 00:00:00-05:00,VTI,Vanguard Total Stock Market (ETF),333.1641270200617,336.6036127520874,332.549584193169,335.7511901855469,5697100
2025-12-11 00:00:00-05:00,VTI,Vanguard Total Stock Market (ETF),334.90870471039335,336.9505867516064,333.4813655797501,336.8811950683594,3819000
2025-12-12 00:00:00-05:00,VTI,Vanguard Total Stock Market (ETF),336.5143900571495,336.7621915225819,331.905288849948,333.0352478027344,4258900
2025-12-15 00:00:00-05:00,VTI,Vanguard Total Stock Market (ETF),335.00779292614163,335.0276061551354,331.7367951898972,332.3810729980469,3571900
2025-12-16 00:00:00-05:00,VTI,Vanguard Total Stock Market (ETF),331.6475744255866,332.5594971521673,329.49667458824797,331.4195861816406,4129200
2025-12-17 00:00:00-05:00,VTI,Vanguard Total Stock Market (ETF),331.9747263280453,332.2522627976577,327.7224441246926,327.8017272949219,3980300
2025-12-18 00:00:00-05:00,VTI,Vanguard Total Stock Market (ETF),330.84470437255544,332.40090489668376,329.5462270623907,330.3193664550781,3347700
2025-12-19 00:00:00-05:00,VTI,Vanguard Total Stock Market (ETF),331.4295380372697,333.6300165184861,331.27094145087864,333.2632751464844,4022600
2025-12-22 00:00:00-05:00,VTI,Vanguard Total Stock Market (ETF),334.9839056840525,335.88846527135274,334.59622428877776,335.580322265625,3782100
2025-12-23 00:00:00-05:00,VTI,Vanguard Total Stock Market (ETF),334.9838922291265,336.80293087810156,334.9838922291265,336.693603515625,3611100
2025-12-24 00:00:00-05:00,VTI,Vanguard Total Stock Market (ETF),336.7532543480574,338.0653647553885,336.6836658412276,337.8466796875,4006500
2025-12-26 00:00:00-05:00,VTI,Vanguard Total Stock Market (ETF),338.10512889412763,338.2939643119733,337.14093070035653,337.637939453125,3543600
2025-12-29 00:00:00-05:00,VTI,Vanguard Total Stock Market (ETF),336.37552013325677,337.2403105154542,335.55049894535784,336.3656005859375,3795900
2025-12-30 00:00:00-05:00,VTI,Vanguard Total Stock Market (ETF),336.3656048616246,336.7532559221893,335.72941908479066,335.8288269042969,3576200
2025-12-31 00:00:00-05:00,VTI,Vanguard Total Stock Market (ETF),336.0176997256622,336.10715766459646,333.2145629656903,333.2642517089844,3493700
2026-01-02 00:00:00-05:00,VTI,Vanguard Total Stock Market (ETF),335.13300575691534,335.71947246218707,332.59827317743486,334.29803466796875,5177300
2026-01-05 00:00:00-05:00,VTI,Vanguard Total Stock Market (ETF),335.9779256422683,337.57827930715706,335.82882907954695,336.8128967285156,5442200
2026-01-06 00:00:00-05:00,VTI,Vanguard Total Stock Market (ETF),336.9619811182948,339.3476473756838,336.7830652494926,339.168701171875,6054500
2026-01-07 00:00:00-05:00,VTI,Vanguard Total Stock Market (ETF),339.31778544526406,340.03347922957,337.84665901947255,338.015625,6629600
2026-01-08 00:00:00-05:00,VTI,Vanguard Total Stock Market (ETF),337.73732109365795,338.71146918167966,337.061396461973,338.1051330566406,6800000
2026-01-09 00:00:00-05:00,VTI,Vanguard Total Stock Market (ETF),338.81084761508,340.88834040684503,337.96592673125093,340.3515625,6854100
2026-01-12 00:00:00-05:00,VTI,Vanguard Total Stock Market (ETF),338.8705015243076,341.3555452153412,338.7412743987729,340.9778137207031,5775900
2026-01-13 00:00:00-05:00,VTI,Vanguard Total Stock Market (ETF),341.3455872255144,341.4847642297093,339.2184056507189,340.29193115234375,8088100
2026-01-14 00:00:00-05:00,VTI,Vanguard Total Stock Market (ETF),339.1587765676535,339.42715036685513,336.8824680429225,338.9599609375,12154800
2026-01-15 00:00:00-05:00,VTI,Vanguard Total Stock Market (ETF),340.9579407179337,341.61399588569066,339.63588050055796,340.003662109375,8296900
2026-01-16 00:00:00-05:00,VTI,Vanguard Total Stock Market (ETF),340.8187574816469,340.9976733418539,339.0295382095666,339.80487060546875,6418500
2026-01-20 00:00:00-05:00,VTI,Vanguard Total Stock Market (ETF),334.7055780613116,336.6041551506082,332.6678542944526,333.1051940917969,13144300
2026-01-21 00:00:00-05:00,VTI,Vanguard Total Stock Market (ETF),334.1787274754528,338.6716754091295,333.43321439122514,337.0514221191406,9761800
2026-01-22 00:00:00-05:00,VTI,Vanguard Total Stock Market (ETF),339.4271355235133,339.96391343344914,337.955978795728,338.8307189941406,5505900
2026-01-23 00:00:00-05:00,VTI,Vanguard Total Stock Market (ETF),338.6617600127097,339.50665058385096,337.8068892247831,338.5225830078125,4905900
2026-01-26 00:00:00-05:00,VTI,Vanguard Total Stock Market (ETF),339.1090549359451,340.6199809097054,338.76114275330264,339.9837951660156,4957200
2026-01-27 00:00:00-05:00,VTI,Vanguard Total Stock Market (ETF),340.7989297549179,341.67367006964037,340.24228234282333,341.2164001464844,3689000
2026-01-28 00:00:00-05:00,VTI,Vanguard Total Stock Market (ETF),342.00167497264044,342.35953706395156,340.27209414715975,341.02752685546875,5854800
2026-01-29 00:00:00-05:00,VTI,Vanguard Total Stock Market (ETF),341.48480100253914,341.77304425368766,335.66979221045125,340.2422790527344,8936900
2026-01-30 00:00:00-05:00,VTI,Vanguard Total Stock Market (ETF),338.7512167916578,339.993738609705,336.3357313227699,338.53253173828125,9905800
2026-02-02 00:00:00-05:00,VTI,Vanguard Total Stock Market (ETF),337.5186275179074,341.23627356847174,337.4589888951449,340.4311218261719,6024500
2026-02-03 00:00:00-05:00,VTI,Vanguard Total Stock Market (ETF),340.96788259967633,341.34561411509816,334.89445004541705,337.8168640136719,9060900
2026-02-04 00:00:00-05:00,VTI,Vanguard Total Stock Market (ETF),338.34367198112136,338.90031933865436,333.92028209661237,336.2264099121094,8973500
2026-02-05 00:00:00-05:00,VTI,Vanguard Total Stock Market (ETF),333.83083166861036,335.2125305465861,331.1966913755344,331.9024353027344,8838500
2026-02-06 00:00:00-05:00,VTI,Vanguard Total Stock Market (ETF),334.05946675783457,339.6557901071596,333.9600589413533,338.9201965332031,5093800
2026-02-09 00:00:00-05:00,VTI,Vanguard Total Stock Market (ETF),338.3337402464324,341.45496983680414,337.76714297658674,340.5901794433594,4562300
2026-02-10 00:00:00-05:00,VTI,Vanguard Total Stock Market (ETF),341.097117753835,341.8724502329314,339.5066835996605,339.75518798828125,3879400
2026-02-11 00:00:00-05:00,VTI,Vanguard Total Stock Market (ETF),341.8923288442064,342.24021069874397,337.88643956090044,339.4271545410156,5056600
2026-02-12 00:00:00-05:00,VTI,Vanguard Total Stock Market (ETF),340.6398462559303,341.27600165698976,333.62208540561835,333.99981689453125,7012500
2026-02-13 00:00:00-05:00,VTI,Vanguard Total Stock Market (ETF),334.5962171342019,336.9520640977892,332.27021981731195,334.635986328125,8039400
2026-02-17 00:00:00-05:00,VTI,Vanguard Total Stock Market (ETF),334.0991882103787,336.15681159781735,331.5744057463287,335.053466796875,7112300
2026-02-18 00:00:00-05:00,VTI,Vanguard Total Stock Market (ETF),335.86859942346115,338.33374349557363,335.0435478819013,336.8029479980469,5718300
2026-02-19 00:00:00-05:00,VTI,Vanguard Total Stock Market (ETF),335.7095390112301,336.8526530617908,334.5862943899377,336.1667785644531,4401600
2026-02-20 00:00:00-05:00,VTI,Vanguard Total Stock Market (ETF),334.97396809649837,338.6717146359611,334.8050020987724,338.2343444824219,7051500
2026-02-23 00:00:00-05:00,VTI,Vanguard Total Stock Market (ETF),337.46896546532236,338.4232138399932,333.4332565525377,334.4471435546875,10771900
2026-02-24 00:00:00-05:00,VTI,Vanguard Total Stock Market (ETF),334.3377886038136,337.5882148733269,333.4829177887848,337.1806640625,3642400
2026-02-25 00:00:00-05:00,VTI,Vanguard Total Stock Market (ETF),338.56238149759605,340.08322712626506,338.28405779872224,339.7850036621094,3983300
2026-02-26 00:00:00-05:00,VTI,Vanguard Total Stock Market (ETF),339.9539790355552,340.08320616188905,335.87850129005756,338.4530029296875,4984500
2026-02-27 00:00:00-05:00,VTI,Vanguard Total Stock Market (ETF),335.3119289424192,336.96200172619206,334.4769578352705,336.7433166503906,6041800
2026-03-02 00:00:00-05:00,VTI,Vanguard Total Stock Market (ETF),333.00581958841127,338.0951844449435,332.68772670112617,337.0912170410156,7225700
2026-03-03 00:00:00-05:00,VTI,Vanguard Total Stock Market (ETF),331.08732601490885,334.9838878500629,328.21463129686657,333.72149658203125,10751600
2026-03-04 00:00:00-05:00,VTI,Vanguard Total Stock Market (ETF),334.77516014050934,337.0315689302251,333.33382264088505,336.1667785644531,5462500
2026-03-05 00:00:00-05:00,VTI,Vanguard Total Stock Market (ETF),334.56638494622894,336.33573482012645,331.1469927756116,333.9898681640625,8661800
2026-03-06 00:00:00-05:00,VTI,Vanguard Total Stock Market (ETF),329.92434638793196,331.15691835952,328.02576935540145,329.4273376464844,8635500
2026-03-09 00:00:00-04:00,VTI,Vanguard Total Stock Market (ETF),326.2365685921163,333.0952835475431,324.1789450049859,332.2801818847656,8505800
2026-03-10 00:00:00-04:00,VTI,Vanguard Total Stock Market (ETF),332.06149854094815,334.88450472756995,330.50088371543643,331.5148010253906,7767700
2026-03-11 00:00:00-04:00,VTI,Vanguard Total Stock Market (ETF),331.91237345329284,332.93621022290444,329.6758341700145,331.2463684082031,8631900
2026-03-12 00:00:00-04:00,VTI,Vanguard Total Stock Market (ETF),328.72158878303054,328.8408660255829,325.8687331686269,325.9582214355469,7011900
2026-03-13 00:00:00-04:00,VTI,Vanguard Total Stock Market (ETF),327.51883955376144,329.1192236162605,323.7217154895576,324.178955078125,6294900
2026-03-16 00:00:00-04:00,VTI,Vanguard Total Stock Market (ETF),327.2504591669737,328.9899898802316,326.60435382619386,327.489013671875,3766900
2026-03-17 00:00:00-04:00,VTI,Vanguard Total Stock Market (ETF),329.0197969593758,330.33190735756114,328.16495645859294,328.5923767089844,3181400
2026-03-18 00:00:00-04:00,VTI,Vanguard Total Stock Market (ETF),327.43931402266475,328.02578071768636,323.950302829647,324.069580078125,3919400
2026-03-19 00:00:00-04:00,VTI,Vanguard Total Stock Market (ETF),321.7236921411015,325.05365667216364,320.8290825013399,323.4930419921875,5183100
2026-03-20 00:00:00-04:00,VTI,Vanguard Total Stock Market (ETF),322.90658197449994,323.04572864643217,316.6641534612599,318.4235534667969,6532900
2026-03-23 00:00:00-04:00,VTI,Vanguard Total Stock Market (ETF),323.0755705287312,325.8886571597472,321.53485547288005,322.25054931640625,7888300
2026-03-24 00:00:00-04:00,VTI,Vanguard Total Stock Market (ETF),319.7356862875986,323.18492837268474,319.4275432762947,321.24658203125,4382400
2026-03-25 00:00:00-04:00,VTI,Vanguard Total Stock Market (ETF),324.0497244595366,325.24255766517024,321.7833656368396,323.2048034667969,3625600
2026-03-26 00:00:00-04:00,VTI,Vanguard Total Stock Market (ETF),320.9185510474587,322.4791657790584,317.47925904371556,317.6382751464844,4794400
2026-03-27 00:00:00-04:00,VTI,Vanguard Total Stock Market (ETF),316.3599587059798,316.55939721497276,311.6036515239344,312.19195556640625,7027300
2026-03-30 00:00:00-04:00,VTI,Vanguard Total Stock Market (ETF),314.9939078659332,315.0936271250831,309.50968334318645,310.7860107421875,6510900
2026-03-31 00:00:00-04:00,VTI,Vanguard Total Stock Market (ETF),314.44550075501695,320.59778655899163,313.84721562413256,319.88983154296875,6764000
2026-04-01 00:00:00-04:00,VTI,Vanguard Total Stock Market (ETF),321.9837956269661,324.1575353941662,321.3555977974441,322.3128356933594,5540500
2026-04-02 00:00:00-04:00,VTI,Vanguard Total Stock Market (ETF),318.0550906340046,323.9680741457348,317.317222934341,322.83135986328125,3653400
2026-04-06 00:00:00-04:00,VTI,Vanguard Total Stock Market (ETF),323.02082591437795,324.68601881011654,322.6618426792801,324.2771911621094,4401900
2026-04-07 00:00:00-04:00,VTI,Vanguard Total Stock Market (ETF),323.2900307154336,324.6461151779091,320.54791862759157,324.4965515136719,3567500
2026-04-08 00:00:00-04:00,VTI,Vanguard Total Stock Market (ETF),333.23144367979137,333.5206203918348,330.6289141314893,332.74285888671875,5384300
2026-04-09 00:00:00-04:00,VTI,Vanguard Total Stock Market (ETF),332.3539774761242,335.1658962831835,331.48647773204215,334.48785400390625,3436800
2026-04-10 00:00:00-04:00,VTI,Vanguard Total Stock Market (ETF),335.16587800038525,335.5846562670763,333.6103550068732,334.0889587402344,2581300
2026-04-13 00:00:00-04:00,VTI,Vanguard Total Stock Market (ETF),332.98216447231124,337.7683844910521,332.68303713240675,337.6986083984375,3027300
2026-04-14 00:00:00-04:00,VTI,Vanguard Total Stock Market (ETF),338.82534382557907,341.79680728443543,338.625935741053,341.66717529296875,3380500
2026-04-15 00:00:00-04:00,VTI,Vanguard Total Stock Market (ETF),342.2654430715089,344.4192511136006,341.6272642012403,344.2497253417969,3978500
2026-04-16 00:00:00-04:00,VTI,Vanguard Total Stock Market (ETF),344.708435519257,345.64574173713294,343.57169079245443,345.0374755859375,3837300
2026-04-17 00:00:00-04:00,VTI,Vanguard Total Stock Market (ETF),347.43058403591937,350.74106851746103,347.1813011158643,349.5245666503906,4258500
2026-04-20 00:00:00-04:00,VTI,Vanguard Total Stock Market (ETF),348.89636646913635,349.604321436904,347.8394093296374,349.2054748535156,4054100
2026-04-21 00:00:00-04:00,VTI,Vanguard Total Stock Market (ETF),350.0430693769634,350.73109268095476,346.1742239613881,346.84228515625,4910100
2026-04-22 00:00:00-04:00,VTI,Vanguard Total Stock Market (ETF),349.30519198025934,350.3023236476815,348.94623918640826,350.21258544921875,2486000
2026-04-23 00:00:00-04:00,VTI,Vanguard Total Stock Market (ETF),349.514597428218,350.6812549227903,345.5559833065296,348.7966613769531,3366700
2026-04-24 00:00:00-04:00,VTI,Vanguard Total Stock Market (ETF),349.8635835850158,351.3592810874547,348.66704384109084,351.0401916503906,2705700
2026-04-27 00:00:00-04:00,VTI,Vanguard Total Stock Market (ETF),350.9903507733881,351.79802499843476,350.2724147477863,351.5188293457031,2814200
2026-04-28 00:00:00-04:00,VTI,Vanguard Total Stock Market (ETF),350.18268942169385,350.6014677011644,348.4875533341931,349.6242980957031,3071600
2026-04-29 00:00:00-04:00,VTI,Vanguard Total Stock Market (ETF),349.4547577718888,349.6841090116079,347.66991398596815,349.2054748535156,2742500
2026-04-30 00:00:00-04:00,VTI,Vanguard Total Stock Market (ETF),350.5416318162744,353.67263991472583,349.0160215548754,353.1640930175781,2723400
2026-05-01 00:00:00-04:00,VTI,Vanguard Total Stock Market (ETF),354.5401496664596,356.1255854395375,354.0615154890976,354.27093505859375,3752000
2026-05-04 00:00:00-04:00,VTI,Vanguard Total Stock Market (ETF),354.06151169130953,355.1484120259552,351.5188380208261,352.9646911621094,3012400
2026-05-05 00:00:00-04:00,VTI,Vanguard Total Stock Market (ETF),354.7694941599933,356.55433798378516,354.7495320508719,355.9660339355469,2722200
2026-05-06 00:00:00-04:00,VTI,Vanguard Total Stock Market (ETF),358.42894207663124,361.23087963882733,358.0899209599646,360.8220520019531,3794300
2026-05-07 00:00:00-04:00,VTI,Vanguard Total Stock Market (ETF),361.57988119947004,361.6796004524492,358.3491843272411,359.1668395996094,3500900
2026-05-08 00:00:00-04:00,VTI,Vanguard Total Stock Market (ETF),360.9716439717318,362.08842656830484,360.43318435194,361.82916259765625,2867400
2026-05-11 00:00:00-04:00,VTI,Vanguard Total Stock Market (ETF),361.5699118041112,363.4345736478221,361.3804847763993,362.5870056152344,3672200
2026-05-12 00:00:00-04:00,VTI,Vanguard Total Stock Market (ETF),361.48017513014776,362.11835402845486,358.5884992685499,361.7494201660156,3067500
2026-05-13 00:00:00-04:00,VTI,Vanguard Total Stock Market (ETF),362.17819335084425,364.35193325002115,360.32351248298113,363.6639099121094,3305300
2026-05-14 00:00:00-04:00,VTI,Vanguard Total Stock Market (ETF),364.45164720582665,367.1937594625052,364.3718900566705,366.34619140625,2931700
2026-05-15 00:00:00-04:00,VTI,Vanguard Total Stock Market (ETF),363.4844287626472,363.88327536912414,361.2408823674132,361.6995544433594,3404000
2026-05-18 00:00:00-04:00,VTI,Vanguard Total Stock Market (ETF),362.2978176681192,363.0257347427219,358.9474698601782,361.32061767578125,3577600
2026-05-19 00:00:00-04:00,VTI,Vanguard Total Stock Market (ETF),359.61555627279637,360.93177747400716,357.7708564661057,359.0272521972656,3169400
2026-05-20 00:00:00-04:00,VTI,Vanguard Total Stock Market (ETF),360.1639717831314,363.34482424843037,359.1668401120043,363.1453857421875,3153000
2026-05-21 00:00:00-04:00,VTI,Vanguard Total Stock Market (ETF),361.7593760018999,365.0200162029522,361.0913147900336,364.0428161621094,2766300
2026-05-22 00:00:00-04:00,VTI,Vanguard Total Stock Market (ETF),365.7578772358678,367.24359373447584,365.039941193109,365.7379455566406,2642200
2026-05-26 00:00:00-04:00,VTI,Vanguard Total Stock Market (ETF),367.9216648149643,369.17803006178224,367.3433113894061,368.4002685546875,3566700
2026-05-27 00:00:00-04:00,VTI,Vanguard Total Stock Market (ETF),368.44015014886986,368.98856039250035,367.3432992315655,368.300537109375,3097800
2026-05-28 00:00:00-04:00,VTI,Vanguard Total Stock Market (ETF),368.47006827708555,370.8532275973089,367.69230678434343,370.5939636230469,2956100
2026-05-29 00:00:00-04:00,VTI,Vanguard Total Stock Market (ETF),370.97290019562826,372.05977013806097,370.2848768622463,371.4714660644531,3162200
2026-06-01 00:00:00-04:00,VTI,Vanguard Total Stock Market (ETF),371.1124775722396,373.3660050051051,370.41450362377304,372.3289794921875,6894700
2026-06-02 00:00:00-04:00,VTI,Vanguard Total Stock Market (ETF),371.8104888621593,373.62527593598793,371.5612059266349,373.2862243652344,2700700
2026-06-03 00:00:00-04:00,VTI,Vanguard Total Stock Market (ETF),372.77768625242385,372.8774055068602,370.2549443084085,370.583984375,3409600
2026-06-04 00:00:00-04:00,VTI,Vanguard Total Stock Market (ETF),369.5569581916665,372.9172872646697,369.2976942033485,372.3090515136719,3125600
2026-06-05 00:00:00-04:00,VTI,Vanguard Total Stock Market (ETF),369.91594537822095,370.1153534690119,361.42036344332416,362.3377380371094,5205400
2026-06-08 00:00:00-04:00,VTI,Vanguard Total Stock Market (ETF),365.6382246504669,366.52565603776384,362.9958317376687,363.4245910644531,5431900
2026-06-09 00:00:00-04:00,VTI,Vanguard Total Stock Market (ETF),365.6481998683328,367.602569444143,355.2580743553185,362.62689208984375,4687900
2026-06-10 00:00:00-04:00,VTI,Vanguard Total Stock Market (ETF),360.83203190587955,363.5143185277645,356.87341796588925,357.0130310058594,3389800
2026-06-11 00:00:00-04:00,VTI,Vanguard Total Stock Market (ETF),358.5984779226141,364.4516361292619,356.7238654589423,363.25506591796875,3964200
2026-06-12 00:00:00-04:00,VTI,Vanguard Total Stock Market (ETF),365.1296666694827,366.87464708745256,362.1881465086453,365.30914306640625,3230600
2026-06-15 00:00:00-04:00,VTI,Vanguard Total Stock Market (ETF),370.7335696895646,372.5683188742054,370.48428675393956,371.46148681640625,3561000
2026-06-16 00:00:00-04:00,VTI,Vanguard Total Stock Market (ETF),371.7207504262548,372.0896843017946,369.03846360727346,369.30767822265625,2805800
2026-06-17 00:00:00-04:00,VTI,Vanguard Total Stock Market (ETF),369.7164972529144,370.4543649867598,364.0328342872191,364.7109069824219,4766800
2026-06-18 00:00:00-04:00,VTI,Vanguard Total Stock Market (ETF),369.49711381728986,369.5569392838338,367.283480265031,368.9287414550781,3413600
2026-06-22 00:00:00-04:00,VTI,Vanguard Total Stock Market (ETF),369.2179210322733,370.49424837853525,367.1339194513481,367.75213623046875,3295200
2026-06-23 00:00:00-04:00,VTI,Vanguard Total Stock Market (ETF),362.2280095729328,365.60830052914605,361.82916299229936,362.65679931640625,3175500
2026-06-24 00:00:00-04:00,VTI,Vanguard Total Stock Market (ETF),363.7436783286875,366.0669817810845,361.58987022305143,362.60693359375,3036000
2026-06-25 00:00:00-04:00,VTI,Vanguard Total Stock Market (ETF),365.4288338716233,365.777805620201,361.27078132184084,362.9360046386719,2758000
2026-06-26 00:00:00-04:00,VTI,Vanguard Total Stock Market (ETF),360.8800048828125,364.7900085449219,359.95001220703125,362.2200012207031,2739400
2026-06-29 00:00:00-04:00,VTI,Vanguard Total Stock Market (ETF),365.1499938964844,367.3900146484375,362.54998779296875,367.1199951171875,3829900
2026-06-30 00:00:00-04:00,VTI,Vanguard Total Stock Market (ETF),367.30999755859375,370.6099853515625,367.0899963378906,370.0400085449219,4222200
2026-07-01 00:00:00-04:00,VTI,Vanguard Total Stock Market (ETF),369.3399963378906,371.3800048828125,367.8399963378906,369.2699890136719,2852400
2026-07-02 00:00:00-04:00,VTI,Vanguard Total Stock Market (ETF),370.3900146484375,372.239990234375,366.17999267578125,368.760009765625,3114000
2026-07-06 00:00:00-04:00,VTI,Vanguard Total Stock Market (ETF),370.3299865722656,372.2799987792969,369.9599914550781,371.6700134277344,3271300
2026-07-07 00:00:00-04:00,VTI,Vanguard Total Stock Market (ETF),371.30999755859375,371.75,368.4800109863281,369.6099853515625,2881600
2026-07-08 00:00:00-04:00,VTI,Vanguard Total Stock Market (ETF),367.6099853515625,368.5799865722656,365.30999755859375,368.25,3864300
2026-07-09 00:00:00-04:00,VTI,Vanguard Total Stock Market (ETF),369.4700012207031,371.8500061035156,368.70001220703125,371.45001220703125,5484300
2026-07-10 00:00:00-04:00,VTI,Vanguard Total Stock Market (ETF),372.0,372.9700012207031,369.5199890136719,372.69000244140625,2765900
2026-07-13 00:00:00-04:00,VTI,Vanguard Total Stock Market (ETF),371.5899963378906,372.2200012207031,369.25,369.7799987792969,2931000
2026-07-14 00:00:00-04:00,VTI,Vanguard Total Stock Market (ETF),371.0,371.9700012207031,369.75,371.1600036621094,3403900
2026-07-15 00:00:00-04:00,VTI,Vanguard Total Stock Market (ETF),372.29998779296875,372.9599914550781,370.239990234375,372.4200134277344,2913900
2026-07-16 00:00:00-04:00,VTI,Vanguard Total Stock Market (ETF),371.54998779296875,372.55999755859375,369.19000244140625,370.5799865722656,3215100
2026-07-17 00:00:00-04:00,VTI,Vanguard Total Stock Market (ETF),366.4800109863281,369.0799865722656,365.7200012207031,367.010009765625,3155000
2026-07-20 00:00:00-04:00,VTI,Vanguard Total Stock Market (ETF),368.75,369.6400146484375,366.0799865722656,366.25,2863100
2026-07-21 00:00:00-04:00,VTI,Vanguard Total Stock Market (ETF),368.1499938964844,369.8500061035156,367.3399963378906,369.45001220703125,2139900
2026-07-22 00:00:00-04:00,VTI,Vanguard Total Stock Market (ETF),368.80999755859375,370.1600036621094,368.57000732421875,368.8699951171875,2389200
2026-07-23 00:00:00-04:00,VTI,Vanguard Total Stock Market (ETF),365.1300048828125,366.760009765625,363.1000061035156,364.69000244140625,3276300
2026-07-24 00:00:00-04:00,VTI,Vanguard Total Stock Market (ETF),364.8999938964844,367.29998779296875,364.1000061035156,364.79998779296875,2609700
2026-07-27 00:00:00-04:00,VTI,Vanguard Total Stock Market (ETF),367.67999267578125,368.32000732421875,363.6099853515625,365.17999267578125,2864800
2026-07-28 00:00:00-04:00,VTI,Vanguard Total Stock Market (ETF),365.0199890136719,366.8999938964844,363.54998779296875,365.989990234375,2629100
2026-07-29 00:00:00-04:00,VTI,Vanguard Total Stock Market (ETF),365.5899963378906,366.8800048828125,360.20001220703125,360.4200134277344,4143100
2026-07-30 00:00:00-04:00,VTI,Vanguard Total Stock Market (ETF),363.80999755859375,366.5799865722656,362.6400146484375,366.2699890136719,2877400
2026-07-31 00:00:00-04:00,VTI,Vanguard Total Stock Market (ETF),367.79998779296875,369.3399963378906,363.95001220703125,368.2099914550781,3198500
2026-08-03 00:00:00-04:00,VTI,Vanguard Total Stock Market (ETF),369.5,374.260009765625,369.0,373.8399963378906,3429600
2026-08-04 00:00:00-04:00,VTI,Vanguard Total Stock Market (ETF),375.3500061035156,381.739990234375,375.29998779296875,380.82000732421875,3302400
2026-08-05 00:00:00-04:00,VTI,Vanguard Total Stock Market (ETF),382.82000732421875,383.2900085449219,379.55999755859375,379.6499938964844,2840700
2026-08-06 00:00:00-04:00,VTI,Vanguard Total Stock Market (ETF),379.82000732421875,380.94000244140625,378.6400146484375,379.07000732421875,3090000
2026-08-07 00:00:00-04:00,VTI,Vanguard Total Stock Market (ETF),380.69000244140625,382.07000732421875,379.92999267578125,381.7799987792969,2317900
2026-08-10 00:00:00-04:00,VTI,Vanguard Total Stock Market (ETF),381.6300048828125,382.6600036621094,381.1000061035156,381.6300048828125,5170900
2026-08-11 00:00:00-04:00,VTI,Vanguard Total Stock Market (ETF),382.510009765625,382.6000061035156,380.19000244140625,380.6499938964844,3900100
2026-08-12 00:00:00-04:00,VTI,Vanguard Total Stock Market (ETF),382.75,382.82000732421875,381.1300048828125,381.8299865722656,2795900
2026-08-13 00:00:00-04:00,VTI,Vanguard Total Stock Market (ETF),383.0299987792969,385.1199951171875,382.6400146484375,384.29998779296875,2324200
2026-08-14 00:00:00-04:00,VTI,Vanguard Total Stock Market (ETF),384.6700134277344,384.8999938964844,383.3299865722656,383.8500061035156,2306100
2026-08-17 00:00:00-04:00,VTI,Vanguard Total Stock Market (ETF),383.760009765625,384.04998779296875,382.010009765625,382.1300048828125,3529800
2026-08-18 00:00:00-04:00,VTI,Vanguard Total Stock Market (ETF),,,,,3830636
